{
"type": "FeatureCollection",
"name": "geo_05_短期入所生活介護",
"crs": { "type": "name", "properties": { "name": "urn:ogc:def:crs:OGC:1.3:CRS84" } },
"features": [
{ "type": "Feature", "properties": { "内容": "地域密着型特別養護老人ホーム　うぐいす城東【短期入所生活介護】秋田市広面字宮田３２番地１", "url": "https://www.kaigokensaku.mhlw.go.jp/05/index.php?action_kouhyou_detail_004_kani=true&JigyosyoCd=0570122747-00&ServiceCd=210&Type=search", "url2": "http://www.sanfuku.or.jp/" }, "geometry": { "type": "Point", "coordinates": [ 140.148199299999987, 39.7140435 ] } },
{ "type": "Feature", "properties": { "内容": "ショートステイだんだん【短期入所生活介護】秋田県秋田市土崎港西五丁目12-17", "url": "https://www.kaigokensaku.mhlw.go.jp/05/index.php?action_kouhyou_detail_004_kani=true&JigyosyoCd=0570126201-00&ServiceCd=210&Type=search", "url2": "https://st-dandan.com/" }, "geometry": { "type": "Point", "coordinates": [ 140.066831699999966, 39.7653349 ] } },
{ "type": "Feature", "properties": { "内容": "ショートステイおぐら【短期入所生活介護】秋田市河辺和田字坂本北470－3", "url": "https://www.kaigokensaku.mhlw.go.jp/05/index.php?action_kouhyou_detail_004_kani=true&JigyosyoCd=0570119180-00&ServiceCd=210&Type=search", "url2": "http://www.ogura2011.jp" }, "geometry": { "type": "Point", "coordinates": [ 140.2401102, 39.6568087 ] } },
{ "type": "Feature", "properties": { "内容": "ショートステイ千乃恵【短期入所生活介護】秋田県秋田市四ツ小屋字城下当場253-4", "url": "https://www.kaigokensaku.mhlw.go.jp/05/index.php?action_kouhyou_detail_004_kani=true&JigyosyoCd=0570120964-00&ServiceCd=210&Type=search", "url2": "https://27ows.hp.peraichi.com/" }, "geometry": { "type": "Point", "coordinates": [ 140.137735387033104, 39.658892877129119 ] } },
{ "type": "Feature", "properties": { "内容": "株式会社あきた福祉会　ショートステイむすびの郷【短期入所生活介護】秋田県秋田市雄和田草川字本田２４１番地５７", "url": "https://www.kaigokensaku.mhlw.go.jp/05/index.php?action_kouhyou_detail_004_kani=true&JigyosyoCd=0570125757-00&ServiceCd=210&Type=search", "url2": "http://akita-shortstay.com/" }, "geometry": { "type": "Point", "coordinates": [ 140.151864540987617, 39.645780134072957 ] } },
{ "type": "Feature", "properties": { "内容": "医療法人杏仁会ショートステイ杏【短期入所生活介護】秋田県秋田市桜二丁目17-23", "url": "https://www.kaigokensaku.mhlw.go.jp/05/index.php?action_kouhyou_detail_004_kani=true&JigyosyoCd=0570120758-00&ServiceCd=210&Type=search", "url2": "http://kyojinkai.com" }, "geometry": { "type": "Point", "coordinates": [ 140.149835599999989, 39.7092719 ] } },
{ "type": "Feature", "properties": { "内容": "ショートステイみさご【短期入所生活介護】秋田県秋田市飯島美砂町5番71号", "url": "https://www.kaigokensaku.mhlw.go.jp/05/index.php?action_kouhyou_detail_004_kani=true&JigyosyoCd=0570124586-00&ServiceCd=210&Type=search", "url2": "http://yokuyuukai-misago.com/" }, "geometry": { "type": "Point", "coordinates": [ 140.0737057, 39.7761952 ] } },
{ "type": "Feature", "properties": { "内容": "ショートステイゆず【短期入所生活介護】秋田県秋田市外旭川八柳３丁目６－４１", "url": "https://www.kaigokensaku.mhlw.go.jp/05/index.php?action_kouhyou_detail_004_kani=true&JigyosyoCd=0570118588-00&ServiceCd=210&Type=search", "url2": "https://www.akita-bling.com" }, "geometry": { "type": "Point", "coordinates": [ 140.099118699999963, 39.747518600000014 ] } },
{ "type": "Feature", "properties": { "内容": "ショートステイ　であい【短期入所生活介護】秋田県秋田市中通六丁目４－１２", "url": "https://www.kaigokensaku.mhlw.go.jp/05/index.php?action_kouhyou_detail_004_kani=true&JigyosyoCd=0570117689-00&ServiceCd=210&Type=search", "url2": "http://sh-deai.net/" }, "geometry": { "type": "Point", "coordinates": [ 140.124221, 39.712743 ] } },
{ "type": "Feature", "properties": { "内容": "花の家短期入所生活介護【短期入所生活介護】秋田県秋田市雄和石田字苗代沢１８", "url": "https://www.kaigokensaku.mhlw.go.jp/05/index.php?action_kouhyou_detail_004_kani=true&JigyosyoCd=0572409670-00&ServiceCd=210&Type=search", "url2": "http://www.yuuwafukushikai.or.jp/" }, "geometry": { "type": "Point", "coordinates": [ 140.172919699999966, 39.5944448 ] } },
{ "type": "Feature", "properties": { "内容": "ケアセンターきらら短期入所生活介護事業所【短期入所生活介護】秋田県秋田市太平山谷字中山谷317-1", "url": "https://www.kaigokensaku.mhlw.go.jp/05/index.php?action_kouhyou_detail_004_kani=true&JigyosyoCd=0570110924-00&ServiceCd=210&Type=search", "url2": "http://kirara-tp.co.jp" }, "geometry": { "type": "Point", "coordinates": [ 140.267959900000051, 39.7295393 ] } },
{ "type": "Feature", "properties": { "内容": "ショートステイぬくもり山王【短期入所生活介護】秋田県秋田市川尻町字大川反２３３番地の５９", "url": "https://www.kaigokensaku.mhlw.go.jp/05/index.php?action_kouhyou_detail_004_kani=true&JigyosyoCd=0570115295-00&ServiceCd=210&Type=search", "url2": "http://www.akita-hamanasukai.jp/" }, "geometry": { "type": "Point", "coordinates": [ 140.085638644180307, 39.713730690631806 ] } },
{ "type": "Feature", "properties": { "内容": "ショートステイ和楽【短期入所生活介護】秋田県秋田市飯島川端1-3-6", "url": "https://www.kaigokensaku.mhlw.go.jp/05/index.php?action_kouhyou_detail_004_kani=true&JigyosyoCd=0570126474-00&ServiceCd=210&Type=search", "url2": null }, "geometry": { "type": "Point", "coordinates": [ 140.06222, 39.77822 ] } },
{ "type": "Feature", "properties": { "内容": "ショートステイひなた【短期入所生活介護】秋田市土崎港中央三丁目４－３９在宅福祉複合施設ひなた２Ｆ", "url": "https://www.kaigokensaku.mhlw.go.jp/05/index.php?action_kouhyou_detail_004_kani=true&JigyosyoCd=0570110155-00&ServiceCd=210&Type=search", "url2": "http://shinshukai.site" }, "geometry": { "type": "Point", "coordinates": [ 140.068161319049068, 39.754719543877215 ] } },
{ "type": "Feature", "properties": { "内容": "ショートステイ　自由が丘【短期入所生活介護】秋田市下新城中野字街道端西３２１番", "url": "https://www.kaigokensaku.mhlw.go.jp/05/index.php?action_kouhyou_detail_004_kani=true&JigyosyoCd=0570119149-00&ServiceCd=210&Type=search", "url2": null }, "geometry": { "type": "Point", "coordinates": [ 140.052130300000044, 39.8032865 ] } },
{ "type": "Feature", "properties": { "内容": "やすらぎの郷【短期入所生活介護】秋田県秋田市泉中央五丁目1番16号", "url": "https://www.kaigokensaku.mhlw.go.jp/05/index.php?action_kouhyou_detail_004_kani=true&JigyosyoCd=0570114769-00&ServiceCd=210&Type=search", "url2": "https://www.saint-care.com/niji" }, "geometry": { "type": "Point", "coordinates": [ 140.1121488, 39.731412600000013 ] } },
{ "type": "Feature", "properties": { "内容": "ショートステイ　あい【短期入所生活介護】秋田県秋田市仁井田字中新田68", "url": "https://www.kaigokensaku.mhlw.go.jp/05/index.php?action_kouhyou_detail_004_kani=true&JigyosyoCd=0570115204-00&ServiceCd=210&Type=search", "url2": "http://ai-group.co.jp" }, "geometry": { "type": "Point", "coordinates": [ 140.125216800000032, 39.6773236 ] } },
{ "type": "Feature", "properties": { "内容": "ショートステイ　幸楽園【短期入所生活介護】秋田県秋田市上新城中字片野4番地", "url": "https://www.kaigokensaku.mhlw.go.jp/05/index.php?action_kouhyou_detail_004_kani=true&JigyosyoCd=0570104786-00&ServiceCd=210&Type=search", "url2": "http://www.kourakukai.or.jp/shortstay" }, "geometry": { "type": "Point", "coordinates": [ 140.107093899999967, 39.785017600000025 ] } },
{ "type": "Feature", "properties": { "内容": "ショートステイ　こころ【短期入所生活介護】秋田市添川字地ノ内５－３", "url": "https://www.kaigokensaku.mhlw.go.jp/05/index.php?action_kouhyou_detail_004_kani=true&JigyosyoCd=0570112474-00&ServiceCd=210&Type=search", "url2": "http://caremaneakita.ec-net.jp/" }, "geometry": { "type": "Point", "coordinates": [ 140.140444900000034, 39.7539552 ] } },
{ "type": "Feature", "properties": { "内容": "ショートステイ　あい・ひかり【短期入所生活介護】秋田県秋田市仁井田新田2丁目４－６", "url": "https://www.kaigokensaku.mhlw.go.jp/05/index.php?action_kouhyou_detail_004_kani=true&JigyosyoCd=0570117911-00&ServiceCd=210&Type=search", "url2": "https://www.ai-group.co.jp/facility/" }, "geometry": { "type": "Point", "coordinates": [ 140.125388293254105, 39.679967999915554 ] } },
{ "type": "Feature", "properties": { "内容": "ショートステイほほえみ館【短期入所生活介護】秋田県秋田市土崎港相染町字大谷地35番地１", "url": "https://www.kaigokensaku.mhlw.go.jp/05/index.php?action_kouhyou_detail_004_kani=true&JigyosyoCd=0570120204-00&ServiceCd=210&Type=search", "url2": null }, "geometry": { "type": "Point", "coordinates": [ 140.068206199999963, 39.7727398 ] } },
{ "type": "Feature", "properties": { "内容": "ショートステイ牛島【短期入所生活介護】秋田県秋田市牛島東六丁目５－１７", "url": "https://www.kaigokensaku.mhlw.go.jp/05/index.php?action_kouhyou_detail_004_kani=true&JigyosyoCd=0570119925-00&ServiceCd=210&Type=search", "url2": null }, "geometry": { "type": "Point", "coordinates": [ 140.125996699999973, 39.6954479 ] } },
{ "type": "Feature", "properties": { "内容": "ショートステイ花さくら【短期入所生活介護】秋田県秋田市添川字添川170-7", "url": "https://www.kaigokensaku.mhlw.go.jp/05/index.php?action_kouhyou_detail_004_kani=true&JigyosyoCd=0570118935-00&ServiceCd=210&Type=search", "url2": "https://www.umenokimizuki.com/" }, "geometry": { "type": "Point", "coordinates": [ 140.1438389, 39.7551357 ] } },
{ "type": "Feature", "properties": { "内容": "ショートステイ　ラ・ボア・ラクテ【短期入所生活介護】秋田県秋田市手形字西谷地１－２", "url": "https://www.kaigokensaku.mhlw.go.jp/05/index.php?action_kouhyou_detail_004_kani=true&JigyosyoCd=0570119685-00&ServiceCd=210&Type=search", "url2": "http://yokote-fukuzyukai.jp/" }, "geometry": { "type": "Point", "coordinates": [ 140.131503299999963, 39.7197174 ] } },
{ "type": "Feature", "properties": { "内容": "ショートステイ　ヴィレージュ【短期入所生活介護】秋田県秋田市牛島西一丁目6番28号ショートステイ　ヴィレージュ", "url": "https://www.kaigokensaku.mhlw.go.jp/05/index.php?action_kouhyou_detail_004_kani=true&JigyosyoCd=0570121202-00&ServiceCd=210&Type=search", "url2": null }, "geometry": { "type": "Point", "coordinates": [ 140.112881300000026, 39.6943947 ] } },
{ "type": "Feature", "properties": { "内容": "医療法人　運忠会　ショートステイなぎさ【短期入所生活介護】秋田県秋田市土崎港中央四丁目４番２３号", "url": "https://www.kaigokensaku.mhlw.go.jp/05/index.php?action_kouhyou_detail_004_kani=true&JigyosyoCd=0570108118-00&ServiceCd=210&Type=search", "url2": "http://www.tsuchizakihp.or.jp" }, "geometry": { "type": "Point", "coordinates": [ 140.072026300000061, 39.7532254 ] } },
{ "type": "Feature", "properties": { "内容": "アースワン御所野ショートステイ【短期入所生活介護】秋田市御所野堤台２丁目２－１９", "url": "https://www.kaigokensaku.mhlw.go.jp/05/index.php?action_kouhyou_detail_004_kani=true&JigyosyoCd=0570120154-00&ServiceCd=210&Type=search", "url2": null }, "geometry": { "type": "Point", "coordinates": [ 140.171651699999984, 39.6696996 ] } },
{ "type": "Feature", "properties": { "内容": "ショートステイ　ミニとまと【短期入所生活介護】秋田県秋田市寺内字イサノ121", "url": "https://www.kaigokensaku.mhlw.go.jp/05/index.php?action_kouhyou_detail_004_kani=true&JigyosyoCd=0570124826-00&ServiceCd=210&Type=search", "url2": "https://towa-pool.com/minitomato/" }, "geometry": { "type": "Point", "coordinates": [ 140.093425827508554, 39.737777414653245 ] } },
{ "type": "Feature", "properties": { "内容": "ショートステイ　とまと【短期入所生活介護】秋田県秋田市八橋イサノ一丁目13-17", "url": "https://www.kaigokensaku.mhlw.go.jp/05/index.php?action_kouhyou_detail_004_kani=true&JigyosyoCd=0570124818-00&ServiceCd=210&Type=search", "url2": "https://towa-pool.com/tomato/" }, "geometry": { "type": "Point", "coordinates": [ 140.092681099999936, 39.7316785 ] } },
{ "type": "Feature", "properties": { "内容": "ハートフルケア秋田ショートステイ【短期入所生活介護】秋田県秋田市牛島東5丁目２－５２", "url": "https://www.kaigokensaku.mhlw.go.jp/05/index.php?action_kouhyou_detail_004_kani=true&JigyosyoCd=0570115931-00&ServiceCd=210&Type=search", "url2": "https://ssminn15.wixsite.com/my-site" }, "geometry": { "type": "Point", "coordinates": [ 140.120391599999948, 39.6967364 ] } },
{ "type": "Feature", "properties": { "内容": "シルバーステイ福寿【短期入所生活介護】秋田県秋田市飯島飯田2丁目9番28号", "url": "https://www.kaigokensaku.mhlw.go.jp/05/index.php?action_kouhyou_detail_004_kani=true&JigyosyoCd=0570114918-00&ServiceCd=210&Type=search", "url2": null }, "geometry": { "type": "Point", "coordinates": [ 140.090793599999984, 39.7733543 ] } },
{ "type": "Feature", "properties": { "内容": "特別養護老人ホーム　　南寿園ショートステイ【短期入所生活介護】秋田県秋田市上北手猿田字後谷地１０８－３", "url": "https://www.kaigokensaku.mhlw.go.jp/05/index.php?action_kouhyou_detail_004_kani=true&JigyosyoCd=0570103762-00&ServiceCd=210&Type=search", "url2": "http://www.akitaken-kouseikyoukai.jp" }, "geometry": { "type": "Point", "coordinates": [ 140.169932, 39.681467599999984 ] } },
{ "type": "Feature", "properties": { "内容": "リフレッシュコア中通【短期入所生活介護】秋田県秋田市中通４丁目３－２３", "url": "https://www.kaigokensaku.mhlw.go.jp/05/index.php?action_kouhyou_detail_004_kani=true&JigyosyoCd=0570117473-00&ServiceCd=210&Type=search", "url2": "http://www.syahuku-hokuto.org/" }, "geometry": { "type": "Point", "coordinates": [ 140.1235370932541, 39.714642049450163 ] } },
{ "type": "Feature", "properties": { "内容": "ショートステイ「美しき郷」【短期入所生活介護】秋田県秋田市金足小泉字潟向39-1", "url": "https://www.kaigokensaku.mhlw.go.jp/05/index.php?action_kouhyou_detail_004_kani=true&JigyosyoCd=0570115451-00&ServiceCd=210&Type=search", "url2": "https://lilac-welfare.co.jp/" }, "geometry": { "type": "Point", "coordinates": [ 140.059118200000057, 39.8142548 ] } },
{ "type": "Feature", "properties": { "内容": "ショートステイななかまどの街【短期入所生活介護】秋田県秋田市御所野下堤2丁目1-7-1", "url": "https://www.kaigokensaku.mhlw.go.jp/05/index.php?action_kouhyou_detail_004_kani=true&JigyosyoCd=0570115550-00&ServiceCd=210&Type=search", "url2": null }, "geometry": { "type": "Point", "coordinates": [ 140.16640510000002, 39.6664998 ] } },
{ "type": "Feature", "properties": { "内容": "有限会社すずめだて　　ショートステイひろおもて【短期入所生活介護】秋田県秋田市広面字樋の下１番地", "url": "https://www.kaigokensaku.mhlw.go.jp/05/index.php?action_kouhyou_detail_004_kani=true&JigyosyoCd=0570119610-00&ServiceCd=210&Type=search", "url2": null }, "geometry": { "type": "Point", "coordinates": [ 140.149751941139272, 39.723901977854162 ] } },
{ "type": "Feature", "properties": { "内容": "寿光園ショートステイ【短期入所生活介護】秋田県秋田市寺内後城６－４１", "url": "https://www.kaigokensaku.mhlw.go.jp/05/index.php?action_kouhyou_detail_004_kani=true&JigyosyoCd=0570104034-00&ServiceCd=210&Type=search", "url2": null }, "geometry": { "type": "Point", "coordinates": [ 140.0739906, 39.7401493 ] } },
{ "type": "Feature", "properties": { "内容": "ショートステイ東通【短期入所生活介護】秋田県秋田市東通観音前1－2", "url": "https://www.kaigokensaku.mhlw.go.jp/05/index.php?action_kouhyou_detail_004_kani=true&JigyosyoCd=0570119222-00&ServiceCd=210&Type=search", "url2": null }, "geometry": { "type": "Point", "coordinates": [ 140.1301039, 39.7116794 ] } },
{ "type": "Feature", "properties": { "内容": "ショートステイよこもりの丘【短期入所生活介護】秋田県秋田市横森三丁目11番59号", "url": "https://www.kaigokensaku.mhlw.go.jp/05/index.php?action_kouhyou_detail_004_kani=true&JigyosyoCd=0570122499-00&ServiceCd=210&Type=search", "url2": null }, "geometry": { "type": "Point", "coordinates": [ 140.147486100000037, 39.7044252 ] } },
{ "type": "Feature", "properties": { "内容": "仁井田福祉センター【短期入所生活介護】秋田県秋田市仁井田字切上240番地1", "url": "https://www.kaigokensaku.mhlw.go.jp/05/index.php?action_kouhyou_detail_004_kani=true&JigyosyoCd=0570115865-00&ServiceCd=210&Type=search", "url2": "http://www.apwell.co.jp/" }, "geometry": { "type": "Point", "coordinates": [ 140.12881619999996, 39.6834689 ] } },
{ "type": "Feature", "properties": { "内容": "本道の街ショートステイセンター【短期入所生活介護】秋田県秋田市柳田字川崎１３８", "url": "https://www.kaigokensaku.mhlw.go.jp/05/index.php?action_kouhyou_detail_004_kani=true&JigyosyoCd=0570120196-00&ServiceCd=210&Type=search", "url2": "http://www.kouwakai-akita.org/" }, "geometry": { "type": "Point", "coordinates": [ 140.157994599999938, 39.7318112 ] } },
{ "type": "Feature", "properties": { "内容": "ショートステイあいの森【短期入所生活介護】秋田県秋田市御所野元町１－１－８", "url": "https://www.kaigokensaku.mhlw.go.jp/05/index.php?action_kouhyou_detail_004_kani=true&JigyosyoCd=0570119677-00&ServiceCd=210&Type=search", "url2": "https://www.ai-group.co.jp/" }, "geometry": { "type": "Point", "coordinates": [ 140.1622252, 39.6603091 ] } },
{ "type": "Feature", "properties": { "内容": "ショートステイ　あらや【短期入所生活介護】秋田県秋田市新屋沖田町７番２号", "url": "https://www.kaigokensaku.mhlw.go.jp/05/index.php?action_kouhyou_detail_004_kani=true&JigyosyoCd=0570116772-00&ServiceCd=210&Type=search", "url2": null }, "geometry": { "type": "Point", "coordinates": [ 140.0903763, 39.6743492 ] } },
{ "type": "Feature", "properties": { "内容": "松寿会指定短期入所生活介護事業所【短期入所生活介護】秋田県秋田市浜田字陳ヶ原３５番地３１", "url": "https://www.kaigokensaku.mhlw.go.jp/05/index.php?action_kouhyou_detail_004_kani=true&JigyosyoCd=0570102947-00&ServiceCd=210&Type=search", "url2": "http://shoujukai.jp/" }, "geometry": { "type": "Point", "coordinates": [ 140.068043100000068, 39.650435200000011 ] } },
{ "type": "Feature", "properties": { "内容": "社会医療法人正和会　五十嵐記念病院　在宅総合ケアセンター【短期入所生活介護】秋田市土崎港中央1丁目17-23", "url": "https://www.kaigokensaku.mhlw.go.jp/05/index.php?action_kouhyou_detail_004_kani=true&JigyosyoCd=0570117978-00&ServiceCd=210&Type=search", "url2": "https://wel.akita-seiwakai.jp/igarashi-chcc/" }, "geometry": { "type": "Point", "coordinates": [ 140.068504399999938, 39.7535392 ] } },
{ "type": "Feature", "properties": { "内容": "特別養護老人ホーム　中通アネックス【短期入所生活介護】秋田県秋田市中通5丁目8-15", "url": "https://www.kaigokensaku.mhlw.go.jp/05/index.php?action_kouhyou_detail_004_kani=true&JigyosyoCd=0570122812-00&ServiceCd=210&Type=search", "url2": "http://www.syahuku-hokuto.org/" }, "geometry": { "type": "Point", "coordinates": [ 140.121676301991329, 39.714229961385215 ] } },
{ "type": "Feature", "properties": { "内容": "魁聖園短期入所生活介護事業所【短期入所生活介護】秋田県秋田市新藤田字治郎沢52-6", "url": "https://www.kaigokensaku.mhlw.go.jp/05/index.php?action_kouhyou_detail_004_kani=true&JigyosyoCd=0570104737-00&ServiceCd=210&Type=search", "url2": "http://www.kaiseien.jp/" }, "geometry": { "type": "Point", "coordinates": [ 140.13805960000002, 39.7432258 ] } },
{ "type": "Feature", "properties": { "内容": "大平荘ショートステイセンター【短期入所生活介護】秋田県秋田市太平八田字藤の崎２３１ー３", "url": "https://www.kaigokensaku.mhlw.go.jp/05/index.php?action_kouhyou_detail_004_kani=true&JigyosyoCd=0570103408-00&ServiceCd=210&Type=search", "url2": "http://www.kouwakai-akita.org" }, "geometry": { "type": "Point", "coordinates": [ 140.180739099999954, 39.7472239 ] } },
{ "type": "Feature", "properties": { "内容": "ショートステイあきた中央【短期入所生活介護】秋田県秋田市外旭川字三千刈114番地1複合施設ケアプラザあきた中央", "url": "https://www.kaigokensaku.mhlw.go.jp/05/index.php?action_kouhyou_detail_004_kani=true&JigyosyoCd=0570123364-00&ServiceCd=210&Type=search", "url2": "http://www.kinjuen.net/" }, "geometry": { "type": "Point", "coordinates": [ 140.100601383011622, 39.739387361269962 ] } },
{ "type": "Feature", "properties": { "内容": "ショートステイあゆみの里【短期入所生活介護】秋田県秋田市豊岩小山字前田表150", "url": "https://www.kaigokensaku.mhlw.go.jp/05/index.php?action_kouhyou_detail_004_kani=true&JigyosyoCd=0570116236-00&ServiceCd=210&Type=search", "url2": "https://lifein.client.jp/" }, "geometry": { "type": "Point", "coordinates": [ 140.132524200000034, 39.6308364 ] } },
{ "type": "Feature", "properties": { "内容": "ショートステイもみの樹【短期入所生活介護】秋田県秋田市茨島二丁目15-70", "url": "https://www.kaigokensaku.mhlw.go.jp/05/index.php?action_kouhyou_detail_004_kani=true&JigyosyoCd=0570115717-00&ServiceCd=210&Type=search", "url2": null }, "geometry": { "type": "Point", "coordinates": [ 140.105384700000059, 39.6974133 ] } },
{ "type": "Feature", "properties": { "内容": "河辺荘短期入所生活介護事業所【短期入所生活介護】秋田県秋田市河辺大張野字水口沢２１６番地", "url": "https://www.kaigokensaku.mhlw.go.jp/05/index.php?action_kouhyou_detail_004_kani=true&JigyosyoCd=0572405595-00&ServiceCd=210&Type=search", "url2": "http://www.kawabe-fukushikai.jp" }, "geometry": { "type": "Point", "coordinates": [ 140.260294400000021, 39.6593589 ] } },
{ "type": "Feature", "properties": { "内容": "特別養護老人ホーム一つ森【短期入所生活介護】秋田県秋田市上北手荒巻字鳥越229-1", "url": "https://www.kaigokensaku.mhlw.go.jp/05/index.php?action_kouhyou_detail_004_kani=true&JigyosyoCd=0570151217-00&ServiceCd=210&Type=search", "url2": "http://aizen-kai.com/" }, "geometry": { "type": "Point", "coordinates": [ 140.140278800000033, 39.6940679 ] } },
{ "type": "Feature", "properties": { "内容": "ショートステイ　いちご【短期入所生活介護】秋田県秋田市牛島東７丁目８番３７号", "url": "https://www.kaigokensaku.mhlw.go.jp/05/index.php?action_kouhyou_detail_004_kani=true&JigyosyoCd=0570119214-00&ServiceCd=210&Type=search", "url2": null }, "geometry": { "type": "Point", "coordinates": [ 140.128853552778622, 39.696225523324152 ] } },
{ "type": "Feature", "properties": { "内容": "ショートステイ　さるびあ（家族愛）【短期入所生活介護】秋田県秋田市御所野元町１丁目１－１６", "url": "https://www.kaigokensaku.mhlw.go.jp/05/index.php?action_kouhyou_detail_004_kani=true&JigyosyoCd=0570118877-00&ServiceCd=210&Type=search", "url2": null }, "geometry": { "type": "Point", "coordinates": [ 140.163227922476182, 39.659907971957203 ] } },
{ "type": "Feature", "properties": { "内容": "短期入所生活介護施設　新成園【短期入所生活介護】秋田市浜田字元中村280－9", "url": "https://www.kaigokensaku.mhlw.go.jp/05/index.php?action_kouhyou_detail_004_kani=true&JigyosyoCd=0570102277-00&ServiceCd=210&Type=search", "url2": "http://shinseikai-akita.com" }, "geometry": { "type": "Point", "coordinates": [ 140.069483499999933, 39.6800283 ] } },
{ "type": "Feature", "properties": { "内容": "リンデンバウムいずみ　ショートステイ【短期入所生活介護】秋田市泉菅野二丁目１７番１１号", "url": "https://www.kaigokensaku.mhlw.go.jp/05/index.php?action_kouhyou_detail_004_kani=true&JigyosyoCd=0570106252-00&ServiceCd=210&Type=search", "url2": "http://www.izumi.akita.jp" }, "geometry": { "type": "Point", "coordinates": [ 140.115076, 39.7360816 ] } },
{ "type": "Feature", "properties": { "内容": "ショートステイ　陽福苑【短期入所生活介護】秋田県秋田市下北手松崎字上崎４７－１", "url": "https://www.kaigokensaku.mhlw.go.jp/05/index.php?action_kouhyou_detail_004_kani=true&JigyosyoCd=0570112904-00&ServiceCd=210&Type=search", "url2": null }, "geometry": { "type": "Point", "coordinates": [ 140.16030550000005, 39.7317696 ] } },
{ "type": "Feature", "properties": { "内容": "ショートステイゆうわの里【短期入所生活介護】秋田県秋田市雄和芝野新田字寺沢２－１", "url": "https://www.kaigokensaku.mhlw.go.jp/05/index.php?action_kouhyou_detail_004_kani=true&JigyosyoCd=0570115691-00&ServiceCd=210&Type=search", "url2": "https://yuwanosato-akita.com" }, "geometry": { "type": "Point", "coordinates": [ 140.160854699999959, 39.6349479 ] } },
{ "type": "Feature", "properties": { "内容": "障がい者支援施設ほくと【短期入所生活介護】秋田県秋田市下新城中野字街道端西11-1", "url": "https://www.kaigokensaku.mhlw.go.jp/05/index.php?action_kouhyou_detail_004_kani=true&JigyosyoCd=0570126276-00&ServiceCd=210&Type=search", "url2": "http://www.syahuku-hokuto.org/" }, "geometry": { "type": "Point", "coordinates": [ 140.059658899999931, 39.7943692 ] } },
{ "type": "Feature", "properties": { "内容": "ショートステイ金寿園【短期入所生活介護】秋田県秋田市下新城笠岡字川向28番地", "url": "https://www.kaigokensaku.mhlw.go.jp/05/index.php?action_kouhyou_detail_004_kani=true&JigyosyoCd=0570101204-00&ServiceCd=210&Type=search", "url2": "https://www.kinjuen.net/" }, "geometry": { "type": "Point", "coordinates": [ 140.076076899999947, 39.79113 ] } },
{ "type": "Feature", "properties": { "内容": "大学病院前ショートステイ（ユニット型）【短期入所生活介護】秋田県秋田市広面二階堤２０－１", "url": "https://www.kaigokensaku.mhlw.go.jp/05/index.php?action_kouhyou_detail_004_kani=true&JigyosyoCd=0570119644-00&ServiceCd=210&Type=search", "url2": "http://www.fukinotou-akita.jp" }, "geometry": { "type": "Point", "coordinates": [ 140.146567900000036, 39.7321024 ] } },
{ "type": "Feature", "properties": { "内容": "秋田けやき会ショートステイ【短期入所生活介護】秋田市御所野下堤五丁目１番５号", "url": "https://www.kaigokensaku.mhlw.go.jp/05/index.php?action_kouhyou_detail_004_kani=true&JigyosyoCd=0570101741-00&ServiceCd=210&Type=search", "url2": "http://akita-keyaki.or.jp/" }, "geometry": { "type": "Point", "coordinates": [ 140.15493390000006, 39.6668883 ] } },
{ "type": "Feature", "properties": { "内容": "短期入所生活介護　御所野の森【短期入所生活介護】秋田県秋田市四ツ小屋末戸松本字地蔵田２６６", "url": "https://www.kaigokensaku.mhlw.go.jp/05/index.php?action_kouhyou_detail_004_kani=true&JigyosyoCd=0570118943-00&ServiceCd=210&Type=search", "url2": null }, "geometry": { "type": "Point", "coordinates": [ 140.158667499999979, 39.6565174 ] } },
{ "type": "Feature", "properties": { "内容": "きらら短期入所生活介護事業所竿燈通り【短期入所生活介護】秋田県秋田市大町2丁目　５－１きららアーバンパレス", "url": "https://www.kaigokensaku.mhlw.go.jp/05/index.php?action_kouhyou_detail_004_kani=true&JigyosyoCd=0570119008-00&ServiceCd=210&Type=search", "url2": "http://www.kirara-tp.co.jp/" }, "geometry": { "type": "Point", "coordinates": [ 140.113617200000022, 39.7187741 ] } },
{ "type": "Feature", "properties": { "内容": "ショートステイ　ケアホテル　ほどの【短期入所生活介護】秋田市保戸野すわ町８番地２４号", "url": "https://www.kaigokensaku.mhlw.go.jp/05/index.php?action_kouhyou_detail_004_kani=true&JigyosyoCd=0570119990-00&ServiceCd=210&Type=search", "url2": "http://www.kohoen.or.jp" }, "geometry": { "type": "Point", "coordinates": [ 140.11734552883604, 39.724657607254464 ] } },
{ "type": "Feature", "properties": { "内容": "ケアホテルのぞみ翔裕館【短期入所生活介護】秋田県秋田市上北手荒巻字堺切48ケアホテルのぞみ翔裕館", "url": "https://www.kaigokensaku.mhlw.go.jp/05/index.php?action_kouhyou_detail_004_kani=true&JigyosyoCd=0570126722-00&ServiceCd=210&Type=search", "url2": "https://sanga-kaigo.co.jp" }, "geometry": { "type": "Point", "coordinates": [ 140.1500792, 39.6890294 ] } },
{ "type": "Feature", "properties": { "内容": "ショートステイ笑【短期入所生活介護】秋田県秋田市広面鬼頭105番地", "url": "https://www.kaigokensaku.mhlw.go.jp/05/index.php?action_kouhyou_detail_004_kani=true&JigyosyoCd=0570151563-00&ServiceCd=210&Type=search", "url2": "https://akita-bling.com/" }, "geometry": { "type": "Point", "coordinates": [ 140.140378, 39.710977 ] } },
{ "type": "Feature", "properties": { "内容": "ショートステイたかいわ荘【短期入所生活介護】秋田県能代市二ツ井町荷上場字鍋良子出口53", "url": "https://www.kaigokensaku.mhlw.go.jp/05/index.php?action_kouhyou_detail_004_kani=true&JigyosyoCd=0570227074-00&ServiceCd=210&Type=search", "url2": null }, "geometry": { "type": "Point", "coordinates": [ 140.243278800000013, 40.2166717 ] } },
{ "type": "Feature", "properties": { "内容": "ショートステイ輪【短期入所生活介護】能代市二ツ井町切石字竜毛沢17番地2", "url": "https://www.kaigokensaku.mhlw.go.jp/05/index.php?action_kouhyou_detail_004_kani=true&JigyosyoCd=0570220947-00&ServiceCd=210&Type=search", "url2": "http://rin-sousei.com/" }, "geometry": { "type": "Point", "coordinates": [ 140.201734660188293, 40.208430780640114 ] } },
{ "type": "Feature", "properties": { "内容": "ショートステイあおば【短期入所生活介護】秋田県能代市青葉町５－１６", "url": "https://www.kaigokensaku.mhlw.go.jp/05/index.php?action_kouhyou_detail_004_kani=true&JigyosyoCd=0570220731-00&ServiceCd=210&Type=search", "url2": "http://www.shirakami.or.jp/~t-shirakami/" }, "geometry": { "type": "Point", "coordinates": [ 140.0195364, 40.200866900000051 ] } },
{ "type": "Feature", "properties": { "内容": "ショートステイみんなの家【短期入所生活介護】秋田県能代市河戸川字谷地４７番地1", "url": "https://www.kaigokensaku.mhlw.go.jp/05/index.php?action_kouhyou_detail_004_kani=true&JigyosyoCd=0570220442-00&ServiceCd=210&Type=search", "url2": null }, "geometry": { "type": "Point", "coordinates": [ 140.020593, 40.1740024 ] } },
{ "type": "Feature", "properties": { "内容": "ショートステイわかば【短期入所生活介護】秋田県能代市河戸川字上大須賀７番１", "url": "https://www.kaigokensaku.mhlw.go.jp/05/index.php?action_kouhyou_detail_004_kani=true&JigyosyoCd=0570222653-00&ServiceCd=210&Type=search", "url2": null }, "geometry": { "type": "Point", "coordinates": [ 140.020541552114878, 40.180832859263205 ] } },
{ "type": "Feature", "properties": { "内容": "ショートステイ　はまなす温泉【短期入所生活介護】能代市落合字亀谷地１番地８４", "url": "https://www.kaigokensaku.mhlw.go.jp/05/index.php?action_kouhyou_detail_004_kani=true&JigyosyoCd=0570220210-00&ServiceCd=210&Type=search", "url2": "http://short.nijou.net/" }, "geometry": { "type": "Point", "coordinates": [ 140.0138296, 40.2350479 ] } },
{ "type": "Feature", "properties": { "内容": "ショートステイ　ひだまり【短期入所生活介護】秋田県能代市落合字古釜谷地１９番地１", "url": "https://www.kaigokensaku.mhlw.go.jp/05/index.php?action_kouhyou_detail_004_kani=true&JigyosyoCd=0570219378-00&ServiceCd=210&Type=search", "url2": null }, "geometry": { "type": "Point", "coordinates": [ 140.0202266, 40.229792900000014 ] } },
{ "type": "Feature", "properties": { "内容": "ショートステイゆかり能代【短期入所生活介護】秋田県能代市能代町字中川原25-8", "url": "https://www.kaigokensaku.mhlw.go.jp/05/index.php?action_kouhyou_detail_004_kani=true&JigyosyoCd=0570216572-00&ServiceCd=210&Type=search", "url2": "http://www.yukarino-mori.jp" }, "geometry": { "type": "Point", "coordinates": [ 140.040089299999977, 40.2093487 ] } },
{ "type": "Feature", "properties": { "内容": "ショートステイ　さわやか【短期入所生活介護】秋田県能代市落合字下谷地251番地6", "url": "https://www.kaigokensaku.mhlw.go.jp/05/index.php?action_kouhyou_detail_004_kani=true&JigyosyoCd=0570218552-00&ServiceCd=210&Type=search", "url2": "http://seseragiyunosato.com" }, "geometry": { "type": "Point", "coordinates": [ 140.028223199999957, 40.2269157 ] } },
{ "type": "Feature", "properties": { "内容": "長寿園短期入所生活介護事業所【短期入所生活介護】秋田県能代市字腹鞁ノ沢１９番地１", "url": "https://www.kaigokensaku.mhlw.go.jp/05/index.php?action_kouhyou_detail_004_kani=true&JigyosyoCd=0570201467-00&ServiceCd=210&Type=search", "url2": "http://www.noshiroyamamotokouikiken.jp/" }, "geometry": { "type": "Point", "coordinates": [ 140.075401300000067, 40.1778666 ] } },
{ "type": "Feature", "properties": { "内容": "ショートステイしらかみ【短期入所生活介護】秋田県能代市落合字古悪土１－２１７", "url": "https://www.kaigokensaku.mhlw.go.jp/05/index.php?action_kouhyou_detail_004_kani=true&JigyosyoCd=0570210583-00&ServiceCd=210&Type=search", "url2": null }, "geometry": { "type": "Point", "coordinates": [ 140.010080199999948, 40.2264627 ] } },
{ "type": "Feature", "properties": { "内容": "やさしい風　ショートステイ【短期入所生活介護】秋田県能代市字向田表６番地２", "url": "https://www.kaigokensaku.mhlw.go.jp/05/index.php?action_kouhyou_detail_004_kani=true&JigyosyoCd=0570217794-00&ServiceCd=210&Type=search", "url2": "http://www.shirakami.or.jp/~masaru-y/" }, "geometry": { "type": "Point", "coordinates": [ 140.095845899999972, 40.19477890000001 ] } },
{ "type": "Feature", "properties": { "内容": "ショートステイきずな【短期入所生活介護】秋田県能代市南元町3番10号", "url": "https://www.kaigokensaku.mhlw.go.jp/05/index.php?action_kouhyou_detail_004_kani=true&JigyosyoCd=0570218123-00&ServiceCd=210&Type=search", "url2": "https://www.bunzou.net/" }, "geometry": { "type": "Point", "coordinates": [ 140.032565200000022, 40.2039936 ] } },
{ "type": "Feature", "properties": { "内容": "ショートステイしののめ【短期入所生活介護】秋田県能代市向能代字上野越1-3", "url": "https://www.kaigokensaku.mhlw.go.jp/05/index.php?action_kouhyou_detail_004_kani=true&JigyosyoCd=0570225763-00&ServiceCd=210&Type=search", "url2": "http://www.shirakami.or.jp/~t-shirakami" }, "geometry": { "type": "Point", "coordinates": [ 140.042123418941827, 40.226642233033793 ] } },
{ "type": "Feature", "properties": { "内容": "ショートステイさらさ能代【短期入所生活介護】秋田県能代市元町14番126号", "url": "https://www.kaigokensaku.mhlw.go.jp/05/index.php?action_kouhyou_detail_004_kani=true&JigyosyoCd=0570226837-00&ServiceCd=210&Type=search", "url2": "https://jawa-akita.com" }, "geometry": { "type": "Point", "coordinates": [ 140.033600740395627, 40.208487129405057 ] } },
{ "type": "Feature", "properties": { "内容": "ショートステイたんぽぽ【短期入所生活介護】秋田県能代市落合字下釜谷地１４８番地２", "url": "https://www.kaigokensaku.mhlw.go.jp/05/index.php?action_kouhyou_detail_004_kani=true&JigyosyoCd=0570220608-00&ServiceCd=210&Type=search", "url2": "http://tanpopo.under.jp/" }, "geometry": { "type": "Point", "coordinates": [ 140.013160299999981, 40.2313455 ] } },
{ "type": "Feature", "properties": { "内容": "ショートステイよねしろ短期入所生活介護事業所【短期入所生活介護】秋田県能代市二ツ井町字下野家後１４５", "url": "https://www.kaigokensaku.mhlw.go.jp/05/index.php?action_kouhyou_detail_004_kani=true&JigyosyoCd=0572204352-00&ServiceCd=210&Type=search", "url2": null }, "geometry": { "type": "Point", "coordinates": [ 140.242172699999969, 40.2095759 ] } },
{ "type": "Feature", "properties": { "内容": "能代親孝の里・ショートステイ【短期入所生活介護】秋田県能代市南元町４番６９号", "url": "https://www.kaigokensaku.mhlw.go.jp/05/index.php?action_kouhyou_detail_004_kani=true&JigyosyoCd=0570219840-00&ServiceCd=210&Type=search", "url2": null }, "geometry": { "type": "Point", "coordinates": [ 140.032165696929951, 40.202313251679406 ] } },
{ "type": "Feature", "properties": { "内容": "ショートステイ　つなぎの里【短期入所生活介護】秋田県能代市二ツ井町小繋字麻生道端87-1", "url": "https://www.kaigokensaku.mhlw.go.jp/05/index.php?action_kouhyou_detail_004_kani=true&JigyosyoCd=0570217273-00&ServiceCd=210&Type=search", "url2": null }, "geometry": { "type": "Point", "coordinates": [ 140.260779500000012, 40.2081877 ] } },
{ "type": "Feature", "properties": { "内容": "なかよしショートステイ【短期入所生活介護】秋田県能代市浅内字頭無上２１７－２", "url": "https://www.kaigokensaku.mhlw.go.jp/05/index.php?action_kouhyou_detail_004_kani=true&JigyosyoCd=0570220749-00&ServiceCd=210&Type=search", "url2": "https://dreamhope-nakayoshi.com" }, "geometry": { "type": "Point", "coordinates": [ 140.01058409999996, 40.1354418 ] } },
{ "type": "Feature", "properties": { "内容": "ショートステイ「松寿苑」【短期入所生活介護】秋田県能代市字寿域長根4番地8", "url": "https://www.kaigokensaku.mhlw.go.jp/05/index.php?action_kouhyou_detail_004_kani=true&JigyosyoCd=0570217703-00&ServiceCd=210&Type=search", "url2": "https://www.shouhouen.co.jp" }, "geometry": { "type": "Point", "coordinates": [ 140.028132899999946, 40.1926614 ] } },
{ "type": "Feature", "properties": { "内容": "ショートステイ「松峰園」【短期入所生活介護】秋田県能代市字鳥小屋33番地２", "url": "https://www.kaigokensaku.mhlw.go.jp/05/index.php?action_kouhyou_detail_004_kani=true&JigyosyoCd=0570218396-00&ServiceCd=210&Type=search", "url2": "https://www.shouhouen.co.jp" }, "geometry": { "type": "Point", "coordinates": [ 140.020536099999958, 40.1967941 ] } },
{ "type": "Feature", "properties": { "内容": "ショートステイ悠西苑【短期入所生活介護】秋田県横手市平鹿町浅舞字新堀146番地", "url": "https://www.kaigokensaku.mhlw.go.jp/05/index.php?action_kouhyou_detail_004_kani=true&JigyosyoCd=0570322545-00&ServiceCd=210&Type=search", "url2": "http://hiraka-yushinkai.jp/" }, "geometry": { "type": "Point", "coordinates": [ 140.483750964942942, 39.269149857624143 ] } },
{ "type": "Feature", "properties": { "内容": "ＪＡふるさとショートステイほほえみ醍醐【短期入所生活介護】秋田県横手市平鹿町醍醐字道中後28番地1", "url": "https://www.kaigokensaku.mhlw.go.jp/05/index.php?action_kouhyou_detail_004_kani=true&JigyosyoCd=0570326553-00&ServiceCd=210&Type=search", "url2": "https://furusato-fukusi.jp/" }, "geometry": { "type": "Point", "coordinates": [ 140.5390212, 39.2508373 ] } },
{ "type": "Feature", "properties": { "内容": "ショートステイ　いこいの里・増田【短期入所生活介護】秋田県横手市増田町増田字上町155-7", "url": "https://www.kaigokensaku.mhlw.go.jp/05/index.php?action_kouhyou_detail_004_kani=true&JigyosyoCd=0570323659-00&ServiceCd=210&Type=search", "url2": "http://yumedical.jp" }, "geometry": { "type": "Point", "coordinates": [ 140.547693400000071, 39.1998384 ] } },
{ "type": "Feature", "properties": { "内容": "ショートステイたんぽぽ【短期入所生活介護】秋田県横手市安田字八王寺106番地2", "url": "https://www.kaigokensaku.mhlw.go.jp/05/index.php?action_kouhyou_detail_004_kani=true&JigyosyoCd=0570320416-00&ServiceCd=210&Type=search", "url2": null }, "geometry": { "type": "Point", "coordinates": [ 140.5624302336212, 39.293626340274045 ] } },
{ "type": "Feature", "properties": { "内容": "ショートステイ　ビハーラ横手【短期入所生活介護】秋田県横手市上境字谷地中139", "url": "https://www.kaigokensaku.mhlw.go.jp/05/index.php?action_kouhyou_detail_004_kani=true&JigyosyoCd=0570308189-00&ServiceCd=210&Type=search", "url2": "http://sowakai.jp" }, "geometry": { "type": "Point", "coordinates": [ 140.528134799999947, 39.342377 ] } },
{ "type": "Feature", "properties": { "内容": "ショートステイ　雅【短期入所生活介護】秋田県横手市山内土渕字茂竹94番地", "url": "https://www.kaigokensaku.mhlw.go.jp/05/index.php?action_kouhyou_detail_004_kani=true&JigyosyoCd=0570319319-00&ServiceCd=210&Type=search", "url2": null }, "geometry": { "type": "Point", "coordinates": [ 140.608072611639386, 39.286608169640573 ] } },
{ "type": "Feature", "properties": { "内容": "ショートステイ月に咲く花～耀け十文字～【短期入所生活介護】秋田県横手市十文字町梨木字羽場下10番地115", "url": "https://www.kaigokensaku.mhlw.go.jp/05/index.php?action_kouhyou_detail_004_kani=true&JigyosyoCd=0570323972-00&ServiceCd=210&Type=search", "url2": "http://www.avec-toi-jumonji.net" }, "geometry": { "type": "Point", "coordinates": [ 140.52757710000003, 39.233942900000017 ] } },
{ "type": "Feature", "properties": { "内容": "社会福祉法人ファミリーケアサービス横手市短期入所施設シルバードームいきいきの郷【短期入所生活介護】秋田県横手市増田町増田字七日町177", "url": "https://www.kaigokensaku.mhlw.go.jp/05/index.php?action_kouhyou_detail_004_kani=true&JigyosyoCd=0570317115-00&ServiceCd=210&Type=search", "url2": "http://family-care-service.com" }, "geometry": { "type": "Point", "coordinates": [ 140.549226500000032, 39.2033187 ] } },
{ "type": "Feature", "properties": { "内容": "ショートステイ　おものがわ【短期入所生活介護】秋田県横手市雄物川町今宿字西ノ在家74-1", "url": "https://www.kaigokensaku.mhlw.go.jp/05/index.php?action_kouhyou_detail_004_kani=true&JigyosyoCd=0570319517-00&ServiceCd=210&Type=search", "url2": "https://omonogawa-fukushi.jp/" }, "geometry": { "type": "Point", "coordinates": [ 140.432045235230049, 39.287604456291113 ] } },
{ "type": "Feature", "properties": { "内容": "短期入所生活介護事業所白寿園【短期入所生活介護】秋田県横手市大森町字菅生田245-27", "url": "https://www.kaigokensaku.mhlw.go.jp/05/index.php?action_kouhyou_detail_004_kani=true&JigyosyoCd=0570313437-00&ServiceCd=210&Type=search", "url2": null }, "geometry": { "type": "Point", "coordinates": [ 140.413912200000027, 39.3495894 ] } },
{ "type": "Feature", "properties": { "内容": "風薫る宿花むつみ【短期入所生活介護】秋田県横手市十文字町睦合字川井川47番地", "url": "https://www.kaigokensaku.mhlw.go.jp/05/index.php?action_kouhyou_detail_004_kani=true&JigyosyoCd=0570324145-00&ServiceCd=210&Type=search", "url2": "http://isshin-group.net/" }, "geometry": { "type": "Point", "coordinates": [ 140.449028099999964, 39.2318511 ] } },
{ "type": "Feature", "properties": { "内容": "ショートステイ　清川の里【短期入所生活介護】秋田県横手市清川町１３－１６", "url": "https://www.kaigokensaku.mhlw.go.jp/05/index.php?action_kouhyou_detail_004_kani=true&JigyosyoCd=0570322727-00&ServiceCd=210&Type=search", "url2": "https://shining-one-stars.com/" }, "geometry": { "type": "Point", "coordinates": [ 140.574458899999968, 39.3095325 ] } },
{ "type": "Feature", "properties": { "内容": "ショートステイ　くつろぎの里おおもり【短期入所生活介護】秋田県横手市大森町板井田字タモノ木１４８－１", "url": "https://www.kaigokensaku.mhlw.go.jp/05/index.php?action_kouhyou_detail_004_kani=true&JigyosyoCd=0570319327-00&ServiceCd=210&Type=search", "url2": null }, "geometry": { "type": "Point", "coordinates": [ 140.444187100000022, 39.3897076 ] } },
{ "type": "Feature", "properties": { "内容": "ショートステイ　あやめ苑【短期入所生活介護】秋田県横手市平鹿町浅舞字福田207番地4", "url": "https://www.kaigokensaku.mhlw.go.jp/05/index.php?action_kouhyou_detail_004_kani=true&JigyosyoCd=0570316125-00&ServiceCd=210&Type=search", "url2": "http://www.flh1.net" }, "geometry": { "type": "Point", "coordinates": [ 140.490655699999934, 39.2676796 ] } },
{ "type": "Feature", "properties": { "内容": "ショートステイ　すこやか館合【短期入所生活介護】秋田県横手市雄物川町薄井字新城７－２", "url": "https://www.kaigokensaku.mhlw.go.jp/05/index.php?action_kouhyou_detail_004_kani=true&JigyosyoCd=0570320564-00&ServiceCd=210&Type=search", "url2": "http://www.family-care-service.com/" }, "geometry": { "type": "Point", "coordinates": [ 140.446077219712805, 39.325101071746765 ] } },
{ "type": "Feature", "properties": { "内容": "ショートステイすこやか横手【短期入所生活介護】秋田県横手市横山町1番1号", "url": "https://www.kaigokensaku.mhlw.go.jp/05/index.php?action_kouhyou_detail_004_kani=true&JigyosyoCd=0570303503-00&ServiceCd=210&Type=search", "url2": "http://family-care-service.com/" }, "geometry": { "type": "Point", "coordinates": [ 140.563658300000043, 39.3045134 ] } },
{ "type": "Feature", "properties": { "内容": "横手市社会福祉協議会平寿苑指定短期入所生活介護事業所【短期入所生活介護】秋田県横手市平鹿町浅舞字館廻353番地", "url": "https://www.kaigokensaku.mhlw.go.jp/05/index.php?action_kouhyou_detail_004_kani=true&JigyosyoCd=0570313221-00&ServiceCd=210&Type=search", "url2": null }, "geometry": { "type": "Point", "coordinates": [ 140.483856400000036, 39.2675016 ] } },
{ "type": "Feature", "properties": { "内容": "ショートステイ　すこやか森の家【短期入所生活介護】秋田県横手市婦気大堤字婦気前154-1", "url": "https://www.kaigokensaku.mhlw.go.jp/05/index.php?action_kouhyou_detail_004_kani=true&JigyosyoCd=0570308874-00&ServiceCd=210&Type=search", "url2": "http://family-care-service.com/" }, "geometry": { "type": "Point", "coordinates": [ 140.553466, 39.3004775 ] } },
{ "type": "Feature", "properties": { "内容": "短期入所生活介護　朝日のあたる家【短期入所生活介護】秋田県横手市赤坂字仁坂105-6", "url": "https://www.kaigokensaku.mhlw.go.jp/05/index.php?action_kouhyou_detail_004_kani=true&JigyosyoCd=0570317941-00&ServiceCd=210&Type=search", "url2": "https://cp-yokote.jp/" }, "geometry": { "type": "Point", "coordinates": [ 140.53442, 39.298105 ] } },
{ "type": "Feature", "properties": { "内容": "横手市社会福祉協議会雄水苑指定短期入所生活介護事業所【短期入所生活介護】秋田県横手市雄物川町今宿字末館５０番地", "url": "https://www.kaigokensaku.mhlw.go.jp/05/index.php?action_kouhyou_detail_004_kani=true&JigyosyoCd=0570317164-00&ServiceCd=210&Type=search", "url2": "https://www.yokote-shakyo.jp/" }, "geometry": { "type": "Point", "coordinates": [ 140.4035153, 39.284227799999975 ] } },
{ "type": "Feature", "properties": { "内容": "ショートステイさくら【短期入所生活介護】秋田県横手市駅前町14番9号", "url": "https://www.kaigokensaku.mhlw.go.jp/05/index.php?action_kouhyou_detail_004_kani=true&JigyosyoCd=0570318386-00&ServiceCd=210&Type=search", "url2": "http://www.yokotefukushikai.or.jp" }, "geometry": { "type": "Point", "coordinates": [ 140.562150100000053, 39.306037913540216 ] } },
{ "type": "Feature", "properties": { "内容": "ショートステイすこやか大雄【短期入所生活介護】秋田県横手市大雄字八柏谷地103番地1", "url": "https://www.kaigokensaku.mhlw.go.jp/05/index.php?action_kouhyou_detail_004_kani=true&JigyosyoCd=0572705457-00&ServiceCd=210&Type=search", "url2": "http://family-care-service.com/" }, "geometry": { "type": "Point", "coordinates": [ 140.49486730000001, 39.3236702 ] } },
{ "type": "Feature", "properties": { "内容": "横手市社会福祉協議会憩寿園指定短期入所生活介護事業所【短期入所生活介護】秋田県横手市十文字町梨木字御休ノ上108番地", "url": "https://www.kaigokensaku.mhlw.go.jp/05/index.php?action_kouhyou_detail_004_kani=true&JigyosyoCd=0570317156-00&ServiceCd=210&Type=search", "url2": null }, "geometry": { "type": "Point", "coordinates": [ 140.52378049999993, 39.2376341 ] } },
{ "type": "Feature", "properties": { "内容": "ショートステイ　えがお【短期入所生活介護】秋田県横手市羽黒町11-46ショートステイ　えがお", "url": "https://www.kaigokensaku.mhlw.go.jp/05/index.php?action_kouhyou_detail_004_kani=true&JigyosyoCd=0570320937-00&ServiceCd=210&Type=search", "url2": "http://www.fukuwarai8.jp" }, "geometry": { "type": "Point", "coordinates": [ 140.570224890213012, 39.315929163998362 ] } },
{ "type": "Feature", "properties": { "内容": "横手市特別養護老人ホーム鶴寿苑　老人短期入所施設【短期入所生活介護】秋田県横手市山内土渕字鶴ケ池３１－３", "url": "https://www.kaigokensaku.mhlw.go.jp/05/index.php?action_kouhyou_detail_004_kani=true&JigyosyoCd=0570317149-00&ServiceCd=210&Type=search", "url2": "http://sowakai.jp" }, "geometry": { "type": "Point", "coordinates": [ 140.621503, 39.2822401 ] } },
{ "type": "Feature", "properties": { "内容": "特別養護老人ホーム水交苑【短期入所生活介護】秋田県大館市字下綱22番地1", "url": "https://www.kaigokensaku.mhlw.go.jp/05/index.php?action_kouhyou_detail_004_kani=true&JigyosyoCd=0570450049-00&ServiceCd=210&Type=search", "url2": "https://suikohen.jp/" }, "geometry": { "type": "Point", "coordinates": [ 140.5888881, 40.2901119 ] } },
{ "type": "Feature", "properties": { "内容": "ショートステイなでしこ【短期入所生活介護】秋田県大館市根下戸新町103-1", "url": "https://www.kaigokensaku.mhlw.go.jp/05/index.php?action_kouhyou_detail_004_kani=true&JigyosyoCd=0570420760-00&ServiceCd=210&Type=search", "url2": "https://www.umenokimizuki.com/" }, "geometry": { "type": "Point", "coordinates": [ 140.529102602346825, 40.272296730844758 ] } },
{ "type": "Feature", "properties": { "内容": "ショートステイかきの木【短期入所生活介護】秋田県大館市東台6丁目5番105号", "url": "https://www.kaigokensaku.mhlw.go.jp/05/index.php?action_kouhyou_detail_004_kani=true&JigyosyoCd=0570426254-00&ServiceCd=210&Type=search", "url2": null }, "geometry": { "type": "Point", "coordinates": [ 140.579419499999972, 40.273756 ] } },
{ "type": "Feature", "properties": { "内容": "ショートステイ　とんぼ　釈迦内【短期入所生活介護】秋田県大館市釈迦内字稲荷山下229", "url": "https://www.kaigokensaku.mhlw.go.jp/05/index.php?action_kouhyou_detail_004_kani=true&JigyosyoCd=0570424259-00&ServiceCd=210&Type=search", "url2": null }, "geometry": { "type": "Point", "coordinates": [ 140.560603799999967, 40.2947993 ] } },
{ "type": "Feature", "properties": { "内容": "はなみずき指定短期入所生活介護事業所【短期入所生活介護】秋田県大館市比内町新館字真館21番地2", "url": "https://www.kaigokensaku.mhlw.go.jp/05/index.php?action_kouhyou_detail_004_kani=true&JigyosyoCd=0570426718-00&ServiceCd=210&Type=search", "url2": "http://www.hinai-fukushikai.jp/" }, "geometry": { "type": "Point", "coordinates": [ 140.586642206607081, 40.215220126107646 ] } },
{ "type": "Feature", "properties": { "内容": "ショートステイ鮎乃里【短期入所生活介護】秋田県大館市櫃崎字大道下27-3", "url": "https://www.kaigokensaku.mhlw.go.jp/05/index.php?action_kouhyou_detail_004_kani=true&JigyosyoCd=0570418046-00&ServiceCd=210&Type=search", "url2": null }, "geometry": { "type": "Point", "coordinates": [ 140.527941899999973, 40.2608746 ] } },
{ "type": "Feature", "properties": { "内容": "ショートステイさくら【短期入所生活介護】秋田県大館市根下戸新町5-15-20", "url": "https://www.kaigokensaku.mhlw.go.jp/05/index.php?action_kouhyou_detail_004_kani=true&JigyosyoCd=0570420109-00&ServiceCd=210&Type=search", "url2": "http://sakura10.sakura.ne.jp/" }, "geometry": { "type": "Point", "coordinates": [ 140.531785600000035, 40.2715568 ] } },
{ "type": "Feature", "properties": { "内容": "特別養護老人ホーム　山館苑【短期入所生活介護】秋田県大館市山館字館ノ下12番地1特別養護老人ホーム　山館苑（あおば1丁目）", "url": "https://www.kaigokensaku.mhlw.go.jp/05/index.php?action_kouhyou_detail_004_kani=true&JigyosyoCd=0570416842-00&ServiceCd=210&Type=search", "url2": "https://suikohen.jp/" }, "geometry": { "type": "Point", "coordinates": [ 140.583573699999988, 40.2371042 ] } },
{ "type": "Feature", "properties": { "内容": "ショートステイとんぼ新町【短期入所生活介護】秋田県大館市字新町３３番地", "url": "https://www.kaigokensaku.mhlw.go.jp/05/index.php?action_kouhyou_detail_004_kani=true&JigyosyoCd=0570418954-00&ServiceCd=210&Type=search", "url2": null }, "geometry": { "type": "Point", "coordinates": [ 140.560453695700858, 40.268907831506553 ] } },
{ "type": "Feature", "properties": { "内容": "ショートステイ大館南【短期入所生活介護】秋田県大館市下川原字向野１７番地１", "url": "https://www.kaigokensaku.mhlw.go.jp/05/index.php?action_kouhyou_detail_004_kani=true&JigyosyoCd=0570451690-00&ServiceCd=210&Type=search", "url2": "http://www.fukuokf.jp" }, "geometry": { "type": "Point", "coordinates": [ 140.5250565, 40.2445144 ] } },
{ "type": "Feature", "properties": { "内容": "大館市特別養護老人ホームつくし苑指定短期入所生活介護事業所【短期入所生活介護】秋田県大館市十二所字大水口4番地5", "url": "https://www.kaigokensaku.mhlw.go.jp/05/index.php?action_kouhyou_detail_004_kani=true&JigyosyoCd=0570415802-00&ServiceCd=210&Type=search", "url2": "http://www.odate-sfj.jp/" }, "geometry": { "type": "Point", "coordinates": [ 140.6582148, 40.2158174 ] } },
{ "type": "Feature", "properties": { "内容": "ショートステイまごころ【短期入所生活介護】秋田県大館市東台七丁目４番１０号", "url": "https://www.kaigokensaku.mhlw.go.jp/05/index.php?action_kouhyou_detail_004_kani=true&JigyosyoCd=0570424077-00&ServiceCd=210&Type=search", "url2": null }, "geometry": { "type": "Point", "coordinates": [ 140.580378600000017, 40.268928 ] } },
{ "type": "Feature", "properties": { "内容": "ショートステイ　縁【短期入所生活介護】秋田県大館市東台2丁目6番43号", "url": "https://www.kaigokensaku.mhlw.go.jp/05/index.php?action_kouhyou_detail_004_kani=true&JigyosyoCd=0570425397-00&ServiceCd=210&Type=search", "url2": "http://rin-sousei.com." }, "geometry": { "type": "Point", "coordinates": [ 140.575720700000034, 40.2682474 ] } },
{ "type": "Feature", "properties": { "内容": "ショートステイとんぼ【短期入所生活介護】秋田県大館市御成町４丁目６番１０－１号", "url": "https://www.kaigokensaku.mhlw.go.jp/05/index.php?action_kouhyou_detail_004_kani=true&JigyosyoCd=0570417923-00&ServiceCd=210&Type=search", "url2": null }, "geometry": { "type": "Point", "coordinates": [ 140.561413, 40.2792373 ] } },
{ "type": "Feature", "properties": { "内容": "ショートステイ　長慶荘【短期入所生活介護】秋田県大館市岩瀬字羽貫谷地中島２１番地９０", "url": "https://www.kaigokensaku.mhlw.go.jp/05/index.php?action_kouhyou_detail_004_kani=true&JigyosyoCd=0572103364-00&ServiceCd=210&Type=search", "url2": "http://www.fukuokf.jp" }, "geometry": { "type": "Point", "coordinates": [ 140.451477100000034, 40.2897905 ] } },
{ "type": "Feature", "properties": { "内容": "ショートステイ　　大　寿【短期入所生活介護】秋田県大館市池内字大出442－1", "url": "https://www.kaigokensaku.mhlw.go.jp/05/index.php?action_kouhyou_detail_004_kani=true&JigyosyoCd=0570418400-00&ServiceCd=210&Type=search", "url2": null }, "geometry": { "type": "Point", "coordinates": [ 140.575654900000018, 40.2405119 ] } },
{ "type": "Feature", "properties": { "内容": "指定短期入所生活介護事業所やまぼうし【短期入所生活介護】秋田県大館市比内町新館字真館21-6", "url": "https://www.kaigokensaku.mhlw.go.jp/05/index.php?action_kouhyou_detail_004_kani=true&JigyosyoCd=0572104289-00&ServiceCd=210&Type=search", "url2": "http://www.hinai-fukushikai.jp/" }, "geometry": { "type": "Point", "coordinates": [ 140.600367834254484, 40.223662576837349 ] } },
{ "type": "Feature", "properties": { "内容": "ショートステイ　神山荘【短期入所生活介護】秋田県大館市花岡町字神山６番地２", "url": "https://www.kaigokensaku.mhlw.go.jp/05/index.php?action_kouhyou_detail_004_kani=true&JigyosyoCd=0570404012-00&ServiceCd=210&Type=search", "url2": "http://www.fukuokf.jp/" }, "geometry": { "type": "Point", "coordinates": [ 140.555556, 40.3230236 ] } },
{ "type": "Feature", "properties": { "内容": "ショートステイおこう【短期入所生活介護】秋田県大館市餌釣字大杉118", "url": "https://www.kaigokensaku.mhlw.go.jp/05/index.php?action_kouhyou_detail_004_kani=true&JigyosyoCd=0570424085-00&ServiceCd=210&Type=search", "url2": null }, "geometry": { "type": "Point", "coordinates": [ 140.575138199999969, 40.2428477 ] } },
{ "type": "Feature", "properties": { "内容": "特別養護老人ホーム寿恵園【短期入所生活介護】秋田県男鹿市船川港比詰字神明堂脇７番地", "url": "https://www.kaigokensaku.mhlw.go.jp/05/index.php?action_kouhyou_detail_004_kani=true&JigyosyoCd=0570603944-00&ServiceCd=210&Type=search", "url2": "https://kotobukikai-akita.com/" }, "geometry": { "type": "Point", "coordinates": [ 139.858008400000017, 39.9095487 ] } },
{ "type": "Feature", "properties": { "内容": "ショートステイ蒼きもり【短期入所生活介護】秋田県男鹿市船越字狐森147番地2", "url": "https://www.kaigokensaku.mhlw.go.jp/05/index.php?action_kouhyou_detail_004_kani=true&JigyosyoCd=0570620773-00&ServiceCd=210&Type=search", "url2": null }, "geometry": { "type": "Point", "coordinates": [ 139.940223731816104, 39.903911557750419 ] } },
{ "type": "Feature", "properties": { "内容": "ショートステイ　たらちね【短期入所生活介護】秋田県男鹿市船越字一向67-182", "url": "https://www.kaigokensaku.mhlw.go.jp/05/index.php?action_kouhyou_detail_004_kani=true&JigyosyoCd=0570618827-00&ServiceCd=210&Type=search", "url2": "http://www.jusinkai.or.jp" }, "geometry": { "type": "Point", "coordinates": [ 139.947923899999978, 39.8987531 ] } },
{ "type": "Feature", "properties": { "内容": "ショートステイ蒼きいずみ【短期入所生活介護】秋田県男鹿市脇本脇本字中野56", "url": "https://www.kaigokensaku.mhlw.go.jp/05/index.php?action_kouhyou_detail_004_kani=true&JigyosyoCd=0570625400-00&ServiceCd=210&Type=search", "url2": null }, "geometry": { "type": "Point", "coordinates": [ 139.917503397236601, 39.910304998412414 ] } },
{ "type": "Feature", "properties": { "内容": "ショートステイげんき【短期入所生活介護】秋田県男鹿市脇本脇本字飯ノ町3番地1", "url": "https://www.kaigokensaku.mhlw.go.jp/05/index.php?action_kouhyou_detail_004_kani=true&JigyosyoCd=0570626523-00&ServiceCd=210&Type=search", "url2": "https://sekirei-corp.jp/" }, "geometry": { "type": "Point", "coordinates": [ 139.918393313491862, 39.915797268900739 ] } },
{ "type": "Feature", "properties": { "内容": "短期入所生活介護事業所　ショートステイ和幸苑【短期入所生活介護】秋田県男鹿市角間崎字岡見沢86番地12", "url": "https://www.kaigokensaku.mhlw.go.jp/05/index.php?action_kouhyou_detail_004_kani=true&JigyosyoCd=0572305571-00&ServiceCd=210&Type=search", "url2": "http://wakami-sakurakai.jp/" }, "geometry": { "type": "Point", "coordinates": [ 139.904919899999982, 39.9602281 ] } },
{ "type": "Feature", "properties": { "内容": "ショートステイゆかり【短期入所生活介護】秋田県男鹿市船越字内子294-252", "url": "https://www.kaigokensaku.mhlw.go.jp/05/index.php?action_kouhyou_detail_004_kani=true&JigyosyoCd=0570609701-00&ServiceCd=210&Type=search", "url2": "http://www.yukarino-mori.jp" }, "geometry": { "type": "Point", "coordinates": [ 139.926034100000038, 39.9020599 ] } },
{ "type": "Feature", "properties": { "内容": "ショートステイわかみ【短期入所生活介護】秋田県男鹿市福川字竪石29番地１", "url": "https://www.kaigokensaku.mhlw.go.jp/05/index.php?action_kouhyou_detail_004_kani=true&JigyosyoCd=0570621987-00&ServiceCd=210&Type=search", "url2": "https://sekirei-corp.jp/" }, "geometry": { "type": "Point", "coordinates": [ 139.919913299999962, 39.9487522 ] } },
{ "type": "Feature", "properties": { "内容": "ショートステイ男鹿【短期入所生活介護】秋田県男鹿市船越字内子294番地", "url": "https://www.kaigokensaku.mhlw.go.jp/05/index.php?action_kouhyou_detail_004_kani=true&JigyosyoCd=0570626515-00&ServiceCd=210&Type=search", "url2": "https://wel.akita-seiwakai.jp/oga-ss/" }, "geometry": { "type": "Point", "coordinates": [ 139.933478408118447, 39.902099857066936 ] } },
{ "type": "Feature", "properties": { "内容": "ショートステイ　エミエル【短期入所生活介護】秋田県男鹿市船越字船越401-23", "url": "https://www.kaigokensaku.mhlw.go.jp/05/index.php?action_kouhyou_detail_004_kani=true&JigyosyoCd=0570625061-00&ServiceCd=210&Type=search", "url2": "http://www.oga-suzuki.jp/" }, "geometry": { "type": "Point", "coordinates": [ 139.955387, 39.9025255 ] } },
{ "type": "Feature", "properties": { "内容": "ショートステイ　楓【短期入所生活介護】秋田県男鹿市北浦西黒沢字東山47-1", "url": "https://www.kaigokensaku.mhlw.go.jp/05/index.php?action_kouhyou_detail_004_kani=true&JigyosyoCd=0570619106-00&ServiceCd=210&Type=search", "url2": "http://www.kotani-kaede.com/" }, "geometry": { "type": "Point", "coordinates": [ 139.738631899999973, 39.970679 ] } },
{ "type": "Feature", "properties": { "内容": "ショートステイ華むすび【短期入所生活介護】秋田県男鹿市船川港船川字海岸通り二号2-7", "url": "https://www.kaigokensaku.mhlw.go.jp/05/index.php?action_kouhyou_detail_004_kani=true&JigyosyoCd=0570624270-00&ServiceCd=210&Type=search", "url2": null }, "geometry": { "type": "Point", "coordinates": [ 139.850816237434401, 39.888262744173424 ] } },
{ "type": "Feature", "properties": { "内容": "ショートステイなないろ【短期入所生活介護】秋田県男鹿市船川港船川字元浜町209-1", "url": "https://www.kaigokensaku.mhlw.go.jp/05/index.php?action_kouhyou_detail_004_kani=true&JigyosyoCd=0570618728-00&ServiceCd=210&Type=search", "url2": null }, "geometry": { "type": "Point", "coordinates": [ 139.8462389, 39.8840208 ] } },
{ "type": "Feature", "properties": { "内容": "温泉ショートステイ鵜の崎【短期入所生活介護】秋田県男鹿市船川港台島字鵜ノ崎６２番地２", "url": "https://www.kaigokensaku.mhlw.go.jp/05/index.php?action_kouhyou_detail_004_kani=true&JigyosyoCd=0570619973-00&ServiceCd=210&Type=search", "url2": "http://www.kouyukai-h.com/onsen-s/" }, "geometry": { "type": "Point", "coordinates": [ 139.807118700000046, 39.8611475 ] } },
{ "type": "Feature", "properties": { "内容": "ふくろう【短期入所生活介護】秋田県湯沢市横堀字小正寺18-2", "url": "https://www.kaigokensaku.mhlw.go.jp/05/index.php?action_kouhyou_detail_004_kani=true&JigyosyoCd=0570723890-00&ServiceCd=210&Type=search", "url2": "https://www.shiunkaku-komachi.com" }, "geometry": { "type": "Point", "coordinates": [ 140.454649, 39.0611531 ] } },
{ "type": "Feature", "properties": { "内容": "特別養護老人ホーム　シャイントピアみなせ指定短期入所生活介護事業所【短期入所生活介護】秋田県湯沢市皆瀬字小野１８８－１", "url": "https://www.kaigokensaku.mhlw.go.jp/05/index.php?action_kouhyou_detail_004_kani=true&JigyosyoCd=0572810489-00&ServiceCd=210&Type=search", "url2": "http://www.shinetopia.com" }, "geometry": { "type": "Point", "coordinates": [ 140.5895706, 39.074401 ] } },
{ "type": "Feature", "properties": { "内容": "医療法人せいとく会短期入所生活介護事業所【短期入所生活介護】秋田県湯沢市小野字東堺77番地1", "url": "https://www.kaigokensaku.mhlw.go.jp/05/index.php?action_kouhyou_detail_004_kani=true&JigyosyoCd=0570715565-00&ServiceCd=210&Type=search", "url2": "http://kamuro5111.com/publics/index/6/" }, "geometry": { "type": "Point", "coordinates": [ 140.454587899999979, 39.0644083 ] } },
{ "type": "Feature", "properties": { "内容": "ショートステイ花みずき【短期入所生活介護】秋田県湯沢市清水町四丁目260-5", "url": "https://www.kaigokensaku.mhlw.go.jp/05/index.php?action_kouhyou_detail_004_kani=true&JigyosyoCd=0570719153-00&ServiceCd=210&Type=search", "url2": "http://www.fukuwarai8.jp" }, "geometry": { "type": "Point", "coordinates": [ 140.4805781, 39.1659978 ] } },
{ "type": "Feature", "properties": { "内容": "ショートステイ菜の花【短期入所生活介護】秋田県湯沢市成沢字堤端155番地", "url": "https://www.kaigokensaku.mhlw.go.jp/05/index.php?action_kouhyou_detail_004_kani=true&JigyosyoCd=0570719609-00&ServiceCd=210&Type=search", "url2": "https://lifestage-ak.co.jp" }, "geometry": { "type": "Point", "coordinates": [ 140.503101, 39.1958874 ] } },
{ "type": "Feature", "properties": { "内容": "短期入所生活介護すみれ【短期入所生活介護】秋田県湯沢市愛宕町三丁目7番46号", "url": "https://www.kaigokensaku.mhlw.go.jp/05/index.php?action_kouhyou_detail_004_kani=true&JigyosyoCd=0570726513-00&ServiceCd=210&Type=search", "url2": "http://sumire7100.jp/" }, "geometry": { "type": "Point", "coordinates": [ 140.488841400000013, 39.1499714 ] } },
{ "type": "Feature", "properties": { "内容": "ショートステイ　かつら【短期入所生活介護】秋田県湯沢市川連町字大舘屋布前１２４", "url": "https://www.kaigokensaku.mhlw.go.jp/05/index.php?action_kouhyou_detail_004_kani=true&JigyosyoCd=0570720482-00&ServiceCd=210&Type=search", "url2": "https://yuzawa-katsura.co.jp/" }, "geometry": { "type": "Point", "coordinates": [ 140.563797879762205, 39.144669579203665 ] } },
{ "type": "Feature", "properties": { "内容": "サン・グリーンゆざわ指定短期入所生活介護事業所【短期入所生活介護】秋田県湯沢市裏門１丁目２番１９号", "url": "https://www.kaigokensaku.mhlw.go.jp/05/index.php?action_kouhyou_detail_004_kani=true&JigyosyoCd=0570724393-00&ServiceCd=210&Type=search", "url2": "http://ogachi-nagomi.net/" }, "geometry": { "type": "Point", "coordinates": [ 140.5018096, 39.1641154 ] } },
{ "type": "Feature", "properties": { "内容": "短期入所生活介護事業所いさみが岡【短期入所生活介護】秋田県湯沢市山田字勇ヶ岡５０番地", "url": "https://www.kaigokensaku.mhlw.go.jp/05/index.php?action_kouhyou_detail_004_kani=true&JigyosyoCd=0570725184-00&ServiceCd=210&Type=search", "url2": "http://ogachi-nagomi.net/" }, "geometry": { "type": "Point", "coordinates": [ 140.45293879999997, 39.1449773 ] } },
{ "type": "Feature", "properties": { "内容": "健寿苑短期入所生活介護事業所【短期入所生活介護】秋田県湯沢市駒形町字八面狐塚58", "url": "https://www.kaigokensaku.mhlw.go.jp/05/index.php?action_kouhyou_detail_004_kani=true&JigyosyoCd=0570720888-00&ServiceCd=210&Type=search", "url2": "http://www.inakawa-fukushi.or.jp/" }, "geometry": { "type": "Point", "coordinates": [ 140.554083200400612, 39.172636981476877 ] } },
{ "type": "Feature", "properties": { "内容": "鹿南の郷指定短期入所生活介護事業所【短期入所生活介護】秋田県鹿角市八幡平字長嶺前田15番地3", "url": "https://www.kaigokensaku.mhlw.go.jp/05/index.php?action_kouhyou_detail_004_kani=true&JigyosyoCd=0570926949-00&ServiceCd=210&Type=search", "url2": "http://a-hanawafukushikai.jp/" }, "geometry": { "type": "Point", "coordinates": [ 140.7986593, 40.1370873 ] } },
{ "type": "Feature", "properties": { "内容": "月山の郷指定短期入所生活介護事業所【短期入所生活介護】秋田県鹿角市十和田毛馬内字毛馬内59番地1", "url": "https://www.kaigokensaku.mhlw.go.jp/05/index.php?action_kouhyou_detail_004_kani=true&JigyosyoCd=0570926956-00&ServiceCd=210&Type=search", "url2": null }, "geometry": { "type": "Point", "coordinates": [ 140.765982799999989, 40.2710699 ] } },
{ "type": "Feature", "properties": { "内容": "東恵園指定短期入所生活介護事業所【短期入所生活介護】秋田県鹿角市花輪字古館4番地1", "url": "https://www.kaigokensaku.mhlw.go.jp/05/index.php?action_kouhyou_detail_004_kani=true&JigyosyoCd=0570902106-00&ServiceCd=210&Type=search", "url2": "http://a-hanawafukushikai.jp/" }, "geometry": { "type": "Point", "coordinates": [ 140.803783, 40.1944974 ] } },
{ "type": "Feature", "properties": { "内容": "介護老人福祉施設鹿角微笑苑【短期入所生活介護】秋田県鹿角市十和田大湯字屋布ノ下タ２０番地", "url": "https://www.kaigokensaku.mhlw.go.jp/05/index.php?action_kouhyou_detail_004_kani=true&JigyosyoCd=0570951756-00&ServiceCd=210&Type=search", "url2": "https://jyukoukai.jp" }, "geometry": { "type": "Point", "coordinates": [ 140.79117789999998, 40.2731784 ] } },
{ "type": "Feature", "properties": { "内容": "ショートステイ大寿十和田【短期入所生活介護】秋田県鹿角市十和田毛馬内字押出87", "url": "https://www.kaigokensaku.mhlw.go.jp/05/index.php?action_kouhyou_detail_004_kani=true&JigyosyoCd=0570920397-00&ServiceCd=210&Type=search", "url2": null }, "geometry": { "type": "Point", "coordinates": [ 140.772827880424643, 40.268977765788549 ] } },
{ "type": "Feature", "properties": { "内容": "ケアホームおおゆ短期入所生活介護事業所【短期入所生活介護】秋田県鹿角市十和田大湯字湯の岱一丁目１番地", "url": "https://www.kaigokensaku.mhlw.go.jp/05/index.php?action_kouhyou_detail_004_kani=true&JigyosyoCd=0570903658-00&ServiceCd=210&Type=search", "url2": "http://aiseikai.or.jp" }, "geometry": { "type": "Point", "coordinates": [ 140.83479310000007, 40.2965997 ] } },
{ "type": "Feature", "properties": { "内容": "ショートステイはなわあいの【短期入所生活介護】秋田県鹿角市花輪合野70番地", "url": "https://www.kaigokensaku.mhlw.go.jp/05/index.php?action_kouhyou_detail_004_kani=true&JigyosyoCd=0570920512-00&ServiceCd=210&Type=search", "url2": "http://aiseikai.or.jp/" }, "geometry": { "type": "Point", "coordinates": [ 140.798221799999965, 40.206781900000017 ] } },
{ "type": "Feature", "properties": { "内容": "医療法人楽山会　ショートステイ温泉保養館おおゆ【短期入所生活介護】秋田県鹿角市十和田大湯字湯の岱１丁目２０番地", "url": "https://www.kaigokensaku.mhlw.go.jp/05/index.php?action_kouhyou_detail_004_kani=true&JigyosyoCd=0570919951-00&ServiceCd=210&Type=search", "url2": "https://oyu-reha.com" }, "geometry": { "type": "Point", "coordinates": [ 140.835068200000023, 40.2959748 ] } },
{ "type": "Feature", "properties": { "内容": "医療法人章進会　　メディカルハウス　ゆう【短期入所生活介護】由利本荘市鳥海町伏見字久保１９－４", "url": "https://www.kaigokensaku.mhlw.go.jp/05/index.php?action_kouhyou_detail_004_kani=true&JigyosyoCd=0570520908-00&ServiceCd=210&Type=search", "url2": null }, "geometry": { "type": "Point", "coordinates": [ 140.192530920376612, 39.191818225029216 ] } },
{ "type": "Feature", "properties": { "内容": "短期入所生活介護施設　千寿苑【短期入所生活介護】秋田県由利本荘市川口字八幡前221－3", "url": "https://www.kaigokensaku.mhlw.go.jp/05/index.php?action_kouhyou_detail_004_kani=true&JigyosyoCd=0570519702-00&ServiceCd=210&Type=search", "url2": "http://akita-mw-inc.jp/" }, "geometry": { "type": "Point", "coordinates": [ 140.062506100000064, 39.3989566 ] } },
{ "type": "Feature", "properties": { "内容": "短期入所生活介護　夢うさぎ【短期入所生活介護】秋田県由利本荘市石脇字石ノ花194番地230", "url": "https://www.kaigokensaku.mhlw.go.jp/05/index.php?action_kouhyou_detail_004_kani=true&JigyosyoCd=0570522821-00&ServiceCd=210&Type=search", "url2": "http://yumeusagi.info/" }, "geometry": { "type": "Point", "coordinates": [ 140.032421155545507, 39.395885505345184 ] } },
{ "type": "Feature", "properties": { "内容": "ショートステイひまわり【短期入所生活介護】秋田県由利本荘市西目町海士剥字御月森1番地", "url": "https://www.kaigokensaku.mhlw.go.jp/05/index.php?action_kouhyou_detail_004_kani=true&JigyosyoCd=0572507200-00&ServiceCd=210&Type=search", "url2": "http://www.honjo-kyujyukai.net/" }, "geometry": { "type": "Point", "coordinates": [ 140.019873599999983, 39.3687379 ] } },
{ "type": "Feature", "properties": { "内容": "ショートステイ　きずな【短期入所生活介護】秋田県由利本荘市石脇田尻野７番３４３", "url": "https://www.kaigokensaku.mhlw.go.jp/05/index.php?action_kouhyou_detail_004_kani=true&JigyosyoCd=0570521864-00&ServiceCd=210&Type=search", "url2": "http://kaigo-kizuna.jp/" }, "geometry": { "type": "Point", "coordinates": [ 140.028267300000039, 39.404327500000015 ] } },
{ "type": "Feature", "properties": { "内容": "鳥寿苑短期入所生活介護事業所【短期入所生活介護】秋田県由利本荘市鳥海町伏見字久保77番地由利本荘市特別養護老人ホーム鳥寿苑", "url": "https://www.kaigokensaku.mhlw.go.jp/05/index.php?action_kouhyou_detail_004_kani=true&JigyosyoCd=0570524504-00&ServiceCd=210&Type=search", "url2": "http://www.akita-yuai.com/" }, "geometry": { "type": "Point", "coordinates": [ 140.18904950000001, 39.1896897 ] } },
{ "type": "Feature", "properties": { "内容": "ふるさと矢島指定短期入所生活介護事業所【短期入所生活介護】秋田県由利本荘市矢島町城内字八森下481番地1", "url": "https://www.kaigokensaku.mhlw.go.jp/05/index.php?action_kouhyou_detail_004_kani=true&JigyosyoCd=0572505691-00&ServiceCd=210&Type=search", "url2": "http://www.chuoukai.com/03-furusatoyashima.html" }, "geometry": { "type": "Point", "coordinates": [ 140.136414400000035, 39.2344906 ] } },
{ "type": "Feature", "properties": { "内容": "特別養護老人ホーム白百合苑短期入所生活介護事業所【短期入所生活介護】秋田県由利本荘市前郷字家岸79番地17", "url": "https://www.kaigokensaku.mhlw.go.jp/05/index.php?action_kouhyou_detail_004_kani=true&JigyosyoCd=0570514604-00&ServiceCd=210&Type=search", "url2": "http://www.yurihonjo-shakyo.jp" }, "geometry": { "type": "Point", "coordinates": [ 140.1113739, 39.3140376 ] } },
{ "type": "Feature", "properties": { "内容": "ショートステイ　花ごよみ【短期入所生活介護】由利本荘市土谷字新谷地160番地", "url": "https://www.kaigokensaku.mhlw.go.jp/05/index.php?action_kouhyou_detail_004_kani=true&JigyosyoCd=0570519520-00&ServiceCd=210&Type=search", "url2": "http://www.chuoukai.com/05-hanagoyomi.html" }, "geometry": { "type": "Point", "coordinates": [ 140.070122399999946, 39.391921 ] } },
{ "type": "Feature", "properties": { "内容": "萬生苑指定短期入所生活介護事業所【短期入所生活介護】秋田県由利本荘市薬師堂字一番堰38番地1", "url": "https://www.kaigokensaku.mhlw.go.jp/05/index.php?action_kouhyou_detail_004_kani=true&JigyosyoCd=0570502781-00&ServiceCd=210&Type=search", "url2": "http://www.chuoukai.com" }, "geometry": { "type": "Point", "coordinates": [ 140.058832068115606, 39.372805834550135 ] } },
{ "type": "Feature", "properties": { "内容": "東光苑短期入所生活介護事業所【短期入所生活介護】秋田県由利本荘市東由利蔵字蔵83番地特別養護老人ホーム東光苑", "url": "https://www.kaigokensaku.mhlw.go.jp/05/index.php?action_kouhyou_detail_004_kani=true&JigyosyoCd=0570525105-00&ServiceCd=210&Type=search", "url2": "http://akita-yuai.com/" }, "geometry": { "type": "Point", "coordinates": [ 140.263556374729887, 39.315454631407945 ] } },
{ "type": "Feature", "properties": { "内容": "ショートステイ　ほほえみの里【短期入所生活介護】秋田県由利本荘市鳥海町伏見字高平92番地1", "url": "https://www.kaigokensaku.mhlw.go.jp/05/index.php?action_kouhyou_detail_004_kani=true&JigyosyoCd=0570518928-00&ServiceCd=210&Type=search", "url2": null }, "geometry": { "type": "Point", "coordinates": [ 140.188352616345099, 39.194606483741602 ] } },
{ "type": "Feature", "properties": { "内容": "いきいきASOKO【短期入所生活介護】秋田県由利本荘市大鍬町160番地1", "url": "https://www.kaigokensaku.mhlw.go.jp/05/index.php?action_kouhyou_detail_004_kani=true&JigyosyoCd=0570522631-00&ServiceCd=210&Type=search", "url2": "http://www.chuoukai.com/" }, "geometry": { "type": "Point", "coordinates": [ 140.047043600000052, 39.3760021 ] } },
{ "type": "Feature", "properties": { "内容": "ふるさと学び舎指定短期入所生活介護事業所【短期入所生活介護】秋田県由利本荘市土谷字新谷地157番地", "url": "https://www.kaigokensaku.mhlw.go.jp/05/index.php?action_kouhyou_detail_004_kani=true&JigyosyoCd=0570515346-00&ServiceCd=210&Type=search", "url2": "http://www.chuoukai.com/" }, "geometry": { "type": "Point", "coordinates": [ 140.069400200000018, 39.3918877 ] } },
{ "type": "Feature", "properties": { "内容": "ショートステイ　あじさいの郷【短期入所生活介護】秋田県由利本荘市水林459-2", "url": "https://www.kaigokensaku.mhlw.go.jp/05/index.php?action_kouhyou_detail_004_kani=true&JigyosyoCd=0570522904-00&ServiceCd=210&Type=search", "url2": "http://honjo-kyujyukai.net/" }, "geometry": { "type": "Point", "coordinates": [ 140.023726529685973, 39.376817958905789 ] } },
{ "type": "Feature", "properties": { "内容": "ショートステイゆうゆう【短期入所生活介護】秋田県由利本荘市一番堰１４２－１", "url": "https://www.kaigokensaku.mhlw.go.jp/05/index.php?action_kouhyou_detail_004_kani=true&JigyosyoCd=0570513978-00&ServiceCd=210&Type=search", "url2": "http://honjo-kyujyukai.net/" }, "geometry": { "type": "Point", "coordinates": [ 140.056798299999969, 39.3789578 ] } },
{ "type": "Feature", "properties": { "内容": "ショートステイ　華【短期入所生活介護】秋田県由利本荘市矢島町元町字新所143", "url": "https://www.kaigokensaku.mhlw.go.jp/05/index.php?action_kouhyou_detail_004_kani=true&JigyosyoCd=0570513879-00&ServiceCd=210&Type=search", "url2": null }, "geometry": { "type": "Point", "coordinates": [ 140.154879599999958, 39.2270446 ] } },
{ "type": "Feature", "properties": { "内容": "ショートステイ　椛【短期入所生活介護】秋田県由利本荘市二十六木字岡本36-3", "url": "https://www.kaigokensaku.mhlw.go.jp/05/index.php?action_kouhyou_detail_004_kani=true&JigyosyoCd=0570521062-00&ServiceCd=210&Type=search", "url2": null }, "geometry": { "type": "Point", "coordinates": [ 140.070954400000034, 39.36541960000001 ] } },
{ "type": "Feature", "properties": { "内容": "ケアステーション・愛【短期入所生活介護】秋田県由利本荘市薬師堂字谷地287番地2", "url": "https://www.kaigokensaku.mhlw.go.jp/05/index.php?action_kouhyou_detail_004_kani=true&JigyosyoCd=0570523134-00&ServiceCd=210&Type=search", "url2": "http://akita-yuai.com" }, "geometry": { "type": "Point", "coordinates": [ 140.052918099999943, 39.3758134 ] } },
{ "type": "Feature", "properties": { "内容": "ショートステイたんぽぽプラザ【短期入所生活介護】秋田県由利本荘市岩城赤平字長ヶ沢18-1", "url": "https://www.kaigokensaku.mhlw.go.jp/05/index.php?action_kouhyou_detail_004_kani=true&JigyosyoCd=0570524025-00&ServiceCd=210&Type=search", "url2": "https://tanpopoplaza.co.jp/" }, "geometry": { "type": "Point", "coordinates": [ 140.07643469842526, 39.503918043668286 ] } },
{ "type": "Feature", "properties": { "内容": "みんなのまち岩城【短期入所生活介護】秋田県由利本荘市岩城内道川字築防潟51番4", "url": "https://www.kaigokensaku.mhlw.go.jp/05/index.php?action_kouhyou_detail_004_kani=true&JigyosyoCd=0570525253-00&ServiceCd=210&Type=search", "url2": "http://www.ssh-minna.com/" }, "geometry": { "type": "Point", "coordinates": [ 140.05778, 39.545231 ] } },
{ "type": "Feature", "properties": { "内容": "ショートステイ　おてんとさん【短期入所生活介護】秋田県由利本荘市東梵天９５－１", "url": "https://www.kaigokensaku.mhlw.go.jp/05/index.php?action_kouhyou_detail_004_kani=true&JigyosyoCd=0570512582-00&ServiceCd=210&Type=search", "url2": "http://www.yoro-duya.com/" }, "geometry": { "type": "Point", "coordinates": [ 140.062053600000013, 39.3827604 ] } },
{ "type": "Feature", "properties": { "内容": "アルメリアの里【短期入所生活介護】秋田県由利本荘市浜三川字西大台１３７－１８", "url": "https://www.kaigokensaku.mhlw.go.jp/05/index.php?action_kouhyou_detail_004_kani=true&JigyosyoCd=0570520080-00&ServiceCd=210&Type=search", "url2": "http://armerianosato.com/top.htm" }, "geometry": { "type": "Point", "coordinates": [ 140.032136400000013, 39.4278241 ] } },
{ "type": "Feature", "properties": { "内容": "大内さつき会指定短期入所生活介護事業所【短期入所生活介護】秋田県由利本荘市岩谷町字ハケノ下80番地2", "url": "https://www.kaigokensaku.mhlw.go.jp/05/index.php?action_kouhyou_detail_004_kani=true&JigyosyoCd=0572504975-00&ServiceCd=210&Type=search", "url2": "http://www.oouchi-satsukikai.or.jp" }, "geometry": { "type": "Point", "coordinates": [ 140.106618199999957, 39.4480723 ] } },
{ "type": "Feature", "properties": { "内容": "ショートステイなかみち【短期入所生活介護】秋田県由利本荘市薬師堂字中道２７２番地", "url": "https://www.kaigokensaku.mhlw.go.jp/05/index.php?action_kouhyou_detail_004_kani=true&JigyosyoCd=0570519744-00&ServiceCd=210&Type=search", "url2": "http://www.caresupply.info/" }, "geometry": { "type": "Point", "coordinates": [ 140.051901499999985, 39.3698027 ] } },
{ "type": "Feature", "properties": { "内容": "特別養護老人ホーム広洋苑短期入所生活介護【短期入所生活介護】秋田県由利本荘市岩城内道川字上山134", "url": "https://www.kaigokensaku.mhlw.go.jp/05/index.php?action_kouhyou_detail_004_kani=true&JigyosyoCd=0570524462-00&ServiceCd=210&Type=search", "url2": "http://amasagi.or.jp/kouyouen/" }, "geometry": { "type": "Point", "coordinates": [ 140.057409761376903, 39.545978046807946 ] } },
{ "type": "Feature", "properties": { "内容": "ショートステイ「わかば」【短期入所生活介護】秋田県由利本荘市石脇字田尻野７番地の３", "url": "https://www.kaigokensaku.mhlw.go.jp/05/index.php?action_kouhyou_detail_004_kani=true&JigyosyoCd=0570512517-00&ServiceCd=210&Type=search", "url2": "http://www.ikeyaku.co.jp" }, "geometry": { "type": "Point", "coordinates": [ 140.0315114, 39.40480250000001 ] } },
{ "type": "Feature", "properties": { "内容": "ショートステイ　夕陽の郷【短期入所生活介護】秋田県由利本荘市石脇字田尻10番2", "url": "https://www.kaigokensaku.mhlw.go.jp/05/index.php?action_kouhyou_detail_004_kani=true&JigyosyoCd=0570526699-00&ServiceCd=210&Type=search", "url2": "http://smilings.jp" }, "geometry": { "type": "Point", "coordinates": [ 140.021670289549263, 39.392513029317534 ] } },
{ "type": "Feature", "properties": { "内容": "短期ｹｱｾﾝﾀｰ　聚恵苑【短期入所生活介護】秋田県潟上市天王字上江川47-100", "url": "https://www.kaigokensaku.mhlw.go.jp/05/index.php?action_kouhyou_detail_004_kani=true&JigyosyoCd=0571024942-00&ServiceCd=210&Type=search", "url2": "http://keijinkai.akita.jp/" }, "geometry": { "type": "Point", "coordinates": [ 139.98646789999998, 39.8833063 ] } },
{ "type": "Feature", "properties": { "内容": "ショートステイ啄木鳥【短期入所生活介護】秋田県潟上市天王字棒沼台247-1", "url": "https://www.kaigokensaku.mhlw.go.jp/05/index.php?action_kouhyou_detail_004_kani=true&JigyosyoCd=0571020478-00&ServiceCd=210&Type=search", "url2": "https://wel.akita-seiwakai.jp/cc-ktgm/facility_introduction/kitsutsuki/" }, "geometry": { "type": "Point", "coordinates": [ 140.011525598286454, 39.859225889692851 ] } },
{ "type": "Feature", "properties": { "内容": "ショートステイ　かたがみ【短期入所生活介護】秋田県潟上市天王字長沼40番地2", "url": "https://www.kaigokensaku.mhlw.go.jp/05/index.php?action_kouhyou_detail_004_kani=true&JigyosyoCd=0571020171-00&ServiceCd=210&Type=search", "url2": "https://shortstay-katagami.com/" }, "geometry": { "type": "Point", "coordinates": [ 140.046440626983667, 39.814815691133866 ] } },
{ "type": "Feature", "properties": { "内容": "ショートステイこもれび【短期入所生活介護】秋田県潟上市天王字上江川４７－１３０", "url": "https://www.kaigokensaku.mhlw.go.jp/05/index.php?action_kouhyou_detail_004_kani=true&JigyosyoCd=0571017508-00&ServiceCd=210&Type=search", "url2": "http://www.komorebi-kaigo.com" }, "geometry": { "type": "Point", "coordinates": [ 139.992592, 39.8757182 ] } },
{ "type": "Feature", "properties": { "内容": "ショートステイゆかり追分【短期入所生活介護】秋田県潟上市天王字上北野4-25", "url": "https://www.kaigokensaku.mhlw.go.jp/05/index.php?action_kouhyou_detail_004_kani=true&JigyosyoCd=0572310936-00&ServiceCd=210&Type=search", "url2": "http://www.yukarino-mori.jp" }, "geometry": { "type": "Point", "coordinates": [ 140.046210200000019, 39.8206426 ] } },
{ "type": "Feature", "properties": { "内容": "社会福祉法人正和会　ショートステイこうのとり【短期入所生活介護】秋田県潟上市天王字棒沼台247-4", "url": "https://www.kaigokensaku.mhlw.go.jp/05/index.php?action_kouhyou_detail_004_kani=true&JigyosyoCd=0571018290-00&ServiceCd=210&Type=search", "url2": "https://www.akita-seiwakai.jp/" }, "geometry": { "type": "Point", "coordinates": [ 140.011698499999966, 39.8585124 ] } },
{ "type": "Feature", "properties": { "内容": "ショートステイ　おいわけ【短期入所生活介護】秋田県潟上市天王字追分西2番地35", "url": "https://www.kaigokensaku.mhlw.go.jp/05/index.php?action_kouhyou_detail_004_kani=true&JigyosyoCd=0571020288-00&ServiceCd=210&Type=search", "url2": null }, "geometry": { "type": "Point", "coordinates": [ 140.054493800000046, 39.8088054 ] } },
{ "type": "Feature", "properties": { "内容": "ショートステイはあと【短期入所生活介護】秋田県潟上市飯田川飯塚字家ノ越45-1", "url": "https://www.kaigokensaku.mhlw.go.jp/05/index.php?action_kouhyou_detail_004_kani=true&JigyosyoCd=0571017425-00&ServiceCd=210&Type=search", "url2": "http://caremaneakita.ec-net.jp/" }, "geometry": { "type": "Point", "coordinates": [ 140.076927390873038, 39.896317318585247 ] } },
{ "type": "Feature", "properties": { "内容": "ショートステイ　和【短期入所生活介護】秋田県潟上市天王字細谷長根34-1", "url": "https://www.kaigokensaku.mhlw.go.jp/05/index.php?action_kouhyou_detail_004_kani=true&JigyosyoCd=0571015643-00&ServiceCd=210&Type=search", "url2": null }, "geometry": { "type": "Point", "coordinates": [ 140.025675800000045, 39.8522775 ] } },
{ "type": "Feature", "properties": { "内容": "ショートステイ　　杉の里【短期入所生活介護】秋田県潟上市天王字追分115-1", "url": "https://www.kaigokensaku.mhlw.go.jp/05/index.php?action_kouhyou_detail_004_kani=true&JigyosyoCd=0571017953-00&ServiceCd=210&Type=search", "url2": "https://www.smc-jinseikai.com" }, "geometry": { "type": "Point", "coordinates": [ 140.05482619999998, 39.8236119 ] } },
{ "type": "Feature", "properties": { "内容": "飯田川ショートステイセンターわかば園【短期入所生活介護】秋田県潟上市飯田川下虻川字上谷地１６８番地の１", "url": "https://www.kaigokensaku.mhlw.go.jp/05/index.php?action_kouhyou_detail_004_kani=true&JigyosyoCd=0572304905-00&ServiceCd=210&Type=search", "url2": "http://www.wakabaen.or.jp/" }, "geometry": { "type": "Point", "coordinates": [ 140.070592900000065, 39.8693402 ] } },
{ "type": "Feature", "properties": { "内容": "短期ケアセンター松恵苑【短期入所生活介護】秋田県潟上市天王字鶴沼台43-226", "url": "https://www.kaigokensaku.mhlw.go.jp/05/index.php?action_kouhyou_detail_004_kani=true&JigyosyoCd=0572303006-00&ServiceCd=210&Type=search", "url2": "https://keijinkai.akita.jp/facilities/shokeien.html" }, "geometry": { "type": "Point", "coordinates": [ 140.017822799999976, 39.8605515 ] } },
{ "type": "Feature", "properties": { "内容": "ショートステイホーム昭寿苑【短期入所生活介護】秋田県潟上市昭和大久保字北野海老漉沼端74-3", "url": "https://www.kaigokensaku.mhlw.go.jp/05/index.php?action_kouhyou_detail_004_kani=true&JigyosyoCd=0571027150-00&ServiceCd=210&Type=search", "url2": "https://www.reiwafukushikai.com/index.html" }, "geometry": { "type": "Point", "coordinates": [ 140.038287700000012, 39.8450805 ] } },
{ "type": "Feature", "properties": { "内容": "ショートステイ松の杜【短期入所生活介護】秋田県潟上市天王字大長根85-6", "url": "https://www.kaigokensaku.mhlw.go.jp/05/index.php?action_kouhyou_detail_004_kani=true&JigyosyoCd=0571020023-00&ServiceCd=210&Type=search", "url2": null }, "geometry": { "type": "Point", "coordinates": [ 140.04394309999995, 39.830610800000017 ] } },
{ "type": "Feature", "properties": { "内容": "真木苑指定短期入所生活介護事業所【短期入所生活介護】秋田県大仙市太田町横沢字窪関南535－1", "url": "https://www.kaigokensaku.mhlw.go.jp/05/index.php?action_kouhyou_detail_004_kani=true&JigyosyoCd=0570811984-00&ServiceCd=210&Type=search", "url2": "http://www.daisenmisato.net" }, "geometry": { "type": "Point", "coordinates": [ 140.59874549999995, 39.5099222 ] } },
{ "type": "Feature", "properties": { "内容": "特別養護老人ホーム　ありすの街【短期入所生活介護】秋田県大仙市強首字上野台２３－１８", "url": "https://www.kaigokensaku.mhlw.go.jp/05/index.php?action_kouhyou_detail_004_kani=true&JigyosyoCd=0570812784-00&ServiceCd=210&Type=search", "url2": "http://hakuzinkai.jp/" }, "geometry": { "type": "Point", "coordinates": [ 140.317290279098529, 39.53511644993069 ] } },
{ "type": "Feature", "properties": { "内容": "真森苑短期入所生活介護事業所【短期入所生活介護】秋田県大仙市板見内字一ツ森410", "url": "https://www.kaigokensaku.mhlw.go.jp/05/index.php?action_kouhyou_detail_004_kani=true&JigyosyoCd=0570812057-00&ServiceCd=210&Type=search", "url2": "http://daisenmisato.net/" }, "geometry": { "type": "Point", "coordinates": [ 140.534543100000064, 39.473542 ] } },
{ "type": "Feature", "properties": { "内容": "特別養護老人ホームなごみの家【短期入所生活介護】秋田県大仙市大曲船場町1丁目1番43号", "url": "https://www.kaigokensaku.mhlw.go.jp/05/index.php?action_kouhyou_detail_004_kani=true&JigyosyoCd=0570826925-00&ServiceCd=210&Type=search", "url2": "https://nagomi-a.jp/" }, "geometry": { "type": "Point", "coordinates": [ 140.4713604, 39.4576976 ] } },
{ "type": "Feature", "properties": { "内容": "ショートステイ　えにしの郷【短期入所生活介護】秋田県大仙市高梨字水里　151番地", "url": "https://www.kaigokensaku.mhlw.go.jp/05/index.php?action_kouhyou_detail_004_kani=true&JigyosyoCd=0570820720-00&ServiceCd=210&Type=search", "url2": null }, "geometry": { "type": "Point", "coordinates": [ 140.498933900000054, 39.4611794 ] } },
{ "type": "Feature", "properties": { "内容": "ショートステイテンダーヒルズ太田館【短期入所生活介護】秋田県大仙市太田町国見字仲村３８２番地２ショートステイテンダーヒルズ太田館", "url": "https://www.kaigokensaku.mhlw.go.jp/05/index.php?action_kouhyou_detail_004_kani=true&JigyosyoCd=0570826974-00&ServiceCd=210&Type=search", "url2": null }, "geometry": { "type": "Point", "coordinates": [ 140.5895157, 39.5150932 ] } },
{ "type": "Feature", "properties": { "内容": "ショートステイウォームハート【短期入所生活介護】秋田県大仙市刈和野字愛宕町17番地1", "url": "https://www.kaigokensaku.mhlw.go.jp/05/index.php?action_kouhyou_detail_004_kani=true&JigyosyoCd=0570812719-00&ServiceCd=210&Type=search", "url2": "http://warmheart-akita.com" }, "geometry": { "type": "Point", "coordinates": [ 140.370163199999979, 39.5443045 ] } },
{ "type": "Feature", "properties": { "内容": "ショートステイ大曲【短期入所生活介護】秋田県大仙市飯田字大槻127番地1", "url": "https://www.kaigokensaku.mhlw.go.jp/05/index.php?action_kouhyou_detail_004_kani=true&JigyosyoCd=0570820712-00&ServiceCd=210&Type=search", "url2": null }, "geometry": { "type": "Point", "coordinates": [ 140.488689309786992, 39.447103967132442 ] } },
{ "type": "Feature", "properties": { "内容": "ショートステイ大仙あんり【短期入所生活介護】秋田県大仙市戸地谷字大和田288番1", "url": "https://www.kaigokensaku.mhlw.go.jp/05/index.php?action_kouhyou_detail_004_kani=true&JigyosyoCd=0570820340-00&ServiceCd=210&Type=search", "url2": "https://anri-g.net/" }, "geometry": { "type": "Point", "coordinates": [ 140.490715300000033, 39.4661677 ] } },
{ "type": "Feature", "properties": { "内容": "桜寿苑短期入所生活介護事業所【短期入所生活介護】秋田県大仙市北長野字野口前４7番地", "url": "https://www.kaigokensaku.mhlw.go.jp/05/index.php?action_kouhyou_detail_004_kani=true&JigyosyoCd=0570817635-00&ServiceCd=210&Type=search", "url2": "https://daisen-f.com" }, "geometry": { "type": "Point", "coordinates": [ 140.547163400000045, 39.548494 ] } },
{ "type": "Feature", "properties": { "内容": "ショートステイ刈和野【短期入所生活介護】秋田県大仙市刈和野字愛宕下１７８－５", "url": "https://www.kaigokensaku.mhlw.go.jp/05/index.php?action_kouhyou_detail_004_kani=true&JigyosyoCd=0570824532-00&ServiceCd=210&Type=search", "url2": null }, "geometry": { "type": "Point", "coordinates": [ 140.37070749999998, 39.5460126 ] } },
{ "type": "Feature", "properties": { "内容": "福寿園短期入所生活介護事業所【短期入所生活介護】秋田県大仙市南外字湯神台10", "url": "https://www.kaigokensaku.mhlw.go.jp/05/index.php?action_kouhyou_detail_004_kani=true&JigyosyoCd=0570819458-00&ServiceCd=210&Type=search", "url2": "http://www.daisen-f.com/" }, "geometry": { "type": "Point", "coordinates": [ 140.359864199999947, 39.4283625 ] } },
{ "type": "Feature", "properties": { "内容": "ショートステイ歩み【短期入所生活介護】秋田県大仙市清水字上黒土993", "url": "https://www.kaigokensaku.mhlw.go.jp/05/index.php?action_kouhyou_detail_004_kani=true&JigyosyoCd=0570825349-00&ServiceCd=210&Type=search", "url2": null }, "geometry": { "type": "Point", "coordinates": [ 140.5488636, 39.5364066 ] } },
{ "type": "Feature", "properties": { "内容": "老人短期入所事業　テンダーヒルズ【短期入所生活介護】秋田県大仙市内小友字明通３６番２", "url": "https://www.kaigokensaku.mhlw.go.jp/05/index.php?action_kouhyou_detail_004_kani=true&JigyosyoCd=0570816033-00&ServiceCd=210&Type=search", "url2": "http://aketorikai.com/" }, "geometry": { "type": "Point", "coordinates": [ 140.438250399999987, 39.4318009 ] } },
{ "type": "Feature", "properties": { "内容": "ショートステイ神岡【短期入所生活介護】秋田県大仙市神宮寺字本郷野３番地９", "url": "https://www.kaigokensaku.mhlw.go.jp/05/index.php?action_kouhyou_detail_004_kani=true&JigyosyoCd=0570818856-00&ServiceCd=210&Type=search", "url2": null }, "geometry": { "type": "Point", "coordinates": [ 140.4270232, 39.4967661 ] } },
{ "type": "Feature", "properties": { "内容": "特別養護老人ホームサン・サルビア【短期入所生活介護】秋田県大仙市角間川町字元道巻97番地", "url": "https://www.kaigokensaku.mhlw.go.jp/05/index.php?action_kouhyou_detail_004_kani=true&JigyosyoCd=0570850511-00&ServiceCd=210&Type=search", "url2": "https://www.kennanfukusi.jp/" }, "geometry": { "type": "Point", "coordinates": [ 140.4800186, 39.398635 ] } },
{ "type": "Feature", "properties": { "内容": "虹の楽えん【短期入所生活介護】秋田県大仙市戸蒔字谷地中11-1", "url": "https://www.kaigokensaku.mhlw.go.jp/05/index.php?action_kouhyou_detail_004_kani=true&JigyosyoCd=0570819367-00&ServiceCd=210&Type=search", "url2": null }, "geometry": { "type": "Point", "coordinates": [ 140.5055251, 39.4502695 ] } },
{ "type": "Feature", "properties": { "内容": "特別養護老人ホーム　こもれびの杜【短期入所生活介護】秋田県大仙市飯田字堰東235番地", "url": "https://www.kaigokensaku.mhlw.go.jp/05/index.php?action_kouhyou_detail_004_kani=true&JigyosyoCd=0570850503-00&ServiceCd=210&Type=search", "url2": "https://www.kennanfukusi.jp/" }, "geometry": { "type": "Point", "coordinates": [ 140.485339, 39.440395 ] } },
{ "type": "Feature", "properties": { "内容": "峰山荘短期入所生活介護事業所【短期入所生活介護】秋田県大仙市協和中淀川字中村１２－２", "url": "https://www.kaigokensaku.mhlw.go.jp/05/index.php?action_kouhyou_detail_004_kani=true&JigyosyoCd=0570818344-00&ServiceCd=210&Type=search", "url2": "http://www.daisen-f.com" }, "geometry": { "type": "Point", "coordinates": [ 140.253276385156227, 39.571616289724574 ] } },
{ "type": "Feature", "properties": { "内容": "愛幸園短期入所生活介護事業所【短期入所生活介護】秋田県大仙市神宮寺字本郷道南７８", "url": "https://www.kaigokensaku.mhlw.go.jp/05/index.php?action_kouhyou_detail_004_kani=true&JigyosyoCd=0570816868-00&ServiceCd=210&Type=search", "url2": "https://www.daisen-f.com/shisetu/aikoen/index.php" }, "geometry": { "type": "Point", "coordinates": [ 140.417305, 39.4915252 ] } },
{ "type": "Feature", "properties": { "内容": "ショートステイ　ふぁみりぃ【短期入所生活介護】秋田県大仙市四ツ屋字上古道６６－９", "url": "https://www.kaigokensaku.mhlw.go.jp/05/index.php?action_kouhyou_detail_004_kani=true&JigyosyoCd=0570817312-00&ServiceCd=210&Type=search", "url2": "http://www.family-g.jp" }, "geometry": { "type": "Point", "coordinates": [ 140.5017262, 39.4957499 ] } },
{ "type": "Feature", "properties": { "内容": "短期入所生活介護ひまわり【短期入所生活介護】秋田県大仙市花館字中大戸33-1", "url": "https://www.kaigokensaku.mhlw.go.jp/05/index.php?action_kouhyou_detail_004_kani=true&JigyosyoCd=0570810648-00&ServiceCd=210&Type=search", "url2": "https://www.shortstay-himawari.jp/" }, "geometry": { "type": "Point", "coordinates": [ 140.477668599999987, 39.4854065 ] } },
{ "type": "Feature", "properties": { "内容": "ＪＡ秋田おばこ　ショートステイやすらぎ【短期入所生活介護】秋田県大仙市大曲通町8番地68号", "url": "https://www.kaigokensaku.mhlw.go.jp/05/index.php?action_kouhyou_detail_004_kani=true&JigyosyoCd=0570851592-00&ServiceCd=210&Type=search", "url2": "http://ja-obako.or.jp/" }, "geometry": { "type": "Point", "coordinates": [ 140.477111776196352, 39.464834904978559 ] } },
{ "type": "Feature", "properties": { "内容": "ショートステイ　協和【短期入所生活介護】秋田県大仙市協和荒川字新田表1-1", "url": "https://www.kaigokensaku.mhlw.go.jp/05/index.php?action_kouhyou_detail_004_kani=true&JigyosyoCd=0570820530-00&ServiceCd=210&Type=search", "url2": "http://www.shortstaykyowa.com/" }, "geometry": { "type": "Point", "coordinates": [ 140.361366500000031, 39.6186444 ] } },
{ "type": "Feature", "properties": { "内容": "ショートステイ　森こしの丘【短期入所生活介護】秋田県大仙市協和船岡字森越１１番地１４", "url": "https://www.kaigokensaku.mhlw.go.jp/05/index.php?action_kouhyou_detail_004_kani=true&JigyosyoCd=0570816140-00&ServiceCd=210&Type=search", "url2": "https://morikoshi-no-oka.com/" }, "geometry": { "type": "Point", "coordinates": [ 140.320149099999981, 39.6285888 ] } },
{ "type": "Feature", "properties": { "内容": "大曲中通病院ショートステイ【短期入所生活介護】秋田県大仙市大曲上栄町６番４号", "url": "https://www.kaigokensaku.mhlw.go.jp/05/index.php?action_kouhyou_detail_004_kani=true&JigyosyoCd=0570817304-00&ServiceCd=210&Type=search", "url2": "http://www.meiwakai.or.jp/omagari/" }, "geometry": { "type": "Point", "coordinates": [ 140.476381400000037, 39.4512023 ] } },
{ "type": "Feature", "properties": { "内容": "ショートステイのぞみの丘【短期入所生活介護】秋田県大仙市大曲西根字鳥居５７番１", "url": "https://www.kaigokensaku.mhlw.go.jp/05/index.php?action_kouhyou_detail_004_kani=true&JigyosyoCd=0570820639-00&ServiceCd=210&Type=search", "url2": null }, "geometry": { "type": "Point", "coordinates": [ 140.448626200000035, 39.4546043 ] } },
{ "type": "Feature", "properties": { "内容": "ハートフルケア大曲　ショートステイ【短期入所生活介護】秋田県大仙市川目字月山229-1", "url": "https://www.kaigokensaku.mhlw.go.jp/05/index.php?action_kouhyou_detail_004_kani=true&JigyosyoCd=0570817254-00&ServiceCd=210&Type=search", "url2": "https://ssminn15.wixsite.com/my-site" }, "geometry": { "type": "Point", "coordinates": [ 140.489869399999947, 39.4278546 ] } },
{ "type": "Feature", "properties": { "内容": "永楽苑指定短期入所生活介護事業所【短期入所生活介護】秋田県北秋田市上杉字金沢１６２－１", "url": "https://www.kaigokensaku.mhlw.go.jp/05/index.php?action_kouhyou_detail_004_kani=true&JigyosyoCd=0572104131-00&ServiceCd=210&Type=search", "url2": "http://aki-minsei.jp" }, "geometry": { "type": "Point", "coordinates": [ 140.351487, 40.1857117 ] } },
{ "type": "Feature", "properties": { "内容": "森泉荘老人短期入所施設【短期入所生活介護】秋田県北秋田市阿仁前田字下前田家ノ下モ28番地", "url": "https://www.kaigokensaku.mhlw.go.jp/05/index.php?action_kouhyou_detail_004_kani=true&JigyosyoCd=0571114438-00&ServiceCd=210&Type=search", "url2": "http://www.akita-kouraku.jp" }, "geometry": { "type": "Point", "coordinates": [ 140.4141287, 40.0699626 ] } },
{ "type": "Feature", "properties": { "内容": "特別養護老人ホームつむぎの彩指定短期入所生活介護事業所（空床利用型）【短期入所生活介護】秋田県北秋田市材木町２番１３号", "url": "https://www.kaigokensaku.mhlw.go.jp/05/index.php?action_kouhyou_detail_004_kani=true&JigyosyoCd=0571151737-00&ServiceCd=210&Type=search", "url2": "http://kitaakita-shakyo.or.jp/" }, "geometry": { "type": "Point", "coordinates": [ 140.374087300000042, 40.2327493 ] } },
{ "type": "Feature", "properties": { "内容": "ショートステイ北欧の杜【短期入所生活介護】秋田県北秋田市下杉字上清水沢81番地1", "url": "https://www.kaigokensaku.mhlw.go.jp/05/index.php?action_kouhyou_detail_004_kani=true&JigyosyoCd=0571124650-00&ServiceCd=210&Type=search", "url2": null }, "geometry": { "type": "Point", "coordinates": [ 140.35434, 40.1702386 ] } },
{ "type": "Feature", "properties": { "内容": "山水荘短期入所生活介護事業所【短期入所生活介護】秋田県北秋田市阿仁水無字宮後４番地", "url": "https://www.kaigokensaku.mhlw.go.jp/05/index.php?action_kouhyou_detail_004_kani=true&JigyosyoCd=0572104305-00&ServiceCd=210&Type=search", "url2": "https://ani-fukushi.jp" }, "geometry": { "type": "Point", "coordinates": [ 140.404807399999981, 40.0024348 ] } },
{ "type": "Feature", "properties": { "内容": "たかのすケアセンターそよ風　短期入所生活介護【短期入所生活介護】秋田県北秋田市米代町５－４", "url": "https://www.kaigokensaku.mhlw.go.jp/05/index.php?action_kouhyou_detail_004_kani=true&JigyosyoCd=0572110625-00&ServiceCd=210&Type=search", "url2": null }, "geometry": { "type": "Point", "coordinates": [ 140.366203400000018, 40.223446 ] } },
{ "type": "Feature", "properties": { "内容": "ショートステイつつじ【短期入所生活介護】秋田県北秋田市綴子字釜堤脇3番地", "url": "https://www.kaigokensaku.mhlw.go.jp/05/index.php?action_kouhyou_detail_004_kani=true&JigyosyoCd=0571126457-00&ServiceCd=210&Type=search", "url2": "http://www.hakuaikai.info" }, "geometry": { "type": "Point", "coordinates": [ 140.377955500524905, 40.251013728819601 ] } },
{ "type": "Feature", "properties": { "内容": "特別養護老人ホーム青山荘【短期入所生活介護】秋田県北秋田市綴子字釜堤脇10番地", "url": "https://www.kaigokensaku.mhlw.go.jp/05/index.php?action_kouhyou_detail_004_kani=true&JigyosyoCd=0572150092-00&ServiceCd=210&Type=search", "url2": "http://www.kumagera.ne.jp/szs" }, "geometry": { "type": "Point", "coordinates": [ 140.377384099999972, 40.2506073 ] } },
{ "type": "Feature", "properties": { "内容": "ケアタウンたかのす指定短期入所生活介護事業所【短期入所生活介護】秋田県北秋田市脇神字南陣場岱１０番地", "url": "https://www.kaigokensaku.mhlw.go.jp/05/index.php?action_kouhyou_detail_004_kani=true&JigyosyoCd=0571116755-00&ServiceCd=210&Type=search", "url2": "http://www.kitaakita-shakyo.or.jp" }, "geometry": { "type": "Point", "coordinates": [ 140.391832300000033, 40.2123008 ] } },
{ "type": "Feature", "properties": { "内容": "ケアホテルすみさん家【短期入所生活介護】秋田県北秋田市小森字向長渡１２番地８", "url": "https://www.kaigokensaku.mhlw.go.jp/05/index.php?action_kouhyou_detail_004_kani=true&JigyosyoCd=0571117522-00&ServiceCd=210&Type=search", "url2": "https://www.genkimuragroup.jp/facility/" }, "geometry": { "type": "Point", "coordinates": [ 140.484666899999979, 40.1778055 ] } },
{ "type": "Feature", "properties": { "内容": "ショートケアセンター蕉風苑　本館【短期入所生活介護】秋田県にかほ市象潟町大砂川字下橋２０－３", "url": "https://www.kaigokensaku.mhlw.go.jp/05/index.php?action_kouhyou_detail_004_kani=true&JigyosyoCd=0572502847-00&ServiceCd=210&Type=search", "url2": "http://kisakata-kenseikai.or.jp/" }, "geometry": { "type": "Point", "coordinates": [ 139.901825499999973, 39.1606773 ] } },
{ "type": "Feature", "properties": { "内容": "ショートケアセンター蕉風苑　新館【短期入所生活介護】秋田県にかほ市象潟町大砂川字下橋20-3", "url": "https://www.kaigokensaku.mhlw.go.jp/05/index.php?action_kouhyou_detail_004_kani=true&JigyosyoCd=0571351527-00&ServiceCd=210&Type=search", "url2": "http://kisakata-kenseikai.or.jp/" }, "geometry": { "type": "Point", "coordinates": [ 140.102364299999977, 39.7186135 ] } },
{ "type": "Feature", "properties": { "内容": "ショートケアセンター合歓【短期入所生活介護】秋田県にかほ市象潟町字荒屋妻３５－１", "url": "https://www.kaigokensaku.mhlw.go.jp/05/index.php?action_kouhyou_detail_004_kani=true&JigyosyoCd=0571351741-00&ServiceCd=210&Type=search", "url2": "http://kisakata-kenseikai.or.jp/" }, "geometry": { "type": "Point", "coordinates": [ 139.904740393483138, 39.204170438159075 ] } },
{ "type": "Feature", "properties": { "内容": "楽しいわが家　指定短期入所生活介護事業所【短期入所生活介護】秋田県にかほ市平沢字宝田32", "url": "https://www.kaigokensaku.mhlw.go.jp/05/index.php?action_kouhyou_detail_004_kani=true&JigyosyoCd=0572504660-00&ServiceCd=210&Type=search", "url2": null }, "geometry": { "type": "Point", "coordinates": [ 139.9622018, 39.2832571 ] } },
{ "type": "Feature", "properties": { "内容": "浩寿苑短期入所事業所【短期入所生活介護】秋田県にかほ市前川字中ノ森24番地5", "url": "https://www.kaigokensaku.mhlw.go.jp/05/index.php?action_kouhyou_detail_004_kani=true&JigyosyoCd=0572503589-00&ServiceCd=210&Type=search", "url2": "https://nikahochuofukushikai.com" }, "geometry": { "type": "Point", "coordinates": [ 139.914638599999989, 39.2370357 ] } },
{ "type": "Feature", "properties": { "内容": "ショートステイ　ひなたぼっこ【短期入所生活介護】秋田県にかほ市三森字午ノ浜117番地1", "url": "https://www.kaigokensaku.mhlw.go.jp/05/index.php?action_kouhyou_detail_004_kani=true&JigyosyoCd=0571318245-00&ServiceCd=210&Type=search", "url2": "https://hinatabokko-kg.com/" }, "geometry": { "type": "Point", "coordinates": [ 139.943417100000033, 39.2855092 ] } },
{ "type": "Feature", "properties": { "内容": "ショートステイ　そら【短期入所生活介護】秋田県にかほ市田抓字明後田47-4", "url": "https://www.kaigokensaku.mhlw.go.jp/05/index.php?action_kouhyou_detail_004_kani=true&JigyosyoCd=0571316702-00&ServiceCd=210&Type=search", "url2": "http://nikaho-attaccante.jp/" }, "geometry": { "type": "Point", "coordinates": [ 139.954633400000034, 39.2662804 ] } },
{ "type": "Feature", "properties": { "内容": "短期入所生活介護施設和光荘【短期入所生活介護】秋田県にかほ市金浦字古賀の田31-2", "url": "https://www.kaigokensaku.mhlw.go.jp/05/index.php?action_kouhyou_detail_004_kani=true&JigyosyoCd=0571319417-00&ServiceCd=210&Type=search", "url2": "https://myojyo.or.jp/" }, "geometry": { "type": "Point", "coordinates": [ 139.925714902377308, 39.256768555894332 ] } },
{ "type": "Feature", "properties": { "内容": "駒草の郷　短期入所生活介護事業所【短期入所生活介護】秋田県仙北市田沢湖生保内字上清水708番地", "url": "https://www.kaigokensaku.mhlw.go.jp/05/index.php?action_kouhyou_detail_004_kani=true&JigyosyoCd=0571225598-00&ServiceCd=210&Type=search", "url2": null }, "geometry": { "type": "Point", "coordinates": [ 140.7157535, 39.69868 ] } },
{ "type": "Feature", "properties": { "内容": "特別養護老人ホーム清流苑【短期入所生活介護】秋田県仙北市西木町桧木内字松葉２３２番地", "url": "https://www.kaigokensaku.mhlw.go.jp/05/index.php?action_kouhyou_detail_004_kani=true&JigyosyoCd=0572650786-00&ServiceCd=210&Type=search", "url2": "https://www.kennanfukusi.jp" }, "geometry": { "type": "Point", "coordinates": [ 140.591088200000058, 39.743207 ] } },
{ "type": "Feature", "properties": { "内容": "ショートステイセンター花笑の庭【短期入所生活介護】秋田県仙北市角館町雲然山崎142-69", "url": "https://www.kaigokensaku.mhlw.go.jp/05/index.php?action_kouhyou_detail_004_kani=true&JigyosyoCd=0571224609-00&ServiceCd=210&Type=search", "url2": "https://www.oukanosato.info/" }, "geometry": { "type": "Point", "coordinates": [ 140.5393014, 39.5966318 ] } },
{ "type": "Feature", "properties": { "内容": "ショートステイ　ひだまり【短期入所生活介護】秋田県仙北市田沢湖生保内字上清水732番地2", "url": "https://www.kaigokensaku.mhlw.go.jp/05/index.php?action_kouhyou_detail_004_kani=true&JigyosyoCd=0571225580-00&ServiceCd=210&Type=search", "url2": null }, "geometry": { "type": "Point", "coordinates": [ 140.716214834418082, 39.700136554099295 ] } },
{ "type": "Feature", "properties": { "内容": "ショートステイ　もとまち【短期入所生活介護】秋田県仙北市田沢湖小松字本町100番地1", "url": "https://www.kaigokensaku.mhlw.go.jp/05/index.php?action_kouhyou_detail_004_kani=true&JigyosyoCd=0571219138-00&ServiceCd=210&Type=search", "url2": null }, "geometry": { "type": "Point", "coordinates": [ 140.570234, 39.61045 ] } },
{ "type": "Feature", "properties": { "内容": "たざわこ清眺苑短期入所【短期入所生活介護】秋田県仙北市田沢湖田沢字春山１４８番地２", "url": "https://www.kaigokensaku.mhlw.go.jp/05/index.php?action_kouhyou_detail_004_kani=true&JigyosyoCd=0571217645-00&ServiceCd=210&Type=search", "url2": "http://www.kennanfukusi.jp/" }, "geometry": { "type": "Point", "coordinates": [ 140.700383099999954, 39.731393 ] } },
{ "type": "Feature", "properties": { "内容": "かくのだて桜苑短期入所生活介護事業所【短期入所生活介護】秋田県仙北市角館町菅沢１５番地１", "url": "https://www.kaigokensaku.mhlw.go.jp/05/index.php?action_kouhyou_detail_004_kani=true&JigyosyoCd=0571219401-00&ServiceCd=210&Type=search", "url2": "https://senboku-syakyo.jp" }, "geometry": { "type": "Point", "coordinates": [ 140.576345400000037, 39.5896336 ] } },
{ "type": "Feature", "properties": { "内容": "ショートステイ田沢湖【短期入所生活介護】秋田県仙北市田沢湖生保内字街道ノ上８０－２", "url": "https://www.kaigokensaku.mhlw.go.jp/05/index.php?action_kouhyou_detail_004_kani=true&JigyosyoCd=0571218023-00&ServiceCd=210&Type=search", "url2": "http://officeray.co.jp" }, "geometry": { "type": "Point", "coordinates": [ 140.72684277464225, 39.700752980652759 ] } },
{ "type": "Feature", "properties": { "内容": "ショートステイ若杉【短期入所生活介護】秋田県仙北市角館町上菅沢２番地１８", "url": "https://www.kaigokensaku.mhlw.go.jp/05/index.php?action_kouhyou_detail_004_kani=true&JigyosyoCd=0572612893-00&ServiceCd=210&Type=search", "url2": null }, "geometry": { "type": "Point", "coordinates": [ 140.5772925, 39.5924138 ] } },
{ "type": "Feature", "properties": { "内容": "さわやか桜館【短期入所生活介護】秋田県仙北市角館町西長野中泊１２６－２さわやか桜館", "url": "https://www.kaigokensaku.mhlw.go.jp/05/index.php?action_kouhyou_detail_004_kani=true&JigyosyoCd=0571216209-00&ServiceCd=210&Type=search", "url2": "http://www.sawayakaclub.jp" }, "geometry": { "type": "Point", "coordinates": [ 140.5082655, 39.6105989 ] } },
{ "type": "Feature", "properties": { "内容": "サンホーム大石平指定短期入所生活介護事業所【短期入所生活介護】秋田県鹿角郡小坂町小坂字大石平30", "url": "https://www.kaigokensaku.mhlw.go.jp/05/index.php?action_kouhyou_detail_004_kani=true&JigyosyoCd=0572003937-00&ServiceCd=210&Type=search", "url2": "http://www.kosaka-wel.or.jp/outline.html" }, "geometry": { "type": "Point", "coordinates": [ 140.748807199999987, 40.388977 ] } },
{ "type": "Feature", "properties": { "内容": "ショートステイ　あかしあの郷【短期入所生活介護】秋田県鹿角郡小坂町小坂鉱山字栗平25番地2", "url": "https://www.kaigokensaku.mhlw.go.jp/05/index.php?action_kouhyou_detail_004_kani=true&JigyosyoCd=0572010395-00&ServiceCd=210&Type=search", "url2": "http://www.kosaka-wel.or.jp/" }, "geometry": { "type": "Point", "coordinates": [ 140.7398498, 40.3319058 ] } },
{ "type": "Feature", "properties": { "内容": "特別養護老人ホーム　杉風荘【短期入所生活介護】秋田県北秋田郡上小阿仁村沖田面字友倉９８番地", "url": "https://www.kaigokensaku.mhlw.go.jp/05/index.php?action_kouhyou_detail_004_kani=true&JigyosyoCd=0572151710-00&ServiceCd=210&Type=search", "url2": "https://www.kamikoani-shakyo.com/" }, "geometry": { "type": "Point", "coordinates": [ 140.283373799999907, 40.0507226 ] } },
{ "type": "Feature", "properties": { "内容": "株式会社Ａｏｚｏｒａ　ショートステイこあに【短期入所生活介護】秋田県北秋田郡上小阿仁村沖田面字小蒲野26-13", "url": "https://www.kaigokensaku.mhlw.go.jp/05/index.php?action_kouhyou_detail_004_kani=true&JigyosyoCd=0572121663-00&ServiceCd=210&Type=search", "url2": null }, "geometry": { "type": "Point", "coordinates": [ 140.286384799999951, 40.0480979 ] } },
{ "type": "Feature", "properties": { "内容": "特別養護老人ホーム「藤里」ショートステイ【短期入所生活介護】秋田県山本郡藤里町矢坂字上野蟹子沢92番地", "url": "https://www.kaigokensaku.mhlw.go.jp/05/index.php?action_kouhyou_detail_004_kani=true&JigyosyoCd=0572205920-00&ServiceCd=210&Type=search", "url2": "http://www.shirakami.or.jp/~toku-fuji/" }, "geometry": { "type": "Point", "coordinates": [ 140.252530699999966, 40.2557565 ] } },
{ "type": "Feature", "properties": { "内容": "ショートステイもりたけ【短期入所生活介護】秋田県山本郡三種町森岳字木戸沢１００－４７", "url": "https://www.kaigokensaku.mhlw.go.jp/05/index.php?action_kouhyou_detail_004_kani=true&JigyosyoCd=0572217180-00&ServiceCd=210&Type=search", "url2": "http://www.moritake-onsen.com/" }, "geometry": { "type": "Point", "coordinates": [ 140.088824, 40.0837976 ] } },
{ "type": "Feature", "properties": { "内容": "ショートステイ　さくら【短期入所生活介護】秋田県山本郡三種町浜田字砂崎１４４", "url": "https://www.kaigokensaku.mhlw.go.jp/05/index.php?action_kouhyou_detail_004_kani=true&JigyosyoCd=0572220622-00&ServiceCd=210&Type=search", "url2": null }, "geometry": { "type": "Point", "coordinates": [ 139.9865405, 40.104570400000014 ] } },
{ "type": "Feature", "properties": { "内容": "ショートステイさみどり【短期入所生活介護】秋田県山本郡三種町浜田字上浜田1番地3", "url": "https://www.kaigokensaku.mhlw.go.jp/05/index.php?action_kouhyou_detail_004_kani=true&JigyosyoCd=0572225670-00&ServiceCd=210&Type=search", "url2": "http://www.tokushukai.or.jp/hsp/c_dragon/" }, "geometry": { "type": "Point", "coordinates": [ 139.998306599999978, 40.1031176 ] } },
{ "type": "Feature", "properties": { "内容": "ケアセンターほほえみ　ショートステイ【短期入所生活介護】秋田県山本郡三種町森岳字木戸沢115-16", "url": "https://www.kaigokensaku.mhlw.go.jp/05/index.php?action_kouhyou_detail_004_kani=true&JigyosyoCd=0572216539-00&ServiceCd=210&Type=search", "url2": "http://www.cc-hohoemi.co.jp" }, "geometry": { "type": "Point", "coordinates": [ 140.0931789, 40.0880833 ] } },
{ "type": "Feature", "properties": { "内容": "美幸苑短期入所生活介護事業所【短期入所生活介護】秋田県山本郡三種町鵜川字西本田82-1", "url": "https://www.kaigokensaku.mhlw.go.jp/05/index.php?action_kouhyou_detail_004_kani=true&JigyosyoCd=0572205045-00&ServiceCd=210&Type=search", "url2": "http://bikoen.net/" }, "geometry": { "type": "Point", "coordinates": [ 140.006633800000031, 40.1005709 ] } },
{ "type": "Feature", "properties": { "内容": "希望苑短期入所生活介護事業所【短期入所生活介護】秋田県郡三種町鹿渡字町後２５１", "url": "https://www.kaigokensaku.mhlw.go.jp/05/index.php?action_kouhyou_detail_004_kani=true&JigyosyoCd=0572201440-00&ServiceCd=210&Type=search", "url2": "http://kibo-en.ｏｒ.jp/" }, "geometry": { "type": "Point", "coordinates": [ 140.075938899999983, 40.0401361 ] } },
{ "type": "Feature", "properties": { "内容": "海光苑ショートステイ【短期入所生活介護】秋田県山本郡八峰町八森字寺の後川向８番地１", "url": "https://www.kaigokensaku.mhlw.go.jp/05/index.php?action_kouhyou_detail_004_kani=true&JigyosyoCd=0572204170-00&ServiceCd=210&Type=search", "url2": "http://www.happoufukushikai.or.jp/" }, "geometry": { "type": "Point", "coordinates": [ 140.028814300000022, 40.3396457 ] } },
{ "type": "Feature", "properties": { "内容": "松波苑ショートステイ【短期入所生活介護】秋田県山本郡八峰町峰浜水沢字下カッチキ台41番地14", "url": "https://www.kaigokensaku.mhlw.go.jp/05/index.php?action_kouhyou_detail_004_kani=true&JigyosyoCd=0572204154-00&ServiceCd=210&Type=search", "url2": null }, "geometry": { "type": "Point", "coordinates": [ 140.029192100000046, 40.296651 ] } },
{ "type": "Feature", "properties": { "内容": "ショートステイおもてなし【短期入所生活介護】秋田県南秋田郡五城目町富津内下山内字奈良崎1－4", "url": "https://www.kaigokensaku.mhlw.go.jp/05/index.php?action_kouhyou_detail_004_kani=true&JigyosyoCd=0572322352-00&ServiceCd=210&Type=search", "url2": null }, "geometry": { "type": "Point", "coordinates": [ 140.135024199999975, 39.9460238 ] } },
{ "type": "Feature", "properties": { "内容": "ショートステイ福寿荘【短期入所生活介護】秋田県南秋田郡五城目町字鵜ノ木９０番地１", "url": "https://www.kaigokensaku.mhlw.go.jp/05/index.php?action_kouhyou_detail_004_kani=true&JigyosyoCd=0572314821-00&ServiceCd=210&Type=search", "url2": "https://g-fukujusou.jp" }, "geometry": { "type": "Point", "coordinates": [ 140.116399900000033, 39.9438754 ] } },
{ "type": "Feature", "properties": { "内容": "湯の越の里ショートステイ【短期入所生活介護】秋田県南秋田郡五城目町内川浅見内後田125-5", "url": "https://www.kaigokensaku.mhlw.go.jp/05/index.php?action_kouhyou_detail_004_kani=true&JigyosyoCd=0572322428-00&ServiceCd=210&Type=search", "url2": null }, "geometry": { "type": "Point", "coordinates": [ 140.16864295496498, 39.973935086432078 ] } },
{ "type": "Feature", "properties": { "内容": "広青苑短期入所生活介護事業所【短期入所生活介護】秋田県南秋田郡五城目町上樋口字樽沢１３７番地", "url": "https://www.kaigokensaku.mhlw.go.jp/05/index.php?action_kouhyou_detail_004_kani=true&JigyosyoCd=0572305944-00&ServiceCd=210&Type=search", "url2": "https://yamayurikai-akita.jp/" }, "geometry": { "type": "Point", "coordinates": [ 140.117156, 39.9316711 ] } },
{ "type": "Feature", "properties": { "内容": "ショートステイかがやき【短期入所生活介護】秋田県南秋田郡五城目町字石田六ケ村堰添135-1", "url": "https://www.kaigokensaku.mhlw.go.jp/05/index.php?action_kouhyou_detail_004_kani=true&JigyosyoCd=0572324879-00&ServiceCd=210&Type=search", "url2": "http://care-first.co.jp/" }, "geometry": { "type": "Point", "coordinates": [ 140.122982660783919, 39.950832315216317 ] } },
{ "type": "Feature", "properties": { "内容": "うたせ苑ショートステイ【短期入所生活介護】秋田県南秋田郡八郎潟町真坂字沢田122", "url": "https://www.kaigokensaku.mhlw.go.jp/05/index.php?action_kouhyou_detail_004_kani=true&JigyosyoCd=0572302610-00&ServiceCd=210&Type=search", "url2": "https://r.goope.jp/eijyuen/" }, "geometry": { "type": "Point", "coordinates": [ 140.082705300000043, 39.9673586 ] } },
{ "type": "Feature", "properties": { "内容": "ショートステイ　のぞみ【短期入所生活介護】秋田県南秋田郡八郎潟町川崎字昼寝９０－１", "url": "https://www.kaigokensaku.mhlw.go.jp/05/index.php?action_kouhyou_detail_004_kani=true&JigyosyoCd=0572321537-00&ServiceCd=210&Type=search", "url2": "http://care-first.co.jp/" }, "geometry": { "type": "Point", "coordinates": [ 140.088116674163075, 39.942848630339554 ] } },
{ "type": "Feature", "properties": { "内容": "ショートステイ　やまびこ【短期入所生活介護】秋田県南秋田郡八郎潟町川崎字昼寝２０１－１", "url": "https://www.kaigokensaku.mhlw.go.jp/05/index.php?action_kouhyou_detail_004_kani=true&JigyosyoCd=0572319127-00&ServiceCd=210&Type=search", "url2": "http://care-first.co.jp/" }, "geometry": { "type": "Point", "coordinates": [ 140.085011798147548, 39.944008765775187 ] } },
{ "type": "Feature", "properties": { "内容": "ショートステイらいらっく【短期入所生活介護】秋田県南秋田郡井川町浜井川字家ノ東134-3", "url": "https://www.kaigokensaku.mhlw.go.jp/05/index.php?action_kouhyou_detail_004_kani=true&JigyosyoCd=0572317485-00&ServiceCd=210&Type=search", "url2": "http://lilac-welfare.co.jp/smarts/index/20/" }, "geometry": { "type": "Point", "coordinates": [ 140.079324700000029, 39.9046586 ] } },
{ "type": "Feature", "properties": { "内容": "さくら苑老人短期生活介護事業所【短期入所生活介護】秋田県南秋田郡井川町寺沢字綱木沢145番地５", "url": "https://www.kaigokensaku.mhlw.go.jp/05/index.php?action_kouhyou_detail_004_kani=true&JigyosyoCd=0572305662-00&ServiceCd=210&Type=search", "url2": "http://www.sakuraen-akita-ikawa.org/" }, "geometry": { "type": "Point", "coordinates": [ 140.12067890000003, 39.894236 ] } },
{ "type": "Feature", "properties": { "内容": "大潟村短期ケアセンターひだまり苑【短期入所生活介護】秋田県南秋田郡大潟村字西三丁目3番地", "url": "https://www.kaigokensaku.mhlw.go.jp/05/index.php?action_kouhyou_detail_004_kani=true&JigyosyoCd=0572306504-00&ServiceCd=210&Type=search", "url2": "http://www.akita-seiwakai.jp/" }, "geometry": { "type": "Point", "coordinates": [ 139.955833, 40.0252685 ] } },
{ "type": "Feature", "properties": { "内容": "真昼荘指定短期入所生活介護事業所【短期入所生活介護】秋田県仙北郡美郷町本堂城回字若林119番地", "url": "https://www.kaigokensaku.mhlw.go.jp/05/index.php?action_kouhyou_detail_004_kani=true&JigyosyoCd=0572612083-00&ServiceCd=210&Type=search", "url2": "http://daisenmisato.net/" }, "geometry": { "type": "Point", "coordinates": [ 140.58603979999998, 39.472368 ] } },
{ "type": "Feature", "properties": { "内容": "短期入所生活介護　いこいの里【短期入所生活介護】秋田県仙北郡美郷町六郷字遠槻１５４－１", "url": "https://www.kaigokensaku.mhlw.go.jp/05/index.php?action_kouhyou_detail_004_kani=true&JigyosyoCd=0572609527-00&ServiceCd=210&Type=search", "url2": "http://yumedical.jp/" }, "geometry": { "type": "Point", "coordinates": [ 140.515049399999953, 39.4354435 ] } },
{ "type": "Feature", "properties": { "内容": "ほっと未来ショートステイ【短期入所生活介護】秋田県仙北郡美郷町畑屋字街道東201-1", "url": "https://www.kaigokensaku.mhlw.go.jp/05/index.php?action_kouhyou_detail_004_kani=true&JigyosyoCd=0572608438-00&ServiceCd=210&Type=search", "url2": null }, "geometry": { "type": "Point", "coordinates": [ 140.56551, 39.4358607 ] } },
{ "type": "Feature", "properties": { "内容": "ロートピア仙南短期入所生活介護事業所【短期入所生活介護】秋田県仙北郡美郷町金沢西根字上糠渕3-2", "url": "https://www.kaigokensaku.mhlw.go.jp/05/index.php?action_kouhyou_detail_004_kani=true&JigyosyoCd=0572605491-00&ServiceCd=210&Type=search", "url2": "http://www.rotopia.or.jp" }, "geometry": { "type": "Point", "coordinates": [ 140.528402300000039, 39.3865933 ] } },
{ "type": "Feature", "properties": { "内容": "医療法人社団杏真会　まっこいしゃショートステイセンター【短期入所生活介護】秋田県仙北郡美郷町六郷字馬町43番地", "url": "https://www.kaigokensaku.mhlw.go.jp/05/index.php?action_kouhyou_detail_004_kani=true&JigyosyoCd=0572617678-00&ServiceCd=210&Type=search", "url2": "http://kyoushinkai.wixsite.com/makkoisha" }, "geometry": { "type": "Point", "coordinates": [ 140.544630099999949, 39.4193011 ] } },
{ "type": "Feature", "properties": { "内容": "ロートピア緑泉短期入所生活介護事業所【短期入所生活介護】秋田県仙北郡美郷町六郷字作山１８７", "url": "https://www.kaigokensaku.mhlw.go.jp/05/index.php?action_kouhyou_detail_004_kani=true&JigyosyoCd=0572605830-00&ServiceCd=210&Type=search", "url2": "http://www.rotopia.or.jp" }, "geometry": { "type": "Point", "coordinates": [ 140.556223499999987, 39.4154156 ] } },
{ "type": "Feature", "properties": { "内容": "ショートステイひまわり苑【短期入所生活介護】秋田県雄勝郡羽後町西馬音内字中野19番地39", "url": "https://www.kaigokensaku.mhlw.go.jp/05/index.php?action_kouhyou_detail_004_kani=true&JigyosyoCd=0572820926-00&ServiceCd=210&Type=search", "url2": "https://www.himawarienugo.com/" }, "geometry": { "type": "Point", "coordinates": [ 140.4106289, 39.1975344 ] } },
{ "type": "Feature", "properties": { "内容": "ショートステイ　かがり火【短期入所生活介護】秋田県雄勝郡羽後町字南西馬音内190", "url": "https://www.kaigokensaku.mhlw.go.jp/05/index.php?action_kouhyou_detail_004_kani=true&JigyosyoCd=0572821148-00&ServiceCd=210&Type=search", "url2": "http://www.flh1.net/" }, "geometry": { "type": "Point", "coordinates": [ 140.409294451516814, 39.195709355624523 ] } },
{ "type": "Feature", "properties": { "内容": "ショートステイ高瀬【短期入所生活介護】秋田県雄勝郡羽後町下仙道字風平９７－１", "url": "https://www.kaigokensaku.mhlw.go.jp/05/index.php?action_kouhyou_detail_004_kani=true&JigyosyoCd=0572807071-00&ServiceCd=210&Type=search", "url2": null }, "geometry": { "type": "Point", "coordinates": [ 140.3199869, 39.168976 ] } },
{ "type": "Feature", "properties": { "内容": "特別養護老人ホーム松喬苑【短期入所生活介護】秋田県雄勝郡羽後町林崎字五林坂７", "url": "https://www.kaigokensaku.mhlw.go.jp/05/index.php?action_kouhyou_detail_004_kani=true&JigyosyoCd=0572850709-00&ServiceCd=210&Type=search", "url2": null }, "geometry": { "type": "Point", "coordinates": [ 140.393994600000042, 39.2161486 ] } },
{ "type": "Feature", "properties": { "内容": "東成瀬村短期入所生活介護事業所　幸寿苑【短期入所生活介護】秋田県雄勝郡東成瀬村田子内字二階野206", "url": "https://www.kaigokensaku.mhlw.go.jp/05/index.php?action_kouhyou_detail_004_kani=true&JigyosyoCd=0572823441-00&ServiceCd=210&Type=search", "url2": "http://ogachi-nagomi.net/" }, "geometry": { "type": "Point", "coordinates": [ 140.65689169999996, 39.1808885 ] } }
]
}
