{
"type": "FeatureCollection",
"name": "geo_5_2",
"crs": { "type": "name", "properties": { "name": "urn:ogc:def:crs:OGC:1.3:CRS84" } },
"features": [
{ "type": "Feature", "properties": { "ID": 522050100040, "正式名称": "ふじた耳鼻咽喉科クリニック", "機関区分": 2, "都道府県コード": 5, "市区町村コード": 204, "所在地": "秋田県大館市観音堂４２４－１", "緯度": 40.283332, "経度": 140.574206, "url": "https://www.iryou.teikyouseido.mhlw.go.jp/znk-web/juminkanja/S2430/initialize?prefCd=05&kikanCd=22050100040&kikanKbn=2", "url2": "http://fujita-mimihana.com", "内容": "ふじた耳鼻咽喉科クリニック【2:診療所】【診療科目:0】秋田県大館市観音堂４２４－１" }, "geometry": { "type": "Point", "coordinates": [ 140.574206, 40.283332 ] } },
{ "type": "Feature", "properties": { "ID": 522050100050, "正式名称": "梅内小児科クリニック", "機関区分": 2, "都道府県コード": 5, "市区町村コード": 204, "所在地": "秋田県大館市観音堂４２９－７", "緯度": 40.282999, "経度": 140.573012, "url": "https://www.iryou.teikyouseido.mhlw.go.jp/znk-web/juminkanja/S2430/initialize?prefCd=05&kikanCd=22050100050&kikanKbn=2", "url2": "https://www.umenai-syounikaclinic.com/", "内容": "梅内小児科クリニック【2:診療所】【診療科目:0】秋田県大館市観音堂４２９－７" }, "geometry": { "type": "Point", "coordinates": [ 140.573012, 40.282999 ] } },
{ "type": "Feature", "properties": { "ID": 522050100070, "正式名称": "石田内科医院", "機関区分": 2, "都道府県コード": 5, "市区町村コード": 204, "所在地": "秋田県大館市有浦２－４－１９", "緯度": 40.281721, "経度": 140.56343, "url": "https://www.iryou.teikyouseido.mhlw.go.jp/znk-web/juminkanja/S2430/initialize?prefCd=05&kikanCd=22050100070&kikanKbn=2", "url2": null, "内容": "石田内科医院【2:診療所】【診療科目:0】秋田県大館市有浦２－４－１９" }, "geometry": { "type": "Point", "coordinates": [ 140.56343, 40.281721 ] } },
{ "type": "Feature", "properties": { "ID": 522050100120, "正式名称": "鈴木胃腸科", "機関区分": 2, "都道府県コード": 5, "市区町村コード": 204, "所在地": "秋田県大館市中道２－１－４６", "緯度": 40.283359, "経度": 140.555291, "url": "https://www.iryou.teikyouseido.mhlw.go.jp/znk-web/juminkanja/S2430/initialize?prefCd=05&kikanCd=22050100120&kikanKbn=2", "url2": null, "内容": "鈴木胃腸科【2:診療所】【診療科目:0】秋田県大館市中道２－１－４６" }, "geometry": { "type": "Point", "coordinates": [ 140.555291, 40.283359 ] } },
{ "type": "Feature", "properties": { "ID": 522050100130, "正式名称": "小松クリニック", "機関区分": 2, "都道府県コード": 5, "市区町村コード": 204, "所在地": "秋田県大館市清水１－３－２５", "緯度": 40.284081, "経度": 140.553013, "url": "https://www.iryou.teikyouseido.mhlw.go.jp/znk-web/juminkanja/S2430/initialize?prefCd=05&kikanCd=22050100130&kikanKbn=2", "url2": null, "内容": "小松クリニック【2:診療所】【診療科目:0】秋田県大館市清水１－３－２５" }, "geometry": { "type": "Point", "coordinates": [ 140.553013, 40.284081 ] } },
{ "type": "Feature", "properties": { "ID": 522050100160, "正式名称": "医）工藤整形外科", "機関区分": 2, "都道府県コード": 5, "市区町村コード": 204, "所在地": "秋田県大館市清水２丁目２－２１", "緯度": 40.282027, "経度": 140.553263, "url": "https://www.iryou.teikyouseido.mhlw.go.jp/znk-web/juminkanja/S2430/initialize?prefCd=05&kikanCd=22050100160&kikanKbn=2", "url2": null, "内容": "医）工藤整形外科【2:診療所】【診療科目:0】秋田県大館市清水２丁目２－２１" }, "geometry": { "type": "Point", "coordinates": [ 140.553263, 40.282027 ] } },
{ "type": "Feature", "properties": { "ID": 522050100170, "正式名称": "医療法人山内耳鼻咽喉科", "機関区分": 2, "都道府県コード": 5, "市区町村コード": 204, "所在地": "秋田県大館市清水５－１－７５", "緯度": 40.283331, "経度": 140.549986, "url": "https://www.iryou.teikyouseido.mhlw.go.jp/znk-web/juminkanja/S2430/initialize?prefCd=05&kikanCd=22050100170&kikanKbn=2", "url2": "http://www.yamauchi-jibiinkouka.com", "内容": "医療法人山内耳鼻咽喉科【2:診療所】【診療科目:0】秋田県大館市清水５－１－７５" }, "geometry": { "type": "Point", "coordinates": [ 140.549986, 40.283331 ] } },
{ "type": "Feature", "properties": { "ID": 522050100180, "正式名称": "医療法人白鳳会　石田脳神経外科クリニック", "機関区分": 2, "都道府県コード": 5, "市区町村コード": 204, "所在地": "秋田県大館市清水１丁目１－６０", "緯度": 40.285915, "経度": 140.552291, "url": "https://www.iryou.teikyouseido.mhlw.go.jp/znk-web/juminkanja/S2430/initialize?prefCd=05&kikanCd=22050100180&kikanKbn=2", "url2": "http://www.nougeka.jp/", "内容": "医療法人白鳳会　石田脳神経外科クリニック【2:診療所】【診療科目:0】秋田県大館市清水１丁目１－６０" }, "geometry": { "type": "Point", "coordinates": [ 140.552291, 40.285915 ] } },
{ "type": "Feature", "properties": { "ID": 522050100200, "正式名称": "さくらば医院", "機関区分": 2, "都道府県コード": 5, "市区町村コード": 204, "所在地": "秋田県大館市東台５丁目１番４４号", "緯度": 40.271472, "経度": 140.576873, "url": "https://www.iryou.teikyouseido.mhlw.go.jp/znk-web/juminkanja/S2430/initialize?prefCd=05&kikanCd=22050100200&kikanKbn=2", "url2": null, "内容": "さくらば医院【2:診療所】【診療科目:0】秋田県大館市東台５丁目１番４４号" }, "geometry": { "type": "Point", "coordinates": [ 140.576873, 40.271472 ] } },
{ "type": "Feature", "properties": { "ID": 522050100220, "正式名称": "医療法人幸徳会　佐々木内科医院", "機関区分": 2, "都道府県コード": 5, "市区町村コード": 204, "所在地": "秋田県大館市谷地町後５９", "緯度": 40.267361, "経度": 140.561513, "url": "https://www.iryou.teikyouseido.mhlw.go.jp/znk-web/juminkanja/S2430/initialize?prefCd=05&kikanCd=22050100220&kikanKbn=2", "url2": "http://koutoku12.sakura.ne.jp/", "内容": "医療法人幸徳会　佐々木内科医院【2:診療所】【診療科目:0】秋田県大館市谷地町後５９" }, "geometry": { "type": "Point", "coordinates": [ 140.561513, 40.267361 ] } },
{ "type": "Feature", "properties": { "ID": 522050100230, "正式名称": "医療法人　石塚医院", "機関区分": 2, "都道府県コード": 5, "市区町村コード": 204, "所在地": "秋田県大館市字向町２３番地", "緯度": 40.269219, "経度": 140.563161, "url": "https://www.iryou.teikyouseido.mhlw.go.jp/znk-web/juminkanja/S2430/initialize?prefCd=05&kikanCd=22050100230&kikanKbn=2", "url2": null, "内容": "医療法人　石塚医院【2:診療所】【診療科目:0】秋田県大館市字向町２３番地" }, "geometry": { "type": "Point", "coordinates": [ 140.563161, 40.269219 ] } },
{ "type": "Feature", "properties": { "ID": 522050100250, "正式名称": "医療法人　丸屋クリニック", "機関区分": 2, "都道府県コード": 5, "市区町村コード": 204, "所在地": "秋田県大館市中町３０", "緯度": 40.269556, "経度": 140.561069, "url": "https://www.iryou.teikyouseido.mhlw.go.jp/znk-web/juminkanja/S2430/initialize?prefCd=05&kikanCd=22050100250&kikanKbn=2", "url2": null, "内容": "医療法人　丸屋クリニック【2:診療所】【診療科目:0】秋田県大館市中町３０" }, "geometry": { "type": "Point", "coordinates": [ 140.561069, 40.269556 ] } },
{ "type": "Feature", "properties": { "ID": 522050100270, "正式名称": "常盤医院", "機関区分": 2, "都道府県コード": 5, "市区町村コード": 204, "所在地": "秋田県大館市常盤木町２－１２", "緯度": 40.268306, "経度": 140.557653, "url": "https://www.iryou.teikyouseido.mhlw.go.jp/znk-web/juminkanja/S2430/initialize?prefCd=05&kikanCd=22050100270&kikanKbn=2", "url2": null, "内容": "常盤医院【2:診療所】【診療科目:0】秋田県大館市常盤木町２－１２" }, "geometry": { "type": "Point", "coordinates": [ 140.557653, 40.268306 ] } },
{ "type": "Feature", "properties": { "ID": 522050100280, "正式名称": "たものき内科クリニック", "機関区分": 2, "都道府県コード": 5, "市区町村コード": 204, "所在地": "秋田県大館市常盤木町２１－８", "緯度": 40.268139, "経度": 140.554958, "url": "https://www.iryou.teikyouseido.mhlw.go.jp/znk-web/juminkanja/S2430/initialize?prefCd=05&kikanCd=22050100280&kikanKbn=2", "url2": null, "内容": "たものき内科クリニック【2:診療所】【診療科目:0】秋田県大館市常盤木町２１－８" }, "geometry": { "type": "Point", "coordinates": [ 140.554958, 40.268139 ] } },
{ "type": "Feature", "properties": { "ID": 522050100320, "正式名称": "大館市休日夜間急患センター", "機関区分": 2, "都道府県コード": 5, "市区町村コード": 204, "所在地": "秋田県大館市豊町３－２", "緯度": 40.272806, "経度": 140.555847, "url": "https://www.iryou.teikyouseido.mhlw.go.jp/znk-web/juminkanja/S2430/initialize?prefCd=05&kikanCd=22050100320&kikanKbn=2", "url2": "https://www.city.odate.lg.jp/city/handbook/handbook5/page31/p183", "内容": "大館市休日夜間急患センター【2:診療所】【診療科目:0】秋田県大館市豊町３－２" }, "geometry": { "type": "Point", "coordinates": [ 140.555847, 40.272806 ] } },
{ "type": "Feature", "properties": { "ID": 522050100330, "正式名称": "よしだ眼科クリニック", "機関区分": 2, "都道府県コード": 5, "市区町村コード": 204, "所在地": "秋田県大館市豊町９－４５", "緯度": 40.274055, "経度": 140.553431, "url": "https://www.iryou.teikyouseido.mhlw.go.jp/znk-web/juminkanja/S2430/initialize?prefCd=05&kikanCd=22050100330&kikanKbn=2", "url2": null, "内容": "よしだ眼科クリニック【2:診療所】【診療科目:0】秋田県大館市豊町９－４５" }, "geometry": { "type": "Point", "coordinates": [ 140.553431, 40.274055 ] } },
{ "type": "Feature", "properties": { "ID": 522050100340, "正式名称": "さとう心療内科", "機関区分": 2, "都道府県コード": 5, "市区町村コード": 204, "所在地": "秋田県大館市水門町２－１３", "緯度": 40.274777, "経度": 140.556152, "url": "https://www.iryou.teikyouseido.mhlw.go.jp/znk-web/juminkanja/S2430/initialize?prefCd=05&kikanCd=22050100340&kikanKbn=2", "url2": "http://shinryounaika.oodate.or.jp/", "内容": "さとう心療内科【2:診療所】【診療科目:0】秋田県大館市水門町２－１３" }, "geometry": { "type": "Point", "coordinates": [ 140.556152, 40.274777 ] } },
{ "type": "Feature", "properties": { "ID": 522050100350, "正式名称": "小山内医院", "機関区分": 2, "都道府県コード": 5, "市区町村コード": 204, "所在地": "秋田県大館市水門町６－２０", "緯度": 40.274693, "経度": 140.553042, "url": "https://www.iryou.teikyouseido.mhlw.go.jp/znk-web/juminkanja/S2430/initialize?prefCd=05&kikanCd=22050100350&kikanKbn=2", "url2": null, "内容": "小山内医院【2:診療所】【診療科目:0】秋田県大館市水門町６－２０" }, "geometry": { "type": "Point", "coordinates": [ 140.553042, 40.274693 ] } },
{ "type": "Feature", "properties": { "ID": 522050100380, "正式名称": "医療法人高徳会　むも耳鼻咽喉科クリニック", "機関区分": 2, "都道府県コード": 5, "市区町村コード": 204, "所在地": "秋田県大館市御成町四丁目１番６号", "緯度": 40.279846, "経度": 140.559153, "url": "https://www.iryou.teikyouseido.mhlw.go.jp/znk-web/juminkanja/S2430/initialize?prefCd=05&kikanCd=22050100380&kikanKbn=2", "url2": "https://mumo-clinic.com", "内容": "医療法人高徳会　むも耳鼻咽喉科クリニック【2:診療所】【診療科目:0】秋田県大館市御成町四丁目１番６号" }, "geometry": { "type": "Point", "coordinates": [ 140.559153, 40.279846 ] } },
{ "type": "Feature", "properties": { "ID": 522050100400, "正式名称": "武内医院", "機関区分": 2, "都道府県コード": 5, "市区町村コード": 204, "所在地": "秋田県大館市字長倉１１９", "緯度": 40.272444, "経度": 140.561096, "url": "https://www.iryou.teikyouseido.mhlw.go.jp/znk-web/juminkanja/S2430/initialize?prefCd=05&kikanCd=22050100400&kikanKbn=2", "url2": null, "内容": "武内医院【2:診療所】【診療科目:0】秋田県大館市字長倉１１９" }, "geometry": { "type": "Point", "coordinates": [ 140.561096, 40.272444 ] } },
{ "type": "Feature", "properties": { "ID": 522050100500, "正式名称": "ファミリークリニック千田", "機関区分": 2, "都道府県コード": 5, "市区町村コード": 204, "所在地": "秋田県大館市比内町扇田新長岡１９３－１", "緯度": 40.221867, "経度": 140.586763, "url": "https://www.iryou.teikyouseido.mhlw.go.jp/znk-web/juminkanja/S2430/initialize?prefCd=05&kikanCd=22050100500&kikanKbn=2", "url2": null, "内容": "ファミリークリニック千田【2:診療所】【診療科目:0】秋田県大館市比内町扇田新長岡１９３－１" }, "geometry": { "type": "Point", "coordinates": [ 140.586763, 40.221867 ] } },
{ "type": "Feature", "properties": { "ID": 522050100530, "正式名称": "大里医院", "機関区分": 2, "都道府県コード": 5, "市区町村コード": 209, "所在地": "秋田県鹿角市花輪堰向５６", "緯度": 40.188541, "経度": 140.788831, "url": "https://www.iryou.teikyouseido.mhlw.go.jp/znk-web/juminkanja/S2430/initialize?prefCd=05&kikanCd=22050100530&kikanKbn=2", "url2": null, "内容": "大里医院【2:診療所】【診療科目:0】秋田県鹿角市花輪堰向５６" }, "geometry": { "type": "Point", "coordinates": [ 140.788831, 40.188541 ] } },
{ "type": "Feature", "properties": { "ID": 522050100540, "正式名称": "三ヶ田内科循環器科医院", "機関区分": 2, "都道府県コード": 5, "市区町村コード": 209, "所在地": "秋田県鹿角市花輪下花輪１３３－１", "緯度": 40.193401, "経度": 140.790442, "url": "https://www.iryou.teikyouseido.mhlw.go.jp/znk-web/juminkanja/S2430/initialize?prefCd=05&kikanCd=22050100540&kikanKbn=2", "url2": null, "内容": "三ヶ田内科循環器科医院【2:診療所】【診療科目:0】秋田県鹿角市花輪下花輪１３３－１" }, "geometry": { "type": "Point", "coordinates": [ 140.790442, 40.193401 ] } },
{ "type": "Feature", "properties": { "ID": 522050100550, "正式名称": "なかの消化器内科クリニック", "機関区分": 2, "都道府県コード": 5, "市区町村コード": 209, "所在地": "秋田県鹿角市花輪下中島８１－２", "緯度": 40.190349, "経度": 140.786509, "url": "https://www.iryou.teikyouseido.mhlw.go.jp/znk-web/juminkanja/S2430/initialize?prefCd=05&kikanCd=22050100550&kikanKbn=2", "url2": null, "内容": "なかの消化器内科クリニック【2:診療所】【診療科目:0】秋田県鹿角市花輪下中島８１－２" }, "geometry": { "type": "Point", "coordinates": [ 140.786509, 40.190349 ] } },
{ "type": "Feature", "properties": { "ID": 522050100560, "正式名称": "こいずみ眼科", "機関区分": 2, "都道府県コード": 5, "市区町村コード": 209, "所在地": "秋田県鹿角市花輪鎌倉平５－１", "緯度": 40.221037, "経度": 140.786775, "url": "https://www.iryou.teikyouseido.mhlw.go.jp/znk-web/juminkanja/S2430/initialize?prefCd=05&kikanCd=22050100560&kikanKbn=2", "url2": "koizumiganka.com", "内容": "こいずみ眼科【2:診療所】【診療科目:0】秋田県鹿角市花輪鎌倉平５－１" }, "geometry": { "type": "Point", "coordinates": [ 140.786775, 40.221037 ] } },
{ "type": "Feature", "properties": { "ID": 522050100580, "正式名称": "大川岱診療所", "機関区分": 2, "都道府県コード": 5, "市区町村コード": 303, "所在地": "秋田県鹿角郡小坂町十和田湖大川岱１－１", "緯度": 40.456013, "経度": 140.841648, "url": "https://www.iryou.teikyouseido.mhlw.go.jp/znk-web/juminkanja/S2430/initialize?prefCd=05&kikanCd=22050100580&kikanKbn=2", "url2": null, "内容": "大川岱診療所【2:診療所】【診療科目:0】秋田県鹿角郡小坂町十和田湖大川岱１－１" }, "geometry": { "type": "Point", "coordinates": [ 140.841648, 40.456013 ] } },
{ "type": "Feature", "properties": { "ID": 522050100590, "正式名称": "水沢診療所", "機関区分": 2, "都道府県コード": 5, "市区町村コード": 209, "所在地": "秋田県鹿角市八幡平平６２", "緯度": 40.045223, "経度": 140.822891, "url": "https://www.iryou.teikyouseido.mhlw.go.jp/znk-web/juminkanja/S2430/initialize?prefCd=05&kikanCd=22050100590&kikanKbn=2", "url2": null, "内容": "水沢診療所【2:診療所】【診療科目:0】秋田県鹿角市八幡平平６２" }, "geometry": { "type": "Point", "coordinates": [ 140.822891, 40.045223 ] } },
{ "type": "Feature", "properties": { "ID": 522050100600, "正式名称": "いけがみレディースクリニック", "機関区分": 2, "都道府県コード": 5, "市区町村コード": 209, "所在地": "秋田県鹿角市花輪合ノ野２４５－７", "緯度": 40.204067, "経度": 140.793747, "url": "https://www.iryou.teikyouseido.mhlw.go.jp/znk-web/juminkanja/S2430/initialize?prefCd=05&kikanCd=22050100600&kikanKbn=2", "url2": "http://ikegami-lc.com", "内容": "いけがみレディースクリニック【2:診療所】【診療科目:0】秋田県鹿角市花輪合ノ野２４５－７" }, "geometry": { "type": "Point", "coordinates": [ 140.793747, 40.204067 ] } },
{ "type": "Feature", "properties": { "ID": 522050100630, "正式名称": "長橋内科胃腸科医院", "機関区分": 2, "都道府県コード": 5, "市区町村コード": 209, "所在地": "秋田県鹿角市花輪八正寺４０", "緯度": 40.191429, "経度": 140.785331, "url": "https://www.iryou.teikyouseido.mhlw.go.jp/znk-web/juminkanja/S2430/initialize?prefCd=05&kikanCd=22050100630&kikanKbn=2", "url2": null, "内容": "長橋内科胃腸科医院【2:診療所】【診療科目:0】秋田県鹿角市花輪八正寺４０" }, "geometry": { "type": "Point", "coordinates": [ 140.785331, 40.191429 ] } },
{ "type": "Feature", "properties": { "ID": 522050100650, "正式名称": "本田内科胃腸科医院", "機関区分": 2, "都道府県コード": 5, "市区町村コード": 209, "所在地": "秋田県鹿角市十和田毛馬内古下５１", "緯度": 40.271925, "経度": 140.769163, "url": "https://www.iryou.teikyouseido.mhlw.go.jp/znk-web/juminkanja/S2430/initialize?prefCd=05&kikanCd=22050100650&kikanKbn=2", "url2": null, "内容": "本田内科胃腸科医院【2:診療所】【診療科目:0】秋田県鹿角市十和田毛馬内古下５１" }, "geometry": { "type": "Point", "coordinates": [ 140.769163, 40.271925 ] } },
{ "type": "Feature", "properties": { "ID": 522050100660, "正式名称": "医療法人寿光会　福永医院", "機関区分": 2, "都道府県コード": 5, "市区町村コード": 209, "所在地": "秋田県鹿角市十和田毛馬内下寄熊６－９", "緯度": 40.266393, "経度": 140.767718, "url": "https://www.iryou.teikyouseido.mhlw.go.jp/znk-web/juminkanja/S2430/initialize?prefCd=05&kikanCd=22050100660&kikanKbn=2", "url2": "http://jyukoukai.com", "内容": "医療法人寿光会　福永医院【2:診療所】【診療科目:0】秋田県鹿角市十和田毛馬内下寄熊６－９" }, "geometry": { "type": "Point", "coordinates": [ 140.767718, 40.266393 ] } },
{ "type": "Feature", "properties": { "ID": 522050100720, "正式名称": "医療法人明生会　小坂町診療所", "機関区分": 2, "都道府県コード": 5, "市区町村コード": 303, "所在地": "秋田県鹿角郡小坂町小坂鉱山栗平２５番地１", "緯度": 40.331896, "経度": 140.739314, "url": "https://www.iryou.teikyouseido.mhlw.go.jp/znk-web/juminkanja/S2430/initialize?prefCd=05&kikanCd=22050100720&kikanKbn=2", "url2": null, "内容": "医療法人明生会　小坂町診療所【2:診療所】【診療科目:0】秋田県鹿角郡小坂町小坂鉱山栗平２５番地１" }, "geometry": { "type": "Point", "coordinates": [ 140.739314, 40.331896 ] } },
{ "type": "Feature", "properties": { "ID": 522050100730, "正式名称": "もりかわ整形外科", "機関区分": 2, "都道府県コード": 5, "市区町村コード": 204, "所在地": "秋田県大館市有浦６丁目２－１９", "緯度": 40.280888, "経度": 140.570568, "url": "https://www.iryou.teikyouseido.mhlw.go.jp/znk-web/juminkanja/S2430/initialize?prefCd=05&kikanCd=22050100730&kikanKbn=2", "url2": "https://www.facebook.com/morikawaseikeigeka/", "内容": "もりかわ整形外科【2:診療所】【診療科目:0】秋田県大館市有浦６丁目２－１９" }, "geometry": { "type": "Point", "coordinates": [ 140.570568, 40.280888 ] } },
{ "type": "Feature", "properties": { "ID": 522050100760, "正式名称": "耳鼻咽喉科まきなえクリニック", "機関区分": 2, "都道府県コード": 5, "市区町村コード": 204, "所在地": "秋田県大館市常盤木町１７－８", "緯度": 40.268301, "経度": 140.556329, "url": "https://www.iryou.teikyouseido.mhlw.go.jp/znk-web/juminkanja/S2430/initialize?prefCd=05&kikanCd=22050100760&kikanKbn=2", "url2": "http://makinae-clinic.com", "内容": "耳鼻咽喉科まきなえクリニック【2:診療所】【診療科目:0】秋田県大館市常盤木町１７－８" }, "geometry": { "type": "Point", "coordinates": [ 140.556329, 40.268301 ] } },
{ "type": "Feature", "properties": { "ID": 522050100780, "正式名称": "久保脳神経外科クリニック", "機関区分": 2, "都道府県コード": 5, "市区町村コード": 204, "所在地": "秋田県大館市中城７－１", "緯度": 40.271364, "経度": 140.567455, "url": "https://www.iryou.teikyouseido.mhlw.go.jp/znk-web/juminkanja/S2430/initialize?prefCd=05&kikanCd=22050100780&kikanKbn=2", "url2": "https://website2.infomity.net/8270000116/", "内容": "久保脳神経外科クリニック【2:診療所】【診療科目:0】秋田県大館市中城７－１" }, "geometry": { "type": "Point", "coordinates": [ 140.567455, 40.271364 ] } },
{ "type": "Feature", "properties": { "ID": 522050100790, "正式名称": "中神メンタルクリニック", "機関区分": 2, "都道府県コード": 5, "市区町村コード": 204, "所在地": "秋田県大館市大田面３９５－１", "緯度": 40.28536, "経度": 140.57329, "url": "https://www.iryou.teikyouseido.mhlw.go.jp/znk-web/juminkanja/S2430/initialize?prefCd=05&kikanCd=22050100790&kikanKbn=2", "url2": "http://nakagami.clinic/", "内容": "中神メンタルクリニック【2:診療所】【診療科目:0】秋田県大館市大田面３９５－１" }, "geometry": { "type": "Point", "coordinates": [ 140.57329, 40.28536 ] } },
{ "type": "Feature", "properties": { "ID": 522050100820, "正式名称": "けまない皮膚科クリニック", "機関区分": 2, "都道府県コード": 5, "市区町村コード": 209, "所在地": "秋田県鹿角市十和田毛馬内字城ノ下１９", "緯度": 40.269976, "経度": 140.768622, "url": "https://www.iryou.teikyouseido.mhlw.go.jp/znk-web/juminkanja/S2430/initialize?prefCd=05&kikanCd=22050100820&kikanKbn=2", "url2": null, "内容": "けまない皮膚科クリニック【2:診療所】【診療科目:0】秋田県鹿角市十和田毛馬内字城ノ下１９" }, "geometry": { "type": "Point", "coordinates": [ 140.768622, 40.269976 ] } },
{ "type": "Feature", "properties": { "ID": 522050100830, "正式名称": "ひだまりのこみちクリニック", "機関区分": 2, "都道府県コード": 5, "市区町村コード": 204, "所在地": "秋田県大館市住吉町３番１３号", "緯度": 40.273011, "経度": 140.539688, "url": "https://www.iryou.teikyouseido.mhlw.go.jp/znk-web/juminkanja/S2430/initialize?prefCd=05&kikanCd=22050100830&kikanKbn=2", "url2": "hidamarinokomichi.com", "内容": "ひだまりのこみちクリニック【2:診療所】【診療科目:0】秋田県大館市住吉町３番１３号" }, "geometry": { "type": "Point", "coordinates": [ 140.539688, 40.273011 ] } },
{ "type": "Feature", "properties": { "ID": 522050100840, "正式名称": "わたなべ眼科", "機関区分": 2, "都道府県コード": 5, "市区町村コード": 204, "所在地": "秋田県大館市有浦４丁目７－２５", "緯度": 40.284473, "経度": 140.570763, "url": "https://www.iryou.teikyouseido.mhlw.go.jp/znk-web/juminkanja/S2430/initialize?prefCd=05&kikanCd=22050100840&kikanKbn=2", "url2": "https://watanabe-ganka.akita.jp/", "内容": "わたなべ眼科【2:診療所】【診療科目:0】秋田県大館市有浦４丁目７－２５" }, "geometry": { "type": "Point", "coordinates": [ 140.570763, 40.284473 ] } },
{ "type": "Feature", "properties": { "ID": 522050100850, "正式名称": "医療法人　おおもとクリニック", "機関区分": 2, "都道府県コード": 5, "市区町村コード": 204, "所在地": "秋田県大館市有浦６丁目２番２６号", "緯度": 40.280193, "経度": 140.570179, "url": "https://www.iryou.teikyouseido.mhlw.go.jp/znk-web/juminkanja/S2430/initialize?prefCd=05&kikanCd=22050100850&kikanKbn=2", "url2": "https://omoto-clinic.jp", "内容": "医療法人　おおもとクリニック【2:診療所】【診療科目:0】秋田県大館市有浦６丁目２番２６号" }, "geometry": { "type": "Point", "coordinates": [ 140.570179, 40.280193 ] } },
{ "type": "Feature", "properties": { "ID": 522050100860, "正式名称": "かづのファミリークリニック", "機関区分": 2, "都道府県コード": 5, "市区町村コード": 209, "所在地": "秋田県鹿角市花輪字鉄砲２２－７", "緯度": 40.224184, "経度": 140.786643, "url": "https://www.iryou.teikyouseido.mhlw.go.jp/znk-web/juminkanja/S2430/initialize?prefCd=05&kikanCd=22050100860&kikanKbn=2", "url2": "https://www.kazuno-fc.jp", "内容": "かづのファミリークリニック【2:診療所】【診療科目:0】秋田県鹿角市花輪字鉄砲２２－７" }, "geometry": { "type": "Point", "coordinates": [ 140.786643, 40.224184 ] } },
{ "type": "Feature", "properties": { "ID": 522050100870, "正式名称": "西大館医院", "機関区分": 2, "都道府県コード": 5, "市区町村コード": 204, "所在地": "秋田県大館市川口字上野６番地１２５", "緯度": 40.279025, "経度": 140.475214, "url": "https://www.iryou.teikyouseido.mhlw.go.jp/znk-web/juminkanja/S2430/initialize?prefCd=05&kikanCd=22050100870&kikanKbn=2", "url2": "http//www.kochikai.jp", "内容": "西大館医院【2:診療所】【診療科目:0】秋田県大館市川口字上野６番地１２５" }, "geometry": { "type": "Point", "coordinates": [ 140.475214, 40.279025 ] } },
{ "type": "Feature", "properties": { "ID": 522050100880, "正式名称": "大館訪問クリニック", "機関区分": 2, "都道府県コード": 5, "市区町村コード": 204, "所在地": "秋田県大館市大館市水門前７５ー２グリーンアイ長木川１Ａ", "緯度": 40.27665, "経度": 140.557218, "url": "https://www.iryou.teikyouseido.mhlw.go.jp/znk-web/juminkanja/S2430/initialize?prefCd=05&kikanCd=22050100880&kikanKbn=2", "url2": null, "内容": "大館訪問クリニック【2:診療所】【診療科目:0】秋田県大館市大館市水門前７５ー２グリーンアイ長木川１Ａ" }, "geometry": { "type": "Point", "coordinates": [ 140.557218, 40.27665 ] } },
{ "type": "Feature", "properties": { "ID": 522050200020, "正式名称": "医療法人豊知会　たむら内科クリニック", "機関区分": 2, "都道府県コード": 5, "市区町村コード": 213, "所在地": "秋田県北秋田市栄字中綱１１６－１", "緯度": 40.22864, "経度": 140.375614, "url": "https://www.iryou.teikyouseido.mhlw.go.jp/znk-web/juminkanja/S2430/initialize?prefCd=05&kikanCd=22050200020&kikanKbn=2", "url2": "http://www.houtikai.or.jp/", "内容": "医療法人豊知会　たむら内科クリニック【2:診療所】【診療科目:0】秋田県北秋田市栄字中綱１１６－１" }, "geometry": { "type": "Point", "coordinates": [ 140.375614, 40.22864 ] } },
{ "type": "Feature", "properties": { "ID": 522050200030, "正式名称": "たかのす今村クリニック", "機関区分": 2, "都道府県コード": 5, "市区町村コード": 213, "所在地": "秋田県北秋田市栄字中綱８９－５", "緯度": 40.230223, "経度": 140.378363, "url": "https://www.iryou.teikyouseido.mhlw.go.jp/znk-web/juminkanja/S2430/initialize?prefCd=05&kikanCd=22050200030&kikanKbn=2", "url2": "http://kyukokai.com", "内容": "たかのす今村クリニック【2:診療所】【診療科目:0】秋田県北秋田市栄字中綱８９－５" }, "geometry": { "type": "Point", "coordinates": [ 140.378363, 40.230223 ] } },
{ "type": "Feature", "properties": { "ID": 522050200050, "正式名称": "小林眼科医院", "機関区分": 2, "都道府県コード": 5, "市区町村コード": 213, "所在地": "秋田県北秋田市花園町７－１２", "緯度": 40.228168, "経度": 140.37242, "url": "https://www.iryou.teikyouseido.mhlw.go.jp/znk-web/juminkanja/S2430/initialize?prefCd=05&kikanCd=22050200050&kikanKbn=2", "url2": "http://www.kobayashi-eye-clinic.com", "内容": "小林眼科医院【2:診療所】【診療科目:0】秋田県北秋田市花園町７－１２" }, "geometry": { "type": "Point", "coordinates": [ 140.37242, 40.228168 ] } },
{ "type": "Feature", "properties": { "ID": 522050200080, "正式名称": "医療法人　毛利整形外科クリニック", "機関区分": 2, "都道府県コード": 5, "市区町村コード": 213, "所在地": "秋田県北秋田市住吉町１－３", "緯度": 40.228751, "経度": 140.365892, "url": "https://www.iryou.teikyouseido.mhlw.go.jp/znk-web/juminkanja/S2430/initialize?prefCd=05&kikanCd=22050200080&kikanKbn=2", "url2": "http://www.mohri-seikei.jp", "内容": "医療法人　毛利整形外科クリニック【2:診療所】【診療科目:0】秋田県北秋田市住吉町１－３" }, "geometry": { "type": "Point", "coordinates": [ 140.365892, 40.228751 ] } },
{ "type": "Feature", "properties": { "ID": 522050200090, "正式名称": "奈良医院", "機関区分": 2, "都道府県コード": 5, "市区町村コード": 213, "所在地": "秋田県北秋田市元町１１番１５－３号", "緯度": 40.2273, "経度": 140.365786, "url": "https://www.iryou.teikyouseido.mhlw.go.jp/znk-web/juminkanja/S2430/initialize?prefCd=05&kikanCd=22050200090&kikanKbn=2", "url2": "http://www.digital-k.com/nara.htm", "内容": "奈良医院【2:診療所】【診療科目:0】秋田県北秋田市元町１１番１５－３号" }, "geometry": { "type": "Point", "coordinates": [ 140.365786, 40.2273 ] } },
{ "type": "Feature", "properties": { "ID": 522050200110, "正式名称": "医療法人　遠藤クリニック", "機関区分": 2, "都道府県コード": 5, "市区町村コード": 213, "所在地": "秋田県北秋田市鷹巣字帰道１５－３", "緯度": 40.220802, "経度": 140.368218, "url": "https://www.iryou.teikyouseido.mhlw.go.jp/znk-web/juminkanja/S2430/initialize?prefCd=05&kikanCd=22050200110&kikanKbn=2", "url2": null, "内容": "医療法人　遠藤クリニック【2:診療所】【診療科目:0】秋田県北秋田市鷹巣字帰道１５－３" }, "geometry": { "type": "Point", "coordinates": [ 140.368218, 40.220802 ] } },
{ "type": "Feature", "properties": { "ID": 522050200120, "正式名称": "児玉内科クリニック", "機関区分": 2, "都道府県コード": 5, "市区町村コード": 213, "所在地": "秋田県北秋田市鷹巣字東中岱３－１", "緯度": 40.221425, "経度": 140.361679, "url": "https://www.iryou.teikyouseido.mhlw.go.jp/znk-web/juminkanja/S2430/initialize?prefCd=05&kikanCd=22050200120&kikanKbn=2", "url2": "https://website2.infomity.net/8270000008/", "内容": "児玉内科クリニック【2:診療所】【診療科目:0】秋田県北秋田市鷹巣字東中岱３－１" }, "geometry": { "type": "Point", "coordinates": [ 140.361679, 40.221425 ] } },
{ "type": "Feature", "properties": { "ID": 522050200140, "正式名称": "医療法人　高島会　うえだクリニック", "機関区分": 2, "都道府県コード": 5, "市区町村コード": 213, "所在地": "秋田県北秋田市鷹巣北中家下８１－１", "緯度": 40.226279, "経度": 140.36131, "url": "https://www.iryou.teikyouseido.mhlw.go.jp/znk-web/juminkanja/S2430/initialize?prefCd=05&kikanCd=22050200140&kikanKbn=2", "url2": "https://uedacl.jp/", "内容": "医療法人　高島会　うえだクリニック【2:診療所】【診療科目:0】秋田県北秋田市鷹巣北中家下８１－１" }, "geometry": { "type": "Point", "coordinates": [ 140.36131, 40.226279 ] } },
{ "type": "Feature", "properties": { "ID": 522050200160, "正式名称": "近藤医院", "機関区分": 2, "都道府県コード": 5, "市区町村コード": 213, "所在地": "秋田県北秋田市脇神塚ノ岱５７", "緯度": 40.203476, "経度": 140.389475, "url": "https://www.iryou.teikyouseido.mhlw.go.jp/znk-web/juminkanja/S2430/initialize?prefCd=05&kikanCd=22050200160&kikanKbn=2", "url2": null, "内容": "近藤医院【2:診療所】【診療科目:0】秋田県北秋田市脇神塚ノ岱５７" }, "geometry": { "type": "Point", "coordinates": [ 140.389475, 40.203476 ] } },
{ "type": "Feature", "properties": { "ID": 522050200190, "正式名称": "愛生園診療所", "機関区分": 2, "都道府県コード": 5, "市区町村コード": 213, "所在地": "秋田県北秋田市上杉字金沢２４０", "緯度": 40.188283, "経度": 140.335536, "url": "https://www.iryou.teikyouseido.mhlw.go.jp/znk-web/juminkanja/S2430/initialize?prefCd=05&kikanCd=22050200190&kikanKbn=2", "url2": "http://aki-minsei.jp", "内容": "愛生園診療所【2:診療所】【診療科目:0】秋田県北秋田市上杉字金沢２４０" }, "geometry": { "type": "Point", "coordinates": [ 140.335536, 40.188283 ] } },
{ "type": "Feature", "properties": { "ID": 522050200240, "正式名称": "北秋田市国民健康保険合川診療所", "機関区分": 2, "都道府県コード": 5, "市区町村コード": 213, "所在地": "秋田県北秋田市李岱字下豊田２０番地", "緯度": 40.157897, "経度": 140.316817, "url": "https://www.iryou.teikyouseido.mhlw.go.jp/znk-web/juminkanja/S2430/initialize?prefCd=05&kikanCd=22050200240&kikanKbn=2", "url2": null, "内容": "北秋田市国民健康保険合川診療所【2:診療所】【診療科目:0】秋田県北秋田市李岱字下豊田２０番地" }, "geometry": { "type": "Point", "coordinates": [ 140.316817, 40.157897 ] } },
{ "type": "Feature", "properties": { "ID": 522050200250, "正式名称": "北秋田市立米内沢診療所", "機関区分": 2, "都道府県コード": 5, "市区町村コード": 213, "所在地": "秋田県北秋田市米内沢字林ノ腰３番地", "緯度": 40.118235, "経度": 140.374221, "url": "https://www.iryou.teikyouseido.mhlw.go.jp/znk-web/juminkanja/S2430/initialize?prefCd=05&kikanCd=22050200250&kikanKbn=2", "url2": null, "内容": "北秋田市立米内沢診療所【2:診療所】【診療科目:0】秋田県北秋田市米内沢字林ノ腰３番地" }, "geometry": { "type": "Point", "coordinates": [ 140.374221, 40.118235 ] } },
{ "type": "Feature", "properties": { "ID": 522050200300, "正式名称": "北秋田市立阿仁診療所", "機関区分": 2, "都道府県コード": 5, "市区町村コード": 213, "所在地": "秋田県北秋田市阿仁銀山字下新町１２８", "緯度": 40.000498, "経度": 140.404678, "url": "https://www.iryou.teikyouseido.mhlw.go.jp/znk-web/juminkanja/S2430/initialize?prefCd=05&kikanCd=22050200300&kikanKbn=2", "url2": null, "内容": "北秋田市立阿仁診療所【2:診療所】【診療科目:0】秋田県北秋田市阿仁銀山字下新町１２８" }, "geometry": { "type": "Point", "coordinates": [ 140.404678, 40.000498 ] } },
{ "type": "Feature", "properties": { "ID": 522050200340, "正式名称": "上小阿仁村立上小阿仁国保診療所", "機関区分": 2, "都道府県コード": 5, "市区町村コード": 327, "所在地": "秋田県北秋田郡上小阿仁村小沢田字向川原２１４", "緯度": 40.063795, "経度": 140.293712, "url": "https://www.iryou.teikyouseido.mhlw.go.jp/znk-web/juminkanja/S2430/initialize?prefCd=05&kikanCd=22050200340&kikanKbn=2", "url2": "https://www.vill.kamikoani.akita.jp/forms/info/info.aspx?info_id=6746", "内容": "上小阿仁村立上小阿仁国保診療所【2:診療所】【診療科目:0】秋田県北秋田郡上小阿仁村小沢田字向川原２１４" }, "geometry": { "type": "Point", "coordinates": [ 140.293712, 40.063795 ] } },
{ "type": "Feature", "properties": { "ID": 522050200350, "正式名称": "医療法人　まるや耳鼻科クリニック", "機関区分": 2, "都道府県コード": 5, "市区町村コード": 213, "所在地": "秋田県北秋田市松葉町７－２４", "緯度": 40.230168, "経度": 140.366337, "url": "https://www.iryou.teikyouseido.mhlw.go.jp/znk-web/juminkanja/S2430/initialize?prefCd=05&kikanCd=22050200350&kikanKbn=2", "url2": "http://maruyacl.byoinnavi.jp/", "内容": "医療法人　まるや耳鼻科クリニック【2:診療所】【診療科目:0】秋田県北秋田市松葉町７－２４" }, "geometry": { "type": "Point", "coordinates": [ 140.366337, 40.230168 ] } },
{ "type": "Feature", "properties": { "ID": 522050200370, "正式名称": "あじみね内科医院", "機関区分": 2, "都道府県コード": 5, "市区町村コード": 213, "所在地": "秋田県北秋田市栄字前綱８２番地", "緯度": 40.231597, "経度": 140.379037, "url": "https://www.iryou.teikyouseido.mhlw.go.jp/znk-web/juminkanja/S2430/initialize?prefCd=05&kikanCd=22050200370&kikanKbn=2", "url2": "https://ajimine-c.com", "内容": "あじみね内科医院【2:診療所】【診療科目:0】秋田県北秋田市栄字前綱８２番地" }, "geometry": { "type": "Point", "coordinates": [ 140.379037, 40.231597 ] } },
{ "type": "Feature", "properties": { "ID": 522050300020, "正式名称": "医療法人亰回生会　わたなべ整形外科", "機関区分": 2, "都道府県コード": 5, "市区町村コード": 202, "所在地": "秋田県能代市落合上悪土２０７", "緯度": 40.224773, "経度": 140.020949, "url": "https://www.iryou.teikyouseido.mhlw.go.jp/znk-web/juminkanja/S2430/initialize?prefCd=05&kikanCd=22050300020&kikanKbn=2", "url2": "http://noshiro-watanabeseikei.com/", "内容": "医療法人亰回生会　わたなべ整形外科【2:診療所】【診療科目:0】秋田県能代市落合上悪土２０７" }, "geometry": { "type": "Point", "coordinates": [ 140.020949, 40.224773 ] } },
{ "type": "Feature", "properties": { "ID": 522050300040, "正式名称": "三田医院", "機関区分": 2, "都道府県コード": 5, "市区町村コード": 202, "所在地": "秋田県能代市機織轌ノ目７２－２９", "緯度": 40.190722, "経度": 140.068002, "url": "https://www.iryou.teikyouseido.mhlw.go.jp/znk-web/juminkanja/S2430/initialize?prefCd=05&kikanCd=22050300040&kikanKbn=2", "url2": null, "内容": "三田医院【2:診療所】【診療科目:0】秋田県能代市機織轌ノ目７２－２９" }, "geometry": { "type": "Point", "coordinates": [ 140.068002, 40.190722 ] } },
{ "type": "Feature", "properties": { "ID": 522050300050, "正式名称": "能代市鶴形診療所", "機関区分": 2, "都道府県コード": 5, "市区町村コード": 202, "所在地": "秋田県能代市町後１６番地", "緯度": 40.204888, "経度": 140.118331, "url": "https://www.iryou.teikyouseido.mhlw.go.jp/znk-web/juminkanja/S2430/initialize?prefCd=05&kikanCd=22050300050&kikanKbn=2", "url2": null, "内容": "能代市鶴形診療所【2:診療所】【診療科目:0】秋田県能代市町後１６番地" }, "geometry": { "type": "Point", "coordinates": [ 140.118331, 40.204888 ] } },
{ "type": "Feature", "properties": { "ID": 522050300070, "正式名称": "能代市保健センター", "機関区分": 2, "都道府県コード": 5, "市区町村コード": 202, "所在地": "秋田県能代市腹鞁ノ沢１９－３", "緯度": 40.178501, "経度": 140.073252, "url": "https://www.iryou.teikyouseido.mhlw.go.jp/znk-web/juminkanja/S2430/initialize?prefCd=05&kikanCd=22050300070&kikanKbn=2", "url2": null, "内容": "能代市保健センター【2:診療所】【診療科目:0】秋田県能代市腹鞁ノ沢１９－３" }, "geometry": { "type": "Point", "coordinates": [ 140.073252, 40.178501 ] } },
{ "type": "Feature", "properties": { "ID": 522050300100, "正式名称": "医療法人佑佳会　後藤内科医院", "機関区分": 2, "都道府県コード": 5, "市区町村コード": 202, "所在地": "秋田県能代市大瀬儘下６－５２", "緯度": 40.189027, "経度": 140.037504, "url": "https://www.iryou.teikyouseido.mhlw.go.jp/znk-web/juminkanja/S2430/initialize?prefCd=05&kikanCd=22050300100&kikanKbn=2", "url2": null, "内容": "医療法人佑佳会　後藤内科医院【2:診療所】【診療科目:0】秋田県能代市大瀬儘下６－５２" }, "geometry": { "type": "Point", "coordinates": [ 140.037504, 40.189027 ] } },
{ "type": "Feature", "properties": { "ID": 522050300120, "正式名称": "医療法人孝真会　石川こどもクリニック", "機関区分": 2, "都道府県コード": 5, "市区町村コード": 202, "所在地": "秋田県能代市下瀬３２－１", "緯度": 40.188389, "経度": 140.037617, "url": "https://www.iryou.teikyouseido.mhlw.go.jp/znk-web/juminkanja/S2430/initialize?prefCd=05&kikanCd=22050300120&kikanKbn=2", "url2": null, "内容": "医療法人孝真会　石川こどもクリニック【2:診療所】【診療科目:0】秋田県能代市下瀬３２－１" }, "geometry": { "type": "Point", "coordinates": [ 140.037617, 40.188389 ] } },
{ "type": "Feature", "properties": { "ID": 522050300140, "正式名称": "加賀医院", "機関区分": 2, "都道府県コード": 5, "市区町村コード": 202, "所在地": "秋田県能代市川反町１－２６", "緯度": 40.213191, "経度": 140.022589, "url": "https://www.iryou.teikyouseido.mhlw.go.jp/znk-web/juminkanja/S2430/initialize?prefCd=05&kikanCd=22050300140&kikanKbn=2", "url2": null, "内容": "加賀医院【2:診療所】【診療科目:0】秋田県能代市川反町１－２６" }, "geometry": { "type": "Point", "coordinates": [ 140.022589, 40.213191 ] } },
{ "type": "Feature", "properties": { "ID": 522050300160, "正式名称": "小西整形外科医院", "機関区分": 2, "都道府県コード": 5, "市区町村コード": 202, "所在地": "秋田県能代市万町３－１１", "緯度": 40.213275, "経度": 140.030727, "url": "https://www.iryou.teikyouseido.mhlw.go.jp/znk-web/juminkanja/S2430/initialize?prefCd=05&kikanCd=22050300160&kikanKbn=2", "url2": null, "内容": "小西整形外科医院【2:診療所】【診療科目:0】秋田県能代市万町３－１１" }, "geometry": { "type": "Point", "coordinates": [ 140.030727, 40.213275 ] } },
{ "type": "Feature", "properties": { "ID": 522050300170, "正式名称": "医療法人アイリスさとう眼科", "機関区分": 2, "都道府県コード": 5, "市区町村コード": 202, "所在地": "秋田県能代市万町３－１０", "緯度": 40.21308, "経度": 140.030504, "url": "https://www.iryou.teikyouseido.mhlw.go.jp/znk-web/juminkanja/S2430/initialize?prefCd=05&kikanCd=22050300170&kikanKbn=2", "url2": "https://sganka.com", "内容": "医療法人アイリスさとう眼科【2:診療所】【診療科目:0】秋田県能代市万町３－１０" }, "geometry": { "type": "Point", "coordinates": [ 140.030504, 40.21308 ] } },
{ "type": "Feature", "properties": { "ID": 522050300180, "正式名称": "医療法人秋田医仁会　瀬川医院", "機関区分": 2, "都道府県コード": 5, "市区町村コード": 202, "所在地": "秋田県能代市万町７－２３", "緯度": 40.214664, "経度": 140.028532, "url": "https://www.iryou.teikyouseido.mhlw.go.jp/znk-web/juminkanja/S2430/initialize?prefCd=05&kikanCd=22050300180&kikanKbn=2", "url2": null, "内容": "医療法人秋田医仁会　瀬川医院【2:診療所】【診療科目:0】秋田県能代市万町７－２３" }, "geometry": { "type": "Point", "coordinates": [ 140.028532, 40.214664 ] } },
{ "type": "Feature", "properties": { "ID": 522050300190, "正式名称": "淡路医院", "機関区分": 2, "都道府県コード": 5, "市区町村コード": 202, "所在地": "秋田県能代市大手町７－４", "緯度": 40.211164, "経度": 140.023478, "url": "https://www.iryou.teikyouseido.mhlw.go.jp/znk-web/juminkanja/S2430/initialize?prefCd=05&kikanCd=22050300190&kikanKbn=2", "url2": null, "内容": "淡路医院【2:診療所】【診療科目:0】秋田県能代市大手町７－４" }, "geometry": { "type": "Point", "coordinates": [ 140.023478, 40.211164 ] } },
{ "type": "Feature", "properties": { "ID": 522050300200, "正式名称": "平野医院", "機関区分": 2, "都道府県コード": 5, "市区町村コード": 202, "所在地": "秋田県能代市日吉町６－３１", "緯度": 40.212608, "経度": 140.032116, "url": "https://www.iryou.teikyouseido.mhlw.go.jp/znk-web/juminkanja/S2430/initialize?prefCd=05&kikanCd=22050300200&kikanKbn=2", "url2": null, "内容": "平野医院【2:診療所】【診療科目:0】秋田県能代市日吉町６－３１" }, "geometry": { "type": "Point", "coordinates": [ 140.032116, 40.212608 ] } },
{ "type": "Feature", "properties": { "ID": 522050300220, "正式名称": "医療法人英会　工藤眼科医院", "機関区分": 2, "都道府県コード": 5, "市区町村コード": 202, "所在地": "秋田県能代市富町１０－８", "緯度": 40.209691, "経度": 140.030588, "url": "https://www.iryou.teikyouseido.mhlw.go.jp/znk-web/juminkanja/S2430/initialize?prefCd=05&kikanCd=22050300220&kikanKbn=2", "url2": "kudo-ganka.themedia.jp", "内容": "医療法人英会　工藤眼科医院【2:診療所】【診療科目:0】秋田県能代市富町１０－８" }, "geometry": { "type": "Point", "coordinates": [ 140.030588, 40.209691 ] } },
{ "type": "Feature", "properties": { "ID": 522050300230, "正式名称": "小泉医院", "機関区分": 2, "都道府県コード": 5, "市区町村コード": 202, "所在地": "秋田県能代市富町８－１２", "緯度": 40.210219, "経度": 140.031032, "url": "https://www.iryou.teikyouseido.mhlw.go.jp/znk-web/juminkanja/S2430/initialize?prefCd=05&kikanCd=22050300230&kikanKbn=2", "url2": null, "内容": "小泉医院【2:診療所】【診療科目:0】秋田県能代市富町８－１２" }, "geometry": { "type": "Point", "coordinates": [ 140.031032, 40.210219 ] } },
{ "type": "Feature", "properties": { "ID": 522050300240, "正式名称": "富町クリニック", "機関区分": 2, "都道府県コード": 5, "市区町村コード": 202, "所在地": "秋田県能代市富町８－１７", "緯度": 40.210136, "経度": 140.030866, "url": "https://www.iryou.teikyouseido.mhlw.go.jp/znk-web/juminkanja/S2430/initialize?prefCd=05&kikanCd=22050300240&kikanKbn=2", "url2": null, "内容": "富町クリニック【2:診療所】【診療科目:0】秋田県能代市富町８－１７" }, "geometry": { "type": "Point", "coordinates": [ 140.030866, 40.210136 ] } },
{ "type": "Feature", "properties": { "ID": 522050300260, "正式名称": "医療法人白生会　白坂内科胃腸科医院", "機関区分": 2, "都道府県コード": 5, "市区町村コード": 202, "所在地": "秋田県能代市東町１４－３", "緯度": 40.207136, "経度": 140.029727, "url": "https://www.iryou.teikyouseido.mhlw.go.jp/znk-web/juminkanja/S2430/initialize?prefCd=05&kikanCd=22050300260&kikanKbn=2", "url2": "https://www.shirasaka-noshiro.com", "内容": "医療法人白生会　白坂内科胃腸科医院【2:診療所】【診療科目:0】秋田県能代市東町１４－３" }, "geometry": { "type": "Point", "coordinates": [ 140.029727, 40.207136 ] } },
{ "type": "Feature", "properties": { "ID": 522050300270, "正式名称": "医療法人ＮＭＬ　のしろ眼科クリニック", "機関区分": 2, "都道府県コード": 5, "市区町村コード": 202, "所在地": "秋田県能代市若松町３－８", "緯度": 40.204387, "経度": 140.029227, "url": "https://www.iryou.teikyouseido.mhlw.go.jp/znk-web/juminkanja/S2430/initialize?prefCd=05&kikanCd=22050300270&kikanKbn=2", "url2": "http://www.noshirogankaclinic.com", "内容": "医療法人ＮＭＬ　のしろ眼科クリニック【2:診療所】【診療科目:0】秋田県能代市若松町３－８" }, "geometry": { "type": "Point", "coordinates": [ 140.029227, 40.204387 ] } },
{ "type": "Feature", "properties": { "ID": 522050300290, "正式名称": "能代皮ふ科クリニック", "機関区分": 2, "都道府県コード": 5, "市区町村コード": 202, "所在地": "秋田県能代市柳町１３－６８　Ｊサイドビル２階", "緯度": 40.20933, "経度": 140.025283, "url": "https://www.iryou.teikyouseido.mhlw.go.jp/znk-web/juminkanja/S2430/initialize?prefCd=05&kikanCd=22050300290&kikanKbn=2", "url2": null, "内容": "能代皮ふ科クリニック【2:診療所】【診療科目:0】秋田県能代市柳町１３－６８　Ｊサイドビル２階" }, "geometry": { "type": "Point", "coordinates": [ 140.025283, 40.20933 ] } },
{ "type": "Feature", "properties": { "ID": 522050300300, "正式名称": "菅原眼科医院", "機関区分": 2, "都道府県コード": 5, "市区町村コード": 202, "所在地": "秋田県能代市柳町４－３", "緯度": 40.210608, "経度": 140.02756, "url": "https://www.iryou.teikyouseido.mhlw.go.jp/znk-web/juminkanja/S2430/initialize?prefCd=05&kikanCd=22050300300&kikanKbn=2", "url2": null, "内容": "菅原眼科医院【2:診療所】【診療科目:0】秋田県能代市柳町４－３" }, "geometry": { "type": "Point", "coordinates": [ 140.02756, 40.210608 ] } },
{ "type": "Feature", "properties": { "ID": 522050300330, "正式名称": "さいとう医院", "機関区分": 2, "都道府県コード": 5, "市区町村コード": 202, "所在地": "秋田県能代市追分町２番３６号", "緯度": 40.203692, "経度": 140.030449, "url": "https://www.iryou.teikyouseido.mhlw.go.jp/znk-web/juminkanja/S2430/initialize?prefCd=05&kikanCd=22050300330&kikanKbn=2", "url2": null, "内容": "さいとう医院【2:診療所】【診療科目:0】秋田県能代市追分町２番３６号" }, "geometry": { "type": "Point", "coordinates": [ 140.030449, 40.203692 ] } },
{ "type": "Feature", "properties": { "ID": 522050300350, "正式名称": "わたなべ耳鼻咽喉科", "機関区分": 2, "都道府県コード": 5, "市区町村コード": 202, "所在地": "秋田県能代市中和１－１７－２２", "緯度": 40.202442, "経度": 140.026867, "url": "https://www.iryou.teikyouseido.mhlw.go.jp/znk-web/juminkanja/S2430/initialize?prefCd=05&kikanCd=22050300350&kikanKbn=2", "url2": null, "内容": "わたなべ耳鼻咽喉科【2:診療所】【診療科目:0】秋田県能代市中和１－１７－２２" }, "geometry": { "type": "Point", "coordinates": [ 140.026867, 40.202442 ] } },
{ "type": "Feature", "properties": { "ID": 522050300370, "正式名称": "山須田医院", "機関区分": 2, "都道府県コード": 5, "市区町村コード": 202, "所在地": "秋田県能代市花園町１０－１", "緯度": 40.201192, "経度": 140.025978, "url": "https://www.iryou.teikyouseido.mhlw.go.jp/znk-web/juminkanja/S2430/initialize?prefCd=05&kikanCd=22050300370&kikanKbn=2", "url2": null, "内容": "山須田医院【2:診療所】【診療科目:0】秋田県能代市花園町１０－１" }, "geometry": { "type": "Point", "coordinates": [ 140.025978, 40.201192 ] } },
{ "type": "Feature", "properties": { "ID": 522050300390, "正式名称": "藤原こども医院", "機関区分": 2, "都道府県コード": 5, "市区町村コード": 202, "所在地": "秋田県能代市花園町８－１１", "緯度": 40.201276, "経度": 140.02495, "url": "https://www.iryou.teikyouseido.mhlw.go.jp/znk-web/juminkanja/S2430/initialize?prefCd=05&kikanCd=22050300390&kikanKbn=2", "url2": null, "内容": "藤原こども医院【2:診療所】【診療科目:0】秋田県能代市花園町８－１１" }, "geometry": { "type": "Point", "coordinates": [ 140.02495, 40.201276 ] } },
{ "type": "Feature", "properties": { "ID": 522050300400, "正式名称": "能代循環器・呼吸器内科", "機関区分": 2, "都道府県コード": 5, "市区町村コード": 202, "所在地": "秋田県能代市通町１－２３", "緯度": 40.205747, "経度": 140.023339, "url": "https://www.iryou.teikyouseido.mhlw.go.jp/znk-web/juminkanja/S2430/initialize?prefCd=05&kikanCd=22050300400&kikanKbn=2", "url2": "http://www.shirakami.or.jp/~52junkanki7890/", "内容": "能代循環器・呼吸器内科【2:診療所】【診療科目:0】秋田県能代市通町１－２３" }, "geometry": { "type": "Point", "coordinates": [ 140.023339, 40.205747 ] } },
{ "type": "Feature", "properties": { "ID": 522050300420, "正式名称": "楊整形外科医院", "機関区分": 2, "都道府県コード": 5, "市区町村コード": 202, "所在地": "秋田県能代市栄町１６－８", "緯度": 40.205856, "経度": 140.0247, "url": "https://www.iryou.teikyouseido.mhlw.go.jp/znk-web/juminkanja/S2430/initialize?prefCd=05&kikanCd=22050300420&kikanKbn=2", "url2": "http://www.myclinic.ne.jp/yangseikeigeka/", "内容": "楊整形外科医院【2:診療所】【診療科目:0】秋田県能代市栄町１６－８" }, "geometry": { "type": "Point", "coordinates": [ 140.0247, 40.205856 ] } },
{ "type": "Feature", "properties": { "ID": 522050300440, "正式名称": "医療法人　藤医会　工藤泌尿器科医院", "機関区分": 2, "都道府県コード": 5, "市区町村コード": 202, "所在地": "秋田県能代市出戸本町２２－２８", "緯度": 40.199776, "経度": 140.024367, "url": "https://www.iryou.teikyouseido.mhlw.go.jp/znk-web/juminkanja/S2430/initialize?prefCd=05&kikanCd=22050300440&kikanKbn=2", "url2": null, "内容": "医療法人　藤医会　工藤泌尿器科医院【2:診療所】【診療科目:0】秋田県能代市出戸本町２２－２８" }, "geometry": { "type": "Point", "coordinates": [ 140.024367, 40.199776 ] } },
{ "type": "Feature", "properties": { "ID": 522050300450, "正式名称": "木村医院", "機関区分": 2, "都道府県コード": 5, "市区町村コード": 202, "所在地": "秋田県能代市彩霞長根２２番地９", "緯度": 40.194693, "経度": 140.029283, "url": "https://www.iryou.teikyouseido.mhlw.go.jp/znk-web/juminkanja/S2430/initialize?prefCd=05&kikanCd=22050300450&kikanKbn=2", "url2": null, "内容": "木村医院【2:診療所】【診療科目:0】秋田県能代市彩霞長根２２番地９" }, "geometry": { "type": "Point", "coordinates": [ 140.029283, 40.194693 ] } },
{ "type": "Feature", "properties": { "ID": 522050300460, "正式名称": "たなか耳鼻咽喉科医院", "機関区分": 2, "都道府県コード": 5, "市区町村コード": 202, "所在地": "秋田県能代市彩霞長根３３－１", "緯度": 40.193666, "経度": 140.028811, "url": "https://www.iryou.teikyouseido.mhlw.go.jp/znk-web/juminkanja/S2430/initialize?prefCd=05&kikanCd=22050300460&kikanKbn=2", "url2": null, "内容": "たなか耳鼻咽喉科医院【2:診療所】【診療科目:0】秋田県能代市彩霞長根３３－１" }, "geometry": { "type": "Point", "coordinates": [ 140.028811, 40.193666 ] } },
{ "type": "Feature", "properties": { "ID": 522050300480, "正式名称": "たかはしレディースクリニック", "機関区分": 2, "都道府県コード": 5, "市区町村コード": 202, "所在地": "秋田県能代市鳥小屋５９－２３", "緯度": 40.198669, "経度": 140.016583, "url": "https://www.iryou.teikyouseido.mhlw.go.jp/znk-web/juminkanja/S2430/initialize?prefCd=05&kikanCd=22050300480&kikanKbn=2", "url2": null, "内容": "たかはしレディースクリニック【2:診療所】【診療科目:0】秋田県能代市鳥小屋５９－２３" }, "geometry": { "type": "Point", "coordinates": [ 140.016583, 40.198669 ] } },
{ "type": "Feature", "properties": { "ID": 522050300490, "正式名称": "西塚医院", "機関区分": 2, "都道府県コード": 5, "市区町村コード": 202, "所在地": "秋田県能代市景林町１０－６", "緯度": 40.206553, "経度": 140.020755, "url": "https://www.iryou.teikyouseido.mhlw.go.jp/znk-web/juminkanja/S2430/initialize?prefCd=05&kikanCd=22050300490&kikanKbn=2", "url2": null, "内容": "西塚医院【2:診療所】【診療科目:0】秋田県能代市景林町１０－６" }, "geometry": { "type": "Point", "coordinates": [ 140.020755, 40.206553 ] } },
{ "type": "Feature", "properties": { "ID": 522050300500, "正式名称": "能代市常盤診療所", "機関区分": 2, "都道府県コード": 5, "市区町村コード": 202, "所在地": "秋田県能代市常盤上本郷１５８番地", "緯度": 40.228053, "経度": 140.141272, "url": "https://www.iryou.teikyouseido.mhlw.go.jp/znk-web/juminkanja/S2430/initialize?prefCd=05&kikanCd=22050300500&kikanKbn=2", "url2": null, "内容": "能代市常盤診療所【2:診療所】【診療科目:0】秋田県能代市常盤上本郷１５８番地" }, "geometry": { "type": "Point", "coordinates": [ 140.141272, 40.228053 ] } },
{ "type": "Feature", "properties": { "ID": 522050300510, "正式名称": "医療法人　関医院", "機関区分": 2, "都道府県コード": 5, "市区町村コード": 202, "所在地": "秋田県能代市二ツ井町荷上場鍋良子出口１０２", "緯度": 40.216944, "経度": 140.244181, "url": "https://www.iryou.teikyouseido.mhlw.go.jp/znk-web/juminkanja/S2430/initialize?prefCd=05&kikanCd=22050300510&kikanKbn=2", "url2": null, "内容": "医療法人　関医院【2:診療所】【診療科目:0】秋田県能代市二ツ井町荷上場鍋良子出口１０２" }, "geometry": { "type": "Point", "coordinates": [ 140.244181, 40.216944 ] } },
{ "type": "Feature", "properties": { "ID": 522050300520, "正式名称": "能代市富根診療所", "機関区分": 2, "都道府県コード": 5, "市区町村コード": 202, "所在地": "秋田県能代市二ツ井町飛根字前田３３－３", "緯度": 40.22173, "経度": 140.167374, "url": "https://www.iryou.teikyouseido.mhlw.go.jp/znk-web/juminkanja/S2430/initialize?prefCd=05&kikanCd=22050300520&kikanKbn=2", "url2": null, "内容": "能代市富根診療所【2:診療所】【診療科目:0】秋田県能代市二ツ井町飛根字前田３３－３" }, "geometry": { "type": "Point", "coordinates": [ 140.167374, 40.22173 ] } },
{ "type": "Feature", "properties": { "ID": 522050300550, "正式名称": "金田医院", "機関区分": 2, "都道府県コード": 5, "市区町村コード": 202, "所在地": "秋田県能代市二ツ井町比井野９４", "緯度": 40.205945, "経度": 140.238043, "url": "https://www.iryou.teikyouseido.mhlw.go.jp/znk-web/juminkanja/S2430/initialize?prefCd=05&kikanCd=22050300550&kikanKbn=2", "url2": null, "内容": "金田医院【2:診療所】【診療科目:0】秋田県能代市二ツ井町比井野９４" }, "geometry": { "type": "Point", "coordinates": [ 140.238043, 40.205945 ] } },
{ "type": "Feature", "properties": { "ID": 522050300560, "正式名称": "医療法人双山会　森岳温泉病院附属山下医院", "機関区分": 2, "都道府県コード": 5, "市区町村コード": 346, "所在地": "秋田県山本郡藤里町藤琴藤琴２０８", "緯度": 40.279605, "経度": 140.262816, "url": "https://www.iryou.teikyouseido.mhlw.go.jp/znk-web/juminkanja/S2430/initialize?prefCd=05&kikanCd=22050300560&kikanKbn=2", "url2": null, "内容": "医療法人双山会　森岳温泉病院附属山下医院【2:診療所】【診療科目:0】秋田県山本郡藤里町藤琴藤琴２０８" }, "geometry": { "type": "Point", "coordinates": [ 140.262816, 40.279605 ] } },
{ "type": "Feature", "properties": { "ID": 522050300590, "正式名称": "鹿渡内科医院", "機関区分": 2, "都道府県コード": 5, "市区町村コード": 348, "所在地": "秋田県山本郡三種町鹿渡東小瀬川４２－８", "緯度": 40.033878, "経度": 140.081564, "url": "https://www.iryou.teikyouseido.mhlw.go.jp/znk-web/juminkanja/S2430/initialize?prefCd=05&kikanCd=22050300590&kikanKbn=2", "url2": null, "内容": "鹿渡内科医院【2:診療所】【診療科目:0】秋田県山本郡三種町鹿渡東小瀬川４２－８" }, "geometry": { "type": "Point", "coordinates": [ 140.081564, 40.033878 ] } },
{ "type": "Feature", "properties": { "ID": 522050300630, "正式名称": "医療法人こだま会　長信田の森心療クリニック", "機関区分": 2, "都道府県コード": 5, "市区町村コード": 348, "所在地": "秋田県山本郡三種町森岳字石倉沢１－２", "緯度": 40.077265, "経度": 140.09431, "url": "https://www.iryou.teikyouseido.mhlw.go.jp/znk-web/juminkanja/S2430/initialize?prefCd=05&kikanCd=22050300630&kikanKbn=2", "url2": "http://www.nagashidanomori.com/", "内容": "医療法人こだま会　長信田の森心療クリニック【2:診療所】【診療科目:0】秋田県山本郡三種町森岳字石倉沢１－２" }, "geometry": { "type": "Point", "coordinates": [ 140.09431, 40.077265 ] } },
{ "type": "Feature", "properties": { "ID": 522050300650, "正式名称": "佐藤医院", "機関区分": 2, "都道府県コード": 5, "市区町村コード": 348, "所在地": "秋田県山本郡三種町森岳町尻１３", "緯度": 40.102483, "経度": 140.075246, "url": "https://www.iryou.teikyouseido.mhlw.go.jp/znk-web/juminkanja/S2430/initialize?prefCd=05&kikanCd=22050300650&kikanKbn=2", "url2": null, "内容": "佐藤医院【2:診療所】【診療科目:0】秋田県山本郡三種町森岳町尻１３" }, "geometry": { "type": "Point", "coordinates": [ 140.075246, 40.102483 ] } },
{ "type": "Feature", "properties": { "ID": 522050300670, "正式名称": "医療法人徳新会　ドラゴンクリニック", "機関区分": 2, "都道府県コード": 5, "市区町村コード": 348, "所在地": "秋田県山本郡三種町浜田字上浜田１番地１", "緯度": 40.103119, "経度": 139.998374, "url": "https://www.iryou.teikyouseido.mhlw.go.jp/znk-web/juminkanja/S2430/initialize?prefCd=05&kikanCd=22050300670&kikanKbn=2", "url2": "https://dragon.tokushukai.or.jp/", "内容": "医療法人徳新会　ドラゴンクリニック【2:診療所】【診療科目:0】秋田県山本郡三種町浜田字上浜田１番地１" }, "geometry": { "type": "Point", "coordinates": [ 139.998374, 40.103119 ] } },
{ "type": "Feature", "properties": { "ID": 522050300690, "正式名称": "八峰町営診療所", "機関区分": 2, "都道府県コード": 5, "市区町村コード": 349, "所在地": "秋田県山本郡八峰町峰浜水沢稲荷堂後１１６番地１", "緯度": 40.297789, "経度": 140.039373, "url": "https://www.iryou.teikyouseido.mhlw.go.jp/znk-web/juminkanja/S2430/initialize?prefCd=05&kikanCd=22050300690&kikanKbn=2", "url2": null, "内容": "八峰町営診療所【2:診療所】【診療科目:0】秋田県山本郡八峰町峰浜水沢稲荷堂後１１６番地１" }, "geometry": { "type": "Point", "coordinates": [ 140.039373, 40.297789 ] } },
{ "type": "Feature", "properties": { "ID": 522050300720, "正式名称": "八峰町ハタハタの町診療所", "機関区分": 2, "都道府県コード": 5, "市区町村コード": 349, "所在地": "秋田県山本郡八峰町八森中浜１９６－２６", "緯度": 40.369841, "経度": 140.014748, "url": "https://www.iryou.teikyouseido.mhlw.go.jp/znk-web/juminkanja/S2430/initialize?prefCd=05&kikanCd=22050300720&kikanKbn=2", "url2": null, "内容": "八峰町ハタハタの町診療所【2:診療所】【診療科目:0】秋田県山本郡八峰町八森中浜１９６－２６" }, "geometry": { "type": "Point", "coordinates": [ 140.014748, 40.369841 ] } },
{ "type": "Feature", "properties": { "ID": 522050300750, "正式名称": "能代南内科内視鏡クリニック", "機関区分": 2, "都道府県コード": 5, "市区町村コード": 202, "所在地": "秋田県能代市寿域長根５５－３０", "緯度": 40.190666, "経度": 140.027394, "url": "https://www.iryou.teikyouseido.mhlw.go.jp/znk-web/juminkanja/S2430/initialize?prefCd=05&kikanCd=22050300750&kikanKbn=2", "url2": "http://noshirominami.hiyamugi.com/", "内容": "能代南内科内視鏡クリニック【2:診療所】【診療科目:0】秋田県能代市寿域長根５５－３０" }, "geometry": { "type": "Point", "coordinates": [ 140.027394, 40.190666 ] } },
{ "type": "Feature", "properties": { "ID": 522050300810, "正式名称": "信クリニック　皮ふ科・形成外科", "機関区分": 2, "都道府県コード": 5, "市区町村コード": 202, "所在地": "秋田県能代市落合字上悪土１６０", "緯度": 40.224662, "経度": 140.022588, "url": "https://www.iryou.teikyouseido.mhlw.go.jp/znk-web/juminkanja/S2430/initialize?prefCd=05&kikanCd=22050300810&kikanKbn=2", "url2": "https://shin-cl.jp/", "内容": "信クリニック　皮ふ科・形成外科【2:診療所】【診療科目:0】秋田県能代市落合字上悪土１６０" }, "geometry": { "type": "Point", "coordinates": [ 140.022588, 40.224662 ] } },
{ "type": "Feature", "properties": { "ID": 522050300820, "正式名称": "わたなべ内科医院", "機関区分": 2, "都道府県コード": 5, "市区町村コード": 202, "所在地": "秋田県能代市藤山１１２番地１", "緯度": 40.186696, "経度": 140.029825, "url": "https://www.iryou.teikyouseido.mhlw.go.jp/znk-web/juminkanja/S2430/initialize?prefCd=05&kikanCd=22050300820&kikanKbn=2", "url2": null, "内容": "わたなべ内科医院【2:診療所】【診療科目:0】秋田県能代市藤山１１２番地１" }, "geometry": { "type": "Point", "coordinates": [ 140.029825, 40.186696 ] } },
{ "type": "Feature", "properties": { "ID": 522050300830, "正式名称": "医療法人　京回生会　京内科クリニック", "機関区分": 2, "都道府県コード": 5, "市区町村コード": 202, "所在地": "秋田県能代市大町１－８", "緯度": 40.212719, "経度": 140.026393, "url": "https://www.iryou.teikyouseido.mhlw.go.jp/znk-web/juminkanja/S2430/initialize?prefCd=05&kikanCd=22050300830&kikanKbn=2", "url2": "http://kyohospital.com/index.html", "内容": "医療法人　京回生会　京内科クリニック【2:診療所】【診療科目:0】秋田県能代市大町１－８" }, "geometry": { "type": "Point", "coordinates": [ 140.026393, 40.212719 ] } },
{ "type": "Feature", "properties": { "ID": 522050300840, "正式名称": "まついレディースクリニック", "機関区分": 2, "都道府県コード": 5, "市区町村コード": 202, "所在地": "秋田県能代市字下瀬３０番４号", "緯度": 40.186737, "経度": 140.03836, "url": "https://www.iryou.teikyouseido.mhlw.go.jp/znk-web/juminkanja/S2430/initialize?prefCd=05&kikanCd=22050300840&kikanKbn=2", "url2": "https://www.matsui-ldc.jp", "内容": "まついレディースクリニック【2:診療所】【診療科目:0】秋田県能代市字下瀬３０番４号" }, "geometry": { "type": "Point", "coordinates": [ 140.03836, 40.186737 ] } },
{ "type": "Feature", "properties": { "ID": 522050400010, "正式名称": "医療法人社団　柔心会　男鹿整形外科", "機関区分": 2, "都道府県コード": 5, "市区町村コード": 206, "所在地": "秋田県男鹿市船越一向６７－１８０", "緯度": 39.898168, "経度": 139.948192, "url": "https://www.iryou.teikyouseido.mhlw.go.jp/znk-web/juminkanja/S2430/initialize?prefCd=05&kikanCd=22050400010&kikanKbn=2", "url2": "http://www.jusinkai.or.jp", "内容": "医療法人社団　柔心会　男鹿整形外科【2:診療所】【診療科目:0】秋田県男鹿市船越一向６７－１８０" }, "geometry": { "type": "Point", "coordinates": [ 139.948192, 39.898168 ] } },
{ "type": "Feature", "properties": { "ID": 522050400030, "正式名称": "たむら船越クリニック", "機関区分": 2, "都道府県コード": 5, "市区町村コード": 206, "所在地": "秋田県男鹿市船越内子２２４－９", "緯度": 39.902806, "経度": 139.93811, "url": "https://www.iryou.teikyouseido.mhlw.go.jp/znk-web/juminkanja/S2430/initialize?prefCd=05&kikanCd=22050400030&kikanKbn=2", "url2": null, "内容": "たむら船越クリニック【2:診療所】【診療科目:0】秋田県男鹿市船越内子２２４－９" }, "geometry": { "type": "Point", "coordinates": [ 139.93811, 39.902806 ] } },
{ "type": "Feature", "properties": { "ID": 522050400050, "正式名称": "よしだ内科クリニック", "機関区分": 2, "都道府県コード": 5, "市区町村コード": 206, "所在地": "秋田県男鹿市船越本町１２－１", "緯度": 39.902943, "経度": 139.946662, "url": "https://www.iryou.teikyouseido.mhlw.go.jp/znk-web/juminkanja/S2430/initialize?prefCd=05&kikanCd=22050400050&kikanKbn=2", "url2": null, "内容": "よしだ内科クリニック【2:診療所】【診療科目:0】秋田県男鹿市船越本町１２－１" }, "geometry": { "type": "Point", "coordinates": [ 139.946662, 39.902943 ] } },
{ "type": "Feature", "properties": { "ID": 522050400060, "正式名称": "長沼医院", "機関区分": 2, "都道府県コード": 5, "市区町村コード": 206, "所在地": "秋田県男鹿市船越本町１３番地１７", "緯度": 39.903278, "経度": 139.94722, "url": "https://www.iryou.teikyouseido.mhlw.go.jp/znk-web/juminkanja/S2430/initialize?prefCd=05&kikanCd=22050400060&kikanKbn=2", "url2": null, "内容": "長沼医院【2:診療所】【診療科目:0】秋田県男鹿市船越本町１３番地１７" }, "geometry": { "type": "Point", "coordinates": [ 139.94722, 39.903278 ] } },
{ "type": "Feature", "properties": { "ID": 522050400070, "正式名称": "医療法人與治兵衛　男鹿加藤診療所", "機関区分": 2, "都道府県コード": 5, "市区町村コード": 206, "所在地": "秋田県男鹿市脇本脇本下谷地３９－１", "緯度": 39.904, "経度": 139.909528, "url": "https://www.iryou.teikyouseido.mhlw.go.jp/znk-web/juminkanja/S2430/initialize?prefCd=05&kikanCd=22050400070&kikanKbn=2", "url2": "https://oga-naika.com/", "内容": "医療法人與治兵衛　男鹿加藤診療所【2:診療所】【診療科目:0】秋田県男鹿市脇本脇本下谷地３９－１" }, "geometry": { "type": "Point", "coordinates": [ 139.909528, 39.904 ] } },
{ "type": "Feature", "properties": { "ID": 522050400080, "正式名称": "脇本クリニック", "機関区分": 2, "都道府県コード": 5, "市区町村コード": 206, "所在地": "秋田県男鹿市脇本脇本上野１１０－４", "緯度": 39.914109, "経度": 139.900585, "url": "https://www.iryou.teikyouseido.mhlw.go.jp/znk-web/juminkanja/S2430/initialize?prefCd=05&kikanCd=22050400080&kikanKbn=2", "url2": null, "内容": "脇本クリニック【2:診療所】【診療科目:0】秋田県男鹿市脇本脇本上野１１０－４" }, "geometry": { "type": "Point", "coordinates": [ 139.900585, 39.914109 ] } },
{ "type": "Feature", "properties": { "ID": 522050400090, "正式名称": "ふるやファミリークリニック", "機関区分": 2, "都道府県コード": 5, "市区町村コード": 206, "所在地": "秋田県男鹿市脇本脇本石館１６", "緯度": 39.909527, "経度": 139.908501, "url": "https://www.iryou.teikyouseido.mhlw.go.jp/znk-web/juminkanja/S2430/initialize?prefCd=05&kikanCd=22050400090&kikanKbn=2", "url2": null, "内容": "ふるやファミリークリニック【2:診療所】【診療科目:0】秋田県男鹿市脇本脇本石館１６" }, "geometry": { "type": "Point", "coordinates": [ 139.908501, 39.909527 ] } },
{ "type": "Feature", "properties": { "ID": 522050400110, "正式名称": "男鹿市国民健康保険五里合出張診療所", "機関区分": 2, "都道府県コード": 5, "市区町村コード": 206, "所在地": "秋田県男鹿市五里合箱井町屋田４０番地３", "緯度": 39.975075, "経度": 139.872862, "url": "https://www.iryou.teikyouseido.mhlw.go.jp/znk-web/juminkanja/S2430/initialize?prefCd=05&kikanCd=22050400110&kikanKbn=2", "url2": null, "内容": "男鹿市国民健康保険五里合出張診療所【2:診療所】【診療科目:0】秋田県男鹿市五里合箱井町屋田４０番地３" }, "geometry": { "type": "Point", "coordinates": [ 139.872862, 39.975075 ] } },
{ "type": "Feature", "properties": { "ID": 522050400140, "正式名称": "医療法人　佐藤医院", "機関区分": 2, "都道府県コード": 5, "市区町村コード": 206, "所在地": "秋田県男鹿市払戸中樋１４６－３", "緯度": 39.930525, "経度": 139.936525, "url": "https://www.iryou.teikyouseido.mhlw.go.jp/znk-web/juminkanja/S2430/initialize?prefCd=05&kikanCd=22050400140&kikanKbn=2", "url2": null, "内容": "医療法人　佐藤医院【2:診療所】【診療科目:0】秋田県男鹿市払戸中樋１４６－３" }, "geometry": { "type": "Point", "coordinates": [ 139.936525, 39.930525 ] } },
{ "type": "Feature", "properties": { "ID": 522050400150, "正式名称": "香曽我部医院", "機関区分": 2, "都道府県コード": 5, "市区町村コード": 206, "所在地": "秋田県男鹿市払戸字渡部１５", "緯度": 39.938191, "経度": 139.927164, "url": "https://www.iryou.teikyouseido.mhlw.go.jp/znk-web/juminkanja/S2430/initialize?prefCd=05&kikanCd=22050400150&kikanKbn=2", "url2": null, "内容": "香曽我部医院【2:診療所】【診療科目:0】秋田県男鹿市払戸字渡部１５" }, "geometry": { "type": "Point", "coordinates": [ 139.927164, 39.938191 ] } },
{ "type": "Feature", "properties": { "ID": 522050400170, "正式名称": "医療法人幸佑会　長谷川医院", "機関区分": 2, "都道府県コード": 5, "市区町村コード": 206, "所在地": "秋田県男鹿市船川港船川新浜町２６－２", "緯度": 39.884223, "経度": 139.84759, "url": "https://www.iryou.teikyouseido.mhlw.go.jp/znk-web/juminkanja/S2430/initialize?prefCd=05&kikanCd=22050400170&kikanKbn=2", "url2": "http://www.kouyukai-h.com", "内容": "医療法人幸佑会　長谷川医院【2:診療所】【診療科目:0】秋田県男鹿市船川港船川新浜町２６－２" }, "geometry": { "type": "Point", "coordinates": [ 139.84759, 39.884223 ] } },
{ "type": "Feature", "properties": { "ID": 522050400210, "正式名称": "男鹿市加茂青砂へき地出張診療所", "機関区分": 2, "都道府県コード": 5, "市区町村コード": 206, "所在地": "秋田県男鹿市戸賀加茂青砂鴨３４の３", "緯度": 39.909996, "経度": 139.730293, "url": "https://www.iryou.teikyouseido.mhlw.go.jp/znk-web/juminkanja/S2430/initialize?prefCd=05&kikanCd=22050400210&kikanKbn=2", "url2": null, "内容": "男鹿市加茂青砂へき地出張診療所【2:診療所】【診療科目:0】秋田県男鹿市戸賀加茂青砂鴨３４の３" }, "geometry": { "type": "Point", "coordinates": [ 139.730293, 39.909996 ] } },
{ "type": "Feature", "properties": { "ID": 522050400220, "正式名称": "男鹿市国民健康保険戸賀出張診療所", "機関区分": 2, "都道府県コード": 5, "市区町村コード": 206, "所在地": "秋田県男鹿市戸賀浜塩谷大水沢１５番地の２", "緯度": 39.957436, "経度": 139.720708, "url": "https://www.iryou.teikyouseido.mhlw.go.jp/znk-web/juminkanja/S2430/initialize?prefCd=05&kikanCd=22050400220&kikanKbn=2", "url2": null, "内容": "男鹿市国民健康保険戸賀出張診療所【2:診療所】【診療科目:0】秋田県男鹿市戸賀浜塩谷大水沢１５番地の２" }, "geometry": { "type": "Point", "coordinates": [ 139.720708, 39.957436 ] } },
{ "type": "Feature", "properties": { "ID": 522050400230, "正式名称": "男鹿市入道崎へき地出張診療所", "機関区分": 2, "都道府県コード": 5, "市区町村コード": 206, "所在地": "秋田県男鹿市北浦入道崎嶋畑８１", "緯度": 39.99907, "経度": 139.706597, "url": "https://www.iryou.teikyouseido.mhlw.go.jp/znk-web/juminkanja/S2430/initialize?prefCd=05&kikanCd=22050400230&kikanKbn=2", "url2": null, "内容": "男鹿市入道崎へき地出張診療所【2:診療所】【診療科目:0】秋田県男鹿市北浦入道崎嶋畑８１" }, "geometry": { "type": "Point", "coordinates": [ 139.706597, 39.99907 ] } },
{ "type": "Feature", "properties": { "ID": 522050400250, "正式名称": "おおこし眼科", "機関区分": 2, "都道府県コード": 5, "市区町村コード": 211, "所在地": "秋田県潟上市天王長沼２３－５", "緯度": 39.812872, "経度": 140.048567, "url": "https://www.iryou.teikyouseido.mhlw.go.jp/znk-web/juminkanja/S2430/initialize?prefCd=05&kikanCd=22050400250&kikanKbn=2", "url2": null, "内容": "おおこし眼科【2:診療所】【診療科目:0】秋田県潟上市天王長沼２３－５" }, "geometry": { "type": "Point", "coordinates": [ 140.048567, 39.812872 ] } },
{ "type": "Feature", "properties": { "ID": 522050400260, "正式名称": "斎藤整形外科", "機関区分": 2, "都道府県コード": 5, "市区町村コード": 211, "所在地": "秋田県潟上市天王長沼４０－２１", "緯度": 39.814651, "経度": 140.045938, "url": "https://www.iryou.teikyouseido.mhlw.go.jp/znk-web/juminkanja/S2430/initialize?prefCd=05&kikanCd=22050400260&kikanKbn=2", "url2": null, "内容": "斎藤整形外科【2:診療所】【診療科目:0】秋田県潟上市天王長沼４０－２１" }, "geometry": { "type": "Point", "coordinates": [ 140.045938, 39.814651 ] } },
{ "type": "Feature", "properties": { "ID": 522050400270, "正式名称": "医療法人三仁会　せきクリニック", "機関区分": 2, "都道府県コード": 5, "市区町村コード": 211, "所在地": "秋田県潟上市天王長沼４２－５", "緯度": 39.814262, "経度": 140.046466, "url": "https://www.iryou.teikyouseido.mhlw.go.jp/znk-web/juminkanja/S2430/initialize?prefCd=05&kikanCd=22050400270&kikanKbn=2", "url2": "http://www.seki-clinic.net/", "内容": "医療法人三仁会　せきクリニック【2:診療所】【診療科目:0】秋田県潟上市天王長沼４２－５" }, "geometry": { "type": "Point", "coordinates": [ 140.046466, 39.814262 ] } },
{ "type": "Feature", "properties": { "ID": 522050400280, "正式名称": "対馬耳鼻咽喉科医院", "機関区分": 2, "都道府県コード": 5, "市区町村コード": 211, "所在地": "秋田県潟上市天王追分西２－７１", "緯度": 39.814123, "経度": 140.045633, "url": "https://www.iryou.teikyouseido.mhlw.go.jp/znk-web/juminkanja/S2430/initialize?prefCd=05&kikanCd=22050400280&kikanKbn=2", "url2": null, "内容": "対馬耳鼻咽喉科医院【2:診療所】【診療科目:0】秋田県潟上市天王追分西２－７１" }, "geometry": { "type": "Point", "coordinates": [ 140.045633, 39.814123 ] } },
{ "type": "Feature", "properties": { "ID": 522050400310, "正式名称": "医療法人敬徳会　出戸診療所", "機関区分": 2, "都道府県コード": 5, "市区町村コード": 211, "所在地": "秋田県潟上市天王字北野３０７－５５", "緯度": 39.843854, "経度": 140.025999, "url": "https://www.iryou.teikyouseido.mhlw.go.jp/znk-web/juminkanja/S2430/initialize?prefCd=05&kikanCd=22050400310&kikanKbn=2", "url2": null, "内容": "医療法人敬徳会　出戸診療所【2:診療所】【診療科目:0】秋田県潟上市天王字北野３０７－５５" }, "geometry": { "type": "Point", "coordinates": [ 140.025999, 39.843854 ] } },
{ "type": "Feature", "properties": { "ID": 522050400330, "正式名称": "社会医療法人正和会　南秋田眼科医院", "機関区分": 2, "都道府県コード": 5, "市区町村コード": 211, "所在地": "秋田県潟上市昭和大久保街道下１０６－５", "緯度": 39.870478, "経度": 140.061934, "url": "https://www.iryou.teikyouseido.mhlw.go.jp/znk-web/juminkanja/S2430/initialize?prefCd=05&kikanCd=22050400330&kikanKbn=2", "url2": "http://www.seiwakai-net.com/smc/m_ganka/", "内容": "社会医療法人正和会　南秋田眼科医院【2:診療所】【診療科目:0】秋田県潟上市昭和大久保街道下１０６－５" }, "geometry": { "type": "Point", "coordinates": [ 140.061934, 39.870478 ] } },
{ "type": "Feature", "properties": { "ID": 522050400340, "正式名称": "社会医療法人正和会　小玉医院", "機関区分": 2, "都道府県コード": 5, "市区町村コード": 211, "所在地": "秋田県潟上市昭和大久保字街道下９６－８", "緯度": 39.870201, "経度": 140.061962, "url": "https://www.iryou.teikyouseido.mhlw.go.jp/znk-web/juminkanja/S2430/initialize?prefCd=05&kikanCd=22050400340&kikanKbn=2", "url2": "http://med.akita-seiwakai.jp/kodama/", "内容": "社会医療法人正和会　小玉医院【2:診療所】【診療科目:0】秋田県潟上市昭和大久保字街道下９６－８" }, "geometry": { "type": "Point", "coordinates": [ 140.061962, 39.870201 ] } },
{ "type": "Feature", "properties": { "ID": 522050400350, "正式名称": "社会医療法人正和会　南秋田整形外科医院", "機関区分": 2, "都道府県コード": 5, "市区町村コード": 211, "所在地": "秋田県潟上市昭和大久保字街道下９６－２", "緯度": 39.870284, "経度": 140.061295, "url": "https://www.iryou.teikyouseido.mhlw.go.jp/znk-web/juminkanja/S2430/initialize?prefCd=05&kikanCd=22050400350&kikanKbn=2", "url2": "https://med.akita-seiwakai.jp/saorthopedic/", "内容": "社会医療法人正和会　南秋田整形外科医院【2:診療所】【診療科目:0】秋田県潟上市昭和大久保字街道下９６－２" }, "geometry": { "type": "Point", "coordinates": [ 140.061295, 39.870284 ] } },
{ "type": "Feature", "properties": { "ID": 522050400360, "正式名称": "ハートインクリニック", "機関区分": 2, "都道府県コード": 5, "市区町村コード": 211, "所在地": "秋田県潟上市昭和大久保町後１７３－４２", "緯度": 39.869756, "経度": 140.059101, "url": "https://www.iryou.teikyouseido.mhlw.go.jp/znk-web/juminkanja/S2430/initialize?prefCd=05&kikanCd=22050400360&kikanKbn=2", "url2": null, "内容": "ハートインクリニック【2:診療所】【診療科目:0】秋田県潟上市昭和大久保町後１７３－４２" }, "geometry": { "type": "Point", "coordinates": [ 140.059101, 39.869756 ] } },
{ "type": "Feature", "properties": { "ID": 522050400370, "正式名称": "医療法人明翁堂　佐々木医院", "機関区分": 2, "都道府県コード": 5, "市区町村コード": 211, "所在地": "秋田県潟上市昭和大久保堤の上９１番地", "緯度": 39.869006, "経度": 140.063656, "url": "https://www.iryou.teikyouseido.mhlw.go.jp/znk-web/juminkanja/S2430/initialize?prefCd=05&kikanCd=22050400370&kikanKbn=2", "url2": null, "内容": "医療法人明翁堂　佐々木医院【2:診療所】【診療科目:0】秋田県潟上市昭和大久保堤の上９１番地" }, "geometry": { "type": "Point", "coordinates": [ 140.063656, 39.869006 ] } },
{ "type": "Feature", "properties": { "ID": 522050400400, "正式名称": "神田医院", "機関区分": 2, "都道府県コード": 5, "市区町村コード": 211, "所在地": "秋田県潟上市飯田川下虻川字屋敷１００", "緯度": 39.878172, "経度": 140.0701, "url": "https://www.iryou.teikyouseido.mhlw.go.jp/znk-web/juminkanja/S2430/initialize?prefCd=05&kikanCd=22050400400&kikanKbn=2", "url2": null, "内容": "神田医院【2:診療所】【診療科目:0】秋田県潟上市飯田川下虻川字屋敷１００" }, "geometry": { "type": "Point", "coordinates": [ 140.0701, 39.878172 ] } },
{ "type": "Feature", "properties": { "ID": 522050400420, "正式名称": "医療法人　相澤医院　あいざわ胃腸科クリニック", "機関区分": 2, "都道府県コード": 5, "市区町村コード": 211, "所在地": "秋田県潟上市飯田川飯塚樋ノ下７５－１", "緯度": 39.900475, "経度": 140.074988, "url": "https://www.iryou.teikyouseido.mhlw.go.jp/znk-web/juminkanja/S2430/initialize?prefCd=05&kikanCd=22050400420&kikanKbn=2", "url2": null, "内容": "医療法人　相澤医院　あいざわ胃腸科クリニック【2:診療所】【診療科目:0】秋田県潟上市飯田川飯塚樋ノ下７５－１" }, "geometry": { "type": "Point", "coordinates": [ 140.074988, 39.900475 ] } },
{ "type": "Feature", "properties": { "ID": 522050400430, "正式名称": "千葉内科医院", "機関区分": 2, "都道府県コード": 5, "市区町村コード": 361, "所在地": "秋田県南秋田郡五城目町石田六ケ村堰添１１３－４", "緯度": 39.949333, "経度": 140.123092, "url": "https://www.iryou.teikyouseido.mhlw.go.jp/znk-web/juminkanja/S2430/initialize?prefCd=05&kikanCd=22050400430&kikanKbn=2", "url2": null, "内容": "千葉内科医院【2:診療所】【診療科目:0】秋田県南秋田郡五城目町石田六ケ村堰添１１３－４" }, "geometry": { "type": "Point", "coordinates": [ 140.123092, 39.949333 ] } },
{ "type": "Feature", "properties": { "ID": 522050400440, "正式名称": "社会医療法人正和会　湖東快晴クリニック", "機関区分": 2, "都道府県コード": 5, "市区町村コード": 361, "所在地": "秋田県南秋田郡五城目町大川西野字堤ノ内１番地１", "緯度": 39.934711, "経度": 140.106346, "url": "https://www.iryou.teikyouseido.mhlw.go.jp/znk-web/juminkanja/S2430/initialize?prefCd=05&kikanCd=22050400440&kikanKbn=2", "url2": null, "内容": "社会医療法人正和会　湖東快晴クリニック【2:診療所】【診療科目:0】秋田県南秋田郡五城目町大川西野字堤ノ内１番地１" }, "geometry": { "type": "Point", "coordinates": [ 140.106346, 39.934711 ] } },
{ "type": "Feature", "properties": { "ID": 522050400460, "正式名称": "医療法人智徳会　ささき内科クリニック", "機関区分": 2, "都道府県コード": 5, "市区町村コード": 361, "所在地": "秋田県南秋田郡五城目町鵜ノ木９０－１", "緯度": 39.944221, "経度": 140.116398, "url": "https://www.iryou.teikyouseido.mhlw.go.jp/znk-web/juminkanja/S2430/initialize?prefCd=05&kikanCd=22050400460&kikanKbn=2", "url2": "http://www.myclinic.ne.jp/chitokukai/", "内容": "医療法人智徳会　ささき内科クリニック【2:診療所】【診療科目:0】秋田県南秋田郡五城目町鵜ノ木９０－１" }, "geometry": { "type": "Point", "coordinates": [ 140.116398, 39.944221 ] } },
{ "type": "Feature", "properties": { "ID": 522050400490, "正式名称": "医療法人悠紀会　ごじょうめ眼科クリニック", "機関区分": 2, "都道府県コード": 5, "市区町村コード": 361, "所在地": "秋田県南秋田郡五城目町東磯ノ目二丁目１－１０", "緯度": 39.942777, "経度": 140.115093, "url": "https://www.iryou.teikyouseido.mhlw.go.jp/znk-web/juminkanja/S2430/initialize?prefCd=05&kikanCd=22050400490&kikanKbn=2", "url2": null, "内容": "医療法人悠紀会　ごじょうめ眼科クリニック【2:診療所】【診療科目:0】秋田県南秋田郡五城目町東磯ノ目二丁目１－１０" }, "geometry": { "type": "Point", "coordinates": [ 140.115093, 39.942777 ] } },
{ "type": "Feature", "properties": { "ID": 522050400530, "正式名称": "児玉内科医院", "機関区分": 2, "都道府県コード": 5, "市区町村コード": 363, "所在地": "秋田県南秋田郡八郎潟町中田６７－１４", "緯度": 39.948304, "経度": 140.077429, "url": "https://www.iryou.teikyouseido.mhlw.go.jp/znk-web/juminkanja/S2430/initialize?prefCd=05&kikanCd=22050400530&kikanKbn=2", "url2": null, "内容": "児玉内科医院【2:診療所】【診療科目:0】秋田県南秋田郡八郎潟町中田６７－１４" }, "geometry": { "type": "Point", "coordinates": [ 140.077429, 39.948304 ] } },
{ "type": "Feature", "properties": { "ID": 522050400540, "正式名称": "児玉医院歯科", "機関区分": 2, "都道府県コード": 5, "市区町村コード": 363, "所在地": "秋田県南秋田郡八郎潟町一日市１１５－１", "緯度": 39.941999, "経度": 140.074541, "url": "https://www.iryou.teikyouseido.mhlw.go.jp/znk-web/juminkanja/S2430/initialize?prefCd=05&kikanCd=22050400540&kikanKbn=2", "url2": "http://hachirogata-mebius.web.infoseek.co.jp/kodama_dental_clinic.html", "内容": "児玉医院歯科【2:診療所】【診療科目:0】秋田県南秋田郡八郎潟町一日市１１５－１" }, "geometry": { "type": "Point", "coordinates": [ 140.074541, 39.941999 ] } },
{ "type": "Feature", "properties": { "ID": 522050400560, "正式名称": "国民健康保険井川町診療所", "機関区分": 2, "都道府県コード": 5, "市区町村コード": 366, "所在地": "秋田県南秋田郡井川町北川尻海老沢樋ノ口１０６－１", "緯度": 39.914363, "経度": 140.080042, "url": "https://www.iryou.teikyouseido.mhlw.go.jp/znk-web/juminkanja/S2430/initialize?prefCd=05&kikanCd=22050400560&kikanKbn=2", "url2": "http://www.town.ikawa.akita.jp/", "内容": "国民健康保険井川町診療所【2:診療所】【診療科目:0】秋田県南秋田郡井川町北川尻海老沢樋ノ口１０６－１" }, "geometry": { "type": "Point", "coordinates": [ 140.080042, 39.914363 ] } },
{ "type": "Feature", "properties": { "ID": 522050400590, "正式名称": "大潟村診療所", "機関区分": 2, "都道府県コード": 5, "市区町村コード": 368, "所在地": "秋田県南秋田郡大潟村中央１－１３", "緯度": 40.020071, "経度": 139.959403, "url": "https://www.iryou.teikyouseido.mhlw.go.jp/znk-web/juminkanja/S2430/initialize?prefCd=05&kikanCd=22050400590&kikanKbn=2", "url2": "https://www.seiwakai-net.com/ogata_c/", "内容": "大潟村診療所【2:診療所】【診療科目:0】秋田県南秋田郡大潟村中央１－１３" }, "geometry": { "type": "Point", "coordinates": [ 139.959403, 40.020071 ] } },
{ "type": "Feature", "properties": { "ID": 522050400610, "正式名称": "秋田県秋田中央保健所", "機関区分": 2, "都道府県コード": 5, "市区町村コード": 211, "所在地": "秋田県潟上市昭和乱橋古開１７２－１", "緯度": 39.851675, "経度": 140.054353, "url": "https://www.iryou.teikyouseido.mhlw.go.jp/znk-web/juminkanja/S2430/initialize?prefCd=05&kikanCd=22050400610&kikanKbn=2", "url2": "http://www.pref.akita.lg.jp/pages/genre/14801", "内容": "秋田県秋田中央保健所【2:診療所】【診療科目:0】秋田県潟上市昭和乱橋古開１７２－１" }, "geometry": { "type": "Point", "coordinates": [ 140.054353, 39.851675 ] } },
{ "type": "Feature", "properties": { "ID": 522050400640, "正式名称": "正和会スマートクリニック", "機関区分": 2, "都道府県コード": 5, "市区町村コード": 211, "所在地": "秋田県潟上市飯田川下虻川字井戸沢４１番地", "緯度": 39.882755, "経度": 140.0741, "url": "https://www.iryou.teikyouseido.mhlw.go.jp/znk-web/juminkanja/S2430/initialize?prefCd=05&kikanCd=22050400640&kikanKbn=2", "url2": null, "内容": "正和会スマートクリニック【2:診療所】【診療科目:0】秋田県潟上市飯田川下虻川字井戸沢４１番地" }, "geometry": { "type": "Point", "coordinates": [ 140.0741, 39.882755 ] } },
{ "type": "Feature", "properties": { "ID": 522050500010, "正式名称": "工藤胃腸内科クリニック", "機関区分": 2, "都道府県コード": 5, "市区町村コード": 201, "所在地": "秋田県秋田市中通１－３－５　秋田キャッスルホテル２階", "緯度": 39.717801, "経度": 140.120436, "url": "https://www.iryou.teikyouseido.mhlw.go.jp/znk-web/juminkanja/S2430/initialize?prefCd=05&kikanCd=22050500010&kikanKbn=2", "url2": "http://www.kudo-endoscopic.com", "内容": "工藤胃腸内科クリニック【2:診療所】【診療科目:0】秋田県秋田市中通１－３－５　秋田キャッスルホテル２階" }, "geometry": { "type": "Point", "coordinates": [ 140.120436, 39.717801 ] } },
{ "type": "Feature", "properties": { "ID": 522050500030, "正式名称": "秋田県赤十字血液センター中通出張所", "機関区分": 2, "都道府県コード": 5, "市区町村コード": 201, "所在地": "秋田県秋田市中通２－３－８　アトリオン１階", "緯度": 39.71744, "経度": 140.124575, "url": "https://www.iryou.teikyouseido.mhlw.go.jp/znk-web/juminkanja/S2430/initialize?prefCd=05&kikanCd=22050500030&kikanKbn=2", "url2": "https://www.bs.jrc.or.jp/th/akita/index.html", "内容": "秋田県赤十字血液センター中通出張所【2:診療所】【診療科目:0】秋田県秋田市中通２－３－８　アトリオン１階" }, "geometry": { "type": "Point", "coordinates": [ 140.124575, 39.71744 ] } },
{ "type": "Feature", "properties": { "ID": 522050500040, "正式名称": "メンタルクリニック秋田駅前", "機関区分": 2, "都道府県コード": 5, "市区町村コード": 201, "所在地": "秋田県秋田市中通２丁目６－４４　ニュー金座街ビル４階", "緯度": 39.71658, "経度": 140.126103, "url": "https://www.iryou.teikyouseido.mhlw.go.jp/znk-web/juminkanja/S2430/initialize?prefCd=05&kikanCd=22050500040&kikanKbn=2", "url2": "http://mencli-akita.y7.net", "内容": "メンタルクリニック秋田駅前【2:診療所】【診療科目:0】秋田県秋田市中通２丁目６－４４　ニュー金座街ビル４階" }, "geometry": { "type": "Point", "coordinates": [ 140.126103, 39.71658 ] } },
{ "type": "Feature", "properties": { "ID": 522050500060, "正式名称": "松岡内科クリニック", "機関区分": 2, "都道府県コード": 5, "市区町村コード": 201, "所在地": "秋田県秋田市中通１－３－４６　フォート・ファイン秋田", "緯度": 39.716607, "経度": 140.120186, "url": "https://www.iryou.teikyouseido.mhlw.go.jp/znk-web/juminkanja/S2430/initialize?prefCd=05&kikanCd=22050500060&kikanKbn=2", "url2": "http://www.matsuoka-clinic.com", "内容": "松岡内科クリニック【2:診療所】【診療科目:0】秋田県秋田市中通１－３－４６　フォート・ファイン秋田" }, "geometry": { "type": "Point", "coordinates": [ 140.120186, 39.716607 ] } },
{ "type": "Feature", "properties": { "ID": 522050500070, "正式名称": "医療法人社団　秋峰会　千秋ひろこうじ眼科医院", "機関区分": 2, "都道府県コード": 5, "市区町村コード": 201, "所在地": "秋田県秋田市中通１－３－５　　キャッスルホテル２階", "緯度": 39.717801, "経度": 140.120436, "url": "https://www.iryou.teikyouseido.mhlw.go.jp/znk-web/juminkanja/S2430/initialize?prefCd=05&kikanCd=22050500070&kikanKbn=2", "url2": "http://hirokoji.jp/", "内容": "医療法人社団　秋峰会　千秋ひろこうじ眼科医院【2:診療所】【診療科目:0】秋田県秋田市中通１－３－５　　キャッスルホテル２階" }, "geometry": { "type": "Point", "coordinates": [ 140.120436, 39.717801 ] } },
{ "type": "Feature", "properties": { "ID": 522050500080, "正式名称": "さとう脳神経・メンタルクリニック", "機関区分": 2, "都道府県コード": 5, "市区町村コード": 201, "所在地": "秋田県秋田市中通１－３－５　　秋田キャッスルホテル２階", "緯度": 39.717801, "経度": 140.120436, "url": "https://www.iryou.teikyouseido.mhlw.go.jp/znk-web/juminkanja/S2430/initialize?prefCd=05&kikanCd=22050500080&kikanKbn=2", "url2": "http://www.relaxtimes.com/satoh", "内容": "さとう脳神経・メンタルクリニック【2:診療所】【診療科目:0】秋田県秋田市中通１－３－５　　秋田キャッスルホテル２階" }, "geometry": { "type": "Point", "coordinates": [ 140.120436, 39.717801 ] } },
{ "type": "Feature", "properties": { "ID": 522050500090, "正式名称": "医療法人駅前整形外科医院　クリニカ・オルト", "機関区分": 2, "都道府県コード": 5, "市区町村コード": 201, "所在地": "秋田県秋田市中通１丁目３－５　秋田キャッスルホテル２Ｆ", "緯度": 39.717902, "経度": 140.120375, "url": "https://www.iryou.teikyouseido.mhlw.go.jp/znk-web/juminkanja/S2430/initialize?prefCd=05&kikanCd=22050500090&kikanKbn=2", "url2": null, "内容": "医療法人駅前整形外科医院　クリニカ・オルト【2:診療所】【診療科目:0】秋田県秋田市中通１丁目３－５　秋田キャッスルホテル２Ｆ" }, "geometry": { "type": "Point", "coordinates": [ 140.120375, 39.717902 ] } },
{ "type": "Feature", "properties": { "ID": 522050500100, "正式名称": "さが医院", "機関区分": 2, "都道府県コード": 5, "市区町村コード": 201, "所在地": "秋田県秋田市中通５丁目１－１６", "緯度": 39.71458, "経度": 140.11877, "url": "https://www.iryou.teikyouseido.mhlw.go.jp/znk-web/juminkanja/S2430/initialize?prefCd=05&kikanCd=22050500100&kikanKbn=2", "url2": "http://www.saga-clinic.com", "内容": "さが医院【2:診療所】【診療科目:0】秋田県秋田市中通５丁目１－１６" }, "geometry": { "type": "Point", "coordinates": [ 140.11877, 39.71458 ] } },
{ "type": "Feature", "properties": { "ID": 522050500110, "正式名称": "熊谷内科医院", "機関区分": 2, "都道府県コード": 5, "市区町村コード": 201, "所在地": "秋田県秋田市中通５－５－８", "緯度": 39.712663, "経度": 140.119909, "url": "https://www.iryou.teikyouseido.mhlw.go.jp/znk-web/juminkanja/S2430/initialize?prefCd=05&kikanCd=22050500110&kikanKbn=2", "url2": "https://www.kumagai-naika.com/", "内容": "熊谷内科医院【2:診療所】【診療科目:0】秋田県秋田市中通５－５－８" }, "geometry": { "type": "Point", "coordinates": [ 140.119909, 39.712663 ] } },
{ "type": "Feature", "properties": { "ID": 522050500120, "正式名称": "神経科・内科　笠松医院", "機関区分": 2, "都道府県コード": 5, "市区町村コード": 201, "所在地": "秋田県秋田市中通五丁目７番１９号", "緯度": 39.713969, "経度": 140.119937, "url": "https://www.iryou.teikyouseido.mhlw.go.jp/znk-web/juminkanja/S2430/initialize?prefCd=05&kikanCd=22050500120&kikanKbn=2", "url2": null, "内容": "神経科・内科　笠松医院【2:診療所】【診療科目:0】秋田県秋田市中通五丁目７番１９号" }, "geometry": { "type": "Point", "coordinates": [ 140.119937, 39.713969 ] } },
{ "type": "Feature", "properties": { "ID": 522050500130, "正式名称": "医療法人清心堂　湊小児科医院", "機関区分": 2, "都道府県コード": 5, "市区町村コード": 201, "所在地": "秋田県秋田市中通５－７－３４", "緯度": 39.713358, "経度": 140.119048, "url": "https://www.iryou.teikyouseido.mhlw.go.jp/znk-web/juminkanja/S2430/initialize?prefCd=05&kikanCd=22050500130&kikanKbn=2", "url2": null, "内容": "医療法人清心堂　湊小児科医院【2:診療所】【診療科目:0】秋田県秋田市中通５－７－３４" }, "geometry": { "type": "Point", "coordinates": [ 140.119048, 39.713358 ] } },
{ "type": "Feature", "properties": { "ID": 522050500150, "正式名称": "鈴木内科医院", "機関区分": 2, "都道府県コード": 5, "市区町村コード": 201, "所在地": "秋田県秋田市中通３－３－２４", "緯度": 39.715302, "経度": 140.120131, "url": "https://www.iryou.teikyouseido.mhlw.go.jp/znk-web/juminkanja/S2430/initialize?prefCd=05&kikanCd=22050500150&kikanKbn=2", "url2": null, "内容": "鈴木内科医院【2:診療所】【診療科目:0】秋田県秋田市中通３－３－２４" }, "geometry": { "type": "Point", "coordinates": [ 140.120131, 39.715302 ] } },
{ "type": "Feature", "properties": { "ID": 522050500160, "正式名称": "医療法人長谷山会　長谷山内科医院", "機関区分": 2, "都道府県コード": 5, "市区町村コード": 201, "所在地": "秋田県秋田市中通３－３－４３", "緯度": 39.714774, "経度": 140.11927, "url": "https://www.iryou.teikyouseido.mhlw.go.jp/znk-web/juminkanja/S2430/initialize?prefCd=05&kikanCd=22050500160&kikanKbn=2", "url2": null, "内容": "医療法人長谷山会　長谷山内科医院【2:診療所】【診療科目:0】秋田県秋田市中通３－３－４３" }, "geometry": { "type": "Point", "coordinates": [ 140.11927, 39.714774 ] } },
{ "type": "Feature", "properties": { "ID": 522050500170, "正式名称": "医療法人　小川内科医院", "機関区分": 2, "都道府県コード": 5, "市区町村コード": 201, "所在地": "秋田県秋田市中通３－３－５５", "緯度": 39.715746, "経度": 140.119603, "url": "https://www.iryou.teikyouseido.mhlw.go.jp/znk-web/juminkanja/S2430/initialize?prefCd=05&kikanCd=22050500170&kikanKbn=2", "url2": "http://www.sakon.or.jp/", "内容": "医療法人　小川内科医院【2:診療所】【診療科目:0】秋田県秋田市中通３－３－５５" }, "geometry": { "type": "Point", "coordinates": [ 140.119603, 39.715746 ] } },
{ "type": "Feature", "properties": { "ID": 522050500200, "正式名称": "医療法人　岡田医院", "機関区分": 2, "都道府県コード": 5, "市区町村コード": 201, "所在地": "秋田県秋田市中通４丁目１－４１", "緯度": 39.714552, "経度": 140.122075, "url": "https://www.iryou.teikyouseido.mhlw.go.jp/znk-web/juminkanja/S2430/initialize?prefCd=05&kikanCd=22050500200&kikanKbn=2", "url2": "http://www.okadahifuka.jp/", "内容": "医療法人　岡田医院【2:診療所】【診療科目:0】秋田県秋田市中通４丁目１－４１" }, "geometry": { "type": "Point", "coordinates": [ 140.122075, 39.714552 ] } },
{ "type": "Feature", "properties": { "ID": 522050500230, "正式名称": "みゆきレディースクリニック", "機関区分": 2, "都道府県コード": 5, "市区町村コード": 201, "所在地": "秋田県秋田市中通２－１－３５", "緯度": 39.716286, "経度": 140.122867, "url": "https://www.iryou.teikyouseido.mhlw.go.jp/znk-web/juminkanja/S2430/initialize?prefCd=05&kikanCd=22050500230&kikanKbn=2", "url2": null, "内容": "みゆきレディースクリニック【2:診療所】【診療科目:0】秋田県秋田市中通２－１－３５" }, "geometry": { "type": "Point", "coordinates": [ 140.122867, 39.716286 ] } },
{ "type": "Feature", "properties": { "ID": 522050500240, "正式名称": "小泉耳鼻咽喉科", "機関区分": 2, "都道府県コード": 5, "市区町村コード": 201, "所在地": "秋田県秋田市中通２丁目１番４１号２Ｆ", "緯度": 39.716468, "経度": 140.122436, "url": "https://www.iryou.teikyouseido.mhlw.go.jp/znk-web/juminkanja/S2430/initialize?prefCd=05&kikanCd=22050500240&kikanKbn=2", "url2": null, "内容": "小泉耳鼻咽喉科【2:診療所】【診療科目:0】秋田県秋田市中通２丁目１番４１号２Ｆ" }, "geometry": { "type": "Point", "coordinates": [ 140.122436, 39.716468 ] } },
{ "type": "Feature", "properties": { "ID": 522050500270, "正式名称": "髙清水医院", "機関区分": 2, "都道府県コード": 5, "市区町村コード": 201, "所在地": "秋田県秋田市中通６－１５－６", "緯度": 39.713108, "経度": 140.127158, "url": "https://www.iryou.teikyouseido.mhlw.go.jp/znk-web/juminkanja/S2430/initialize?prefCd=05&kikanCd=22050500270&kikanKbn=2", "url2": "http://www.acma.or.jp", "内容": "髙清水医院【2:診療所】【診療科目:0】秋田県秋田市中通６－１５－６" }, "geometry": { "type": "Point", "coordinates": [ 140.127158, 39.713108 ] } },
{ "type": "Feature", "properties": { "ID": 522050500280, "正式名称": "三浦整形外科医院", "機関区分": 2, "都道府県コード": 5, "市区町村コード": 201, "所在地": "秋田県秋田市中通６－１－２４", "緯度": 39.712996, "経度": 140.122797, "url": "https://www.iryou.teikyouseido.mhlw.go.jp/znk-web/juminkanja/S2430/initialize?prefCd=05&kikanCd=22050500280&kikanKbn=2", "url2": "http://www.miura-seikei.jp/", "内容": "三浦整形外科医院【2:診療所】【診療科目:0】秋田県秋田市中通６－１－２４" }, "geometry": { "type": "Point", "coordinates": [ 140.122797, 39.712996 ] } },
{ "type": "Feature", "properties": { "ID": 522050500300, "正式名称": "高橋正喜クリニック", "機関区分": 2, "都道府県コード": 5, "市区町村コード": 201, "所在地": "秋田県秋田市中通６－６－１５（パークヒルズ中通）", "緯度": 39.71358, "経度": 140.124714, "url": "https://www.iryou.teikyouseido.mhlw.go.jp/znk-web/juminkanja/S2430/initialize?prefCd=05&kikanCd=22050500300&kikanKbn=2", "url2": null, "内容": "高橋正喜クリニック【2:診療所】【診療科目:0】秋田県秋田市中通６－６－１５（パークヒルズ中通）" }, "geometry": { "type": "Point", "coordinates": [ 140.124714, 39.71358 ] } },
{ "type": "Feature", "properties": { "ID": 522050500310, "正式名称": "越後谷クリニック", "機関区分": 2, "都道府県コード": 5, "市区町村コード": 201, "所在地": "秋田県秋田市東通仲町１の２５", "緯度": 39.716719, "経度": 140.133296, "url": "https://www.iryou.teikyouseido.mhlw.go.jp/znk-web/juminkanja/S2430/initialize?prefCd=05&kikanCd=22050500310&kikanKbn=2", "url2": null, "内容": "越後谷クリニック【2:診療所】【診療科目:0】秋田県秋田市東通仲町１の２５" }, "geometry": { "type": "Point", "coordinates": [ 140.133296, 39.716719 ] } },
{ "type": "Feature", "properties": { "ID": 522050500320, "正式名称": "藤盛レィディーズクリニック", "機関区分": 2, "都道府県コード": 5, "市区町村コード": 201, "所在地": "秋田県秋田市東通仲町４－１　アルヴェ４Ｆ", "緯度": 39.715957, "経度": 140.131331, "url": "https://www.iryou.teikyouseido.mhlw.go.jp/znk-web/juminkanja/S2430/initialize?prefCd=05&kikanCd=22050500320&kikanKbn=2", "url2": "http://www.e-alve.com", "内容": "藤盛レィディーズクリニック【2:診療所】【診療科目:0】秋田県秋田市東通仲町４－１　アルヴェ４Ｆ" }, "geometry": { "type": "Point", "coordinates": [ 140.131331, 39.715957 ] } },
{ "type": "Feature", "properties": { "ID": 522050500330, "正式名称": "医療法人秋田ヒール　田代クリニック", "機関区分": 2, "都道府県コード": 5, "市区町村コード": 201, "所在地": "秋田県秋田市東通１－２３－１", "緯度": 39.716052, "経度": 140.136602, "url": "https://www.iryou.teikyouseido.mhlw.go.jp/znk-web/juminkanja/S2430/initialize?prefCd=05&kikanCd=22050500330&kikanKbn=2", "url2": "http://www.tashiro-cl.jp", "内容": "医療法人秋田ヒール　田代クリニック【2:診療所】【診療科目:0】秋田県秋田市東通１－２３－１" }, "geometry": { "type": "Point", "coordinates": [ 140.136602, 39.716052 ] } },
{ "type": "Feature", "properties": { "ID": 522050500370, "正式名称": "医療法人　城東整形外科", "機関区分": 2, "都道府県コード": 5, "市区町村コード": 201, "所在地": "秋田県秋田市東通６丁目７番６号", "緯度": 39.714302, "経度": 140.137185, "url": "https://www.iryou.teikyouseido.mhlw.go.jp/znk-web/juminkanja/S2430/initialize?prefCd=05&kikanCd=22050500370&kikanKbn=2", "url2": "http://johto-oc.com/", "内容": "医療法人　城東整形外科【2:診療所】【診療科目:0】秋田県秋田市東通６丁目７番６号" }, "geometry": { "type": "Point", "coordinates": [ 140.137185, 39.714302 ] } },
{ "type": "Feature", "properties": { "ID": 522050500390, "正式名称": "たわらや内科", "機関区分": 2, "都道府県コード": 5, "市区町村コード": 201, "所在地": "秋田県秋田市東通館ノ越８－１１", "緯度": 39.709024, "経度": 140.130436, "url": "https://www.iryou.teikyouseido.mhlw.go.jp/znk-web/juminkanja/S2430/initialize?prefCd=05&kikanCd=22050500390&kikanKbn=2", "url2": "http://www.tawaraya-naika.com", "内容": "たわらや内科【2:診療所】【診療科目:0】秋田県秋田市東通館ノ越８－１１" }, "geometry": { "type": "Point", "coordinates": [ 140.130436, 39.709024 ] } },
{ "type": "Feature", "properties": { "ID": 522050500400, "正式名称": "稲庭クリニック", "機関区分": 2, "都道府県コード": 5, "市区町村コード": 201, "所在地": "秋田県秋田市南通亀の町２－２１", "緯度": 39.709802, "経度": 140.116882, "url": "https://www.iryou.teikyouseido.mhlw.go.jp/znk-web/juminkanja/S2430/initialize?prefCd=05&kikanCd=22050500400&kikanKbn=2", "url2": "http://warabekai.or.jp", "内容": "稲庭クリニック【2:診療所】【診療科目:0】秋田県秋田市南通亀の町２－２１" }, "geometry": { "type": "Point", "coordinates": [ 140.116882, 39.709802 ] } },
{ "type": "Feature", "properties": { "ID": 522050500410, "正式名称": "医療法人　早川眼科医院　　早川眼科伊奈皮ふ科医院", "機関区分": 2, "都道府県コード": 5, "市区町村コード": 201, "所在地": "秋田県秋田市南通亀の町４－３６", "緯度": 39.711448, "経度": 140.116827, "url": "https://www.iryou.teikyouseido.mhlw.go.jp/znk-web/juminkanja/S2430/initialize?prefCd=05&kikanCd=22050500410&kikanKbn=2", "url2": "https://hayakawagannka-inahifuka.com", "内容": "医療法人　早川眼科医院　　早川眼科伊奈皮ふ科医院【2:診療所】【診療科目:0】秋田県秋田市南通亀の町４－３６" }, "geometry": { "type": "Point", "coordinates": [ 140.116827, 39.711448 ] } },
{ "type": "Feature", "properties": { "ID": 522050500440, "正式名称": "医療法人　大野小児科医院", "機関区分": 2, "都道府県コード": 5, "市区町村コード": 201, "所在地": "秋田県秋田市南通築地２－１５", "緯度": 39.711297, "経度": 140.12476, "url": "https://www.iryou.teikyouseido.mhlw.go.jp/znk-web/juminkanja/S2430/initialize?prefCd=05&kikanCd=22050500440&kikanKbn=2", "url2": null, "内容": "医療法人　大野小児科医院【2:診療所】【診療科目:0】秋田県秋田市南通築地２－１５" }, "geometry": { "type": "Point", "coordinates": [ 140.12476, 39.711297 ] } },
{ "type": "Feature", "properties": { "ID": 522050500460, "正式名称": "福島内科医院", "機関区分": 2, "都道府県コード": 5, "市区町村コード": 201, "所在地": "秋田県秋田市南通宮田１５番４６号", "緯度": 39.707138, "経度": 140.1257, "url": "https://www.iryou.teikyouseido.mhlw.go.jp/znk-web/juminkanja/S2430/initialize?prefCd=05&kikanCd=22050500460&kikanKbn=2", "url2": "https://www.fukushimanaika.net", "内容": "福島内科医院【2:診療所】【診療科目:0】秋田県秋田市南通宮田１５番４６号" }, "geometry": { "type": "Point", "coordinates": [ 140.1257, 39.707138 ] } },
{ "type": "Feature", "properties": { "ID": 522050500470, "正式名称": "桑原内科クリニック", "機関区分": 2, "都道府県コード": 5, "市区町村コード": 201, "所在地": "秋田県秋田市楢山登町５－２８", "緯度": 39.707496, "経度": 140.113965, "url": "https://www.iryou.teikyouseido.mhlw.go.jp/znk-web/juminkanja/S2430/initialize?prefCd=05&kikanCd=22050500470&kikanKbn=2", "url2": null, "内容": "桑原内科クリニック【2:診療所】【診療科目:0】秋田県秋田市楢山登町５－２８" }, "geometry": { "type": "Point", "coordinates": [ 140.113965, 39.707496 ] } },
{ "type": "Feature", "properties": { "ID": 522050500520, "正式名称": "多田皮膚科", "機関区分": 2, "都道府県コード": 5, "市区町村コード": 201, "所在地": "秋田県秋田市広面鍋沼５９－１１", "緯度": 39.716663, "経度": 140.146323, "url": "https://www.iryou.teikyouseido.mhlw.go.jp/znk-web/juminkanja/S2430/initialize?prefCd=05&kikanCd=22050500520&kikanKbn=2", "url2": null, "内容": "多田皮膚科【2:診療所】【診療科目:0】秋田県秋田市広面鍋沼５９－１１" }, "geometry": { "type": "Point", "coordinates": [ 140.146323, 39.716663 ] } },
{ "type": "Feature", "properties": { "ID": 522050500550, "正式名称": "医療法人すこやか会　福田胃腸科クリニック", "機関区分": 2, "都道府県コード": 5, "市区町村コード": 201, "所在地": "秋田県秋田市広面家ノ下３４－１", "緯度": 39.723245, "経度": 140.14349, "url": "https://www.iryou.teikyouseido.mhlw.go.jp/znk-web/juminkanja/S2430/initialize?prefCd=05&kikanCd=22050500550&kikanKbn=2", "url2": "https://fkd-cl.com/", "内容": "医療法人すこやか会　福田胃腸科クリニック【2:診療所】【診療科目:0】秋田県秋田市広面家ノ下３４－１" }, "geometry": { "type": "Point", "coordinates": [ 140.14349, 39.723245 ] } },
{ "type": "Feature", "properties": { "ID": 522050500570, "正式名称": "医療法人福峰会　はりう産婦人科内科クリニック", "機関区分": 2, "都道府県コード": 5, "市区町村コード": 201, "所在地": "秋田県秋田市広面近藤堰添４９－１", "緯度": 39.726884, "経度": 140.145156, "url": "https://www.iryou.teikyouseido.mhlw.go.jp/znk-web/juminkanja/S2430/initialize?prefCd=05&kikanCd=22050500570&kikanKbn=2", "url2": null, "内容": "医療法人福峰会　はりう産婦人科内科クリニック【2:診療所】【診療科目:0】秋田県秋田市広面近藤堰添４９－１" }, "geometry": { "type": "Point", "coordinates": [ 140.145156, 39.726884 ] } },
{ "type": "Feature", "properties": { "ID": 522050500580, "正式名称": "清水産婦人科クリニック", "機関区分": 2, "都道府県コード": 5, "市区町村コード": 201, "所在地": "秋田県秋田市広面糠塚１１６－１", "緯度": 39.728857, "経度": 140.150072, "url": "https://www.iryou.teikyouseido.mhlw.go.jp/znk-web/juminkanja/S2430/initialize?prefCd=05&kikanCd=22050500580&kikanKbn=2", "url2": "https://www.shimizu-ac.jp", "内容": "清水産婦人科クリニック【2:診療所】【診療科目:0】秋田県秋田市広面糠塚１１６－１" }, "geometry": { "type": "Point", "coordinates": [ 140.150072, 39.728857 ] } },
{ "type": "Feature", "properties": { "ID": 522050500590, "正式名称": "医療法人社団　隆仁会　秋田往診クリニック", "機関区分": 2, "都道府県コード": 5, "市区町村コード": 201, "所在地": "秋田県秋田市広面川崎１２５－１", "緯度": 39.729329, "経度": 140.153405, "url": "https://www.iryou.teikyouseido.mhlw.go.jp/znk-web/juminkanja/S2430/initialize?prefCd=05&kikanCd=22050500590&kikanKbn=2", "url2": "http://www.ryujinkai.jp/", "内容": "医療法人社団　隆仁会　秋田往診クリニック【2:診療所】【診療科目:0】秋田県秋田市広面川崎１２５－１" }, "geometry": { "type": "Point", "coordinates": [ 140.153405, 39.729329 ] } },
{ "type": "Feature", "properties": { "ID": 522050500600, "正式名称": "医療法人秋田泌尿器科クリニック　秋田泌尿器科クリニック", "機関区分": 2, "都道府県コード": 5, "市区町村コード": 201, "所在地": "秋田県秋田市広面谷地沖６－１", "緯度": 39.723023, "経度": 140.148573, "url": "https://www.iryou.teikyouseido.mhlw.go.jp/znk-web/juminkanja/S2430/initialize?prefCd=05&kikanCd=22050500600&kikanKbn=2", "url2": "https://akita-hinyouki.com/", "内容": "医療法人秋田泌尿器科クリニック　秋田泌尿器科クリニック【2:診療所】【診療科目:0】秋田県秋田市広面谷地沖６－１" }, "geometry": { "type": "Point", "coordinates": [ 140.148573, 39.723023 ] } },
{ "type": "Feature", "properties": { "ID": 522050500620, "正式名称": "医療法人晨整会　工藤整形外科医院", "機関区分": 2, "都道府県コード": 5, "市区町村コード": 201, "所在地": "秋田県秋田市広面谷地田８－１", "緯度": 39.719496, "経度": 140.148017, "url": "https://www.iryou.teikyouseido.mhlw.go.jp/znk-web/juminkanja/S2430/initialize?prefCd=05&kikanCd=22050500620&kikanKbn=2", "url2": null, "内容": "医療法人晨整会　工藤整形外科医院【2:診療所】【診療科目:0】秋田県秋田市広面谷地田８－１" }, "geometry": { "type": "Point", "coordinates": [ 140.148017, 39.719496 ] } },
{ "type": "Feature", "properties": { "ID": 522050500630, "正式名称": "広面ファミリークリニック", "機関区分": 2, "都道府県コード": 5, "市区町村コード": 201, "所在地": "秋田県秋田市広面土手下５２－２", "緯度": 39.723912, "経度": 140.145434, "url": "https://www.iryou.teikyouseido.mhlw.go.jp/znk-web/juminkanja/S2430/initialize?prefCd=05&kikanCd=22050500630&kikanKbn=2", "url2": null, "内容": "広面ファミリークリニック【2:診療所】【診療科目:0】秋田県秋田市広面土手下５２－２" }, "geometry": { "type": "Point", "coordinates": [ 140.145434, 39.723912 ] } },
{ "type": "Feature", "properties": { "ID": 522050500670, "正式名称": "石田小児科医院", "機関区分": 2, "都道府県コード": 5, "市区町村コード": 201, "所在地": "秋田県秋田市広面字蓮沼１１", "緯度": 39.730299, "経度": 140.147782, "url": "https://www.iryou.teikyouseido.mhlw.go.jp/znk-web/juminkanja/S2430/initialize?prefCd=05&kikanCd=22050500670&kikanKbn=2", "url2": "https://ishida-ped.com/", "内容": "石田小児科医院【2:診療所】【診療科目:0】秋田県秋田市広面字蓮沼１１" }, "geometry": { "type": "Point", "coordinates": [ 140.147782, 39.730299 ] } },
{ "type": "Feature", "properties": { "ID": 522050500680, "正式名称": "あきた乳腺クリニック", "機関区分": 2, "都道府県コード": 5, "市区町村コード": 201, "所在地": "秋田県秋田市広面蓮沼２３－２", "緯度": 39.725857, "経度": 140.148795, "url": "https://www.iryou.teikyouseido.mhlw.go.jp/znk-web/juminkanja/S2430/initialize?prefCd=05&kikanCd=22050500680&kikanKbn=2", "url2": "http://www.ric.hi-ho.ne.jp/akita-nyusen/", "内容": "あきた乳腺クリニック【2:診療所】【診療科目:0】秋田県秋田市広面蓮沼２３－２" }, "geometry": { "type": "Point", "coordinates": [ 140.148795, 39.725857 ] } },
{ "type": "Feature", "properties": { "ID": 522050500710, "正式名称": "アーク循環器クリニック", "機関区分": 2, "都道府県コード": 5, "市区町村コード": 201, "所在地": "秋田県秋田市広面谷地沖２６－１", "緯度": 39.722107, "経度": 140.147851, "url": "https://www.iryou.teikyouseido.mhlw.go.jp/znk-web/juminkanja/S2430/initialize?prefCd=05&kikanCd=22050500710&kikanKbn=2", "url2": null, "内容": "アーク循環器クリニック【2:診療所】【診療科目:0】秋田県秋田市広面谷地沖２６－１" }, "geometry": { "type": "Point", "coordinates": [ 140.147851, 39.722107 ] } },
{ "type": "Feature", "properties": { "ID": 522050500730, "正式名称": "さくら小児科医院", "機関区分": 2, "都道府県コード": 5, "市区町村コード": 201, "所在地": "秋田県秋田市桜１丁目１番１１号", "緯度": 39.709275, "経度": 140.146574, "url": "https://www.iryou.teikyouseido.mhlw.go.jp/znk-web/juminkanja/S2430/initialize?prefCd=05&kikanCd=22050500730&kikanKbn=2", "url2": "https://sakuraped.com/", "内容": "さくら小児科医院【2:診療所】【診療科目:0】秋田県秋田市桜１丁目１番１１号" }, "geometry": { "type": "Point", "coordinates": [ 140.146574, 39.709275 ] } },
{ "type": "Feature", "properties": { "ID": 522050500740, "正式名称": "高橋内科医院", "機関区分": 2, "都道府県コード": 5, "市区町村コード": 201, "所在地": "秋田県秋田市桜４－１－１", "緯度": 39.70822, "経度": 140.151406, "url": "https://www.iryou.teikyouseido.mhlw.go.jp/znk-web/juminkanja/S2430/initialize?prefCd=05&kikanCd=22050500740&kikanKbn=2", "url2": null, "内容": "高橋内科医院【2:診療所】【診療科目:0】秋田県秋田市桜４－１－１" }, "geometry": { "type": "Point", "coordinates": [ 140.151406, 39.70822 ] } },
{ "type": "Feature", "properties": { "ID": 522050500750, "正式名称": "遠山医院", "機関区分": 2, "都道府県コード": 5, "市区町村コード": 201, "所在地": "秋田県秋田市横森５－２１－１８", "緯度": 39.70872, "経度": 140.145518, "url": "https://www.iryou.teikyouseido.mhlw.go.jp/znk-web/juminkanja/S2430/initialize?prefCd=05&kikanCd=22050500750&kikanKbn=2", "url2": null, "内容": "遠山医院【2:診療所】【診療科目:0】秋田県秋田市横森５－２１－１８" }, "geometry": { "type": "Point", "coordinates": [ 140.145518, 39.70872 ] } },
{ "type": "Feature", "properties": { "ID": 522050500760, "正式名称": "はたの循環器クリニック", "機関区分": 2, "都道府県コード": 5, "市区町村コード": 201, "所在地": "秋田県秋田市横森３丁目１－９", "緯度": 39.70647, "経度": 140.14238, "url": "https://www.iryou.teikyouseido.mhlw.go.jp/znk-web/juminkanja/S2430/initialize?prefCd=05&kikanCd=22050500760&kikanKbn=2", "url2": null, "内容": "はたの循環器クリニック【2:診療所】【診療科目:0】秋田県秋田市横森３丁目１－９" }, "geometry": { "type": "Point", "coordinates": [ 140.14238, 39.70647 ] } },
{ "type": "Feature", "properties": { "ID": 522050500780, "正式名称": "せんのは皮ふ科アレルギークリニック", "機関区分": 2, "都道府県コード": 5, "市区町村コード": 201, "所在地": "秋田県秋田市牛島東５－９－３８", "緯度": 39.695978, "経度": 140.124535, "url": "https://www.iryou.teikyouseido.mhlw.go.jp/znk-web/juminkanja/S2430/initialize?prefCd=05&kikanCd=22050500780&kikanKbn=2", "url2": "https://www.hiyokokai.net", "内容": "せんのは皮ふ科アレルギークリニック【2:診療所】【診療科目:0】秋田県秋田市牛島東５－９－３８" }, "geometry": { "type": "Point", "coordinates": [ 140.124535, 39.695978 ] } },
{ "type": "Feature", "properties": { "ID": 522050500800, "正式名称": "川上医院", "機関区分": 2, "都道府県コード": 5, "市区町村コード": 201, "所在地": "秋田県秋田市牛島東７丁目７－１６", "緯度": 39.696804, "経度": 140.129769, "url": "https://www.iryou.teikyouseido.mhlw.go.jp/znk-web/juminkanja/S2430/initialize?prefCd=05&kikanCd=22050500800&kikanKbn=2", "url2": null, "内容": "川上医院【2:診療所】【診療科目:0】秋田県秋田市牛島東７丁目７－１６" }, "geometry": { "type": "Point", "coordinates": [ 140.129769, 39.696804 ] } },
{ "type": "Feature", "properties": { "ID": 522050500810, "正式名称": "医療法人社団　敬寿会　鈴木内科胃腸科医院", "機関区分": 2, "都道府県コード": 5, "市区町村コード": 201, "所在地": "秋田県秋田市牛島東２－２－３７", "緯度": 39.700859, "経度": 140.118354, "url": "https://www.iryou.teikyouseido.mhlw.go.jp/znk-web/juminkanja/S2430/initialize?prefCd=05&kikanCd=22050500810&kikanKbn=2", "url2": null, "内容": "医療法人社団　敬寿会　鈴木内科胃腸科医院【2:診療所】【診療科目:0】秋田県秋田市牛島東２－２－３７" }, "geometry": { "type": "Point", "coordinates": [ 140.118354, 39.700859 ] } },
{ "type": "Feature", "properties": { "ID": 522050500820, "正式名称": "みなみ整形外科クリニック", "機関区分": 2, "都道府県コード": 5, "市区町村コード": 201, "所在地": "秋田県秋田市牛島東６丁目４－１", "緯度": 39.695248, "経度": 140.123882, "url": "https://www.iryou.teikyouseido.mhlw.go.jp/znk-web/juminkanja/S2430/initialize?prefCd=05&kikanCd=22050500820&kikanKbn=2", "url2": "http://www.h4.dion.ne.jp/~minami-c/", "内容": "みなみ整形外科クリニック【2:診療所】【診療科目:0】秋田県秋田市牛島東６丁目４－１" }, "geometry": { "type": "Point", "coordinates": [ 140.123882, 39.695248 ] } },
{ "type": "Feature", "properties": { "ID": 522050500830, "正式名称": "医療法人　水沢医院", "機関区分": 2, "都道府県コード": 5, "市区町村コード": 201, "所在地": "秋田県秋田市茨島４－６－３７", "緯度": 39.695831, "経度": 140.105217, "url": "https://www.iryou.teikyouseido.mhlw.go.jp/znk-web/juminkanja/S2430/initialize?prefCd=05&kikanCd=22050500830&kikanKbn=2", "url2": null, "内容": "医療法人　水沢医院【2:診療所】【診療科目:0】秋田県秋田市茨島４－６－３７" }, "geometry": { "type": "Point", "coordinates": [ 140.105217, 39.695831 ] } },
{ "type": "Feature", "properties": { "ID": 522050500850, "正式名称": "今村記念クリニック", "機関区分": 2, "都道府県コード": 5, "市区町村コード": 201, "所在地": "秋田県秋田市下新城長岡毛無谷地２６５番", "緯度": 39.805541, "経度": 140.060576, "url": "https://www.iryou.teikyouseido.mhlw.go.jp/znk-web/juminkanja/S2430/initialize?prefCd=05&kikanCd=22050500850&kikanKbn=2", "url2": "http://www.kyukokai.com", "内容": "今村記念クリニック【2:診療所】【診療科目:0】秋田県秋田市下新城長岡毛無谷地２６５番" }, "geometry": { "type": "Point", "coordinates": [ 140.060576, 39.805541 ] } },
{ "type": "Feature", "properties": { "ID": 522050500890, "正式名称": "医療法人　吉成医院", "機関区分": 2, "都道府県コード": 5, "市区町村コード": 201, "所在地": "秋田県秋田市下新城中野琵琶沼２１１－１８", "緯度": 39.805708, "経度": 140.057687, "url": "https://www.iryou.teikyouseido.mhlw.go.jp/znk-web/juminkanja/S2430/initialize?prefCd=05&kikanCd=22050500890&kikanKbn=2", "url2": null, "内容": "医療法人　吉成医院【2:診療所】【診療科目:0】秋田県秋田市下新城中野琵琶沼２１１－１８" }, "geometry": { "type": "Point", "coordinates": [ 140.057687, 39.805708 ] } },
{ "type": "Feature", "properties": { "ID": 522050500910, "正式名称": "いなば内科胃腸科クリニック", "機関区分": 2, "都道府県コード": 5, "市区町村コード": 201, "所在地": "秋田県秋田市外旭川待合１４－３", "緯度": 39.75113, "経度": 140.095659, "url": "https://www.iryou.teikyouseido.mhlw.go.jp/znk-web/juminkanja/S2430/initialize?prefCd=05&kikanCd=22050500910&kikanKbn=2", "url2": "http://inaba-cl.jp/", "内容": "いなば内科胃腸科クリニック【2:診療所】【診療科目:0】秋田県秋田市外旭川待合１４－３" }, "geometry": { "type": "Point", "coordinates": [ 140.095659, 39.75113 ] } },
{ "type": "Feature", "properties": { "ID": 522050500920, "正式名称": "医療法人惇慧会　外旭川サテライトクリニック", "機関区分": 2, "都道府県コード": 5, "市区町村コード": 201, "所在地": "秋田県秋田市外旭川中谷地４６", "緯度": 39.755519, "経度": 140.099297, "url": "https://www.iryou.teikyouseido.mhlw.go.jp/znk-web/juminkanja/S2430/initialize?prefCd=05&kikanCd=22050500920&kikanKbn=2", "url2": "http://www.jkk-sotohp.or.jp/sosac", "内容": "医療法人惇慧会　外旭川サテライトクリニック【2:診療所】【診療科目:0】秋田県秋田市外旭川中谷地４６" }, "geometry": { "type": "Point", "coordinates": [ 140.099297, 39.755519 ] } },
{ "type": "Feature", "properties": { "ID": 522050500930, "正式名称": "いしやま内科腎クリニック", "機関区分": 2, "都道府県コード": 5, "市区町村コード": 201, "所在地": "秋田県秋田市外旭川中谷地６７－１", "緯度": 39.755853, "経度": 140.095687, "url": "https://www.iryou.teikyouseido.mhlw.go.jp/znk-web/juminkanja/S2430/initialize?prefCd=05&kikanCd=22050500930&kikanKbn=2", "url2": "http://www.ishiyama-naika.com/", "内容": "いしやま内科腎クリニック【2:診療所】【診療科目:0】秋田県秋田市外旭川中谷地６７－１" }, "geometry": { "type": "Point", "coordinates": [ 140.095687, 39.755853 ] } },
{ "type": "Feature", "properties": { "ID": 522050500940, "正式名称": "医療法人　翠松会　木曽医院", "機関区分": 2, "都道府県コード": 5, "市区町村コード": 201, "所在地": "秋田県秋田市外旭川八幡田１０－６", "緯度": 39.744076, "経度": 140.109269, "url": "https://www.iryou.teikyouseido.mhlw.go.jp/znk-web/juminkanja/S2430/initialize?prefCd=05&kikanCd=22050500940&kikanKbn=2", "url2": null, "内容": "医療法人　翠松会　木曽医院【2:診療所】【診療科目:0】秋田県秋田市外旭川八幡田１０－６" }, "geometry": { "type": "Point", "coordinates": [ 140.109269, 39.744076 ] } },
{ "type": "Feature", "properties": { "ID": 522050500950, "正式名称": "ひもり内科・消化器科クリニック", "機関区分": 2, "都道府県コード": 5, "市区町村コード": 201, "所在地": "秋田県秋田市外旭川八幡田１－１１－４０", "緯度": 39.745631, "経度": 140.106519, "url": "https://www.iryou.teikyouseido.mhlw.go.jp/znk-web/juminkanja/S2430/initialize?prefCd=05&kikanCd=22050500950&kikanKbn=2", "url2": "http://www.cna.ne.jp/~himori-m", "内容": "ひもり内科・消化器科クリニック【2:診療所】【診療科目:0】秋田県秋田市外旭川八幡田１－１１－４０" }, "geometry": { "type": "Point", "coordinates": [ 140.106519, 39.745631 ] } },
{ "type": "Feature", "properties": { "ID": 522050500960, "正式名称": "新田医院", "機関区分": 2, "都道府県コード": 5, "市区町村コード": 201, "所在地": "秋田県秋田市泉一ノ坪２６－２３", "緯度": 39.737132, "経度": 140.118492, "url": "https://www.iryou.teikyouseido.mhlw.go.jp/znk-web/juminkanja/S2430/initialize?prefCd=05&kikanCd=22050500960&kikanKbn=2", "url2": null, "内容": "新田医院【2:診療所】【診療科目:0】秋田県秋田市泉一ノ坪２６－２３" }, "geometry": { "type": "Point", "coordinates": [ 140.118492, 39.737132 ] } },
{ "type": "Feature", "properties": { "ID": 522050500970, "正式名称": "さんのへ耳鼻咽喉科クリニック", "機関区分": 2, "都道府県コード": 5, "市区町村コード": 201, "所在地": "秋田県秋田市泉東町８－５７", "緯度": 39.73455, "経度": 140.126435, "url": "https://www.iryou.teikyouseido.mhlw.go.jp/znk-web/juminkanja/S2430/initialize?prefCd=05&kikanCd=22050500970&kikanKbn=2", "url2": "https://www.sannohe-jibika.com", "内容": "さんのへ耳鼻咽喉科クリニック【2:診療所】【診療科目:0】秋田県秋田市泉東町８－５７" }, "geometry": { "type": "Point", "coordinates": [ 140.126435, 39.73455 ] } },
{ "type": "Feature", "properties": { "ID": 522050500980, "正式名称": "能登谷整形外科医院", "機関区分": 2, "都道府県コード": 5, "市区町村コード": 201, "所在地": "秋田県秋田市泉東町８－５９", "緯度": 39.734772, "経度": 140.126018, "url": "https://www.iryou.teikyouseido.mhlw.go.jp/znk-web/juminkanja/S2430/initialize?prefCd=05&kikanCd=22050500980&kikanKbn=2", "url2": null, "内容": "能登谷整形外科医院【2:診療所】【診療科目:0】秋田県秋田市泉東町８－５９" }, "geometry": { "type": "Point", "coordinates": [ 140.126018, 39.734772 ] } },
{ "type": "Feature", "properties": { "ID": 522050500990, "正式名称": "はやかわ眼科クリニック", "機関区分": 2, "都道府県コード": 5, "市区町村コード": 201, "所在地": "秋田県秋田市泉東町８－９", "緯度": 39.734939, "経度": 140.126296, "url": "https://www.iryou.teikyouseido.mhlw.go.jp/znk-web/juminkanja/S2430/initialize?prefCd=05&kikanCd=22050500990&kikanKbn=2", "url2": "http://hayakawa-eye-clinic.com", "内容": "はやかわ眼科クリニック【2:診療所】【診療科目:0】秋田県秋田市泉東町８－９" }, "geometry": { "type": "Point", "coordinates": [ 140.126296, 39.734939 ] } },
{ "type": "Feature", "properties": { "ID": 522050501000, "正式名称": "わたなべ眼科医院", "機関区分": 2, "都道府県コード": 5, "市区町村コード": 201, "所在地": "秋田県秋田市泉登木２２６－３", "緯度": 39.737355, "経度": 140.101854, "url": "https://www.iryou.teikyouseido.mhlw.go.jp/znk-web/juminkanja/S2430/initialize?prefCd=05&kikanCd=22050501000&kikanKbn=2", "url2": "https://www.watanabeganka-akita.com", "内容": "わたなべ眼科医院【2:診療所】【診療科目:0】秋田県秋田市泉登木２２６－３" }, "geometry": { "type": "Point", "coordinates": [ 140.101854, 39.737355 ] } },
{ "type": "Feature", "properties": { "ID": 522050501040, "正式名称": "すがの整形外科クリニック", "機関区分": 2, "都道府県コード": 5, "市区町村コード": 201, "所在地": "秋田県秋田市泉菅野１－１１－３２", "緯度": 39.737716, "経度": 140.106548, "url": "https://www.iryou.teikyouseido.mhlw.go.jp/znk-web/juminkanja/S2430/initialize?prefCd=05&kikanCd=22050501040&kikanKbn=2", "url2": null, "内容": "すがの整形外科クリニック【2:診療所】【診療科目:0】秋田県秋田市泉菅野１－１１－３２" }, "geometry": { "type": "Point", "coordinates": [ 140.106548, 39.737716 ] } },
{ "type": "Feature", "properties": { "ID": 522050501100, "正式名称": "かがや内科医院", "機関区分": 2, "都道府県コード": 5, "市区町村コード": 201, "所在地": "秋田県秋田市旭川南町１３－１８", "緯度": 39.737938, "経度": 140.12963, "url": "https://www.iryou.teikyouseido.mhlw.go.jp/znk-web/juminkanja/S2430/initialize?prefCd=05&kikanCd=22050501100&kikanKbn=2", "url2": null, "内容": "かがや内科医院【2:診療所】【診療科目:0】秋田県秋田市旭川南町１３－１８" }, "geometry": { "type": "Point", "coordinates": [ 140.12963, 39.737938 ] } },
{ "type": "Feature", "properties": { "ID": 522050501110, "正式名称": "川原医院", "機関区分": 2, "都道府県コード": 5, "市区町村コード": 201, "所在地": "秋田県秋田市手形字山崎１９４－１", "緯度": 39.722857, "経度": 140.131324, "url": "https://www.iryou.teikyouseido.mhlw.go.jp/znk-web/juminkanja/S2430/initialize?prefCd=05&kikanCd=22050501110&kikanKbn=2", "url2": "https://www.kawaharaiin.com/", "内容": "川原医院【2:診療所】【診療科目:0】秋田県秋田市手形字山崎１９４－１" }, "geometry": { "type": "Point", "coordinates": [ 140.131324, 39.722857 ] } },
{ "type": "Feature", "properties": { "ID": 522050501120, "正式名称": "あきたすてらクリニック", "機関区分": 2, "都道府県コード": 5, "市区町村コード": 201, "所在地": "秋田県秋田市手形西谷地１－２", "緯度": 39.719742, "経度": 140.131616, "url": "https://www.iryou.teikyouseido.mhlw.go.jp/znk-web/juminkanja/S2430/initialize?prefCd=05&kikanCd=22050501120&kikanKbn=2", "url2": "http://www.akita-stella.jp", "内容": "あきたすてらクリニック【2:診療所】【診療科目:0】秋田県秋田市手形西谷地１－２" }, "geometry": { "type": "Point", "coordinates": [ 140.131616, 39.719742 ] } },
{ "type": "Feature", "properties": { "ID": 522050501150, "正式名称": "とむら皮ふ科", "機関区分": 2, "都道府県コード": 5, "市区町村コード": 201, "所在地": "秋田県秋田市手形田中１１－２２", "緯度": 39.733439, "経度": 140.131046, "url": "https://www.iryou.teikyouseido.mhlw.go.jp/znk-web/juminkanja/S2430/initialize?prefCd=05&kikanCd=22050501150&kikanKbn=2", "url2": null, "内容": "とむら皮ふ科【2:診療所】【診療科目:0】秋田県秋田市手形田中１１－２２" }, "geometry": { "type": "Point", "coordinates": [ 140.131046, 39.733439 ] } },
{ "type": "Feature", "properties": { "ID": 522050501160, "正式名称": "柳田医院", "機関区分": 2, "都道府県コード": 5, "市区町村コード": 201, "所在地": "秋田県秋田市手形田中４－１５", "緯度": 39.729883, "経度": 140.129046, "url": "https://www.iryou.teikyouseido.mhlw.go.jp/znk-web/juminkanja/S2430/initialize?prefCd=05&kikanCd=22050501160&kikanKbn=2", "url2": "https://www.yanagidaiin-akita.com", "内容": "柳田医院【2:診療所】【診療科目:0】秋田県秋田市手形田中４－１５" }, "geometry": { "type": "Point", "coordinates": [ 140.129046, 39.729883 ] } },
{ "type": "Feature", "properties": { "ID": 522050501170, "正式名称": "お肌のクリニック", "機関区分": 2, "都道府県コード": 5, "市区町村コード": 201, "所在地": "秋田県秋田市手形住吉町１－３　三愛会ビル２Ｆ", "緯度": 39.725329, "経度": 140.130018, "url": "https://www.iryou.teikyouseido.mhlw.go.jp/znk-web/juminkanja/S2430/initialize?prefCd=05&kikanCd=22050501170&kikanKbn=2", "url2": "http://www.ohada-cl.jp", "内容": "お肌のクリニック【2:診療所】【診療科目:0】秋田県秋田市手形住吉町１－３　三愛会ビル２Ｆ" }, "geometry": { "type": "Point", "coordinates": [ 140.130018, 39.725329 ] } },
{ "type": "Feature", "properties": { "ID": 522050501180, "正式名称": "こころのクリニック", "機関区分": 2, "都道府県コード": 5, "市区町村コード": 201, "所在地": "秋田県秋田市手形住吉町１－３　三愛会ビル２Ｆ", "緯度": 39.725329, "経度": 140.130018, "url": "https://www.iryou.teikyouseido.mhlw.go.jp/znk-web/juminkanja/S2430/initialize?prefCd=05&kikanCd=22050501180&kikanKbn=2", "url2": "http://www.akitahigashi-hp.com/kokoro", "内容": "こころのクリニック【2:診療所】【診療科目:0】秋田県秋田市手形住吉町１－３　三愛会ビル２Ｆ" }, "geometry": { "type": "Point", "coordinates": [ 140.130018, 39.725329 ] } },
{ "type": "Feature", "properties": { "ID": 522050501190, "正式名称": "医療法人　ＳＯＵＮＤ　ＳＬＥＥＰ　あきた睡眠クリニック", "機関区分": 2, "都道府県コード": 5, "市区町村コード": 201, "所在地": "秋田県秋田市手形新栄町７－３", "緯度": 39.723393, "経度": 140.130553, "url": "https://www.iryou.teikyouseido.mhlw.go.jp/znk-web/juminkanja/S2430/initialize?prefCd=05&kikanCd=22050501190&kikanKbn=2", "url2": "http://www.akitasleep.net", "内容": "医療法人　ＳＯＵＮＤ　ＳＬＥＥＰ　あきた睡眠クリニック【2:診療所】【診療科目:0】秋田県秋田市手形新栄町７－３" }, "geometry": { "type": "Point", "coordinates": [ 140.130553, 39.723393 ] } },
{ "type": "Feature", "properties": { "ID": 522050501230, "正式名称": "クリスタルメンズクリニック", "機関区分": 2, "都道府県コード": 5, "市区町村コード": 201, "所在地": "秋田県秋田市千秋久保田町３－１５　三宅ビル３階", "緯度": 39.717745, "経度": 140.127408, "url": "https://www.iryou.teikyouseido.mhlw.go.jp/znk-web/juminkanja/S2430/initialize?prefCd=05&kikanCd=22050501230&kikanKbn=2", "url2": "http://www.mencli.com/", "内容": "クリスタルメンズクリニック【2:診療所】【診療科目:0】秋田県秋田市千秋久保田町３－１５　三宅ビル３階" }, "geometry": { "type": "Point", "coordinates": [ 140.127408, 39.717745 ] } },
{ "type": "Feature", "properties": { "ID": 522050501240, "正式名称": "東京美容外科　秋田院", "機関区分": 2, "都道府県コード": 5, "市区町村コード": 201, "所在地": "秋田県秋田市千秋久保田町３－１５　三宅ビル４Ｆ", "緯度": 39.717745, "経度": 140.127408, "url": "https://www.iryou.teikyouseido.mhlw.go.jp/znk-web/juminkanja/S2430/initialize?prefCd=05&kikanCd=22050501240&kikanKbn=2", "url2": "https://www.tkc110.jp/akita/", "内容": "東京美容外科　秋田院【2:診療所】【診療科目:0】秋田県秋田市千秋久保田町３－１５　三宅ビル４Ｆ" }, "geometry": { "type": "Point", "coordinates": [ 140.127408, 39.717745 ] } },
{ "type": "Feature", "properties": { "ID": 522050501250, "正式名称": "医療法人　裕心会　あきた駅前内科外科クリニック", "機関区分": 2, "都道府県コード": 5, "市区町村コード": 201, "所在地": "秋田県秋田市千秋久保田町３－１５　三宅ビル２Ｆ", "緯度": 39.717705, "経度": 140.127294, "url": "https://www.iryou.teikyouseido.mhlw.go.jp/znk-web/juminkanja/S2430/initialize?prefCd=05&kikanCd=22050501250&kikanKbn=2", "url2": "https://ekimae-cl.jp", "内容": "医療法人　裕心会　あきた駅前内科外科クリニック【2:診療所】【診療科目:0】秋田県秋田市千秋久保田町３－１５　三宅ビル２Ｆ" }, "geometry": { "type": "Point", "coordinates": [ 140.127294, 39.717705 ] } },
{ "type": "Feature", "properties": { "ID": 522050501260, "正式名称": "医療法人　太田眼科", "機関区分": 2, "都道府県コード": 5, "市区町村コード": 201, "所在地": "秋田県秋田市千秋久保田町３－２１　千秋アイラックビル２階", "緯度": 39.717731, "経度": 140.127, "url": "https://www.iryou.teikyouseido.mhlw.go.jp/znk-web/juminkanja/S2430/initialize?prefCd=05&kikanCd=22050501260&kikanKbn=2", "url2": "http://www.ohta-i.com/", "内容": "医療法人　太田眼科【2:診療所】【診療科目:0】秋田県秋田市千秋久保田町３－２１　千秋アイラックビル２階" }, "geometry": { "type": "Point", "coordinates": [ 140.127, 39.717731 ] } },
{ "type": "Feature", "properties": { "ID": 522050501300, "正式名称": "石田皮ふ科医院", "機関区分": 2, "都道府県コード": 5, "市区町村コード": 201, "所在地": "秋田県秋田市千秋明徳町１－３４", "緯度": 39.719912, "経度": 140.120186, "url": "https://www.iryou.teikyouseido.mhlw.go.jp/znk-web/juminkanja/S2430/initialize?prefCd=05&kikanCd=22050501300&kikanKbn=2", "url2": "https://www.ishidadermatologyclinic.com/", "内容": "石田皮ふ科医院【2:診療所】【診療科目:0】秋田県秋田市千秋明徳町１－３４" }, "geometry": { "type": "Point", "coordinates": [ 140.120186, 39.719912 ] } },
{ "type": "Feature", "properties": { "ID": 522050501310, "正式名称": "しかま医院", "機関区分": 2, "都道府県コード": 5, "市区町村コード": 201, "所在地": "秋田県秋田市保戸野原の町８－３８", "緯度": 39.725578, "経度": 140.11327, "url": "https://www.iryou.teikyouseido.mhlw.go.jp/znk-web/juminkanja/S2430/initialize?prefCd=05&kikanCd=22050501310&kikanKbn=2", "url2": null, "内容": "しかま医院【2:診療所】【診療科目:0】秋田県秋田市保戸野原の町８－３８" }, "geometry": { "type": "Point", "coordinates": [ 140.11327, 39.725578 ] } },
{ "type": "Feature", "properties": { "ID": 522050501320, "正式名称": "いなみ小児科ファミリークリニック", "機関区分": 2, "都道府県コード": 5, "市区町村コード": 201, "所在地": "秋田県秋田市保戸野中町１－４５", "緯度": 39.722162, "経度": 140.116964, "url": "https://www.iryou.teikyouseido.mhlw.go.jp/znk-web/juminkanja/S2430/initialize?prefCd=05&kikanCd=22050501320&kikanKbn=2", "url2": "www.inami-ped.com", "内容": "いなみ小児科ファミリークリニック【2:診療所】【診療科目:0】秋田県秋田市保戸野中町１－４５" }, "geometry": { "type": "Point", "coordinates": [ 140.116964, 39.722162 ] } },
{ "type": "Feature", "properties": { "ID": 522050501330, "正式名称": "高橋眼科医院", "機関区分": 2, "都道府県コード": 5, "市区町村コード": 201, "所在地": "秋田県秋田市保戸野中町１－５３", "緯度": 39.722023, "経度": 140.116631, "url": "https://www.iryou.teikyouseido.mhlw.go.jp/znk-web/juminkanja/S2430/initialize?prefCd=05&kikanCd=22050501330&kikanKbn=2", "url2": null, "内容": "高橋眼科医院【2:診療所】【診療科目:0】秋田県秋田市保戸野中町１－５３" }, "geometry": { "type": "Point", "coordinates": [ 140.116631, 39.722023 ] } },
{ "type": "Feature", "properties": { "ID": 522050501350, "正式名称": "石田内科医院", "機関区分": 2, "都道府県コード": 5, "市区町村コード": 201, "所在地": "秋田県秋田市保戸野中町６－４８", "緯度": 39.723551, "経度": 140.117936, "url": "https://www.iryou.teikyouseido.mhlw.go.jp/znk-web/juminkanja/S2430/initialize?prefCd=05&kikanCd=22050501350&kikanKbn=2", "url2": null, "内容": "石田内科医院【2:診療所】【診療科目:0】秋田県秋田市保戸野中町６－４８" }, "geometry": { "type": "Point", "coordinates": [ 140.117936, 39.723551 ] } },
{ "type": "Feature", "properties": { "ID": 522050501360, "正式名称": "岩渕内科胃腸科クリニック", "機関区分": 2, "都道府県コード": 5, "市区町村コード": 201, "所在地": "秋田県秋田市保戸野中町７－１６", "緯度": 39.726217, "経度": 140.119381, "url": "https://www.iryou.teikyouseido.mhlw.go.jp/znk-web/juminkanja/S2430/initialize?prefCd=05&kikanCd=22050501360&kikanKbn=2", "url2": "https://www.iwabuchi-naikaichouka-clinic.com/", "内容": "岩渕内科胃腸科クリニック【2:診療所】【診療科目:0】秋田県秋田市保戸野中町７－１６" }, "geometry": { "type": "Point", "coordinates": [ 140.119381, 39.726217 ] } },
{ "type": "Feature", "properties": { "ID": 522050501370, "正式名称": "医療法人内科胃腸科　濱島医院", "機関区分": 2, "都道府県コード": 5, "市区町村コード": 201, "所在地": "秋田県秋田市保戸野すわ町１５－２０", "緯度": 39.725272, "経度": 140.112826, "url": "https://www.iryou.teikyouseido.mhlw.go.jp/znk-web/juminkanja/S2430/initialize?prefCd=05&kikanCd=22050501370&kikanKbn=2", "url2": null, "内容": "医療法人内科胃腸科　濱島医院【2:診療所】【診療科目:0】秋田県秋田市保戸野すわ町１５－２０" }, "geometry": { "type": "Point", "coordinates": [ 140.112826, 39.725272 ] } },
{ "type": "Feature", "properties": { "ID": 522050501380, "正式名称": "細部眼科医院", "機関区分": 2, "都道府県コード": 5, "市区町村コード": 201, "所在地": "秋田県秋田市保戸野すわ町１５－２", "緯度": 39.724828, "経度": 140.112826, "url": "https://www.iryou.teikyouseido.mhlw.go.jp/znk-web/juminkanja/S2430/initialize?prefCd=05&kikanCd=22050501380&kikanKbn=2", "url2": "http://hosobe.com/", "内容": "細部眼科医院【2:診療所】【診療科目:0】秋田県秋田市保戸野すわ町１５－２" }, "geometry": { "type": "Point", "coordinates": [ 140.112826, 39.724828 ] } },
{ "type": "Feature", "properties": { "ID": 522050501390, "正式名称": "医療法人杜の樹　立木医院", "機関区分": 2, "都道府県コード": 5, "市区町村コード": 201, "所在地": "秋田県秋田市保戸野鉄砲町１１－２８", "緯度": 39.724994, "経度": 140.111854, "url": "https://www.iryou.teikyouseido.mhlw.go.jp/znk-web/juminkanja/S2430/initialize?prefCd=05&kikanCd=22050501390&kikanKbn=2", "url2": "https://www.morinoki-tachikiclinic.com", "内容": "医療法人杜の樹　立木医院【2:診療所】【診療科目:0】秋田県秋田市保戸野鉄砲町１１－２８" }, "geometry": { "type": "Point", "coordinates": [ 140.111854, 39.724994 ] } },
{ "type": "Feature", "properties": { "ID": 522050501410, "正式名称": "医療法人　愛聖会　やすおか小児科医院", "機関区分": 2, "都道府県コード": 5, "市区町村コード": 201, "所在地": "秋田県秋田市保戸野千代田町１４－９", "緯度": 39.728217, "経度": 140.110298, "url": "https://www.iryou.teikyouseido.mhlw.go.jp/znk-web/juminkanja/S2430/initialize?prefCd=05&kikanCd=22050501410&kikanKbn=2", "url2": "http://www.yasuokaiin.jp", "内容": "医療法人　愛聖会　やすおか小児科医院【2:診療所】【診療科目:0】秋田県秋田市保戸野千代田町１４－９" }, "geometry": { "type": "Point", "coordinates": [ 140.110298, 39.728217 ] } },
{ "type": "Feature", "properties": { "ID": 522050501440, "正式名称": "みやざわペインクリニック", "機関区分": 2, "都道府県コード": 5, "市区町村コード": 201, "所在地": "秋田県秋田市東通仲町４－１－４Ｆ", "緯度": 39.71583, "経度": 140.131463, "url": "https://www.iryou.teikyouseido.mhlw.go.jp/znk-web/juminkanja/S2430/initialize?prefCd=05&kikanCd=22050501440&kikanKbn=2", "url2": null, "内容": "みやざわペインクリニック【2:診療所】【診療科目:0】秋田県秋田市東通仲町４－１－４Ｆ" }, "geometry": { "type": "Point", "coordinates": [ 140.131463, 39.71583 ] } },
{ "type": "Feature", "properties": { "ID": 522050501460, "正式名称": "片岡内科医院", "機関区分": 2, "都道府県コード": 5, "市区町村コード": 201, "所在地": "秋田県秋田市泉南３－１７－１７", "緯度": 39.729772, "経度": 140.117797, "url": "https://www.iryou.teikyouseido.mhlw.go.jp/znk-web/juminkanja/S2430/initialize?prefCd=05&kikanCd=22050501460&kikanKbn=2", "url2": "http://www.kataoka-naika-iin.jp/", "内容": "片岡内科医院【2:診療所】【診療科目:0】秋田県秋田市泉南３－１７－１７" }, "geometry": { "type": "Point", "coordinates": [ 140.117797, 39.729772 ] } },
{ "type": "Feature", "properties": { "ID": 522050501470, "正式名称": "医療法人櫻会　大町内科外科クリニック", "機関区分": 2, "都道府県コード": 5, "市区町村コード": 201, "所在地": "秋田県秋田市大町一丁目２番２３号", "緯度": 39.720329, "経度": 140.118158, "url": "https://www.iryou.teikyouseido.mhlw.go.jp/znk-web/juminkanja/S2430/initialize?prefCd=05&kikanCd=22050501470&kikanKbn=2", "url2": "https://www.omachi-naikageka.com/", "内容": "医療法人櫻会　大町内科外科クリニック【2:診療所】【診療科目:0】秋田県秋田市大町一丁目２番２３号" }, "geometry": { "type": "Point", "coordinates": [ 140.118158, 39.720329 ] } },
{ "type": "Feature", "properties": { "ID": 522050501480, "正式名称": "武田胃腸クリニック", "機関区分": 2, "都道府県コード": 5, "市区町村コード": 201, "所在地": "秋田県秋田市大町１丁目６－１２", "緯度": 39.720995, "経度": 140.113382, "url": "https://www.iryou.teikyouseido.mhlw.go.jp/znk-web/juminkanja/S2430/initialize?prefCd=05&kikanCd=22050501480&kikanKbn=2", "url2": null, "内容": "武田胃腸クリニック【2:診療所】【診療科目:0】秋田県秋田市大町１丁目６－１２" }, "geometry": { "type": "Point", "coordinates": [ 140.113382, 39.720995 ] } },
{ "type": "Feature", "properties": { "ID": 522050501510, "正式名称": "ささはら内科医院", "機関区分": 2, "都道府県コード": 5, "市区町村コード": 201, "所在地": "秋田県秋田市大町３－４－４１", "緯度": 39.717523, "経度": 140.114215, "url": "https://www.iryou.teikyouseido.mhlw.go.jp/znk-web/juminkanja/S2430/initialize?prefCd=05&kikanCd=22050501510&kikanKbn=2", "url2": "http://sasahara-naika.jp/", "内容": "ささはら内科医院【2:診療所】【診療科目:0】秋田県秋田市大町３－４－４１" }, "geometry": { "type": "Point", "coordinates": [ 140.114215, 39.717523 ] } },
{ "type": "Feature", "properties": { "ID": 522050501520, "正式名称": "医療法人　慈心会　寺田内科医院", "機関区分": 2, "都道府県コード": 5, "市区町村コード": 201, "所在地": "秋田県秋田市旭南１丁目１－６", "緯度": 39.712524, "経度": 140.108605, "url": "https://www.iryou.teikyouseido.mhlw.go.jp/znk-web/juminkanja/S2430/initialize?prefCd=05&kikanCd=22050501520&kikanKbn=2", "url2": "http://www.tim.hi-ho.ne.jp/yuta26/", "内容": "医療法人　慈心会　寺田内科医院【2:診療所】【診療科目:0】秋田県秋田市旭南１丁目１－６" }, "geometry": { "type": "Point", "coordinates": [ 140.108605, 39.712524 ] } },
{ "type": "Feature", "properties": { "ID": 522050501540, "正式名称": "島田クリニック", "機関区分": 2, "都道府県コード": 5, "市区町村コード": 201, "所在地": "秋田県秋田市川元山下町７－２１", "緯度": 39.712774, "経度": 140.105355, "url": "https://www.iryou.teikyouseido.mhlw.go.jp/znk-web/juminkanja/S2430/initialize?prefCd=05&kikanCd=22050501540&kikanKbn=2", "url2": "http://shimadacl.byoinnavi.jp/pc/", "内容": "島田クリニック【2:診療所】【診療科目:0】秋田県秋田市川元山下町７－２１" }, "geometry": { "type": "Point", "coordinates": [ 140.105355, 39.712774 ] } },
{ "type": "Feature", "properties": { "ID": 522050501590, "正式名称": "平野いたみのクリニック", "機関区分": 2, "都道府県コード": 5, "市区町村コード": 201, "所在地": "秋田県秋田市川尻御休町５－４０", "緯度": 39.713495, "経度": 140.097244, "url": "https://www.iryou.teikyouseido.mhlw.go.jp/znk-web/juminkanja/S2430/initialize?prefCd=05&kikanCd=22050501590&kikanKbn=2", "url2": null, "内容": "平野いたみのクリニック【2:診療所】【診療科目:0】秋田県秋田市川尻御休町５－４０" }, "geometry": { "type": "Point", "coordinates": [ 140.097244, 39.713495 ] } },
{ "type": "Feature", "properties": { "ID": 522050501610, "正式名称": "東海林整形外科クリニック", "機関区分": 2, "都道府県コード": 5, "市区町村コード": 201, "所在地": "秋田県秋田市川尻総社町１７－８", "緯度": 39.710385, "経度": 140.101994, "url": "https://www.iryou.teikyouseido.mhlw.go.jp/znk-web/juminkanja/S2430/initialize?prefCd=05&kikanCd=22050501610&kikanKbn=2", "url2": "https://ssc6.doctorqube.com/shoji/", "内容": "東海林整形外科クリニック【2:診療所】【診療科目:0】秋田県秋田市川尻総社町１７－８" }, "geometry": { "type": "Point", "coordinates": [ 140.101994, 39.710385 ] } },
{ "type": "Feature", "properties": { "ID": 522050501620, "正式名称": "銭谷内科胃腸科クリニック", "機関区分": 2, "都道府県コード": 5, "市区町村コード": 201, "所在地": "秋田県秋田市川尻上野町１－６４", "緯度": 39.709941, "経度": 140.101494, "url": "https://www.iryou.teikyouseido.mhlw.go.jp/znk-web/juminkanja/S2430/initialize?prefCd=05&kikanCd=22050501620&kikanKbn=2", "url2": "http://zeniya-c.sakura.ne.jp", "内容": "銭谷内科胃腸科クリニック【2:診療所】【診療科目:0】秋田県秋田市川尻上野町１－６４" }, "geometry": { "type": "Point", "coordinates": [ 140.101494, 39.709941 ] } },
{ "type": "Feature", "properties": { "ID": 522050501630, "正式名称": "くらみつ内科クリニック", "機関区分": 2, "都道府県コード": 5, "市区町村コード": 201, "所在地": "秋田県秋田市山王５－１０－２８", "緯度": 39.714801, "経度": 140.104938, "url": "https://www.iryou.teikyouseido.mhlw.go.jp/znk-web/juminkanja/S2430/initialize?prefCd=05&kikanCd=22050501630&kikanKbn=2", "url2": "http://www.kuramitsu-clinic.com", "内容": "くらみつ内科クリニック【2:診療所】【診療科目:0】秋田県秋田市山王５－１０－２８" }, "geometry": { "type": "Point", "coordinates": [ 140.104938, 39.714801 ] } },
{ "type": "Feature", "properties": { "ID": 522050501660, "正式名称": "医療法人栄山会　山王胃腸科", "機関区分": 2, "都道府県コード": 5, "市区町村コード": 201, "所在地": "秋田県秋田市山王２丁目１番４９号", "緯度": 39.719523, "経度": 140.105604, "url": "https://www.iryou.teikyouseido.mhlw.go.jp/znk-web/juminkanja/S2430/initialize?prefCd=05&kikanCd=22050501660&kikanKbn=2", "url2": "http://www.sanno-ichouka.com/", "内容": "医療法人栄山会　山王胃腸科【2:診療所】【診療科目:0】秋田県秋田市山王２丁目１番４９号" }, "geometry": { "type": "Point", "coordinates": [ 140.105604, 39.719523 ] } },
{ "type": "Feature", "properties": { "ID": 522050501670, "正式名称": "はしづめクリニック", "機関区分": 2, "都道府県コード": 5, "市区町村コード": 201, "所在地": "秋田県秋田市山王新町１９－２７", "緯度": 39.716051, "経度": 140.093411, "url": "https://www.iryou.teikyouseido.mhlw.go.jp/znk-web/juminkanja/S2430/initialize?prefCd=05&kikanCd=22050501670&kikanKbn=2", "url2": "http://www.hashizume-clinic.jp", "内容": "はしづめクリニック【2:診療所】【診療科目:0】秋田県秋田市山王新町１９－２７" }, "geometry": { "type": "Point", "coordinates": [ 140.093411, 39.716051 ] } },
{ "type": "Feature", "properties": { "ID": 522050501680, "正式名称": "医療法人櫻会　山王眼科クリニック", "機関区分": 2, "都道府県コード": 5, "市区町村コード": 201, "所在地": "秋田県秋田市山王中園町１０番２７号", "緯度": 39.714384, "経度": 140.093495, "url": "https://www.iryou.teikyouseido.mhlw.go.jp/znk-web/juminkanja/S2430/initialize?prefCd=05&kikanCd=22050501680&kikanKbn=2", "url2": null, "内容": "医療法人櫻会　山王眼科クリニック【2:診療所】【診療科目:0】秋田県秋田市山王中園町１０番２７号" }, "geometry": { "type": "Point", "coordinates": [ 140.093495, 39.714384 ] } },
{ "type": "Feature", "properties": { "ID": 522050501690, "正式名称": "吉田胃腸科内科クリニック", "機関区分": 2, "都道府県コード": 5, "市区町村コード": 201, "所在地": "秋田県秋田市山王中園町１０－３０", "緯度": 39.71469, "経度": 140.093495, "url": "https://www.iryou.teikyouseido.mhlw.go.jp/znk-web/juminkanja/S2430/initialize?prefCd=05&kikanCd=22050501690&kikanKbn=2", "url2": "http://y-yoshida119.byoinnavi.jp/pc/", "内容": "吉田胃腸科内科クリニック【2:診療所】【診療科目:0】秋田県秋田市山王中園町１０－３０" }, "geometry": { "type": "Point", "coordinates": [ 140.093495, 39.71469 ] } },
{ "type": "Feature", "properties": { "ID": 522050501710, "正式名称": "はらだ小児科医院", "機関区分": 2, "都道府県コード": 5, "市区町村コード": 201, "所在地": "秋田県秋田市山王中園町２番１６号", "緯度": 39.714357, "経度": 140.097049, "url": "https://www.iryou.teikyouseido.mhlw.go.jp/znk-web/juminkanja/S2430/initialize?prefCd=05&kikanCd=22050501710&kikanKbn=2", "url2": "http://www.haradadr-clinic.jp/", "内容": "はらだ小児科医院【2:診療所】【診療科目:0】秋田県秋田市山王中園町２番１６号" }, "geometry": { "type": "Point", "coordinates": [ 140.097049, 39.714357 ] } },
{ "type": "Feature", "properties": { "ID": 522050501720, "正式名称": "医療法人社団　本間医院", "機関区分": 2, "都道府県コード": 5, "市区町村コード": 201, "所在地": "秋田県秋田市山王中園町３番１４号", "緯度": 39.713857, "経度": 140.096327, "url": "https://www.iryou.teikyouseido.mhlw.go.jp/znk-web/juminkanja/S2430/initialize?prefCd=05&kikanCd=22050501720&kikanKbn=2", "url2": null, "内容": "医療法人社団　本間医院【2:診療所】【診療科目:0】秋田県秋田市山王中園町３番１４号" }, "geometry": { "type": "Point", "coordinates": [ 140.096327, 39.713857 ] } },
{ "type": "Feature", "properties": { "ID": 522050501730, "正式名称": "医療法人　圭山会　山王整形外科医院", "機関区分": 2, "都道府県コード": 5, "市区町村コード": 201, "所在地": "秋田県秋田市山王中島町１５番１８号", "緯度": 39.718079, "経度": 140.089106, "url": "https://www.iryou.teikyouseido.mhlw.go.jp/znk-web/juminkanja/S2430/initialize?prefCd=05&kikanCd=22050501730&kikanKbn=2", "url2": "http://www005.upp.so-net.ne.jp/agency/sanno/", "内容": "医療法人　圭山会　山王整形外科医院【2:診療所】【診療科目:0】秋田県秋田市山王中島町１５番１８号" }, "geometry": { "type": "Point", "coordinates": [ 140.089106, 39.718079 ] } },
{ "type": "Feature", "properties": { "ID": 522050501760, "正式名称": "澤口医院", "機関区分": 2, "都道府県コード": 5, "市区町村コード": 201, "所在地": "秋田県秋田市八橋三和町１４－６", "緯度": 39.72974, "経度": 140.100791, "url": "https://www.iryou.teikyouseido.mhlw.go.jp/znk-web/juminkanja/S2430/initialize?prefCd=05&kikanCd=22050501760&kikanKbn=2", "url2": "httt://www.sawaguchi-clinic.jp/", "内容": "澤口医院【2:診療所】【診療科目:0】秋田県秋田市八橋三和町１４－６" }, "geometry": { "type": "Point", "coordinates": [ 140.100791, 39.72974 ] } },
{ "type": "Feature", "properties": { "ID": 522050501770, "正式名称": "小林胃腸科内科", "機関区分": 2, "都道府県コード": 5, "市区町村コード": 201, "所在地": "秋田県秋田市八橋田五郎二丁目１１－９", "緯度": 39.730022, "経度": 140.095549, "url": "https://www.iryou.teikyouseido.mhlw.go.jp/znk-web/juminkanja/S2430/initialize?prefCd=05&kikanCd=22050501770&kikanKbn=2", "url2": "http://kobayashihp.web.fc2.com/", "内容": "小林胃腸科内科【2:診療所】【診療科目:0】秋田県秋田市八橋田五郎二丁目１１－９" }, "geometry": { "type": "Point", "coordinates": [ 140.095549, 39.730022 ] } },
{ "type": "Feature", "properties": { "ID": 522050501780, "正式名称": "えのきこどもクリニック", "機関区分": 2, "都道府県コード": 5, "市区町村コード": 201, "所在地": "秋田県秋田市八橋田五郎２－１３－１８", "緯度": 39.729606, "経度": 140.094204, "url": "https://www.iryou.teikyouseido.mhlw.go.jp/znk-web/juminkanja/S2430/initialize?prefCd=05&kikanCd=22050501780&kikanKbn=2", "url2": "www.enokiclinic.net", "内容": "えのきこどもクリニック【2:診療所】【診療科目:0】秋田県秋田市八橋田五郎２－１３－１８" }, "geometry": { "type": "Point", "coordinates": [ 140.094204, 39.729606 ] } },
{ "type": "Feature", "properties": { "ID": 522050501790, "正式名称": "かん眼科", "機関区分": 2, "都道府県コード": 5, "市区町村コード": 201, "所在地": "秋田県秋田市八橋本町５－５－２０", "緯度": 39.725133, "経度": 140.09416, "url": "https://www.iryou.teikyouseido.mhlw.go.jp/znk-web/juminkanja/S2430/initialize?prefCd=05&kikanCd=22050501790&kikanKbn=2", "url2": "http://www.kanganka.com", "内容": "かん眼科【2:診療所】【診療科目:0】秋田県秋田市八橋本町５－５－２０" }, "geometry": { "type": "Point", "coordinates": [ 140.09416, 39.725133 ] } },
{ "type": "Feature", "properties": { "ID": 522050501810, "正式名称": "医療法人社団泉晃会　中込内科医院", "機関区分": 2, "都道府県コード": 5, "市区町村コード": 201, "所在地": "秋田県秋田市八橋本町３－１－５", "緯度": 39.722994, "経度": 140.101827, "url": "https://www.iryou.teikyouseido.mhlw.go.jp/znk-web/juminkanja/S2430/initialize?prefCd=05&kikanCd=22050501810&kikanKbn=2", "url2": "https://nakagomi-c.jp/", "内容": "医療法人社団泉晃会　中込内科医院【2:診療所】【診療科目:0】秋田県秋田市八橋本町３－１－５" }, "geometry": { "type": "Point", "coordinates": [ 140.101827, 39.722994 ] } },
{ "type": "Feature", "properties": { "ID": 522050501860, "正式名称": "医療法人　健雄会　雄和もてぎクリニック", "機関区分": 2, "都道府県コード": 5, "市区町村コード": 201, "所在地": "秋田県秋田市雄和妙法上大部９０－１", "緯度": 39.592149, "経度": 140.170077, "url": "https://www.iryou.teikyouseido.mhlw.go.jp/znk-web/juminkanja/S2430/initialize?prefCd=05&kikanCd=22050501860&kikanKbn=2", "url2": null, "内容": "医療法人　健雄会　雄和もてぎクリニック【2:診療所】【診療科目:0】秋田県秋田市雄和妙法上大部９０－１" }, "geometry": { "type": "Point", "coordinates": [ 140.170077, 39.592149 ] } },
{ "type": "Feature", "properties": { "ID": 522050501920, "正式名称": "医療法人　祥仁会　秋田南クリニック", "機関区分": 2, "都道府県コード": 5, "市区町村コード": 201, "所在地": "秋田県秋田市南ケ丘一丁目３番１号", "緯度": 39.689444, "経度": 140.162879, "url": "https://www.iryou.teikyouseido.mhlw.go.jp/znk-web/juminkanja/S2430/initialize?prefCd=05&kikanCd=22050501920&kikanKbn=2", "url2": "http://www.akita-minami.jp/", "内容": "医療法人　祥仁会　秋田南クリニック【2:診療所】【診療科目:0】秋田県秋田市南ケ丘一丁目３番１号" }, "geometry": { "type": "Point", "coordinates": [ 140.162879, 39.689444 ] } },
{ "type": "Feature", "properties": { "ID": 522050501940, "正式名称": "御所野かなや眼科", "機関区分": 2, "都道府県コード": 5, "市区町村コード": 201, "所在地": "秋田県秋田市御所野元町４－１４－３２", "緯度": 39.661891, "経度": 140.172296, "url": "https://www.iryou.teikyouseido.mhlw.go.jp/znk-web/juminkanja/S2430/initialize?prefCd=05&kikanCd=22050501940&kikanKbn=2", "url2": null, "内容": "御所野かなや眼科【2:診療所】【診療科目:0】秋田県秋田市御所野元町４－１４－３２" }, "geometry": { "type": "Point", "coordinates": [ 140.172296, 39.661891 ] } },
{ "type": "Feature", "properties": { "ID": 522050501970, "正式名称": "御所野整形外科", "機関区分": 2, "都道府県コード": 5, "市区町村コード": 201, "所在地": "秋田県秋田市御所野地蔵田２－１－４９", "緯度": 39.664641, "経度": 140.158075, "url": "https://www.iryou.teikyouseido.mhlw.go.jp/znk-web/juminkanja/S2430/initialize?prefCd=05&kikanCd=22050501970&kikanKbn=2", "url2": "https://www.goshonoseikei.com/", "内容": "御所野整形外科【2:診療所】【診療科目:0】秋田県秋田市御所野地蔵田２－１－４９" }, "geometry": { "type": "Point", "coordinates": [ 140.158075, 39.664641 ] } },
{ "type": "Feature", "properties": { "ID": 522050501990, "正式名称": "元町形成外科", "機関区分": 2, "都道府県コード": 5, "市区町村コード": 201, "所在地": "秋田県秋田市御所野元町５－１２－１", "緯度": 39.660336, "経度": 140.169102, "url": "https://www.iryou.teikyouseido.mhlw.go.jp/znk-web/juminkanja/S2430/initialize?prefCd=05&kikanCd=22050501990&kikanKbn=2", "url2": "https://www.amkg.jp/", "内容": "元町形成外科【2:診療所】【診療科目:0】秋田県秋田市御所野元町５－１２－１" }, "geometry": { "type": "Point", "coordinates": [ 140.169102, 39.660336 ] } },
{ "type": "Feature", "properties": { "ID": 522050502000, "正式名称": "御所野内科クリニック", "機関区分": 2, "都道府県コード": 5, "市区町村コード": 201, "所在地": "秋田県秋田市御所野元町５丁目３－５", "緯度": 39.660558, "経度": 140.16863, "url": "https://www.iryou.teikyouseido.mhlw.go.jp/znk-web/juminkanja/S2430/initialize?prefCd=05&kikanCd=22050502000&kikanKbn=2", "url2": "https://www.goshononaikaclinic.com/", "内容": "御所野内科クリニック【2:診療所】【診療科目:0】秋田県秋田市御所野元町５丁目３－５" }, "geometry": { "type": "Point", "coordinates": [ 140.16863, 39.660558 ] } },
{ "type": "Feature", "properties": { "ID": 522050502020, "正式名称": "医療法人杏仁会御所野ひかりクリニック", "機関区分": 2, "都道府県コード": 5, "市区町村コード": 201, "所在地": "秋田県秋田市仁井田字横山２６０－１", "緯度": 39.677362, "経度": 140.152518, "url": "https://www.iryou.teikyouseido.mhlw.go.jp/znk-web/juminkanja/S2430/initialize?prefCd=05&kikanCd=22050502020&kikanKbn=2", "url2": "http://kyojinkai.com/", "内容": "医療法人杏仁会御所野ひかりクリニック【2:診療所】【診療科目:0】秋田県秋田市仁井田字横山２６０－１" }, "geometry": { "type": "Point", "coordinates": [ 140.152518, 39.677362 ] } },
{ "type": "Feature", "properties": { "ID": 522050502030, "正式名称": "耳鼻咽喉科おのば能登医院", "機関区分": 2, "都道府県コード": 5, "市区町村コード": 201, "所在地": "秋田県秋田市仁井田中新田６６番地１", "緯度": 39.677417, "経度": 140.125521, "url": "https://www.iryou.teikyouseido.mhlw.go.jp/znk-web/juminkanja/S2430/initialize?prefCd=05&kikanCd=22050502030&kikanKbn=2", "url2": "https://www.onobanotoiin.com/", "内容": "耳鼻咽喉科おのば能登医院【2:診療所】【診療科目:0】秋田県秋田市仁井田中新田６６番地１" }, "geometry": { "type": "Point", "coordinates": [ 140.125521, 39.677417 ] } },
{ "type": "Feature", "properties": { "ID": 522050502040, "正式名称": "永沢整形外科クリニック", "機関区分": 2, "都道府県コード": 5, "市区町村コード": 201, "所在地": "秋田県秋田市仁井田中新田７７番地", "緯度": 39.677528, "経度": 140.123188, "url": "https://www.iryou.teikyouseido.mhlw.go.jp/znk-web/juminkanja/S2430/initialize?prefCd=05&kikanCd=22050502040&kikanKbn=2", "url2": null, "内容": "永沢整形外科クリニック【2:診療所】【診療科目:0】秋田県秋田市仁井田中新田７７番地" }, "geometry": { "type": "Point", "coordinates": [ 140.123188, 39.677528 ] } },
{ "type": "Feature", "properties": { "ID": 522050502050, "正式名称": "おのば高橋小児科クリニック", "機関区分": 2, "都道府県コード": 5, "市区町村コード": 201, "所在地": "秋田県秋田市仁井田字中新田７８", "緯度": 39.677695, "経度": 140.12291, "url": "https://www.iryou.teikyouseido.mhlw.go.jp/znk-web/juminkanja/S2430/initialize?prefCd=05&kikanCd=22050502050&kikanKbn=2", "url2": "http://onobaclinic.com", "内容": "おのば高橋小児科クリニック【2:診療所】【診療科目:0】秋田県秋田市仁井田字中新田７８" }, "geometry": { "type": "Point", "coordinates": [ 140.12291, 39.677695 ] } },
{ "type": "Feature", "properties": { "ID": 522050502060, "正式名称": "おのば腎泌尿器科クリニック", "機関区分": 2, "都道府県コード": 5, "市区町村コード": 201, "所在地": "秋田県秋田市仁井田中新田８０", "緯度": 39.677917, "経度": 140.122549, "url": "https://www.iryou.teikyouseido.mhlw.go.jp/znk-web/juminkanja/S2430/initialize?prefCd=05&kikanCd=22050502060&kikanKbn=2", "url2": "https://onobajin.jp", "内容": "おのば腎泌尿器科クリニック【2:診療所】【診療科目:0】秋田県秋田市仁井田中新田８０" }, "geometry": { "type": "Point", "coordinates": [ 140.122549, 39.677917 ] } },
{ "type": "Feature", "properties": { "ID": 522050502070, "正式名称": "おのば眼科", "機関区分": 2, "都道府県コード": 5, "市区町村コード": 201, "所在地": "秋田県秋田市仁井田字中新田８１", "緯度": 39.67775, "経度": 140.122355, "url": "https://www.iryou.teikyouseido.mhlw.go.jp/znk-web/juminkanja/S2430/initialize?prefCd=05&kikanCd=22050502070&kikanKbn=2", "url2": null, "内容": "おのば眼科【2:診療所】【診療科目:0】秋田県秋田市仁井田字中新田８１" }, "geometry": { "type": "Point", "coordinates": [ 140.122355, 39.67775 ] } },
{ "type": "Feature", "properties": { "ID": 522050502080, "正式名称": "加賀谷記念小松こども医院", "機関区分": 2, "都道府県コード": 5, "市区町村コード": 201, "所在地": "秋田県秋田市御野場新町４丁目７－２２", "緯度": 39.668918, "経度": 140.126133, "url": "https://www.iryou.teikyouseido.mhlw.go.jp/znk-web/juminkanja/S2430/initialize?prefCd=05&kikanCd=22050502080&kikanKbn=2", "url2": "http://kagaya-kodomo.com/", "内容": "加賀谷記念小松こども医院【2:診療所】【診療科目:0】秋田県秋田市御野場新町４丁目７－２２" }, "geometry": { "type": "Point", "coordinates": [ 140.126133, 39.668918 ] } },
{ "type": "Feature", "properties": { "ID": 522050502090, "正式名称": "小松内科クリニック", "機関区分": 2, "都道府県コード": 5, "市区町村コード": 201, "所在地": "秋田県秋田市御野場新町二丁目１０－１２", "緯度": 39.671306, "経度": 140.123188, "url": "https://www.iryou.teikyouseido.mhlw.go.jp/znk-web/juminkanja/S2430/initialize?prefCd=05&kikanCd=22050502090&kikanKbn=2", "url2": null, "内容": "小松内科クリニック【2:診療所】【診療科目:0】秋田県秋田市御野場新町二丁目１０－１２" }, "geometry": { "type": "Point", "coordinates": [ 140.123188, 39.671306 ] } },
{ "type": "Feature", "properties": { "ID": 522050502100, "正式名称": "御野場たなかレディースクリニック", "機関区分": 2, "都道府県コード": 5, "市区町村コード": 201, "所在地": "秋田県秋田市仁井田新田２－１４－２１", "緯度": 39.678084, "経度": 140.124438, "url": "https://www.iryou.teikyouseido.mhlw.go.jp/znk-web/juminkanja/S2430/initialize?prefCd=05&kikanCd=22050502100&kikanKbn=2", "url2": "http://www.onoba-lc.com/index.html", "内容": "御野場たなかレディースクリニック【2:診療所】【診療科目:0】秋田県秋田市仁井田新田２－１４－２１" }, "geometry": { "type": "Point", "coordinates": [ 140.124438, 39.678084 ] } },
{ "type": "Feature", "properties": { "ID": 522050502120, "正式名称": "医療法人　仁明会　すずき眼科", "機関区分": 2, "都道府県コード": 5, "市区町村コード": 201, "所在地": "秋田県秋田市仁井田新田１－１－３６", "緯度": 39.683555, "経度": 140.123383, "url": "https://www.iryou.teikyouseido.mhlw.go.jp/znk-web/juminkanja/S2430/initialize?prefCd=05&kikanCd=22050502120&kikanKbn=2", "url2": null, "内容": "医療法人　仁明会　すずき眼科【2:診療所】【診療科目:0】秋田県秋田市仁井田新田１－１－３６" }, "geometry": { "type": "Point", "coordinates": [ 140.123383, 39.683555 ] } },
{ "type": "Feature", "properties": { "ID": 522050502160, "正式名称": "社会医療法人明和会　ふき健診クリニック", "機関区分": 2, "都道府県コード": 5, "市区町村コード": 201, "所在地": "秋田県秋田市仁井田潟中町２－４１", "緯度": 39.687833, "経度": 140.122466, "url": "https://www.iryou.teikyouseido.mhlw.go.jp/znk-web/juminkanja/S2430/initialize?prefCd=05&kikanCd=22050502160&kikanKbn=2", "url2": "http://www.meiwakai.or.jp/fuki/", "内容": "社会医療法人明和会　ふき健診クリニック【2:診療所】【診療科目:0】秋田県秋田市仁井田潟中町２－４１" }, "geometry": { "type": "Point", "coordinates": [ 140.122466, 39.687833 ] } },
{ "type": "Feature", "properties": { "ID": 522050502220, "正式名称": "いいの内科クリニック", "機関区分": 2, "都道府県コード": 5, "市区町村コード": 201, "所在地": "秋田県秋田市新屋天秤野５－１０", "緯度": 39.706496, "経度": 140.084551, "url": "https://www.iryou.teikyouseido.mhlw.go.jp/znk-web/juminkanja/S2430/initialize?prefCd=05&kikanCd=22050502220&kikanKbn=2", "url2": "https://iino-clinic.jp", "内容": "いいの内科クリニック【2:診療所】【診療科目:0】秋田県秋田市新屋天秤野５－１０" }, "geometry": { "type": "Point", "coordinates": [ 140.084551, 39.706496 ] } },
{ "type": "Feature", "properties": { "ID": 522050502230, "正式名称": "医療法人富田会　富田胃腸科内科医院", "機関区分": 2, "都道府県コード": 5, "市区町村コード": 201, "所在地": "秋田県秋田市新屋豊町１０－３", "緯度": 39.703246, "経度": 140.089051, "url": "https://www.iryou.teikyouseido.mhlw.go.jp/znk-web/juminkanja/S2430/initialize?prefCd=05&kikanCd=22050502230&kikanKbn=2", "url2": "https://tomita-cl.akita.jp/", "内容": "医療法人富田会　富田胃腸科内科医院【2:診療所】【診療科目:0】秋田県秋田市新屋豊町１０－３" }, "geometry": { "type": "Point", "coordinates": [ 140.089051, 39.703246 ] } },
{ "type": "Feature", "properties": { "ID": 522050502240, "正式名称": "吉田眼科", "機関区分": 2, "都道府県コード": 5, "市区町村コード": 201, "所在地": "秋田県秋田市新屋日吉町７－４１", "緯度": 39.677317, "経度": 140.078998, "url": "https://www.iryou.teikyouseido.mhlw.go.jp/znk-web/juminkanja/S2430/initialize?prefCd=05&kikanCd=22050502240&kikanKbn=2", "url2": null, "内容": "吉田眼科【2:診療所】【診療科目:0】秋田県秋田市新屋日吉町７－４１" }, "geometry": { "type": "Point", "coordinates": [ 140.078998, 39.677317 ] } },
{ "type": "Feature", "properties": { "ID": 522050502270, "正式名称": "一戸医院", "機関区分": 2, "都道府県コード": 5, "市区町村コード": 201, "所在地": "秋田県秋田市新屋大川町９－７", "緯度": 39.687748, "経度": 140.088996, "url": "https://www.iryou.teikyouseido.mhlw.go.jp/znk-web/juminkanja/S2430/initialize?prefCd=05&kikanCd=22050502270&kikanKbn=2", "url2": null, "内容": "一戸医院【2:診療所】【診療科目:0】秋田県秋田市新屋大川町９－７" }, "geometry": { "type": "Point", "coordinates": [ 140.088996, 39.687748 ] } },
{ "type": "Feature", "properties": { "ID": 522050502280, "正式名称": "医療法人　おきた町診療所", "機関区分": 2, "都道府県コード": 5, "市区町村コード": 201, "所在地": "秋田県秋田市新屋沖田町５－２", "緯度": 39.675194, "経度": 140.089136, "url": "https://www.iryou.teikyouseido.mhlw.go.jp/znk-web/juminkanja/S2430/initialize?prefCd=05&kikanCd=22050502280&kikanKbn=2", "url2": null, "内容": "医療法人　おきた町診療所【2:診療所】【診療科目:0】秋田県秋田市新屋沖田町５－２" }, "geometry": { "type": "Point", "coordinates": [ 140.089136, 39.675194 ] } },
{ "type": "Feature", "properties": { "ID": 522050502290, "正式名称": "新屋駅前耳鼻咽喉科", "機関区分": 2, "都道府県コード": 5, "市区町村コード": 201, "所在地": "秋田県秋田市新屋扇町１３－１", "緯度": 39.677499, "経度": 140.085691, "url": "https://www.iryou.teikyouseido.mhlw.go.jp/znk-web/juminkanja/S2430/initialize?prefCd=05&kikanCd=22050502290&kikanKbn=2", "url2": "http://www.araya-ent.com/", "内容": "新屋駅前耳鼻咽喉科【2:診療所】【診療科目:0】秋田県秋田市新屋扇町１３－１" }, "geometry": { "type": "Point", "coordinates": [ 140.085691, 39.677499 ] } },
{ "type": "Feature", "properties": { "ID": 522050502300, "正式名称": "森川内科・呼吸器科クリニック", "機関区分": 2, "都道府県コード": 5, "市区町村コード": 201, "所在地": "秋田県秋田市新屋表町３番１８号", "緯度": 39.683415, "経度": 140.084136, "url": "https://www.iryou.teikyouseido.mhlw.go.jp/znk-web/juminkanja/S2430/initialize?prefCd=05&kikanCd=22050502300&kikanKbn=2", "url2": "https://www.morikawa-naika-kokyuukika.jp/", "内容": "森川内科・呼吸器科クリニック【2:診療所】【診療科目:0】秋田県秋田市新屋表町３番１８号" }, "geometry": { "type": "Point", "coordinates": [ 140.084136, 39.683415 ] } },
{ "type": "Feature", "properties": { "ID": 522050502310, "正式名称": "木村内科クリニック", "機関区分": 2, "都道府県コード": 5, "市区町村コード": 201, "所在地": "秋田県秋田市新屋田尻沢東町１０－５", "緯度": 39.672388, "経度": 140.096924, "url": "https://www.iryou.teikyouseido.mhlw.go.jp/znk-web/juminkanja/S2430/initialize?prefCd=05&kikanCd=22050502310&kikanKbn=2", "url2": null, "内容": "木村内科クリニック【2:診療所】【診療科目:0】秋田県秋田市新屋田尻沢東町１０－５" }, "geometry": { "type": "Point", "coordinates": [ 140.096924, 39.672388 ] } },
{ "type": "Feature", "properties": { "ID": 522050502360, "正式名称": "柴田医院", "機関区分": 2, "都道府県コード": 5, "市区町村コード": 201, "所在地": "秋田県秋田市河辺北野田高屋黒沼下堤下２０－１１", "緯度": 39.653282, "経度": 140.217181, "url": "https://www.iryou.teikyouseido.mhlw.go.jp/znk-web/juminkanja/S2430/initialize?prefCd=05&kikanCd=22050502360&kikanKbn=2", "url2": null, "内容": "柴田医院【2:診療所】【診療科目:0】秋田県秋田市河辺北野田高屋黒沼下堤下２０－１１" }, "geometry": { "type": "Point", "coordinates": [ 140.217181, 39.653282 ] } },
{ "type": "Feature", "properties": { "ID": 522050502370, "正式名称": "阿部眼科", "機関区分": 2, "都道府県コード": 5, "市区町村コード": 201, "所在地": "秋田県秋田市東通仲町４－１", "緯度": 39.71583, "経度": 140.131463, "url": "https://www.iryou.teikyouseido.mhlw.go.jp/znk-web/juminkanja/S2430/initialize?prefCd=05&kikanCd=22050502370&kikanKbn=2", "url2": "http://abeganka.c.ooco.jp/", "内容": "阿部眼科【2:診療所】【診療科目:0】秋田県秋田市東通仲町４－１" }, "geometry": { "type": "Point", "coordinates": [ 140.131463, 39.71583 ] } },
{ "type": "Feature", "properties": { "ID": 522050502440, "正式名称": "医療法人　並木クリニック", "機関区分": 2, "都道府県コード": 5, "市区町村コード": 201, "所在地": "秋田県秋田市寺内堂ノ沢一丁目７番２８号", "緯度": 39.735688, "経度": 140.090216, "url": "https://www.iryou.teikyouseido.mhlw.go.jp/znk-web/juminkanja/S2430/initialize?prefCd=05&kikanCd=22050502440&kikanKbn=2", "url2": "http://www.namiki-clinic.jp/", "内容": "医療法人　並木クリニック【2:診療所】【診療科目:0】秋田県秋田市寺内堂ノ沢一丁目７番２８号" }, "geometry": { "type": "Point", "coordinates": [ 140.090216, 39.735688 ] } },
{ "type": "Feature", "properties": { "ID": 522050502450, "正式名称": "つつみ整形外科", "機関区分": 2, "都道府県コード": 5, "市区町村コード": 201, "所在地": "秋田県秋田市寺内堂ノ沢三丁目８番２４号", "緯度": 39.736882, "経度": 140.089355, "url": "https://www.iryou.teikyouseido.mhlw.go.jp/znk-web/juminkanja/S2430/initialize?prefCd=05&kikanCd=22050502450&kikanKbn=2", "url2": "http://tsutsumi.e-doctor.info/", "内容": "つつみ整形外科【2:診療所】【診療科目:0】秋田県秋田市寺内堂ノ沢三丁目８番２４号" }, "geometry": { "type": "Point", "coordinates": [ 140.089355, 39.736882 ] } },
{ "type": "Feature", "properties": { "ID": 522050502460, "正式名称": "及川医院", "機関区分": 2, "都道府県コード": 5, "市区町村コード": 201, "所在地": "秋田県秋田市飯島新町３－１－２０", "緯度": 39.771522, "経度": 140.083393, "url": "https://www.iryou.teikyouseido.mhlw.go.jp/znk-web/juminkanja/S2430/initialize?prefCd=05&kikanCd=22050502460&kikanKbn=2", "url2": "http://www.oikawaiin.com", "内容": "及川医院【2:診療所】【診療科目:0】秋田県秋田市飯島新町３－１－２０" }, "geometry": { "type": "Point", "coordinates": [ 140.083393, 39.771522 ] } },
{ "type": "Feature", "properties": { "ID": 522050502470, "正式名称": "清水整形外科医院", "機関区分": 2, "都道府県コード": 5, "市区町村コード": 201, "所在地": "秋田県秋田市飯島道東２丁目１５－３１", "緯度": 39.781987, "経度": 140.066355, "url": "https://www.iryou.teikyouseido.mhlw.go.jp/znk-web/juminkanja/S2430/initialize?prefCd=05&kikanCd=22050502470&kikanKbn=2", "url2": null, "内容": "清水整形外科医院【2:診療所】【診療科目:0】秋田県秋田市飯島道東２丁目１５－３１" }, "geometry": { "type": "Point", "coordinates": [ 140.066355, 39.781987 ] } },
{ "type": "Feature", "properties": { "ID": 522050502480, "正式名称": "もりた整形外科医院", "機関区分": 2, "都道府県コード": 5, "市区町村コード": 201, "所在地": "秋田県秋田市港北松野町２－２", "緯度": 39.767601, "経度": 140.078993, "url": "https://www.iryou.teikyouseido.mhlw.go.jp/znk-web/juminkanja/S2430/initialize?prefCd=05&kikanCd=22050502480&kikanKbn=2", "url2": null, "内容": "もりた整形外科医院【2:診療所】【診療科目:0】秋田県秋田市港北松野町２－２" }, "geometry": { "type": "Point", "coordinates": [ 140.078993, 39.767601 ] } },
{ "type": "Feature", "properties": { "ID": 522050502510, "正式名称": "吉成皮膚科クリニック", "機関区分": 2, "都道府県コード": 5, "市区町村コード": 201, "所在地": "秋田県秋田市将軍野桂町３３－１８", "緯度": 39.75949, "経度": 140.089909, "url": "https://www.iryou.teikyouseido.mhlw.go.jp/znk-web/juminkanja/S2430/initialize?prefCd=05&kikanCd=22050502510&kikanKbn=2", "url2": "http://www.yoshinari-hifuka.com", "内容": "吉成皮膚科クリニック【2:診療所】【診療科目:0】秋田県秋田市将軍野桂町３３－１８" }, "geometry": { "type": "Point", "coordinates": [ 140.089909, 39.75949 ] } },
{ "type": "Feature", "properties": { "ID": 522050502520, "正式名称": "佐藤内科医院", "機関区分": 2, "都道府県コード": 5, "市区町村コード": 201, "所在地": "秋田県秋田市将軍野南１－１０－５５", "緯度": 39.747075, "経度": 140.080188, "url": "https://www.iryou.teikyouseido.mhlw.go.jp/znk-web/juminkanja/S2430/initialize?prefCd=05&kikanCd=22050502520&kikanKbn=2", "url2": null, "内容": "佐藤内科医院【2:診療所】【診療科目:0】秋田県秋田市将軍野南１－１０－５５" }, "geometry": { "type": "Point", "coordinates": [ 140.080188, 39.747075 ] } },
{ "type": "Feature", "properties": { "ID": 522050502530, "正式名称": "米谷耳鼻咽喉科医院", "機関区分": 2, "都道府県コード": 5, "市区町村コード": 201, "所在地": "秋田県秋田市将軍野南１－１０－５７", "緯度": 39.747075, "経度": 140.080605, "url": "https://www.iryou.teikyouseido.mhlw.go.jp/znk-web/juminkanja/S2430/initialize?prefCd=05&kikanCd=22050502530&kikanKbn=2", "url2": null, "内容": "米谷耳鼻咽喉科医院【2:診療所】【診療科目:0】秋田県秋田市将軍野南１－１０－５７" }, "geometry": { "type": "Point", "coordinates": [ 140.080605, 39.747075 ] } },
{ "type": "Feature", "properties": { "ID": 522050502550, "正式名称": "村山クリニック", "機関区分": 2, "都道府県コード": 5, "市区町村コード": 201, "所在地": "秋田県秋田市将軍野南５－１２－１９", "緯度": 39.750908, "経度": 140.082605, "url": "https://www.iryou.teikyouseido.mhlw.go.jp/znk-web/juminkanja/S2430/initialize?prefCd=05&kikanCd=22050502550&kikanKbn=2", "url2": null, "内容": "村山クリニック【2:診療所】【診療科目:0】秋田県秋田市将軍野南５－１２－１９" }, "geometry": { "type": "Point", "coordinates": [ 140.082605, 39.750908 ] } },
{ "type": "Feature", "properties": { "ID": 522050502560, "正式名称": "高木内科胃腸科医院", "機関区分": 2, "都道府県コード": 5, "市区町村コード": 201, "所在地": "秋田県秋田市将軍野南四丁目６－２０", "緯度": 39.745937, "経度": 140.086855, "url": "https://www.iryou.teikyouseido.mhlw.go.jp/znk-web/juminkanja/S2430/initialize?prefCd=05&kikanCd=22050502560&kikanKbn=2", "url2": null, "内容": "高木内科胃腸科医院【2:診療所】【診療科目:0】秋田県秋田市将軍野南四丁目６－２０" }, "geometry": { "type": "Point", "coordinates": [ 140.086855, 39.745937 ] } },
{ "type": "Feature", "properties": { "ID": 522050502590, "正式名称": "医療法人　うちやま眼科医院", "機関区分": 2, "都道府県コード": 5, "市区町村コード": 201, "所在地": "秋田県秋田市土崎港東３－２－２４", "緯度": 39.757768, "経度": 140.077466, "url": "https://www.iryou.teikyouseido.mhlw.go.jp/znk-web/juminkanja/S2430/initialize?prefCd=05&kikanCd=22050502590&kikanKbn=2", "url2": null, "内容": "医療法人　うちやま眼科医院【2:診療所】【診療科目:0】秋田県秋田市土崎港東３－２－２４" }, "geometry": { "type": "Point", "coordinates": [ 140.077466, 39.757768 ] } },
{ "type": "Feature", "properties": { "ID": 522050502600, "正式名称": "医療法人　土崎鹿嶋医院", "機関区分": 2, "都道府県コード": 5, "市区町村コード": 201, "所在地": "秋田県秋田市土崎港東四丁目４－７０", "緯度": 39.755214, "経度": 140.082799, "url": "https://www.iryou.teikyouseido.mhlw.go.jp/znk-web/juminkanja/S2430/initialize?prefCd=05&kikanCd=22050502600&kikanKbn=2", "url2": "http://www.kashima-clinic.or.jp/", "内容": "医療法人　土崎鹿嶋医院【2:診療所】【診療科目:0】秋田県秋田市土崎港東四丁目４－７０" }, "geometry": { "type": "Point", "coordinates": [ 140.082799, 39.755214 ] } },
{ "type": "Feature", "properties": { "ID": 522050502610, "正式名称": "佐々木内科・循環器科医院", "機関区分": 2, "都道府県コード": 5, "市区町村コード": 201, "所在地": "秋田県秋田市土崎港東４丁目５－３８", "緯度": 39.75799, "経度": 140.079688, "url": "https://www.iryou.teikyouseido.mhlw.go.jp/znk-web/juminkanja/S2430/initialize?prefCd=05&kikanCd=22050502610&kikanKbn=2", "url2": null, "内容": "佐々木内科・循環器科医院【2:診療所】【診療科目:0】秋田県秋田市土崎港東４丁目５－３８" }, "geometry": { "type": "Point", "coordinates": [ 140.079688, 39.75799 ] } },
{ "type": "Feature", "properties": { "ID": 522050502620, "正式名称": "医療法人　土崎レディースクリニック", "機関区分": 2, "都道府県コード": 5, "市区町村コード": 201, "所在地": "秋田県秋田市土崎港南３－５－５", "緯度": 39.744354, "経度": 140.074772, "url": "https://www.iryou.teikyouseido.mhlw.go.jp/znk-web/juminkanja/S2430/initialize?prefCd=05&kikanCd=22050502620&kikanKbn=2", "url2": "http://www.tsuchizaki-lc.jp/", "内容": "医療法人　土崎レディースクリニック【2:診療所】【診療科目:0】秋田県秋田市土崎港南３－５－５" }, "geometry": { "type": "Point", "coordinates": [ 140.074772, 39.744354 ] } },
{ "type": "Feature", "properties": { "ID": 522050502640, "正式名称": "医療法人　Ｗｅｌｌ　ｖｉｓｉｏｎ　なべしま眼科クリニック", "機関区分": 2, "都道府県コード": 5, "市区町村コード": 201, "所在地": "秋田県秋田市土崎港中央５－７－１５", "緯度": 39.759352, "経度": 140.070022, "url": "https://www.iryou.teikyouseido.mhlw.go.jp/znk-web/juminkanja/S2430/initialize?prefCd=05&kikanCd=22050502640&kikanKbn=2", "url2": "https://nabeshima-eye-clinic.jp/", "内容": "医療法人　Ｗｅｌｌ　ｖｉｓｉｏｎ　なべしま眼科クリニック【2:診療所】【診療科目:0】秋田県秋田市土崎港中央５－７－１５" }, "geometry": { "type": "Point", "coordinates": [ 140.070022, 39.759352 ] } },
{ "type": "Feature", "properties": { "ID": 522050502660, "正式名称": "あきたレディースクリニック安田", "機関区分": 2, "都道府県コード": 5, "市区町村コード": 201, "所在地": "秋田県秋田市土崎港中央一丁目１７番１１号", "緯度": 39.753075, "経度": 140.068467, "url": "https://www.iryou.teikyouseido.mhlw.go.jp/znk-web/juminkanja/S2430/initialize?prefCd=05&kikanCd=22050502660&kikanKbn=2", "url2": "http://yasuda-lc.jp", "内容": "あきたレディースクリニック安田【2:診療所】【診療科目:0】秋田県秋田市土崎港中央一丁目１７番１１号" }, "geometry": { "type": "Point", "coordinates": [ 140.068467, 39.753075 ] } },
{ "type": "Feature", "properties": { "ID": 522050502670, "正式名称": "医療法人　玉田眼科", "機関区分": 2, "都道府県コード": 5, "市区町村コード": 201, "所在地": "秋田県秋田市土崎港中央５丁目６－２９", "緯度": 39.759157, "経度": 140.069134, "url": "https://www.iryou.teikyouseido.mhlw.go.jp/znk-web/juminkanja/S2430/initialize?prefCd=05&kikanCd=22050502670&kikanKbn=2", "url2": "https://www.tamadaganka.info/", "内容": "医療法人　玉田眼科【2:診療所】【診療科目:0】秋田県秋田市土崎港中央５丁目６－２９" }, "geometry": { "type": "Point", "coordinates": [ 140.069134, 39.759157 ] } },
{ "type": "Feature", "properties": { "ID": 522050502700, "正式名称": "向島医院", "機関区分": 2, "都道府県コード": 5, "市区町村コード": 201, "所在地": "秋田県秋田市土崎港中央三丁目５番１０号", "緯度": 39.75549, "経度": 140.067411, "url": "https://www.iryou.teikyouseido.mhlw.go.jp/znk-web/juminkanja/S2430/initialize?prefCd=05&kikanCd=22050502700&kikanKbn=2", "url2": null, "内容": "向島医院【2:診療所】【診療科目:0】秋田県秋田市土崎港中央三丁目５番１０号" }, "geometry": { "type": "Point", "coordinates": [ 140.067411, 39.75549 ] } },
{ "type": "Feature", "properties": { "ID": 522050502710, "正式名称": "医療法人　いしがき整形外科クリニック", "機関区分": 2, "都道府県コード": 5, "市区町村コード": 201, "所在地": "秋田県秋田市土崎港中央４丁目６－２２", "緯度": 39.753464, "経度": 140.074744, "url": "https://www.iryou.teikyouseido.mhlw.go.jp/znk-web/juminkanja/S2430/initialize?prefCd=05&kikanCd=22050502710&kikanKbn=2", "url2": "https://www.ishigaki-ortho.jp/", "内容": "医療法人　いしがき整形外科クリニック【2:診療所】【診療科目:0】秋田県秋田市土崎港中央４丁目６－２２" }, "geometry": { "type": "Point", "coordinates": [ 140.074744, 39.753464 ] } },
{ "type": "Feature", "properties": { "ID": 522050502720, "正式名称": "港町内科皮膚科", "機関区分": 2, "都道府県コード": 5, "市区町村コード": 201, "所在地": "秋田県秋田市土崎港中央６丁目１３－２５", "緯度": 39.757046, "経度": 140.072494, "url": "https://www.iryou.teikyouseido.mhlw.go.jp/znk-web/juminkanja/S2430/initialize?prefCd=05&kikanCd=22050502720&kikanKbn=2", "url2": "http://www.ne.jp/asahi/mc/minatomachi/index.html", "内容": "港町内科皮膚科【2:診療所】【診療科目:0】秋田県秋田市土崎港中央６丁目１３－２５" }, "geometry": { "type": "Point", "coordinates": [ 140.072494, 39.757046 ] } },
{ "type": "Feature", "properties": { "ID": 522050502730, "正式名称": "土崎駅前内科", "機関区分": 2, "都道府県コード": 5, "市区町村コード": 201, "所在地": "秋田県秋田市土崎港中央６丁目１４番１４号", "緯度": 39.757069, "経度": 140.074264, "url": "https://www.iryou.teikyouseido.mhlw.go.jp/znk-web/juminkanja/S2430/initialize?prefCd=05&kikanCd=22050502730&kikanKbn=2", "url2": "https://tsuchizaki-ekimae-clinic.com/", "内容": "土崎駅前内科【2:診療所】【診療科目:0】秋田県秋田市土崎港中央６丁目１４番１４号" }, "geometry": { "type": "Point", "coordinates": [ 140.074264, 39.757069 ] } },
{ "type": "Feature", "properties": { "ID": 522050502750, "正式名称": "医療法人真和会　真崎耳鼻咽喉科医院", "機関区分": 2, "都道府県コード": 5, "市区町村コード": 201, "所在地": "秋田県秋田市土崎港中央６丁目８－３", "緯度": 39.755379, "経度": 140.074216, "url": "https://www.iryou.teikyouseido.mhlw.go.jp/znk-web/juminkanja/S2430/initialize?prefCd=05&kikanCd=22050502750&kikanKbn=2", "url2": "http://www.masakient.jp/", "内容": "医療法人真和会　真崎耳鼻咽喉科医院【2:診療所】【診療科目:0】秋田県秋田市土崎港中央６丁目８－３" }, "geometry": { "type": "Point", "coordinates": [ 140.074216, 39.755379 ] } },
{ "type": "Feature", "properties": { "ID": 522050502760, "正式名称": "つかだ泌尿器科クリニック", "機関区分": 2, "都道府県コード": 5, "市区町村コード": 201, "所在地": "秋田県秋田市飯島新町１－１－６", "緯度": 39.763685, "経度": 140.089215, "url": "https://www.iryou.teikyouseido.mhlw.go.jp/znk-web/juminkanja/S2430/initialize?prefCd=05&kikanCd=22050502760&kikanKbn=2", "url2": "http://www.tsukada-uro-clinic.com", "内容": "つかだ泌尿器科クリニック【2:診療所】【診療科目:0】秋田県秋田市飯島新町１－１－６" }, "geometry": { "type": "Point", "coordinates": [ 140.089215, 39.763685 ] } },
{ "type": "Feature", "properties": { "ID": 522050502770, "正式名称": "飯島ファミリークリニック", "機関区分": 2, "都道府県コード": 5, "市区町村コード": 201, "所在地": "秋田県秋田市飯島新町２丁目１２－１", "緯度": 39.770045, "経度": 140.087687, "url": "https://www.iryou.teikyouseido.mhlw.go.jp/znk-web/juminkanja/S2430/initialize?prefCd=05&kikanCd=22050502770&kikanKbn=2", "url2": null, "内容": "飯島ファミリークリニック【2:診療所】【診療科目:0】秋田県秋田市飯島新町２丁目１２－１" }, "geometry": { "type": "Point", "coordinates": [ 140.087687, 39.770045 ] } },
{ "type": "Feature", "properties": { "ID": 522050502790, "正式名称": "医療法人　田近医院", "機関区分": 2, "都道府県コード": 5, "市区町村コード": 201, "所在地": "秋田県秋田市河辺北野田高屋上前田表７６－１", "緯度": 39.65148, "経度": 140.211596, "url": "https://www.iryou.teikyouseido.mhlw.go.jp/znk-web/juminkanja/S2430/initialize?prefCd=05&kikanCd=22050502790&kikanKbn=2", "url2": null, "内容": "医療法人　田近医院【2:診療所】【診療科目:0】秋田県秋田市河辺北野田高屋上前田表７６－１" }, "geometry": { "type": "Point", "coordinates": [ 140.211596, 39.65148 ] } },
{ "type": "Feature", "properties": { "ID": 522050502830, "正式名称": "医療法人　仁政会　サンクリニック", "機関区分": 2, "都道府県コード": 5, "市区町村コード": 201, "所在地": "秋田県秋田市土崎港中央４丁目８－１０", "緯度": 39.753686, "経度": 140.074716, "url": "https://www.iryou.teikyouseido.mhlw.go.jp/znk-web/juminkanja/S2430/initialize?prefCd=05&kikanCd=22050502830&kikanKbn=2", "url2": "https://smc-jinseikai.com/sunclinic/", "内容": "医療法人　仁政会　サンクリニック【2:診療所】【診療科目:0】秋田県秋田市土崎港中央４丁目８－１０" }, "geometry": { "type": "Point", "coordinates": [ 140.074716, 39.753686 ] } },
{ "type": "Feature", "properties": { "ID": 522050502850, "正式名称": "ＡｄｅＢクリニック", "機関区分": 2, "都道府県コード": 5, "市区町村コード": 201, "所在地": "秋田県秋田市中通１丁目４－３", "緯度": 39.717215, "経度": 140.121812, "url": "https://www.iryou.teikyouseido.mhlw.go.jp/znk-web/juminkanja/S2430/initialize?prefCd=05&kikanCd=22050502850&kikanKbn=2", "url2": "https://www.adeb.com/", "内容": "ＡｄｅＢクリニック【2:診療所】【診療科目:0】秋田県秋田市中通１丁目４－３" }, "geometry": { "type": "Point", "coordinates": [ 140.121812, 39.717215 ] } },
{ "type": "Feature", "properties": { "ID": 522050502860, "正式名称": "かおりレディスクリニック", "機関区分": 2, "都道府県コード": 5, "市区町村コード": 201, "所在地": "秋田県秋田市八橋三和町５－２", "緯度": 39.727689, "経度": 140.099577, "url": "https://www.iryou.teikyouseido.mhlw.go.jp/znk-web/juminkanja/S2430/initialize?prefCd=05&kikanCd=22050502860&kikanKbn=2", "url2": "http://www.kaori-lc.com/", "内容": "かおりレディスクリニック【2:診療所】【診療科目:0】秋田県秋田市八橋三和町５－２" }, "geometry": { "type": "Point", "coordinates": [ 140.099577, 39.727689 ] } },
{ "type": "Feature", "properties": { "ID": 522050502870, "正式名称": "秋田肛門外科　おぬきクリニック", "機関区分": 2, "都道府県コード": 5, "市区町村コード": 201, "所在地": "秋田県秋田市広面字鍋沼３５", "緯度": 39.717246, "経度": 140.146712, "url": "https://www.iryou.teikyouseido.mhlw.go.jp/znk-web/juminkanja/S2430/initialize?prefCd=05&kikanCd=22050502870&kikanKbn=2", "url2": "http://www.onuki-clinic.jp", "内容": "秋田肛門外科　おぬきクリニック【2:診療所】【診療科目:0】秋田県秋田市広面字鍋沼３５" }, "geometry": { "type": "Point", "coordinates": [ 140.146712, 39.717246 ] } },
{ "type": "Feature", "properties": { "ID": 522050502880, "正式名称": "ひかり桜ケアクリニック", "機関区分": 2, "都道府県コード": 5, "市区町村コード": 201, "所在地": "秋田県秋田市桜二丁目１７－２３", "緯度": 39.709247, "経度": 140.149823, "url": "https://www.iryou.teikyouseido.mhlw.go.jp/znk-web/juminkanja/S2430/initialize?prefCd=05&kikanCd=22050502880&kikanKbn=2", "url2": "http://kyojinkai.com/sakura-top/", "内容": "ひかり桜ケアクリニック【2:診療所】【診療科目:0】秋田県秋田市桜二丁目１７－２３" }, "geometry": { "type": "Point", "coordinates": [ 140.149823, 39.709247 ] } },
{ "type": "Feature", "properties": { "ID": 522050502900, "正式名称": "医療法人和光会　共立クリニック", "機関区分": 2, "都道府県コード": 5, "市区町村コード": 201, "所在地": "秋田県秋田市南通亀の町１４番２３号", "緯度": 39.709024, "経度": 140.119715, "url": "https://www.iryou.teikyouseido.mhlw.go.jp/znk-web/juminkanja/S2430/initialize?prefCd=05&kikanCd=22050502900&kikanKbn=2", "url2": "https://www.wako-kai.com", "内容": "医療法人和光会　共立クリニック【2:診療所】【診療科目:0】秋田県秋田市南通亀の町１４番２３号" }, "geometry": { "type": "Point", "coordinates": [ 140.119715, 39.709024 ] } },
{ "type": "Feature", "properties": { "ID": 522050502920, "正式名称": "かのこメンタルクリニック", "機関区分": 2, "都道府県コード": 5, "市区町村コード": 201, "所在地": "秋田県秋田市山王５丁目１３－７　山王プロムナード", "緯度": 39.72144, "経度": 140.104132, "url": "https://www.iryou.teikyouseido.mhlw.go.jp/znk-web/juminkanja/S2430/initialize?prefCd=05&kikanCd=22050502920&kikanKbn=2", "url2": "http://www.kanoko-clinic.jp", "内容": "かのこメンタルクリニック【2:診療所】【診療科目:0】秋田県秋田市山王５丁目１３－７　山王プロムナード" }, "geometry": { "type": "Point", "coordinates": [ 140.104132, 39.72144 ] } },
{ "type": "Feature", "properties": { "ID": 522050502930, "正式名称": "あきた内科・呼吸器内科クリニック", "機関区分": 2, "都道府県コード": 5, "市区町村コード": 201, "所在地": "秋田県秋田市東通１－５－１７", "緯度": 39.715173, "経度": 140.134134, "url": "https://www.iryou.teikyouseido.mhlw.go.jp/znk-web/juminkanja/S2430/initialize?prefCd=05&kikanCd=22050502930&kikanKbn=2", "url2": "http//www.web-clover-net/akitaclinic/", "内容": "あきた内科・呼吸器内科クリニック【2:診療所】【診療科目:0】秋田県秋田市東通１－５－１７" }, "geometry": { "type": "Point", "coordinates": [ 140.134134, 39.715173 ] } },
{ "type": "Feature", "properties": { "ID": 522050502940, "正式名称": "ミチヒロ胃腸内科クリニック", "機関区分": 2, "都道府県コード": 5, "市区町村コード": 201, "所在地": "秋田県秋田市広面鍋沼９３－１", "緯度": 39.716969, "経度": 140.144573, "url": "https://www.iryou.teikyouseido.mhlw.go.jp/znk-web/juminkanja/S2430/initialize?prefCd=05&kikanCd=22050502940&kikanKbn=2", "url2": "http://www.michihiro-clinic.com/", "内容": "ミチヒロ胃腸内科クリニック【2:診療所】【診療科目:0】秋田県秋田市広面鍋沼９３－１" }, "geometry": { "type": "Point", "coordinates": [ 140.144573, 39.716969 ] } },
{ "type": "Feature", "properties": { "ID": 522050502950, "正式名称": "医療法人恭光会わだクリニック", "機関区分": 2, "都道府県コード": 5, "市区町村コード": 201, "所在地": "秋田県秋田市寺内三千刈８６－３", "緯度": 39.742593, "経度": 140.096898, "url": "https://www.iryou.teikyouseido.mhlw.go.jp/znk-web/juminkanja/S2430/initialize?prefCd=05&kikanCd=22050502950&kikanKbn=2", "url2": "www.wadaclinic.net", "内容": "医療法人恭光会わだクリニック【2:診療所】【診療科目:0】秋田県秋田市寺内三千刈８６－３" }, "geometry": { "type": "Point", "coordinates": [ 140.096898, 39.742593 ] } },
{ "type": "Feature", "properties": { "ID": 522050502960, "正式名称": "米山消化器内科クリニック", "機関区分": 2, "都道府県コード": 5, "市区町村コード": 201, "所在地": "秋田県秋田市御所野元町１－１－１　フレスポ御所野Ｂ－２", "緯度": 39.661678, "経度": 140.16512, "url": "https://www.iryou.teikyouseido.mhlw.go.jp/znk-web/juminkanja/S2430/initialize?prefCd=05&kikanCd=22050502960&kikanKbn=2", "url2": "http://yoneyamacl.byoinnavi.jp/", "内容": "米山消化器内科クリニック【2:診療所】【診療科目:0】秋田県秋田市御所野元町１－１－１　フレスポ御所野Ｂ－２" }, "geometry": { "type": "Point", "coordinates": [ 140.16512, 39.661678 ] } },
{ "type": "Feature", "properties": { "ID": 522050502980, "正式名称": "医療法人　飯島透析クリニック", "機関区分": 2, "都道府県コード": 5, "市区町村コード": 201, "所在地": "秋田県秋田市飯島字薬師田３６０番地", "緯度": 39.785071, "経度": 140.073409, "url": "https://www.iryou.teikyouseido.mhlw.go.jp/znk-web/juminkanja/S2430/initialize?prefCd=05&kikanCd=22050502980&kikanKbn=2", "url2": "http://iijima-touseki-clinic.jp/", "内容": "医療法人　飯島透析クリニック【2:診療所】【診療科目:0】秋田県秋田市飯島字薬師田３６０番地" }, "geometry": { "type": "Point", "coordinates": [ 140.073409, 39.785071 ] } },
{ "type": "Feature", "properties": { "ID": 522050502990, "正式名称": "あきた　腎・膠原病・リウマチクリニック", "機関区分": 2, "都道府県コード": 5, "市区町村コード": 201, "所在地": "秋田県秋田市中通二丁目８－１　フォンテアキタ　７階", "緯度": 39.716246, "経度": 140.127575, "url": "https://www.iryou.teikyouseido.mhlw.go.jp/znk-web/juminkanja/S2430/initialize?prefCd=05&kikanCd=22050502990&kikanKbn=2", "url2": "https://www.akita.clinic", "内容": "あきた　腎・膠原病・リウマチクリニック【2:診療所】【診療科目:0】秋田県秋田市中通二丁目８－１　フォンテアキタ　７階" }, "geometry": { "type": "Point", "coordinates": [ 140.127575, 39.716246 ] } },
{ "type": "Feature", "properties": { "ID": 522050503010, "正式名称": "さくら内科・糖尿病クリニック", "機関区分": 2, "都道府県コード": 5, "市区町村コード": 201, "所在地": "秋田県秋田市横森三丁目１１－６１", "緯度": 39.704081, "経度": 140.147685, "url": "https://www.iryou.teikyouseido.mhlw.go.jp/znk-web/juminkanja/S2430/initialize?prefCd=05&kikanCd=22050503010&kikanKbn=2", "url2": "sakuranaika.net", "内容": "さくら内科・糖尿病クリニック【2:診療所】【診療科目:0】秋田県秋田市横森三丁目１１－６１" }, "geometry": { "type": "Point", "coordinates": [ 140.147685, 39.704081 ] } },
{ "type": "Feature", "properties": { "ID": 522050503020, "正式名称": "山田整形外科医院", "機関区分": 2, "都道府県コード": 5, "市区町村コード": 201, "所在地": "秋田県秋田市茨島六丁目１－２１", "緯度": 39.695164, "経度": 140.096134, "url": "https://www.iryou.teikyouseido.mhlw.go.jp/znk-web/juminkanja/S2430/initialize?prefCd=05&kikanCd=22050503020&kikanKbn=2", "url2": "https://www.yamada-seikei.org/", "内容": "山田整形外科医院【2:診療所】【診療科目:0】秋田県秋田市茨島六丁目１－２１" }, "geometry": { "type": "Point", "coordinates": [ 140.096134, 39.695164 ] } },
{ "type": "Feature", "properties": { "ID": 522050503030, "正式名称": "こしむら糖尿病内科クリニック", "機関区分": 2, "都道府県コード": 5, "市区町村コード": 201, "所在地": "秋田県秋田市泉南二丁目１－３０", "緯度": 39.728717, "経度": 140.10902, "url": "https://www.iryou.teikyouseido.mhlw.go.jp/znk-web/juminkanja/S2430/initialize?prefCd=05&kikanCd=22050503030&kikanKbn=2", "url2": "http://www.koshimura-dm-naika.jp/", "内容": "こしむら糖尿病内科クリニック【2:診療所】【診療科目:0】秋田県秋田市泉南二丁目１－３０" }, "geometry": { "type": "Point", "coordinates": [ 140.10902, 39.728717 ] } },
{ "type": "Feature", "properties": { "ID": 522050503050, "正式名称": "医療法人社団瞳友会　あおば眼科", "機関区分": 2, "都道府県コード": 5, "市区町村コード": 201, "所在地": "秋田県秋田市御所野地蔵田１－１－１　イオンモール秋田　２階", "緯度": 39.663999, "経度": 140.160174, "url": "https://www.iryou.teikyouseido.mhlw.go.jp/znk-web/juminkanja/S2430/initialize?prefCd=05&kikanCd=22050503050&kikanKbn=2", "url2": "http://www.akita-aobaganka.com/", "内容": "医療法人社団瞳友会　あおば眼科【2:診療所】【診療科目:0】秋田県秋田市御所野地蔵田１－１－１　イオンモール秋田　２階" }, "geometry": { "type": "Point", "coordinates": [ 140.160174, 39.663999 ] } },
{ "type": "Feature", "properties": { "ID": 522050503060, "正式名称": "きのね心の健康クリニック", "機関区分": 2, "都道府県コード": 5, "市区町村コード": 201, "所在地": "秋田県秋田市東通仲町６－６", "緯度": 39.715219, "経度": 140.133018, "url": "https://www.iryou.teikyouseido.mhlw.go.jp/znk-web/juminkanja/S2430/initialize?prefCd=05&kikanCd=22050503060&kikanKbn=2", "url2": "https://kinonecl.com", "内容": "きのね心の健康クリニック【2:診療所】【診療科目:0】秋田県秋田市東通仲町６－６" }, "geometry": { "type": "Point", "coordinates": [ 140.133018, 39.715219 ] } },
{ "type": "Feature", "properties": { "ID": 522050503080, "正式名称": "秋田はすぬまクリニック", "機関区分": 2, "都道府県コード": 5, "市区町村コード": 201, "所在地": "秋田県秋田市広面蓮沼６８－２", "緯度": 39.729273, "経度": 140.149294, "url": "https://www.iryou.teikyouseido.mhlw.go.jp/znk-web/juminkanja/S2430/initialize?prefCd=05&kikanCd=22050503080&kikanKbn=2", "url2": null, "内容": "秋田はすぬまクリニック【2:診療所】【診療科目:0】秋田県秋田市広面蓮沼６８－２" }, "geometry": { "type": "Point", "coordinates": [ 140.149294, 39.729273 ] } },
{ "type": "Feature", "properties": { "ID": 522050503090, "正式名称": "クリニック八橋和田内科", "機関区分": 2, "都道府県コード": 5, "市区町村コード": 201, "所在地": "秋田県秋田市八橋大畑二丁目３－３", "緯度": 39.734132, "経度": 140.096688, "url": "https://www.iryou.teikyouseido.mhlw.go.jp/znk-web/juminkanja/S2430/initialize?prefCd=05&kikanCd=22050503090&kikanKbn=2", "url2": "http://clinic-yabase-wada.com/", "内容": "クリニック八橋和田内科【2:診療所】【診療科目:0】秋田県秋田市八橋大畑二丁目３－３" }, "geometry": { "type": "Point", "coordinates": [ 140.096688, 39.734132 ] } },
{ "type": "Feature", "properties": { "ID": 522050503100, "正式名称": "東通りこどもとアレルギーのクリニック", "機関区分": 2, "都道府県コード": 5, "市区町村コード": 201, "所在地": "秋田県秋田市広面字野添５３番地", "緯度": 39.71091, "経度": 140.138026, "url": "https://www.iryou.teikyouseido.mhlw.go.jp/znk-web/juminkanja/S2430/initialize?prefCd=05&kikanCd=22050503100&kikanKbn=2", "url2": "http://kidsallergycl.jp/", "内容": "東通りこどもとアレルギーのクリニック【2:診療所】【診療科目:0】秋田県秋田市広面字野添５３番地" }, "geometry": { "type": "Point", "coordinates": [ 140.138026, 39.71091 ] } },
{ "type": "Feature", "properties": { "ID": 522050503130, "正式名称": "いなば御所野乳腺クリニック", "機関区分": 2, "都道府県コード": 5, "市区町村コード": 201, "所在地": "秋田県秋田市御所野下堤二丁目１－９", "緯度": 39.66551, "経度": 140.166947, "url": "https://www.iryou.teikyouseido.mhlw.go.jp/znk-web/juminkanja/S2430/initialize?prefCd=05&kikanCd=22050503130&kikanKbn=2", "url2": "https://inaba-breast.com", "内容": "いなば御所野乳腺クリニック【2:診療所】【診療科目:0】秋田県秋田市御所野下堤二丁目１－９" }, "geometry": { "type": "Point", "coordinates": [ 140.166947, 39.66551 ] } },
{ "type": "Feature", "properties": { "ID": 522050503150, "正式名称": "医療法清和会　秋田血管外科クリニック", "機関区分": 2, "都道府県コード": 5, "市区町村コード": 201, "所在地": "秋田県秋田市中通二丁目８番１号　フォンテ秋田７階", "緯度": 39.716246, "経度": 140.127575, "url": "https://www.iryou.teikyouseido.mhlw.go.jp/znk-web/juminkanja/S2430/initialize?prefCd=05&kikanCd=22050503150&kikanKbn=2", "url2": null, "内容": "医療法清和会　秋田血管外科クリニック【2:診療所】【診療科目:0】秋田県秋田市中通二丁目８番１号　フォンテ秋田７階" }, "geometry": { "type": "Point", "coordinates": [ 140.127575, 39.716246 ] } },
{ "type": "Feature", "properties": { "ID": 522050503160, "正式名称": "えちぜんや睡眠メンタルクリニック", "機関区分": 2, "都道府県コード": 5, "市区町村コード": 201, "所在地": "秋田県秋田市東通仲町４番１号秋田拠点センターアルヴェ４階", "緯度": 39.715941, "経度": 140.131407, "url": "https://www.iryou.teikyouseido.mhlw.go.jp/znk-web/juminkanja/S2430/initialize?prefCd=05&kikanCd=22050503160&kikanKbn=2", "url2": "http://www.echizenya-smc.com/", "内容": "えちぜんや睡眠メンタルクリニック【2:診療所】【診療科目:0】秋田県秋田市東通仲町４番１号秋田拠点センターアルヴェ４階" }, "geometry": { "type": "Point", "coordinates": [ 140.131407, 39.715941 ] } },
{ "type": "Feature", "properties": { "ID": 522050503170, "正式名称": "あきた東内科クリニック", "機関区分": 2, "都道府県コード": 5, "市区町村コード": 201, "所在地": "秋田県秋田市広面字近藤堰添５０番地１", "緯度": 39.726677, "経度": 140.145373, "url": "https://www.iryou.teikyouseido.mhlw.go.jp/znk-web/juminkanja/S2430/initialize?prefCd=05&kikanCd=22050503170&kikanKbn=2", "url2": "http://www.akitahigashi-cl.jp/", "内容": "あきた東内科クリニック【2:診療所】【診療科目:0】秋田県秋田市広面字近藤堰添５０番地１" }, "geometry": { "type": "Point", "coordinates": [ 140.145373, 39.726677 ] } },
{ "type": "Feature", "properties": { "ID": 522050503180, "正式名称": "いとう内科胃腸内科クリニック", "機関区分": 2, "都道府県コード": 5, "市区町村コード": 201, "所在地": "秋田県秋田市仁井田本町五丁目７番５号", "緯度": 39.674084, "経度": 140.124883, "url": "https://www.iryou.teikyouseido.mhlw.go.jp/znk-web/juminkanja/S2430/initialize?prefCd=05&kikanCd=22050503180&kikanKbn=2", "url2": "https://onoba-itoclinic.com", "内容": "いとう内科胃腸内科クリニック【2:診療所】【診療科目:0】秋田県秋田市仁井田本町五丁目７番５号" }, "geometry": { "type": "Point", "coordinates": [ 140.124883, 39.674084 ] } },
{ "type": "Feature", "properties": { "ID": 522050503200, "正式名称": "あらやキッズクリニック", "機関区分": 2, "都道府県コード": 5, "市区町村コード": 201, "所在地": "秋田県秋田市新屋元町２３番６号", "緯度": 39.684276, "経度": 140.083274, "url": "https://www.iryou.teikyouseido.mhlw.go.jp/znk-web/juminkanja/S2430/initialize?prefCd=05&kikanCd=22050503200&kikanKbn=2", "url2": "http://araya-kids-clinic.com/", "内容": "あらやキッズクリニック【2:診療所】【診療科目:0】秋田県秋田市新屋元町２３番６号" }, "geometry": { "type": "Point", "coordinates": [ 140.083274, 39.684276 ] } },
{ "type": "Feature", "properties": { "ID": 522050503210, "正式名称": "医療法人千瞳会　神眼科クリニック", "機関区分": 2, "都道府県コード": 5, "市区町村コード": 201, "所在地": "秋田県秋田市広面字近藤堰越４－１", "緯度": 39.729982, "経度": 140.145137, "url": "https://www.iryou.teikyouseido.mhlw.go.jp/znk-web/juminkanja/S2430/initialize?prefCd=05&kikanCd=22050503210&kikanKbn=2", "url2": "http://jinganka.com", "内容": "医療法人千瞳会　神眼科クリニック【2:診療所】【診療科目:0】秋田県秋田市広面字近藤堰越４－１" }, "geometry": { "type": "Point", "coordinates": [ 140.145137, 39.729982 ] } },
{ "type": "Feature", "properties": { "ID": 522050503220, "正式名称": "城東スポーツ整形クリニック", "機関区分": 2, "都道府県コード": 5, "市区町村コード": 201, "所在地": "秋田県秋田市中通７－１－３", "緯度": 39.713913, "経度": 140.130131, "url": "https://www.iryou.teikyouseido.mhlw.go.jp/znk-web/juminkanja/S2430/initialize?prefCd=05&kikanCd=22050503220&kikanKbn=2", "url2": "http://joto-sports.com/", "内容": "城東スポーツ整形クリニック【2:診療所】【診療科目:0】秋田県秋田市中通７－１－３" }, "geometry": { "type": "Point", "coordinates": [ 140.130131, 39.713913 ] } },
{ "type": "Feature", "properties": { "ID": 522050503240, "正式名称": "あをによしリハビリ脳神経外科クリニック", "機関区分": 2, "都道府県コード": 5, "市区町村コード": 201, "所在地": "秋田県秋田市土崎港相染町字沼端７７－３３", "緯度": 39.768578, "経度": 140.067814, "url": "https://www.iryou.teikyouseido.mhlw.go.jp/znk-web/juminkanja/S2430/initialize?prefCd=05&kikanCd=22050503240&kikanKbn=2", "url2": "https://awoniyoshi.com", "内容": "あをによしリハビリ脳神経外科クリニック【2:診療所】【診療科目:0】秋田県秋田市土崎港相染町字沼端７７－３３" }, "geometry": { "type": "Point", "coordinates": [ 140.067814, 39.768578 ] } },
{ "type": "Feature", "properties": { "ID": 522050503250, "正式名称": "いちかわ内科クリニック", "機関区分": 2, "都道府県コード": 5, "市区町村コード": 201, "所在地": "秋田県秋田市大住三丁目３－４８", "緯度": 39.689831, "経度": 140.11842, "url": "https://www.iryou.teikyouseido.mhlw.go.jp/znk-web/juminkanja/S2430/initialize?prefCd=05&kikanCd=22050503250&kikanKbn=2", "url2": "ichikawa-medical.jp", "内容": "いちかわ内科クリニック【2:診療所】【診療科目:0】秋田県秋田市大住三丁目３－４８" }, "geometry": { "type": "Point", "coordinates": [ 140.11842, 39.689831 ] } },
{ "type": "Feature", "properties": { "ID": 522050503260, "正式名称": "秋田こどもの心と発達クリニック", "機関区分": 2, "都道府県コード": 5, "市区町村コード": 201, "所在地": "秋田県秋田市土崎港中央四丁目１０－１８", "緯度": 39.754873, "経度": 140.074939, "url": "https://www.iryou.teikyouseido.mhlw.go.jp/znk-web/juminkanja/S2430/initialize?prefCd=05&kikanCd=22050503260&kikanKbn=2", "url2": "kokoro-hattatu.jp", "内容": "秋田こどもの心と発達クリニック【2:診療所】【診療科目:0】秋田県秋田市土崎港中央四丁目１０－１８" }, "geometry": { "type": "Point", "coordinates": [ 140.074939, 39.754873 ] } },
{ "type": "Feature", "properties": { "ID": 522050503270, "正式名称": "オリブ園こども発達クリニック", "機関区分": 2, "都道府県コード": 5, "市区町村コード": 201, "所在地": "秋田県秋田市新屋表町８番５号", "緯度": 39.679722, "経度": 140.083997, "url": "https://www.iryou.teikyouseido.mhlw.go.jp/znk-web/juminkanja/S2430/initialize?prefCd=05&kikanCd=22050503270&kikanKbn=2", "url2": null, "内容": "オリブ園こども発達クリニック【2:診療所】【診療科目:0】秋田県秋田市新屋表町８番５号" }, "geometry": { "type": "Point", "coordinates": [ 140.083997, 39.679722 ] } },
{ "type": "Feature", "properties": { "ID": 522050503280, "正式名称": "医療法人久盛会もみの木クリニック", "機関区分": 2, "都道府県コード": 5, "市区町村コード": 201, "所在地": "秋田県秋田市将軍野南一丁目１０－２８－２", "緯度": 39.746349, "経度": 140.080432, "url": "https://www.iryou.teikyouseido.mhlw.go.jp/znk-web/juminkanja/S2430/initialize?prefCd=05&kikanCd=22050503280&kikanKbn=2", "url2": "http://www.kyusei.or.jp/mominokiclinic/", "内容": "医療法人久盛会もみの木クリニック【2:診療所】【診療科目:0】秋田県秋田市将軍野南一丁目１０－２８－２" }, "geometry": { "type": "Point", "coordinates": [ 140.080432, 39.746349 ] } },
{ "type": "Feature", "properties": { "ID": 522050503300, "正式名称": "白根医院", "機関区分": 2, "都道府県コード": 5, "市区町村コード": 201, "所在地": "秋田県秋田市旭北栄町５番２９号", "緯度": 39.721495, "経度": 140.110104, "url": "https://www.iryou.teikyouseido.mhlw.go.jp/znk-web/juminkanja/S2430/initialize?prefCd=05&kikanCd=22050503300&kikanKbn=2", "url2": "http://www/shirane-hosp.com/", "内容": "白根医院【2:診療所】【診療科目:0】秋田県秋田市旭北栄町５番２９号" }, "geometry": { "type": "Point", "coordinates": [ 140.110104, 39.721495 ] } },
{ "type": "Feature", "properties": { "ID": 522050503320, "正式名称": "ハートケアクリニックおおまち", "機関区分": 2, "都道府県コード": 5, "市区町村コード": 201, "所在地": "秋田県秋田市大町一丁目２番７号　サンパティオ大町Ａ棟２階Ａ号室", "緯度": 39.714552, "経度": 140.115854, "url": "https://www.iryou.teikyouseido.mhlw.go.jp/znk-web/juminkanja/S2430/initialize?prefCd=05&kikanCd=22050503320&kikanKbn=2", "url2": "heartcare-omachi.jp", "内容": "ハートケアクリニックおおまち【2:診療所】【診療科目:0】秋田県秋田市大町一丁目２番７号　サンパティオ大町Ａ棟２階Ａ号室" }, "geometry": { "type": "Point", "coordinates": [ 140.115854, 39.714552 ] } },
{ "type": "Feature", "properties": { "ID": 522050503330, "正式名称": "城東内科　心臓とおなかのクリニック", "機関区分": 2, "都道府県コード": 5, "市区町村コード": 201, "所在地": "秋田県秋田市広面字樋ノ沖２８番地２", "緯度": 39.71608, "経度": 140.150351, "url": "https://www.iryou.teikyouseido.mhlw.go.jp/znk-web/juminkanja/S2430/initialize?prefCd=05&kikanCd=22050503330&kikanKbn=2", "url2": "https://joto-clinic.com", "内容": "城東内科　心臓とおなかのクリニック【2:診療所】【診療科目:0】秋田県秋田市広面字樋ノ沖２８番地２" }, "geometry": { "type": "Point", "coordinates": [ 140.150351, 39.71608 ] } },
{ "type": "Feature", "properties": { "ID": 522050503340, "正式名称": "東通りレディースクリニック", "機関区分": 2, "都道府県コード": 5, "市区町村コード": 201, "所在地": "秋田県秋田市広面字野添５３番地", "緯度": 39.710915, "経度": 140.138041, "url": "https://www.iryou.teikyouseido.mhlw.go.jp/znk-web/juminkanja/S2430/initialize?prefCd=05&kikanCd=22050503340&kikanKbn=2", "url2": "https://higashidori-lc.jp/", "内容": "東通りレディースクリニック【2:診療所】【診療科目:0】秋田県秋田市広面字野添５３番地" }, "geometry": { "type": "Point", "coordinates": [ 140.138041, 39.710915 ] } },
{ "type": "Feature", "properties": { "ID": 522050503350, "正式名称": "ふくおか内科クリニック", "機関区分": 2, "都道府県コード": 5, "市区町村コード": 201, "所在地": "秋田県秋田市中通二丁目５番１号　クロッセ秋田３階", "緯度": 39.716628, "経度": 140.125704, "url": "https://www.iryou.teikyouseido.mhlw.go.jp/znk-web/juminkanja/S2430/initialize?prefCd=05&kikanCd=22050503350&kikanKbn=2", "url2": "https://fukuoka-naikaclinic.jp/", "内容": "ふくおか内科クリニック【2:診療所】【診療科目:0】秋田県秋田市中通二丁目５番１号　クロッセ秋田３階" }, "geometry": { "type": "Point", "coordinates": [ 140.125704, 39.716628 ] } },
{ "type": "Feature", "properties": { "ID": 522050503360, "正式名称": "医療法人　仁政会　ルナメンタルクリニック", "機関区分": 2, "都道府県コード": 5, "市区町村コード": 201, "所在地": "秋田県秋田市土崎港中央１丁目２１－３６", "緯度": 39.751297, "経度": 140.069189, "url": "https://www.iryou.teikyouseido.mhlw.go.jp/znk-web/juminkanja/S2430/initialize?prefCd=05&kikanCd=22050503360&kikanKbn=2", "url2": "https://www.smc-jinseikai.com", "内容": "医療法人　仁政会　ルナメンタルクリニック【2:診療所】【診療科目:0】秋田県秋田市土崎港中央１丁目２１－３６" }, "geometry": { "type": "Point", "coordinates": [ 140.069189, 39.751297 ] } },
{ "type": "Feature", "properties": { "ID": 522050503370, "正式名称": "医療法人あきた美容クリニック", "機関区分": 2, "都道府県コード": 5, "市区町村コード": 201, "所在地": "秋田県秋田市中通二丁目５番１号　クロッセ秋田３階", "緯度": 39.716663, "経度": 140.125742, "url": "https://www.iryou.teikyouseido.mhlw.go.jp/znk-web/juminkanja/S2430/initialize?prefCd=05&kikanCd=22050503370&kikanKbn=2", "url2": "https://akita-biyo.clinic/", "内容": "医療法人あきた美容クリニック【2:診療所】【診療科目:0】秋田県秋田市中通二丁目５番１号　クロッセ秋田３階" }, "geometry": { "type": "Point", "coordinates": [ 140.125742, 39.716663 ] } },
{ "type": "Feature", "properties": { "ID": 522050503380, "正式名称": "秋田在宅医療クリニック", "機関区分": 2, "都道府県コード": 5, "市区町村コード": 201, "所在地": "秋田県秋田市南通築地４番９号　アークシティ築地第１　３０６号", "緯度": 39.711887, "経度": 140.127287, "url": "https://www.iryou.teikyouseido.mhlw.go.jp/znk-web/juminkanja/S2430/initialize?prefCd=05&kikanCd=22050503380&kikanKbn=2", "url2": null, "内容": "秋田在宅医療クリニック【2:診療所】【診療科目:0】秋田県秋田市南通築地４番９号　アークシティ築地第１　３０６号" }, "geometry": { "type": "Point", "coordinates": [ 140.127287, 39.711887 ] } },
{ "type": "Feature", "properties": { "ID": 522050503390, "正式名称": "ほいずみ内科クリニック", "機関区分": 2, "都道府県コード": 5, "市区町村コード": 201, "所在地": "秋田県秋田市寺内堂ノ沢一丁目４番２１号", "緯度": 39.734743, "経度": 140.090444, "url": "https://www.iryou.teikyouseido.mhlw.go.jp/znk-web/juminkanja/S2430/initialize?prefCd=05&kikanCd=22050503390&kikanKbn=2", "url2": "https://hoizumi-naika.jp", "内容": "ほいずみ内科クリニック【2:診療所】【診療科目:0】秋田県秋田市寺内堂ノ沢一丁目４番２１号" }, "geometry": { "type": "Point", "coordinates": [ 140.090444, 39.734743 ] } },
{ "type": "Feature", "properties": { "ID": 522050503400, "正式名称": "おおくぼ脳神経・頭痛クリニック", "機関区分": 2, "都道府県コード": 5, "市区町村コード": 201, "所在地": "秋田県秋田市広面字近藤堰越３１番地３", "緯度": 39.727551, "経度": 140.146267, "url": "https://www.iryou.teikyouseido.mhlw.go.jp/znk-web/juminkanja/S2430/initialize?prefCd=05&kikanCd=22050503400&kikanKbn=2", "url2": "https:/okubo-brain-clinic.com", "内容": "おおくぼ脳神経・頭痛クリニック【2:診療所】【診療科目:0】秋田県秋田市広面字近藤堰越３１番地３" }, "geometry": { "type": "Point", "coordinates": [ 140.146267, 39.727551 ] } },
{ "type": "Feature", "properties": { "ID": 522050503410, "正式名称": "ひろおもて耳鼻咽喉科クリニック", "機関区分": 2, "都道府県コード": 5, "市区町村コード": 201, "所在地": "秋田県秋田市広面字樋ノ上１１番地", "緯度": 39.714354, "経度": 140.147326, "url": "https://www.iryou.teikyouseido.mhlw.go.jp/znk-web/juminkanja/S2430/initialize?prefCd=05&kikanCd=22050503410&kikanKbn=2", "url2": "https://hiroomote-ent.com", "内容": "ひろおもて耳鼻咽喉科クリニック【2:診療所】【診療科目:0】秋田県秋田市広面字樋ノ上１１番地" }, "geometry": { "type": "Point", "coordinates": [ 140.147326, 39.714354 ] } },
{ "type": "Feature", "properties": { "ID": 522050503420, "正式名称": "湘南美容クリニック秋田院", "機関区分": 2, "都道府県コード": 5, "市区町村コード": 201, "所在地": "秋田県秋田市千秋久保田町４番２号秋田オーパ７階", "緯度": 39.717802, "経度": 140.128247, "url": "https://www.iryou.teikyouseido.mhlw.go.jp/znk-web/juminkanja/S2430/initialize?prefCd=05&kikanCd=22050503420&kikanKbn=2", "url2": "https://www.s-b-c.net/clinic/branch/akita/", "内容": "湘南美容クリニック秋田院【2:診療所】【診療科目:0】秋田県秋田市千秋久保田町４番２号秋田オーパ７階" }, "geometry": { "type": "Point", "coordinates": [ 140.128247, 39.717802 ] } },
{ "type": "Feature", "properties": { "ID": 522050503430, "正式名称": "ごしょの耳鼻咽喉科", "機関区分": 2, "都道府県コード": 5, "市区町村コード": 201, "所在地": "秋田県秋田市御所野地蔵田２丁目１－４", "緯度": 39.6639, "経度": 140.157963, "url": "https://www.iryou.teikyouseido.mhlw.go.jp/znk-web/juminkanja/S2430/initialize?prefCd=05&kikanCd=22050503430&kikanKbn=2", "url2": "https://goshono-ent.jp", "内容": "ごしょの耳鼻咽喉科【2:診療所】【診療科目:0】秋田県秋田市御所野地蔵田２丁目１－４" }, "geometry": { "type": "Point", "coordinates": [ 140.157963, 39.6639 ] } },
{ "type": "Feature", "properties": { "ID": 522050503440, "正式名称": "ゆうきクリニック", "機関区分": 2, "都道府県コード": 5, "市区町村コード": 201, "所在地": "秋田県秋田市山王六丁目１２番８号", "緯度": 39.715471, "経度": 140.099602, "url": "https://www.iryou.teikyouseido.mhlw.go.jp/znk-web/juminkanja/S2430/initialize?prefCd=05&kikanCd=22050503440&kikanKbn=2", "url2": "https://yukiclinic.jp/", "内容": "ゆうきクリニック【2:診療所】【診療科目:0】秋田県秋田市山王六丁目１２番８号" }, "geometry": { "type": "Point", "coordinates": [ 140.099602, 39.715471 ] } },
{ "type": "Feature", "properties": { "ID": 522050503450, "正式名称": "新屋透析泌尿器科クリニック", "機関区分": 2, "都道府県コード": 5, "市区町村コード": 201, "所在地": "秋田県秋田市新屋沖田町６番３号", "緯度": 39.674587, "経度": 140.089903, "url": "https://www.iryou.teikyouseido.mhlw.go.jp/znk-web/juminkanja/S2430/initialize?prefCd=05&kikanCd=22050503450&kikanKbn=2", "url2": "https://arayahd.com/", "内容": "新屋透析泌尿器科クリニック【2:診療所】【診療科目:0】秋田県秋田市新屋沖田町６番３号" }, "geometry": { "type": "Point", "coordinates": [ 140.089903, 39.674587 ] } },
{ "type": "Feature", "properties": { "ID": 522050503460, "正式名称": "ちば小児科アレルギークリニック", "機関区分": 2, "都道府県コード": 5, "市区町村コード": 201, "所在地": "秋田県秋田市広面字糠塚６７－３", "緯度": 39.726009, "経度": 140.150999, "url": "https://www.iryou.teikyouseido.mhlw.go.jp/znk-web/juminkanja/S2430/initialize?prefCd=05&kikanCd=22050503460&kikanKbn=2", "url2": "https://www.chiba-ped.com/", "内容": "ちば小児科アレルギークリニック【2:診療所】【診療科目:0】秋田県秋田市広面字糠塚６７－３" }, "geometry": { "type": "Point", "coordinates": [ 140.150999, 39.726009 ] } },
{ "type": "Feature", "properties": { "ID": 522050503480, "正式名称": "ながぬま内科", "機関区分": 2, "都道府県コード": 5, "市区町村コード": 201, "所在地": "秋田県秋田市土崎港中央６－２－２４", "緯度": 39.754896, "経度": 140.074219, "url": "https://www.iryou.teikyouseido.mhlw.go.jp/znk-web/juminkanja/S2430/initialize?prefCd=05&kikanCd=22050503480&kikanKbn=2", "url2": "https://naganuma-naika.com", "内容": "ながぬま内科【2:診療所】【診療科目:0】秋田県秋田市土崎港中央６－２－２４" }, "geometry": { "type": "Point", "coordinates": [ 140.074219, 39.754896 ] } },
{ "type": "Feature", "properties": { "ID": 522050503490, "正式名称": "こどもとおとなのなかじまクリニック", "機関区分": 2, "都道府県コード": 5, "市区町村コード": 201, "所在地": "秋田県秋田市土崎港北２丁目１７－１７", "緯度": 39.7608843, "経度": 140.0822925, "url": "https://www.iryou.teikyouseido.mhlw.go.jp/znk-web/juminkanja/S2430/initialize?prefCd=05&kikanCd=22050503490&kikanKbn=2", "url2": null, "内容": "こどもとおとなのなかじまクリニック【2:診療所】【診療科目:0】秋田県秋田市土崎港北２丁目１７－１７" }, "geometry": { "type": "Point", "coordinates": [ 140.0822925, 39.7608843 ] } },
{ "type": "Feature", "properties": { "ID": 522050503500, "正式名称": "玉木内科クリニック", "機関区分": 2, "都道府県コード": 5, "市区町村コード": 201, "所在地": "秋田県秋田市旭南三丁目２－７３", "緯度": 39.707983, "経度": 140.107313, "url": "https://www.iryou.teikyouseido.mhlw.go.jp/znk-web/juminkanja/S2430/initialize?prefCd=05&kikanCd=22050503500&kikanKbn=2", "url2": "https://tamaki-naika.com", "内容": "玉木内科クリニック【2:診療所】【診療科目:0】秋田県秋田市旭南三丁目２－７３" }, "geometry": { "type": "Point", "coordinates": [ 140.107313, 39.707983 ] } },
{ "type": "Feature", "properties": { "ID": 522050503510, "正式名称": "あおい皮ふ科秋田駅前クリニック", "機関区分": 2, "都道府県コード": 5, "市区町村コード": 201, "所在地": "秋田県秋田市千秋久保田町３－１５三宅ビル３階", "緯度": 39.717731, "経度": 140.127433, "url": "https://www.iryou.teikyouseido.mhlw.go.jp/znk-web/juminkanja/S2430/initialize?prefCd=05&kikanCd=22050503510&kikanKbn=2", "url2": null, "内容": "あおい皮ふ科秋田駅前クリニック【2:診療所】【診療科目:0】秋田県秋田市千秋久保田町３－１５三宅ビル３階" }, "geometry": { "type": "Point", "coordinates": [ 140.127433, 39.717731 ] } },
{ "type": "Feature", "properties": { "ID": 522050503520, "正式名称": "ひらの小児科クリニック", "機関区分": 2, "都道府県コード": 5, "市区町村コード": 201, "所在地": "秋田県秋田市広面字樋ノ沖２７番地２", "緯度": 39.716388, "経度": 140.150386, "url": "https://www.iryou.teikyouseido.mhlw.go.jp/znk-web/juminkanja/S2430/initialize?prefCd=05&kikanCd=22050503520&kikanKbn=2", "url2": "https://hirano-kidsclinic.jp/", "内容": "ひらの小児科クリニック【2:診療所】【診療科目:0】秋田県秋田市広面字樋ノ沖２７番地２" }, "geometry": { "type": "Point", "coordinates": [ 140.150386, 39.716388 ] } },
{ "type": "Feature", "properties": { "ID": 522050503530, "正式名称": "やばせ耳鼻咽喉・嚥下クリニック", "機関区分": 2, "都道府県コード": 5, "市区町村コード": 201, "所在地": "秋田県秋田市八橋大畑一丁目３番１３号", "緯度": 39.733817, "経度": 140.0988, "url": "https://www.iryou.teikyouseido.mhlw.go.jp/znk-web/juminkanja/S2430/initialize?prefCd=05&kikanCd=22050503530&kikanKbn=2", "url2": "https://akita-enge.jp/", "内容": "やばせ耳鼻咽喉・嚥下クリニック【2:診療所】【診療科目:0】秋田県秋田市八橋大畑一丁目３番１３号" }, "geometry": { "type": "Point", "coordinates": [ 140.0988, 39.733817 ] } },
{ "type": "Feature", "properties": { "ID": 522050503540, "正式名称": "エミナルクリニック秋田院", "機関区分": 2, "都道府県コード": 5, "市区町村コード": 201, "所在地": "秋田県秋田市中通二丁目４番２２号ｆｌａｔ秋田１階・２階", "緯度": 39.717439, "経度": 140.125668, "url": "https://www.iryou.teikyouseido.mhlw.go.jp/znk-web/juminkanja/S2430/initialize?prefCd=05&kikanCd=22050503540&kikanKbn=2", "url2": null, "内容": "エミナルクリニック秋田院【2:診療所】【診療科目:0】秋田県秋田市中通二丁目４番２２号ｆｌａｔ秋田１階・２階" }, "geometry": { "type": "Point", "coordinates": [ 140.125668, 39.717439 ] } },
{ "type": "Feature", "properties": { "ID": 522050503550, "正式名称": "木村耳鼻咽喉科", "機関区分": 2, "都道府県コード": 5, "市区町村コード": 201, "所在地": "秋田県秋田市川尻上野町１番７０号木村耳鼻咽喉科", "緯度": 39.7099785, "経度": 140.1022539, "url": "https://www.iryou.teikyouseido.mhlw.go.jp/znk-web/juminkanja/S2430/initialize?prefCd=05&kikanCd=22050503550&kikanKbn=2", "url2": "https://kimurajibika.com/", "内容": "木村耳鼻咽喉科【2:診療所】【診療科目:0】秋田県秋田市川尻上野町１番７０号木村耳鼻咽喉科" }, "geometry": { "type": "Point", "coordinates": [ 140.1022539, 39.709978500000013 ] } },
{ "type": "Feature", "properties": { "ID": 522050503560, "正式名称": "ブランクリニック秋田院", "機関区分": 2, "都道府県コード": 5, "市区町村コード": 201, "所在地": "秋田県秋田市中通１丁目３ー５秋田キャッスルホテル　１階", "緯度": 39.71599, "経度": 140.12831, "url": "https://www.iryou.teikyouseido.mhlw.go.jp/znk-web/juminkanja/S2430/initialize?prefCd=05&kikanCd=22050503560&kikanKbn=2", "url2": "https://bccl.jp/about2/akita/", "内容": "ブランクリニック秋田院【2:診療所】【診療科目:0】秋田県秋田市中通１丁目３ー５秋田キャッスルホテル　１階" }, "geometry": { "type": "Point", "coordinates": [ 140.12831, 39.71599 ] } },
{ "type": "Feature", "properties": { "ID": 522050503570, "正式名称": "医療法人仁明会　城南さいとうクリニック", "機関区分": 2, "都道府県コード": 5, "市区町村コード": 201, "所在地": "秋田県秋田市仁井田新田１－１－３９", "緯度": 39.6835863, "経度": 140.1232164, "url": "https://www.iryou.teikyouseido.mhlw.go.jp/znk-web/juminkanja/S2430/initialize?prefCd=05&kikanCd=22050503570&kikanKbn=2", "url2": "https://jounan-saitou.clinic/", "内容": "医療法人仁明会　城南さいとうクリニック【2:診療所】【診療科目:0】秋田県秋田市仁井田新田１－１－３９" }, "geometry": { "type": "Point", "coordinates": [ 140.1232164, 39.6835863 ] } },
{ "type": "Feature", "properties": { "ID": 522050503580, "正式名称": "秋田メモリアル・わたなべクリニック", "機関区分": 2, "都道府県コード": 5, "市区町村コード": 201, "所在地": "秋田県秋田市広面字鍋沼１２番１", "緯度": 39.715786, "経度": 140.148288, "url": "https://www.iryou.teikyouseido.mhlw.go.jp/znk-web/juminkanja/S2430/initialize?prefCd=05&kikanCd=22050503580&kikanKbn=2", "url2": null, "内容": "秋田メモリアル・わたなべクリニック【2:診療所】【診療科目:0】秋田県秋田市広面字鍋沼１２番１" }, "geometry": { "type": "Point", "coordinates": [ 140.148288, 39.715786 ] } },
{ "type": "Feature", "properties": { "ID": 522050503590, "正式名称": "けいこレディースクリニック", "機関区分": 2, "都道府県コード": 5, "市区町村コード": 201, "所在地": "秋田県秋田市牛島東６－２－９", "緯度": 39.695013, "経度": 140.121946, "url": "https://www.iryou.teikyouseido.mhlw.go.jp/znk-web/juminkanja/S2430/initialize?prefCd=05&kikanCd=22050503590&kikanKbn=2", "url2": "https://keiko-lc.com/", "内容": "けいこレディースクリニック【2:診療所】【診療科目:0】秋田県秋田市牛島東６－２－９" }, "geometry": { "type": "Point", "coordinates": [ 140.121946, 39.695013 ] } },
{ "type": "Feature", "properties": { "ID": 522050503600, "正式名称": "メンズライフクリニック秋田院", "機関区分": 2, "都道府県コード": 5, "市区町村コード": 201, "所在地": "秋田県秋田市千秋久保田町３－１５三宅ビル４階", "緯度": 39.717731, "経度": 140.127433, "url": "https://www.iryou.teikyouseido.mhlw.go.jp/znk-web/juminkanja/S2430/initialize?prefCd=05&kikanCd=22050503600&kikanKbn=2", "url2": null, "内容": "メンズライフクリニック秋田院【2:診療所】【診療科目:0】秋田県秋田市千秋久保田町３－１５三宅ビル４階" }, "geometry": { "type": "Point", "coordinates": [ 140.127433, 39.717731 ] } },
{ "type": "Feature", "properties": { "ID": 522050600020, "正式名称": "医療法人さとうハートクリニック", "機関区分": 2, "都道府県コード": 5, "市区町村コード": 210, "所在地": "秋田県由利本荘市石脇田尻野６番地５３", "緯度": 39.404113, "経度": 140.031293, "url": "https://www.iryou.teikyouseido.mhlw.go.jp/znk-web/juminkanja/S2430/initialize?prefCd=05&kikanCd=22050600020&kikanKbn=2", "url2": "http:www.satoheart.com/", "内容": "医療法人さとうハートクリニック【2:診療所】【診療科目:0】秋田県由利本荘市石脇田尻野６番地５３" }, "geometry": { "type": "Point", "coordinates": [ 140.031293, 39.404113 ] } },
{ "type": "Feature", "properties": { "ID": 522050600060, "正式名称": "医療法人　　早川眼科医院", "機関区分": 2, "都道府県コード": 5, "市区町村コード": 210, "所在地": "秋田県由利本荘市裏尾崎町４", "緯度": 39.387335, "経度": 140.050152, "url": "https://www.iryou.teikyouseido.mhlw.go.jp/znk-web/juminkanja/S2430/initialize?prefCd=05&kikanCd=22050600060&kikanKbn=2", "url2": "http://www.honjo-hayakawaganka.jp/", "内容": "医療法人　　早川眼科医院【2:診療所】【診療科目:0】秋田県由利本荘市裏尾崎町４" }, "geometry": { "type": "Point", "coordinates": [ 140.050152, 39.387335 ] } },
{ "type": "Feature", "properties": { "ID": 522050600070, "正式名称": "奥山内科医院", "機関区分": 2, "都道府県コード": 5, "市区町村コード": 210, "所在地": "秋田県由利本荘市花畑町２丁目５７－２", "緯度": 39.388279, "経度": 140.055652, "url": "https://www.iryou.teikyouseido.mhlw.go.jp/znk-web/juminkanja/S2430/initialize?prefCd=05&kikanCd=22050600070&kikanKbn=2", "url2": null, "内容": "奥山内科医院【2:診療所】【診療科目:0】秋田県由利本荘市花畑町２丁目５７－２" }, "geometry": { "type": "Point", "coordinates": [ 140.055652, 39.388279 ] } },
{ "type": "Feature", "properties": { "ID": 522050600090, "正式名称": "医療法人ＹＡＭＡＺＥＮ　本荘整形外科", "機関区分": 2, "都道府県コード": 5, "市区町村コード": 210, "所在地": "秋田県由利本荘市花畑町２丁目３２番地１", "緯度": 39.387752, "経度": 140.056568, "url": "https://www.iryou.teikyouseido.mhlw.go.jp/znk-web/juminkanja/S2430/initialize?prefCd=05&kikanCd=22050600090&kikanKbn=2", "url2": "http://yamazen.or.jp/index.html", "内容": "医療法人ＹＡＭＡＺＥＮ　本荘整形外科【2:診療所】【診療科目:0】秋田県由利本荘市花畑町２丁目３２番地１" }, "geometry": { "type": "Point", "coordinates": [ 140.056568, 39.387752 ] } },
{ "type": "Feature", "properties": { "ID": 522050600140, "正式名称": "老方診療所", "機関区分": 2, "都道府県コード": 5, "市区町村コード": 210, "所在地": "秋田県由利本荘市東由利老方老方１４番地", "緯度": 39.303488, "経度": 140.286053, "url": "https://www.iryou.teikyouseido.mhlw.go.jp/znk-web/juminkanja/S2430/initialize?prefCd=05&kikanCd=22050600140&kikanKbn=2", "url2": null, "内容": "老方診療所【2:診療所】【診療科目:0】秋田県由利本荘市東由利老方老方１４番地" }, "geometry": { "type": "Point", "coordinates": [ 140.286053, 39.303488 ] } },
{ "type": "Feature", "properties": { "ID": 522050600150, "正式名称": "小松医院", "機関区分": 2, "都道府県コード": 5, "市区町村コード": 210, "所在地": "秋田県由利本荘市東由利舘合舘前７番地", "緯度": 39.286433, "経度": 140.283276, "url": "https://www.iryou.teikyouseido.mhlw.go.jp/znk-web/juminkanja/S2430/initialize?prefCd=05&kikanCd=22050600150&kikanKbn=2", "url2": null, "内容": "小松医院【2:診療所】【診療科目:0】秋田県由利本荘市東由利舘合舘前７番地" }, "geometry": { "type": "Point", "coordinates": [ 140.283276, 39.286433 ] } },
{ "type": "Feature", "properties": { "ID": 522050600200, "正式名称": "医療法人　渡邊医院", "機関区分": 2, "都道府県コード": 5, "市区町村コード": 210, "所在地": "秋田県由利本荘市前郷家岸７９－２０", "緯度": 39.313872, "経度": 140.112067, "url": "https://www.iryou.teikyouseido.mhlw.go.jp/znk-web/juminkanja/S2430/initialize?prefCd=05&kikanCd=22050600200&kikanKbn=2", "url2": null, "内容": "医療法人　渡邊医院【2:診療所】【診療科目:0】秋田県由利本荘市前郷家岸７９－２０" }, "geometry": { "type": "Point", "coordinates": [ 140.112067, 39.313872 ] } },
{ "type": "Feature", "properties": { "ID": 522050600220, "正式名称": "鮎川診療所", "機関区分": 2, "都道府県コード": 5, "市区町村コード": 210, "所在地": "秋田県由利本荘市東鮎川下山崎８", "緯度": 39.328231, "経度": 140.067098, "url": "https://www.iryou.teikyouseido.mhlw.go.jp/znk-web/juminkanja/S2430/initialize?prefCd=05&kikanCd=22050600220&kikanKbn=2", "url2": null, "内容": "鮎川診療所【2:診療所】【診療科目:0】秋田県由利本荘市東鮎川下山崎８" }, "geometry": { "type": "Point", "coordinates": [ 140.067098, 39.328231 ] } },
{ "type": "Feature", "properties": { "ID": 522050600230, "正式名称": "医療法人　有誠会　佐藤医院", "機関区分": 2, "都道府県コード": 5, "市区町村コード": 210, "所在地": "秋田県由利本荘市矢島町七日町曲り渕１２８－１", "緯度": 39.232326, "経度": 140.140707, "url": "https://www.iryou.teikyouseido.mhlw.go.jp/znk-web/juminkanja/S2430/initialize?prefCd=05&kikanCd=22050600230&kikanKbn=2", "url2": null, "内容": "医療法人　有誠会　佐藤医院【2:診療所】【診療科目:0】秋田県由利本荘市矢島町七日町曲り渕１２８－１" }, "geometry": { "type": "Point", "coordinates": [ 140.140707, 39.232326 ] } },
{ "type": "Feature", "properties": { "ID": 522050600240, "正式名称": "木村医院", "機関区分": 2, "都道府県コード": 5, "市区町村コード": 210, "所在地": "秋田県由利本荘市矢島町七日町七日町３９", "緯度": 39.229048, "経度": 140.136402, "url": "https://www.iryou.teikyouseido.mhlw.go.jp/znk-web/juminkanja/S2430/initialize?prefCd=05&kikanCd=22050600240&kikanKbn=2", "url2": null, "内容": "木村医院【2:診療所】【診療科目:0】秋田県由利本荘市矢島町七日町七日町３９" }, "geometry": { "type": "Point", "coordinates": [ 140.136402, 39.229048 ] } },
{ "type": "Feature", "properties": { "ID": 522050600250, "正式名称": "大井医院", "機関区分": 2, "都道府県コード": 5, "市区町村コード": 210, "所在地": "秋田県由利本荘市矢島町七日町栩木田６８", "緯度": 39.227084, "経度": 140.143233, "url": "https://www.iryou.teikyouseido.mhlw.go.jp/znk-web/juminkanja/S2430/initialize?prefCd=05&kikanCd=22050600250&kikanKbn=2", "url2": null, "内容": "大井医院【2:診療所】【診療科目:0】秋田県由利本荘市矢島町七日町栩木田６８" }, "geometry": { "type": "Point", "coordinates": [ 140.143233, 39.227084 ] } },
{ "type": "Feature", "properties": { "ID": 522050600270, "正式名称": "医療法人章進会　加賀医院", "機関区分": 2, "都道府県コード": 5, "市区町村コード": 210, "所在地": "秋田県由利本荘市鳥海町伏見久保１２－９", "緯度": 39.192109, "経度": 140.192538, "url": "https://www.iryou.teikyouseido.mhlw.go.jp/znk-web/juminkanja/S2430/initialize?prefCd=05&kikanCd=22050600270&kikanKbn=2", "url2": "https://www.kaga-chokai.jp", "内容": "医療法人章進会　加賀医院【2:診療所】【診療科目:0】秋田県由利本荘市鳥海町伏見久保１２－９" }, "geometry": { "type": "Point", "coordinates": [ 140.192538, 39.192109 ] } },
{ "type": "Feature", "properties": { "ID": 522050600290, "正式名称": "由利本荘市　鳥海診療所", "機関区分": 2, "都道府県コード": 5, "市区町村コード": 210, "所在地": "秋田県由利本荘市鳥海町伏見字久保８番地２", "緯度": 39.193053, "経度": 140.191705, "url": "https://www.iryou.teikyouseido.mhlw.go.jp/znk-web/juminkanja/S2430/initialize?prefCd=05&kikanCd=22050600290&kikanKbn=2", "url2": null, "内容": "由利本荘市　鳥海診療所【2:診療所】【診療科目:0】秋田県由利本荘市鳥海町伏見字久保８番地２" }, "geometry": { "type": "Point", "coordinates": [ 140.191705, 39.193053 ] } },
{ "type": "Feature", "properties": { "ID": 522050600310, "正式名称": "由利本荘市　笹子診療所", "機関区分": 2, "都道府県コード": 5, "市区町村コード": 210, "所在地": "秋田県由利本荘市鳥海町上笹子字堺台１０５", "緯度": 39.109563, "経度": 140.292756, "url": "https://www.iryou.teikyouseido.mhlw.go.jp/znk-web/juminkanja/S2430/initialize?prefCd=05&kikanCd=22050600310&kikanKbn=2", "url2": null, "内容": "由利本荘市　笹子診療所【2:診療所】【診療科目:0】秋田県由利本荘市鳥海町上笹子字堺台１０５" }, "geometry": { "type": "Point", "coordinates": [ 140.292756, 39.109563 ] } },
{ "type": "Feature", "properties": { "ID": 522050600320, "正式名称": "医療法人医尽会　浅野耳鼻咽喉科医院", "機関区分": 2, "都道府県コード": 5, "市区町村コード": 210, "所在地": "秋田県由利本荘市表尾崎町１７－４", "緯度": 39.387029, "経度": 140.048236, "url": "https://www.iryou.teikyouseido.mhlw.go.jp/znk-web/juminkanja/S2430/initialize?prefCd=05&kikanCd=22050600320&kikanKbn=2", "url2": "http://www.asanojibika.com", "内容": "医療法人医尽会　浅野耳鼻咽喉科医院【2:診療所】【診療科目:0】秋田県由利本荘市表尾崎町１７－４" }, "geometry": { "type": "Point", "coordinates": [ 140.048236, 39.387029 ] } },
{ "type": "Feature", "properties": { "ID": 522050600340, "正式名称": "医療法人明幸会中央線診療所", "機関区分": 2, "都道府県コード": 5, "市区町村コード": 210, "所在地": "秋田県由利本荘市岩渕下３９－２", "緯度": 39.391474, "経度": 140.052263, "url": "https://www.iryou.teikyouseido.mhlw.go.jp/znk-web/juminkanja/S2430/initialize?prefCd=05&kikanCd=22050600340&kikanKbn=2", "url2": "https://www.meikokai.com/", "内容": "医療法人明幸会中央線診療所【2:診療所】【診療科目:0】秋田県由利本荘市岩渕下３９－２" }, "geometry": { "type": "Point", "coordinates": [ 140.052263, 39.391474 ] } },
{ "type": "Feature", "properties": { "ID": 522050600350, "正式名称": "しぶやこまちクリニック", "機関区分": 2, "都道府県コード": 5, "市区町村コード": 210, "所在地": "秋田県由利本荘市赤沼下４３４番地１", "緯度": 39.390864, "経度": 140.058452, "url": "https://www.iryou.teikyouseido.mhlw.go.jp/znk-web/juminkanja/S2430/initialize?prefCd=05&kikanCd=22050600350&kikanKbn=2", "url2": null, "内容": "しぶやこまちクリニック【2:診療所】【診療科目:0】秋田県由利本荘市赤沼下４３４番地１" }, "geometry": { "type": "Point", "coordinates": [ 140.058452, 39.390864 ] } },
{ "type": "Feature", "properties": { "ID": 522050600360, "正式名称": "梵天内科クリニック", "機関区分": 2, "都道府県コード": 5, "市区町村コード": 210, "所在地": "秋田県由利本荘市東梵天１７１－１", "緯度": 39.38453, "経度": 140.064317, "url": "https://www.iryou.teikyouseido.mhlw.go.jp/znk-web/juminkanja/S2430/initialize?prefCd=05&kikanCd=22050600360&kikanKbn=2", "url2": "https://www.bontenclinic.jp/", "内容": "梵天内科クリニック【2:診療所】【診療科目:0】秋田県由利本荘市東梵天１７１－１" }, "geometry": { "type": "Point", "coordinates": [ 140.064317, 39.38453 ] } },
{ "type": "Feature", "properties": { "ID": 522050600370, "正式名称": "まつだあかちゃんこどもクリニック", "機関区分": 2, "都道府県コード": 5, "市区町村コード": 210, "所在地": "秋田県由利本荘市東梵天１７４－１", "緯度": 39.38453, "経度": 140.063651, "url": "https://www.iryou.teikyouseido.mhlw.go.jp/znk-web/juminkanja/S2430/initialize?prefCd=05&kikanCd=22050600370&kikanKbn=2", "url2": "https://matsuda-bcc.com", "内容": "まつだあかちゃんこどもクリニック【2:診療所】【診療科目:0】秋田県由利本荘市東梵天１７４－１" }, "geometry": { "type": "Point", "coordinates": [ 140.063651, 39.38453 ] } },
{ "type": "Feature", "properties": { "ID": 522050600380, "正式名称": "前田眼科", "機関区分": 2, "都道府県コード": 5, "市区町村コード": 210, "所在地": "秋田県由利本荘市東梵天１９２－３", "緯度": 39.385142, "経度": 140.064401, "url": "https://www.iryou.teikyouseido.mhlw.go.jp/znk-web/juminkanja/S2430/initialize?prefCd=05&kikanCd=22050600380&kikanKbn=2", "url2": null, "内容": "前田眼科【2:診療所】【診療科目:0】秋田県由利本荘市東梵天１９２－３" }, "geometry": { "type": "Point", "coordinates": [ 140.064401, 39.385142 ] } },
{ "type": "Feature", "properties": { "ID": 522050600390, "正式名称": "わかまつ内科クリニック", "機関区分": 2, "都道府県コード": 5, "市区町村コード": 210, "所在地": "秋田県由利本荘市東梵天２９７－１", "緯度": 39.387947, "経度": 140.063178, "url": "https://www.iryou.teikyouseido.mhlw.go.jp/znk-web/juminkanja/S2430/initialize?prefCd=05&kikanCd=22050600390&kikanKbn=2", "url2": null, "内容": "わかまつ内科クリニック【2:診療所】【診療科目:0】秋田県由利本荘市東梵天２９７－１" }, "geometry": { "type": "Point", "coordinates": [ 140.063178, 39.387947 ] } },
{ "type": "Feature", "properties": { "ID": 522050600400, "正式名称": "鈴木小児科", "機関区分": 2, "都道府県コード": 5, "市区町村コード": 210, "所在地": "秋田県由利本荘市一番堰１１７－１７", "緯度": 39.376976, "経度": 140.061513, "url": "https://www.iryou.teikyouseido.mhlw.go.jp/znk-web/juminkanja/S2430/initialize?prefCd=05&kikanCd=22050600400&kikanKbn=2", "url2": "www.suzukishohni.com", "内容": "鈴木小児科【2:診療所】【診療科目:0】秋田県由利本荘市一番堰１１７－１７" }, "geometry": { "type": "Point", "coordinates": [ 140.061513, 39.376976 ] } },
{ "type": "Feature", "properties": { "ID": 522050600450, "正式名称": "清水泌尿器科内科医院", "機関区分": 2, "都道府県コード": 5, "市区町村コード": 210, "所在地": "秋田県由利本荘市鶴沼１２３", "緯度": 39.386696, "経度": 140.04018, "url": "https://www.iryou.teikyouseido.mhlw.go.jp/znk-web/juminkanja/S2430/initialize?prefCd=05&kikanCd=22050600450&kikanKbn=2", "url2": null, "内容": "清水泌尿器科内科医院【2:診療所】【診療科目:0】秋田県由利本荘市鶴沼１２３" }, "geometry": { "type": "Point", "coordinates": [ 140.04018, 39.386696 ] } },
{ "type": "Feature", "properties": { "ID": 522050600460, "正式名称": "佐々木産婦人科医院", "機関区分": 2, "都道府県コード": 5, "市区町村コード": 210, "所在地": "秋田県由利本荘市給人町３７－１", "緯度": 39.388446, "経度": 140.042541, "url": "https://www.iryou.teikyouseido.mhlw.go.jp/znk-web/juminkanja/S2430/initialize?prefCd=05&kikanCd=22050600460&kikanKbn=2", "url2": "http://ssk1984.byoinnavi.jp", "内容": "佐々木産婦人科医院【2:診療所】【診療科目:0】秋田県由利本荘市給人町３７－１" }, "geometry": { "type": "Point", "coordinates": [ 140.042541, 39.388446 ] } },
{ "type": "Feature", "properties": { "ID": 522050600470, "正式名称": "猪股医院", "機関区分": 2, "都道府県コード": 5, "市区町村コード": 210, "所在地": "秋田県由利本荘市給人町６－２", "緯度": 39.388946, "経度": 140.044486, "url": "https://www.iryou.teikyouseido.mhlw.go.jp/znk-web/juminkanja/S2430/initialize?prefCd=05&kikanCd=22050600470&kikanKbn=2", "url2": null, "内容": "猪股医院【2:診療所】【診療科目:0】秋田県由利本荘市給人町６－２" }, "geometry": { "type": "Point", "coordinates": [ 140.044486, 39.388946 ] } },
{ "type": "Feature", "properties": { "ID": 522050600480, "正式名称": "医療法人緑荘会　（土田整形外科医院）", "機関区分": 2, "都道府県コード": 5, "市区町村コード": 210, "所在地": "秋田県由利本荘市砂子下５３", "緯度": 39.387363, "経度": 140.037958, "url": "https://www.iryou.teikyouseido.mhlw.go.jp/znk-web/juminkanja/S2430/initialize?prefCd=05&kikanCd=22050600480&kikanKbn=2", "url2": null, "内容": "医療法人緑荘会　（土田整形外科医院）【2:診療所】【診療科目:0】秋田県由利本荘市砂子下５３" }, "geometry": { "type": "Point", "coordinates": [ 140.037958, 39.387363 ] } },
{ "type": "Feature", "properties": { "ID": 522050600550, "正式名称": "きくち医院", "機関区分": 2, "都道府県コード": 5, "市区町村コード": 210, "所在地": "秋田県由利本荘市西目町沼田新道下２－７１", "緯度": 39.343117, "経度": 140.011991, "url": "https://www.iryou.teikyouseido.mhlw.go.jp/znk-web/juminkanja/S2430/initialize?prefCd=05&kikanCd=22050600550&kikanKbn=2", "url2": null, "内容": "きくち医院【2:診療所】【診療科目:0】秋田県由利本荘市西目町沼田新道下２－７１" }, "geometry": { "type": "Point", "coordinates": [ 140.011991, 39.343117 ] } },
{ "type": "Feature", "properties": { "ID": 522050600570, "正式名称": "いとう内科医院", "機関区分": 2, "都道府県コード": 5, "市区町村コード": 210, "所在地": "秋田県由利本荘市大内三川字三川９", "緯度": 39.445302, "経度": 140.109061, "url": "https://www.iryou.teikyouseido.mhlw.go.jp/znk-web/juminkanja/S2430/initialize?prefCd=05&kikanCd=22050600570&kikanKbn=2", "url2": null, "内容": "いとう内科医院【2:診療所】【診療科目:0】秋田県由利本荘市大内三川字三川９" }, "geometry": { "type": "Point", "coordinates": [ 140.109061, 39.445302 ] } },
{ "type": "Feature", "properties": { "ID": 522050600580, "正式名称": "伊藤医院", "機関区分": 2, "都道府県コード": 5, "市区町村コード": 210, "所在地": "秋田県由利本荘市中田代板井沢１１４－７", "緯度": 39.430391, "経度": 140.223097, "url": "https://www.iryou.teikyouseido.mhlw.go.jp/znk-web/juminkanja/S2430/initialize?prefCd=05&kikanCd=22050600580&kikanKbn=2", "url2": "http://www.drito-office.jp", "内容": "伊藤医院【2:診療所】【診療科目:0】秋田県由利本荘市中田代板井沢１１４－７" }, "geometry": { "type": "Point", "coordinates": [ 140.223097, 39.430391 ] } },
{ "type": "Feature", "properties": { "ID": 522050600590, "正式名称": "軽井沢診療所", "機関区分": 2, "都道府県コード": 5, "市区町村コード": 210, "所在地": "秋田県由利本荘市羽広七ツ鉢１", "緯度": 39.415116, "経度": 140.284619, "url": "https://www.iryou.teikyouseido.mhlw.go.jp/znk-web/juminkanja/S2430/initialize?prefCd=05&kikanCd=22050600590&kikanKbn=2", "url2": null, "内容": "軽井沢診療所【2:診療所】【診療科目:0】秋田県由利本荘市羽広七ツ鉢１" }, "geometry": { "type": "Point", "coordinates": [ 140.284619, 39.415116 ] } },
{ "type": "Feature", "properties": { "ID": 522050600630, "正式名称": "風平診療所", "機関区分": 2, "都道府県コード": 5, "市区町村コード": 210, "所在地": "秋田県由利本荘市岩城内道川馬道４４－７", "緯度": 39.5517, "経度": 140.059775, "url": "https://www.iryou.teikyouseido.mhlw.go.jp/znk-web/juminkanja/S2430/initialize?prefCd=05&kikanCd=22050600630&kikanKbn=2", "url2": null, "内容": "風平診療所【2:診療所】【診療科目:0】秋田県由利本荘市岩城内道川馬道４４－７" }, "geometry": { "type": "Point", "coordinates": [ 140.059775, 39.5517 ] } },
{ "type": "Feature", "properties": { "ID": 522050600640, "正式名称": "木村医院", "機関区分": 2, "都道府県コード": 5, "市区町村コード": 214, "所在地": "秋田県にかほ市象潟町狐森１０１", "緯度": 39.20052, "経度": 139.908256, "url": "https://www.iryou.teikyouseido.mhlw.go.jp/znk-web/juminkanja/S2430/initialize?prefCd=05&kikanCd=22050600640&kikanKbn=2", "url2": null, "内容": "木村医院【2:診療所】【診療科目:0】秋田県にかほ市象潟町狐森１０１" }, "geometry": { "type": "Point", "coordinates": [ 139.908256, 39.20052 ] } },
{ "type": "Feature", "properties": { "ID": 522050600660, "正式名称": "医療法人ＹＡＭＡＺＥＮ　さいとうクリニック", "機関区分": 2, "都道府県コード": 5, "市区町村コード": 214, "所在地": "秋田県にかほ市象潟町字家の後４７番地", "緯度": 39.206161, "経度": 139.900718, "url": "https://www.iryou.teikyouseido.mhlw.go.jp/znk-web/juminkanja/S2430/initialize?prefCd=05&kikanCd=22050600660&kikanKbn=2", "url2": null, "内容": "医療法人ＹＡＭＡＺＥＮ　さいとうクリニック【2:診療所】【診療科目:0】秋田県にかほ市象潟町字家の後４７番地" }, "geometry": { "type": "Point", "coordinates": [ 139.900718, 39.206161 ] } },
{ "type": "Feature", "properties": { "ID": 522050600670, "正式名称": "象潟駅前皮フ科", "機関区分": 2, "都道府県コード": 5, "市区町村コード": 214, "所在地": "秋田県にかほ市象潟町家の後１３－９", "緯度": 39.208546, "経度": 139.901756, "url": "https://www.iryou.teikyouseido.mhlw.go.jp/znk-web/juminkanja/S2430/initialize?prefCd=05&kikanCd=22050600670&kikanKbn=2", "url2": null, "内容": "象潟駅前皮フ科【2:診療所】【診療科目:0】秋田県にかほ市象潟町家の後１３－９" }, "geometry": { "type": "Point", "coordinates": [ 139.901756, 39.208546 ] } },
{ "type": "Feature", "properties": { "ID": 522050600750, "正式名称": "医療法人今仁会　すずらん診療所", "機関区分": 2, "都道府県コード": 5, "市区町村コード": 214, "所在地": "秋田県にかほ市平沢行ヒ森１０－７", "緯度": 39.283345, "経度": 139.966191, "url": "https://www.iryou.teikyouseido.mhlw.go.jp/znk-web/juminkanja/S2430/initialize?prefCd=05&kikanCd=22050600750&kikanKbn=2", "url2": "http://www.chokai.ne.jp/liley/", "内容": "医療法人今仁会　すずらん診療所【2:診療所】【診療科目:0】秋田県にかほ市平沢行ヒ森１０－７" }, "geometry": { "type": "Point", "coordinates": [ 139.966191, 39.283345 ] } },
{ "type": "Feature", "properties": { "ID": 522050600760, "正式名称": "医療法人宗休会　加藤医院", "機関区分": 2, "都道府県コード": 5, "市区町村コード": 214, "所在地": "秋田県にかほ市平沢上町８５－３", "緯度": 39.290816, "経度": 139.960719, "url": "https://www.iryou.teikyouseido.mhlw.go.jp/znk-web/juminkanja/S2430/initialize?prefCd=05&kikanCd=22050600760&kikanKbn=2", "url2": "https://www.albatross.or.jp", "内容": "医療法人宗休会　加藤医院【2:診療所】【診療科目:0】秋田県にかほ市平沢上町８５－３" }, "geometry": { "type": "Point", "coordinates": [ 139.960719, 39.290816 ] } },
{ "type": "Feature", "properties": { "ID": 522050600780, "正式名称": "医療法人社団　秋峰会　にかほ眼科医院", "機関区分": 2, "都道府県コード": 5, "市区町村コード": 214, "所在地": "秋田県にかほ市平沢田角森６６番地１", "緯度": 39.285373, "経度": 139.958942, "url": "https://www.iryou.teikyouseido.mhlw.go.jp/znk-web/juminkanja/S2430/initialize?prefCd=05&kikanCd=22050600780&kikanKbn=2", "url2": null, "内容": "医療法人社団　秋峰会　にかほ眼科医院【2:診療所】【診療科目:0】秋田県にかほ市平沢田角森６６番地１" }, "geometry": { "type": "Point", "coordinates": [ 139.958942, 39.285373 ] } },
{ "type": "Feature", "properties": { "ID": 522050600810, "正式名称": "にかほ市国民健康保険小出診療所", "機関区分": 2, "都道府県コード": 5, "市区町村コード": 214, "所在地": "秋田県にかほ市中三地前田１４－１", "緯度": 39.244016, "経度": 139.963221, "url": "https://www.iryou.teikyouseido.mhlw.go.jp/znk-web/juminkanja/S2430/initialize?prefCd=05&kikanCd=22050600810&kikanKbn=2", "url2": "http://www.city.nikaho.akita.jp", "内容": "にかほ市国民健康保険小出診療所【2:診療所】【診療科目:0】秋田県にかほ市中三地前田１４－１" }, "geometry": { "type": "Point", "coordinates": [ 139.963221, 39.244016 ] } },
{ "type": "Feature", "properties": { "ID": 522050600820, "正式名称": "武道島いとうクリニック", "機関区分": 2, "都道府県コード": 5, "市区町村コード": 214, "所在地": "秋田県にかほ市象潟町家の後６５－１０", "緯度": 39.205177, "経度": 139.902908, "url": "https://www.iryou.teikyouseido.mhlw.go.jp/znk-web/juminkanja/S2430/initialize?prefCd=05&kikanCd=22050600820&kikanKbn=2", "url2": null, "内容": "武道島いとうクリニック【2:診療所】【診療科目:0】秋田県にかほ市象潟町家の後６５－１０" }, "geometry": { "type": "Point", "coordinates": [ 139.902908, 39.205177 ] } },
{ "type": "Feature", "properties": { "ID": 522050600830, "正式名称": "松ヶ崎診療所", "機関区分": 2, "都道府県コード": 5, "市区町村コード": 210, "所在地": "秋田県由利本荘市神沢字浜辺１１１－１", "緯度": 39.490296, "経度": 140.043759, "url": "https://www.iryou.teikyouseido.mhlw.go.jp/znk-web/juminkanja/S2430/initialize?prefCd=05&kikanCd=22050600830&kikanKbn=2", "url2": "http://matugasakicl.byoinnavi.jp/", "内容": "松ヶ崎診療所【2:診療所】【診療科目:0】秋田県由利本荘市神沢字浜辺１１１－１" }, "geometry": { "type": "Point", "coordinates": [ 140.043759, 39.490296 ] } },
{ "type": "Feature", "properties": { "ID": 522050600860, "正式名称": "こまつ皮フ科クリニック", "機関区分": 2, "都道府県コード": 5, "市区町村コード": 210, "所在地": "秋田県由利本荘市中梵天８７番１", "緯度": 39.385348, "経度": 140.060819, "url": "https://www.iryou.teikyouseido.mhlw.go.jp/znk-web/juminkanja/S2430/initialize?prefCd=05&kikanCd=22050600860&kikanKbn=2", "url2": "http://mkmk.byoinnavi.jp/pc/index.html", "内容": "こまつ皮フ科クリニック【2:診療所】【診療科目:0】秋田県由利本荘市中梵天８７番１" }, "geometry": { "type": "Point", "coordinates": [ 140.060819, 39.385348 ] } },
{ "type": "Feature", "properties": { "ID": 522050600880, "正式名称": "みうらアレルギー呼吸器内科クリニック", "機関区分": 2, "都道府県コード": 5, "市区町村コード": 210, "所在地": "秋田県由利本荘市松街道３６", "緯度": 39.376559, "経度": 140.06179, "url": "https://www.iryou.teikyouseido.mhlw.go.jp/znk-web/juminkanja/S2430/initialize?prefCd=05&kikanCd=22050600880&kikanKbn=2", "url2": "http://miura-allergy.com/", "内容": "みうらアレルギー呼吸器内科クリニック【2:診療所】【診療科目:0】秋田県由利本荘市松街道３６" }, "geometry": { "type": "Point", "coordinates": [ 140.06179, 39.376559 ] } },
{ "type": "Feature", "properties": { "ID": 522050600890, "正式名称": "川上クリニック", "機関区分": 2, "都道府県コード": 5, "市区町村コード": 210, "所在地": "秋田県由利本荘市桜小路３８－７　斉藤ビル１階", "緯度": 39.386086, "経度": 140.050846, "url": "https://www.iryou.teikyouseido.mhlw.go.jp/znk-web/juminkanja/S2430/initialize?prefCd=05&kikanCd=22050600890&kikanKbn=2", "url2": "https://kawakami-clinic.amebaownd.com/", "内容": "川上クリニック【2:診療所】【診療科目:0】秋田県由利本荘市桜小路３８－７　斉藤ビル１階" }, "geometry": { "type": "Point", "coordinates": [ 140.050846, 39.386086 ] } },
{ "type": "Feature", "properties": { "ID": 522050600900, "正式名称": "医療法人　夕日ヶ丘クリニック", "機関区分": 2, "都道府県コード": 5, "市区町村コード": 214, "所在地": "秋田県にかほ市金浦字十二林１０６－１", "緯度": 39.25668, "経度": 139.923307, "url": "https://www.iryou.teikyouseido.mhlw.go.jp/znk-web/juminkanja/S2430/initialize?prefCd=05&kikanCd=22050600900&kikanKbn=2", "url2": "yuhigaoka-clinic.jp", "内容": "医療法人　夕日ヶ丘クリニック【2:診療所】【診療科目:0】秋田県にかほ市金浦字十二林１０６－１" }, "geometry": { "type": "Point", "coordinates": [ 139.923307, 39.25668 ] } },
{ "type": "Feature", "properties": { "ID": 522050600940, "正式名称": "たにあい糖尿病・在宅クリニック", "機関区分": 2, "都道府県コード": 5, "市区町村コード": 210, "所在地": "秋田県由利本荘市川口字高花１０５－３", "緯度": 39.402462, "経度": 140.062953, "url": "https://www.iryou.teikyouseido.mhlw.go.jp/znk-web/juminkanja/S2430/initialize?prefCd=05&kikanCd=22050600940&kikanKbn=2", "url2": "https://taniai-diabetes-homecare.jimdofree.com/", "内容": "たにあい糖尿病・在宅クリニック【2:診療所】【診療科目:0】秋田県由利本荘市川口字高花１０５－３" }, "geometry": { "type": "Point", "coordinates": [ 140.062953, 39.402462 ] } },
{ "type": "Feature", "properties": { "ID": 522050600960, "正式名称": "きさかたクリニック", "機関区分": 2, "都道府県コード": 5, "市区町村コード": 214, "所在地": "秋田県にかほ市象潟町後田７７－１", "緯度": 39.205022, "経度": 139.903999, "url": "https://www.iryou.teikyouseido.mhlw.go.jp/znk-web/juminkanja/S2430/initialize?prefCd=05&kikanCd=22050600960&kikanKbn=2", "url2": "https://sites.google.com/view/kisakata-clinic/", "内容": "きさかたクリニック【2:診療所】【診療科目:0】秋田県にかほ市象潟町後田７７－１" }, "geometry": { "type": "Point", "coordinates": [ 139.903999, 39.205022 ] } },
{ "type": "Feature", "properties": { "ID": 522050600970, "正式名称": "本荘ひがしクリニック", "機関区分": 2, "都道府県コード": 5, "市区町村コード": 210, "所在地": "秋田県由利本荘市荒町字真城６７－１", "緯度": 39.351326, "経度": 140.07727, "url": "https://www.iryou.teikyouseido.mhlw.go.jp/znk-web/juminkanja/S2430/initialize?prefCd=05&kikanCd=22050600970&kikanKbn=2", "url2": "https://www.honjoeast-clinic.com", "内容": "本荘ひがしクリニック【2:診療所】【診療科目:0】秋田県由利本荘市荒町字真城６７－１" }, "geometry": { "type": "Point", "coordinates": [ 140.07727, 39.351326 ] } },
{ "type": "Feature", "properties": { "ID": 522050600980, "正式名称": "さけみ小児科クリニック", "機関区分": 2, "都道府県コード": 5, "市区町村コード": 210, "所在地": "秋田県由利本荘市西梵天７３", "緯度": 39.385521, "経度": 140.058956, "url": "https://www.iryou.teikyouseido.mhlw.go.jp/znk-web/juminkanja/S2430/initialize?prefCd=05&kikanCd=22050600980&kikanKbn=2", "url2": null, "内容": "さけみ小児科クリニック【2:診療所】【診療科目:0】秋田県由利本荘市西梵天７３" }, "geometry": { "type": "Point", "coordinates": [ 140.058956, 39.385521 ] } },
{ "type": "Feature", "properties": { "ID": 522050600990, "正式名称": "地域密着型特別養護老人ホームゆうゆう", "機関区分": 2, "都道府県コード": 5, "市区町村コード": 210, "所在地": "秋田県由利本荘市一番堰１４２－１", "緯度": 39.378853, "経度": 140.05914, "url": "https://www.iryou.teikyouseido.mhlw.go.jp/znk-web/juminkanja/S2430/initialize?prefCd=05&kikanCd=22050600990&kikanKbn=2", "url2": null, "内容": "地域密着型特別養護老人ホームゆうゆう【2:診療所】【診療科目:0】秋田県由利本荘市一番堰１４２－１" }, "geometry": { "type": "Point", "coordinates": [ 140.05914, 39.378853 ] } },
{ "type": "Feature", "properties": { "ID": 522050601000, "正式名称": "山田耳鼻咽喉科クリニック", "機関区分": 2, "都道府県コード": 5, "市区町村コード": 210, "所在地": "秋田県由利本荘市東町２１", "緯度": 39.387459, "経度": 140.053245, "url": "https://www.iryou.teikyouseido.mhlw.go.jp/znk-web/juminkanja/S2430/initialize?prefCd=05&kikanCd=22050601000&kikanKbn=2", "url2": "https://www.yamada-ent-yurihonjo.com/", "内容": "山田耳鼻咽喉科クリニック【2:診療所】【診療科目:0】秋田県由利本荘市東町２１" }, "geometry": { "type": "Point", "coordinates": [ 140.053245, 39.387459 ] } },
{ "type": "Feature", "properties": { "ID": 522050700010, "正式名称": "石河ひふ科医院", "機関区分": 2, "都道府県コード": 5, "市区町村コード": 212, "所在地": "秋田県大仙市花館葛野１１０－７", "緯度": 39.475944, "経度": 140.476307, "url": "https://www.iryou.teikyouseido.mhlw.go.jp/znk-web/juminkanja/S2430/initialize?prefCd=05&kikanCd=22050700010&kikanKbn=2", "url2": null, "内容": "石河ひふ科医院【2:診療所】【診療科目:0】秋田県大仙市花館葛野１１０－７" }, "geometry": { "type": "Point", "coordinates": [ 140.476307, 39.475944 ] } },
{ "type": "Feature", "properties": { "ID": 522050700020, "正式名称": "はら眼科", "機関区分": 2, "都道府県コード": 5, "市区町村コード": 212, "所在地": "秋田県大仙市幸町１－５０", "緯度": 39.470528, "経度": 140.48064, "url": "https://www.iryou.teikyouseido.mhlw.go.jp/znk-web/juminkanja/S2430/initialize?prefCd=05&kikanCd=22050700020&kikanKbn=2", "url2": "http://www.hara-ganka.com", "内容": "はら眼科【2:診療所】【診療科目:0】秋田県大仙市幸町１－５０" }, "geometry": { "type": "Point", "coordinates": [ 140.48064, 39.470528 ] } },
{ "type": "Feature", "properties": { "ID": 522050700030, "正式名称": "三浦クリニック", "機関区分": 2, "都道府県コード": 5, "市区町村コード": 212, "所在地": "秋田県大仙市幸町４－２３－２", "緯度": 39.470112, "経度": 140.478335, "url": "https://www.iryou.teikyouseido.mhlw.go.jp/znk-web/juminkanja/S2430/initialize?prefCd=05&kikanCd=22050700030&kikanKbn=2", "url2": "https://sites.google.com/site/miuracli/home", "内容": "三浦クリニック【2:診療所】【診療科目:0】秋田県大仙市幸町４－２３－２" }, "geometry": { "type": "Point", "coordinates": [ 140.478335, 39.470112 ] } },
{ "type": "Feature", "properties": { "ID": 522050700040, "正式名称": "医療法人　中島内科医院", "機関区分": 2, "都道府県コード": 5, "市区町村コード": 212, "所在地": "秋田県大仙市朝日町１７－１", "緯度": 39.468241, "経度": 140.472758, "url": "https://www.iryou.teikyouseido.mhlw.go.jp/znk-web/juminkanja/S2430/initialize?prefCd=05&kikanCd=22050700040&kikanKbn=2", "url2": "https://www.nakajimanaika-akita.jp/", "内容": "医療法人　中島内科医院【2:診療所】【診療科目:0】秋田県大仙市朝日町１７－１" }, "geometry": { "type": "Point", "coordinates": [ 140.472758, 39.468241 ] } },
{ "type": "Feature", "properties": { "ID": 522050700050, "正式名称": "医療法人　下山クリニック", "機関区分": 2, "都道府県コード": 5, "市区町村コード": 212, "所在地": "秋田県大仙市大曲福住町２－２３", "緯度": 39.464252, "経度": 140.475252, "url": "https://www.iryou.teikyouseido.mhlw.go.jp/znk-web/juminkanja/S2430/initialize?prefCd=05&kikanCd=22050700050&kikanKbn=2", "url2": "https://shimo-clinic.com/", "内容": "医療法人　下山クリニック【2:診療所】【診療科目:0】秋田県大仙市大曲福住町２－２３" }, "geometry": { "type": "Point", "coordinates": [ 140.475252, 39.464252 ] } },
{ "type": "Feature", "properties": { "ID": 522050700070, "正式名称": "医療法人萌養会　たかはし内科循環器科医院", "機関区分": 2, "都道府県コード": 5, "市区町村コード": 212, "所在地": "秋田県大仙市大曲福住町９－２３", "緯度": 39.466056, "経度": 140.475474, "url": "https://www.iryou.teikyouseido.mhlw.go.jp/znk-web/juminkanja/S2430/initialize?prefCd=05&kikanCd=22050700070&kikanKbn=2", "url2": "http://omagari-naika.jp", "内容": "医療法人萌養会　たかはし内科循環器科医院【2:診療所】【診療科目:0】秋田県大仙市大曲福住町９－２３" }, "geometry": { "type": "Point", "coordinates": [ 140.475474, 39.466056 ] } },
{ "type": "Feature", "properties": { "ID": 522050700080, "正式名称": "吉方内科医院", "機関区分": 2, "都道府県コード": 5, "市区町村コード": 212, "所在地": "秋田県大仙市大曲白金町５－３１", "緯度": 39.464752, "経度": 140.47278, "url": "https://www.iryou.teikyouseido.mhlw.go.jp/znk-web/juminkanja/S2430/initialize?prefCd=05&kikanCd=22050700080&kikanKbn=2", "url2": null, "内容": "吉方内科医院【2:診療所】【診療科目:0】秋田県大仙市大曲白金町５－３１" }, "geometry": { "type": "Point", "coordinates": [ 140.47278, 39.464752 ] } },
{ "type": "Feature", "properties": { "ID": 522050700090, "正式名称": "こにし胃腸内科", "機関区分": 2, "都道府県コード": 5, "市区町村コード": 212, "所在地": "秋田県大仙市福田町２１－２３－１３", "緯度": 39.469314, "経度": 140.48331, "url": "https://www.iryou.teikyouseido.mhlw.go.jp/znk-web/juminkanja/S2430/initialize?prefCd=05&kikanCd=22050700090&kikanKbn=2", "url2": "https://konishi-icho.com", "内容": "こにし胃腸内科【2:診療所】【診療科目:0】秋田県大仙市福田町２１－２３－１３" }, "geometry": { "type": "Point", "coordinates": [ 140.48331, 39.469314 ] } },
{ "type": "Feature", "properties": { "ID": 522050700120, "正式名称": "医療法人　榮貴会　山下医院", "機関区分": 2, "都道府県コード": 5, "市区町村コード": 212, "所在地": "秋田県大仙市大曲黒瀬町３－４５", "緯度": 39.461613, "経度": 140.481807, "url": "https://www.iryou.teikyouseido.mhlw.go.jp/znk-web/juminkanja/S2430/initialize?prefCd=05&kikanCd=22050700120&kikanKbn=2", "url2": null, "内容": "医療法人　榮貴会　山下医院【2:診療所】【診療科目:0】秋田県大仙市大曲黒瀬町３－４５" }, "geometry": { "type": "Point", "coordinates": [ 140.481807, 39.461613 ] } },
{ "type": "Feature", "properties": { "ID": 522050700140, "正式名称": "木村内科医院", "機関区分": 2, "都道府県コード": 5, "市区町村コード": 212, "所在地": "秋田県大仙市大曲中通町３－３", "緯度": 39.461252, "経度": 140.479001, "url": "https://www.iryou.teikyouseido.mhlw.go.jp/znk-web/juminkanja/S2430/initialize?prefCd=05&kikanCd=22050700140&kikanKbn=2", "url2": null, "内容": "木村内科医院【2:診療所】【診療科目:0】秋田県大仙市大曲中通町３－３" }, "geometry": { "type": "Point", "coordinates": [ 140.479001, 39.461252 ] } },
{ "type": "Feature", "properties": { "ID": 522050700150, "正式名称": "池田医院", "機関区分": 2, "都道府県コード": 5, "市区町村コード": 212, "所在地": "秋田県大仙市大曲中通町４－２０", "緯度": 39.461641, "経度": 140.480224, "url": "https://www.iryou.teikyouseido.mhlw.go.jp/znk-web/juminkanja/S2430/initialize?prefCd=05&kikanCd=22050700150&kikanKbn=2", "url2": null, "内容": "池田医院【2:診療所】【診療科目:0】秋田県大仙市大曲中通町４－２０" }, "geometry": { "type": "Point", "coordinates": [ 140.480224, 39.461641 ] } },
{ "type": "Feature", "properties": { "ID": 522050700160, "正式名称": "医療法人　田口医院", "機関区分": 2, "都道府県コード": 5, "市区町村コード": 212, "所在地": "秋田県大仙市大曲丸の内町１０－２５", "緯度": 39.463363, "経度": 140.475863, "url": "https://www.iryou.teikyouseido.mhlw.go.jp/znk-web/juminkanja/S2430/initialize?prefCd=05&kikanCd=22050700160&kikanKbn=2", "url2": null, "内容": "医療法人　田口医院【2:診療所】【診療科目:0】秋田県大仙市大曲丸の内町１０－２５" }, "geometry": { "type": "Point", "coordinates": [ 140.475863, 39.463363 ] } },
{ "type": "Feature", "properties": { "ID": 522050700170, "正式名称": "医療法人　慧眞会　ケイメンタルクリニック", "機関区分": 2, "都道府県コード": 5, "市区町村コード": 212, "所在地": "秋田県大仙市大曲通町１０番８号", "緯度": 39.465668, "経度": 140.477751, "url": "https://www.iryou.teikyouseido.mhlw.go.jp/znk-web/juminkanja/S2430/initialize?prefCd=05&kikanCd=22050700170&kikanKbn=2", "url2": "https://keishinkai-akita.net/keimental/", "内容": "医療法人　慧眞会　ケイメンタルクリニック【2:診療所】【診療科目:0】秋田県大仙市大曲通町１０番８号" }, "geometry": { "type": "Point", "coordinates": [ 140.477751, 39.465668 ] } },
{ "type": "Feature", "properties": { "ID": 522050700180, "正式名称": "高橋久志眼科医院", "機関区分": 2, "都道府県コード": 5, "市区町村コード": 212, "所在地": "秋田県大仙市大曲通町１２－２２", "緯度": 39.466695, "経度": 140.477335, "url": "https://www.iryou.teikyouseido.mhlw.go.jp/znk-web/juminkanja/S2430/initialize?prefCd=05&kikanCd=22050700180&kikanKbn=2", "url2": "http://www.takahashi-eyeclinic.net", "内容": "高橋久志眼科医院【2:診療所】【診療科目:0】秋田県大仙市大曲通町１２－２２" }, "geometry": { "type": "Point", "coordinates": [ 140.477335, 39.466695 ] } },
{ "type": "Feature", "properties": { "ID": 522050700210, "正式名称": "医療法人　佐藤レディースクリニック", "機関区分": 2, "都道府県コード": 5, "市区町村コード": 212, "所在地": "秋田県大仙市戸蒔谷地添１０６の１", "緯度": 39.450698, "経度": 140.503417, "url": "https://www.iryou.teikyouseido.mhlw.go.jp/znk-web/juminkanja/S2430/initialize?prefCd=05&kikanCd=22050700210&kikanKbn=2", "url2": "http://www9.plala.or.jp/slcweb/", "内容": "医療法人　佐藤レディースクリニック【2:診療所】【診療科目:0】秋田県大仙市戸蒔谷地添１０６の１" }, "geometry": { "type": "Point", "coordinates": [ 140.503417, 39.450698 ] } },
{ "type": "Feature", "properties": { "ID": 522050700230, "正式名称": "小山田医院", "機関区分": 2, "都道府県コード": 5, "市区町村コード": 212, "所在地": "秋田県大仙市大曲須和町１－４－２１", "緯度": 39.456947, "経度": 140.482613, "url": "https://www.iryou.teikyouseido.mhlw.go.jp/znk-web/juminkanja/S2430/initialize?prefCd=05&kikanCd=22050700230&kikanKbn=2", "url2": "https://oyamada-clinic.com", "内容": "小山田医院【2:診療所】【診療科目:0】秋田県大仙市大曲須和町１－４－２１" }, "geometry": { "type": "Point", "coordinates": [ 140.482613, 39.456947 ] } },
{ "type": "Feature", "properties": { "ID": 522050700240, "正式名称": "医療法人　高津内科医院", "機関区分": 2, "都道府県コード": 5, "市区町村コード": 212, "所在地": "秋田県大仙市大曲須和町２－８－３６", "緯度": 39.454336, "経度": 140.486307, "url": "https://www.iryou.teikyouseido.mhlw.go.jp/znk-web/juminkanja/S2430/initialize?prefCd=05&kikanCd=22050700240&kikanKbn=2", "url2": null, "内容": "医療法人　高津内科医院【2:診療所】【診療科目:0】秋田県大仙市大曲須和町２－８－３６" }, "geometry": { "type": "Point", "coordinates": [ 140.486307, 39.454336 ] } },
{ "type": "Feature", "properties": { "ID": 522050700260, "正式名称": "荒井医院", "機関区分": 2, "都道府県コード": 5, "市区町村コード": 212, "所在地": "秋田県大仙市大曲上大町６－２２", "緯度": 39.456336, "経度": 140.479391, "url": "https://www.iryou.teikyouseido.mhlw.go.jp/znk-web/juminkanja/S2430/initialize?prefCd=05&kikanCd=22050700260&kikanKbn=2", "url2": null, "内容": "荒井医院【2:診療所】【診療科目:0】秋田県大仙市大曲上大町６－２２" }, "geometry": { "type": "Point", "coordinates": [ 140.479391, 39.456336 ] } },
{ "type": "Feature", "properties": { "ID": 522050700270, "正式名称": "くしま産婦人科医院", "機関区分": 2, "都道府県コード": 5, "市区町村コード": 212, "所在地": "秋田県大仙市幸町１－５３", "緯度": 39.470112, "経度": 140.480279, "url": "https://www.iryou.teikyouseido.mhlw.go.jp/znk-web/juminkanja/S2430/initialize?prefCd=05&kikanCd=22050700270&kikanKbn=2", "url2": "http://kushima4103.jp/", "内容": "くしま産婦人科医院【2:診療所】【診療科目:0】秋田県大仙市幸町１－５３" }, "geometry": { "type": "Point", "coordinates": [ 140.480279, 39.470112 ] } },
{ "type": "Feature", "properties": { "ID": 522050700280, "正式名称": "医療法人崇雲会　大石クリニック", "機関区分": 2, "都道府県コード": 5, "市区町村コード": 212, "所在地": "秋田県大仙市大曲浜町７－４５", "緯度": 39.459529, "経度": 140.475086, "url": "https://www.iryou.teikyouseido.mhlw.go.jp/znk-web/juminkanja/S2430/initialize?prefCd=05&kikanCd=22050700280&kikanKbn=2", "url2": null, "内容": "医療法人崇雲会　大石クリニック【2:診療所】【診療科目:0】秋田県大仙市大曲浜町７－４５" }, "geometry": { "type": "Point", "coordinates": [ 140.475086, 39.459529 ] } },
{ "type": "Feature", "properties": { "ID": 522050700290, "正式名称": "くどう整形外科", "機関区分": 2, "都道府県コード": 5, "市区町村コード": 212, "所在地": "秋田県大仙市大曲船場町１－６－３", "緯度": 39.458696, "経度": 140.471475, "url": "https://www.iryou.teikyouseido.mhlw.go.jp/znk-web/juminkanja/S2430/initialize?prefCd=05&kikanCd=22050700290&kikanKbn=2", "url2": null, "内容": "くどう整形外科【2:診療所】【診療科目:0】秋田県大仙市大曲船場町１－６－３" }, "geometry": { "type": "Point", "coordinates": [ 140.471475, 39.458696 ] } },
{ "type": "Feature", "properties": { "ID": 522050700300, "正式名称": "医療法人　佐々木内科医院", "機関区分": 2, "都道府県コード": 5, "市区町村コード": 212, "所在地": "秋田県大仙市大曲上栄町１－２８", "緯度": 39.452003, "経度": 140.475975, "url": "https://www.iryou.teikyouseido.mhlw.go.jp/znk-web/juminkanja/S2430/initialize?prefCd=05&kikanCd=22050700300&kikanKbn=2", "url2": "https://www.facebook.com/sasakinaikaiin", "内容": "医療法人　佐々木内科医院【2:診療所】【診療科目:0】秋田県大仙市大曲上栄町１－２８" }, "geometry": { "type": "Point", "coordinates": [ 140.475975, 39.452003 ] } },
{ "type": "Feature", "properties": { "ID": 522050700320, "正式名称": "仲村内科胃腸科医院", "機関区分": 2, "都道府県コード": 5, "市区町村コード": 212, "所在地": "秋田県大仙市大曲日の出町１－７－１５", "緯度": 39.448614, "経度": 140.477141, "url": "https://www.iryou.teikyouseido.mhlw.go.jp/znk-web/juminkanja/S2430/initialize?prefCd=05&kikanCd=22050700320&kikanKbn=2", "url2": null, "内容": "仲村内科胃腸科医院【2:診療所】【診療科目:0】秋田県大仙市大曲日の出町１－７－１５" }, "geometry": { "type": "Point", "coordinates": [ 140.477141, 39.448614 ] } },
{ "type": "Feature", "properties": { "ID": 522050700370, "正式名称": "高階医院", "機関区分": 2, "都道府県コード": 5, "市区町村コード": 212, "所在地": "秋田県大仙市四ツ屋西下瀬５７－６", "緯度": 39.493832, "経度": 140.50161, "url": "https://www.iryou.teikyouseido.mhlw.go.jp/znk-web/juminkanja/S2430/initialize?prefCd=05&kikanCd=22050700370&kikanKbn=2", "url2": null, "内容": "高階医院【2:診療所】【診療科目:0】秋田県大仙市四ツ屋西下瀬５７－６" }, "geometry": { "type": "Point", "coordinates": [ 140.50161, 39.493832 ] } },
{ "type": "Feature", "properties": { "ID": 522050700380, "正式名称": "柳田医院", "機関区分": 2, "都道府県コード": 5, "市区町村コード": 212, "所在地": "秋田県大仙市横堀字南福嶋９５－２", "緯度": 39.494889, "経度": 140.545328, "url": "https://www.iryou.teikyouseido.mhlw.go.jp/znk-web/juminkanja/S2430/initialize?prefCd=05&kikanCd=22050700380&kikanKbn=2", "url2": null, "内容": "柳田医院【2:診療所】【診療科目:0】秋田県大仙市横堀字南福嶋９５－２" }, "geometry": { "type": "Point", "coordinates": [ 140.545328, 39.494889 ] } },
{ "type": "Feature", "properties": { "ID": 522050700410, "正式名称": "滑川医院", "機関区分": 2, "都道府県コード": 5, "市区町村コード": 212, "所在地": "秋田県大仙市長野九日町１５－１", "緯度": 39.543827, "経度": 140.536438, "url": "https://www.iryou.teikyouseido.mhlw.go.jp/znk-web/juminkanja/S2430/initialize?prefCd=05&kikanCd=22050700410&kikanKbn=2", "url2": null, "内容": "滑川医院【2:診療所】【診療科目:0】秋田県大仙市長野九日町１５－１" }, "geometry": { "type": "Point", "coordinates": [ 140.536438, 39.543827 ] } },
{ "type": "Feature", "properties": { "ID": 522050700420, "正式名称": "石井内科胃腸科医院", "機関区分": 2, "都道府県コード": 5, "市区町村コード": 212, "所在地": "秋田県大仙市長野新山７０－１", "緯度": 39.542189, "経度": 140.54702, "url": "https://www.iryou.teikyouseido.mhlw.go.jp/znk-web/juminkanja/S2430/initialize?prefCd=05&kikanCd=22050700420&kikanKbn=2", "url2": null, "内容": "石井内科胃腸科医院【2:診療所】【診療科目:0】秋田県大仙市長野新山７０－１" }, "geometry": { "type": "Point", "coordinates": [ 140.54702, 39.542189 ] } },
{ "type": "Feature", "properties": { "ID": 522050700440, "正式名称": "後藤内科医院", "機関区分": 2, "都道府県コード": 5, "市区町村コード": 212, "所在地": "秋田県大仙市高梨字田茂木８７", "緯度": 39.46101, "経度": 140.505842, "url": "https://www.iryou.teikyouseido.mhlw.go.jp/znk-web/juminkanja/S2430/initialize?prefCd=05&kikanCd=22050700440&kikanKbn=2", "url2": null, "内容": "後藤内科医院【2:診療所】【診療科目:0】秋田県大仙市高梨字田茂木８７" }, "geometry": { "type": "Point", "coordinates": [ 140.505842, 39.46101 ] } },
{ "type": "Feature", "properties": { "ID": 522050700450, "正式名称": "医療法人　荒川医院", "機関区分": 2, "都道府県コード": 5, "市区町村コード": 212, "所在地": "秋田県大仙市角間川町字下中町３２", "緯度": 39.405813, "経度": 140.483837, "url": "https://www.iryou.teikyouseido.mhlw.go.jp/znk-web/juminkanja/S2430/initialize?prefCd=05&kikanCd=22050700450&kikanKbn=2", "url2": null, "内容": "医療法人　荒川医院【2:診療所】【診療科目:0】秋田県大仙市角間川町字下中町３２" }, "geometry": { "type": "Point", "coordinates": [ 140.483837, 39.405813 ] } },
{ "type": "Feature", "properties": { "ID": 522050700470, "正式名称": "医療法人　伊藤内科医院", "機関区分": 2, "都道府県コード": 5, "市区町村コード": 212, "所在地": "秋田県大仙市角間川町町頭１７８番地２", "緯度": 39.400064, "経度": 140.478977, "url": "https://www.iryou.teikyouseido.mhlw.go.jp/znk-web/juminkanja/S2430/initialize?prefCd=05&kikanCd=22050700470&kikanKbn=2", "url2": null, "内容": "医療法人　伊藤内科医院【2:診療所】【診療科目:0】秋田県大仙市角間川町町頭１７８番地２" }, "geometry": { "type": "Point", "coordinates": [ 140.478977, 39.400064 ] } },
{ "type": "Feature", "properties": { "ID": 522050700490, "正式名称": "太田診療所", "機関区分": 2, "都道府県コード": 5, "市区町村コード": 212, "所在地": "秋田県大仙市太田町横沢字窪関南５０５－１", "緯度": 39.510971, "経度": 140.598989, "url": "https://www.iryou.teikyouseido.mhlw.go.jp/znk-web/juminkanja/S2430/initialize?prefCd=05&kikanCd=22050700490&kikanKbn=2", "url2": null, "内容": "太田診療所【2:診療所】【診療科目:0】秋田県大仙市太田町横沢字窪関南５０５－１" }, "geometry": { "type": "Point", "coordinates": [ 140.598989, 39.510971 ] } },
{ "type": "Feature", "properties": { "ID": 522050700510, "正式名称": "医療法人紀信会　神岡診療所", "機関区分": 2, "都道府県コード": 5, "市区町村コード": 212, "所在地": "秋田県大仙市神宮寺本郷下６４－１", "緯度": 39.490692, "経度": 140.4217, "url": "https://www.iryou.teikyouseido.mhlw.go.jp/znk-web/juminkanja/S2430/initialize?prefCd=05&kikanCd=22050700510&kikanKbn=2", "url2": null, "内容": "医療法人紀信会　神岡診療所【2:診療所】【診療科目:0】秋田県大仙市神宮寺本郷下６４－１" }, "geometry": { "type": "Point", "coordinates": [ 140.4217, 39.490692 ] } },
{ "type": "Feature", "properties": { "ID": 522050700570, "正式名称": "医療法人康晴会　生和堂医院", "機関区分": 2, "都道府県コード": 5, "市区町村コード": 212, "所在地": "秋田県大仙市刈和野清光院後１５の２", "緯度": 39.544296, "経度": 140.373229, "url": "https://www.iryou.teikyouseido.mhlw.go.jp/znk-web/juminkanja/S2430/initialize?prefCd=05&kikanCd=22050700570&kikanKbn=2", "url2": null, "内容": "医療法人康晴会　生和堂医院【2:診療所】【診療科目:0】秋田県大仙市刈和野清光院後１５の２" }, "geometry": { "type": "Point", "coordinates": [ 140.373229, 39.544296 ] } },
{ "type": "Feature", "properties": { "ID": 522050700580, "正式名称": "医療法人　黒澤医院", "機関区分": 2, "都道府県コード": 5, "市区町村コード": 212, "所在地": "秋田県大仙市刈和野清光院後２４－１", "緯度": 39.544602, "経度": 140.372951, "url": "https://www.iryou.teikyouseido.mhlw.go.jp/znk-web/juminkanja/S2430/initialize?prefCd=05&kikanCd=22050700580&kikanKbn=2", "url2": null, "内容": "医療法人　黒澤医院【2:診療所】【診療科目:0】秋田県大仙市刈和野清光院後２４－１" }, "geometry": { "type": "Point", "coordinates": [ 140.372951, 39.544602 ] } },
{ "type": "Feature", "properties": { "ID": 522050700590, "正式名称": "医療法人六正会　佐藤医院", "機関区分": 2, "都道府県コード": 5, "市区町村コード": 212, "所在地": "秋田県大仙市刈和野清光院後４２－３５", "緯度": 39.54463, "経度": 140.370868, "url": "https://www.iryou.teikyouseido.mhlw.go.jp/znk-web/juminkanja/S2430/initialize?prefCd=05&kikanCd=22050700590&kikanKbn=2", "url2": null, "内容": "医療法人六正会　佐藤医院【2:診療所】【診療科目:0】秋田県大仙市刈和野清光院後４２－３５" }, "geometry": { "type": "Point", "coordinates": [ 140.370868, 39.54463 ] } },
{ "type": "Feature", "properties": { "ID": 522050700600, "正式名称": "藤本医院", "機関区分": 2, "都道府県コード": 5, "市区町村コード": 212, "所在地": "秋田県大仙市刈和野北ノ沢１０７－２", "緯度": 39.55152, "経度": 140.371325, "url": "https://www.iryou.teikyouseido.mhlw.go.jp/znk-web/juminkanja/S2430/initialize?prefCd=05&kikanCd=22050700600&kikanKbn=2", "url2": null, "内容": "藤本医院【2:診療所】【診療科目:0】秋田県大仙市刈和野北ノ沢１０７－２" }, "geometry": { "type": "Point", "coordinates": [ 140.371325, 39.55152 ] } },
{ "type": "Feature", "properties": { "ID": 522050700620, "正式名称": "社会福祉法人柏仁会　障がい者支援施設　柏の郷", "機関区分": 2, "都道府県コード": 5, "市区町村コード": 212, "所在地": "秋田県大仙市強首上野台２３－１８", "緯度": 39.557182, "経度": 140.282319, "url": "https://www.iryou.teikyouseido.mhlw.go.jp/znk-web/juminkanja/S2430/initialize?prefCd=05&kikanCd=22050700620&kikanKbn=2", "url2": "http://www.hakuzinkai.jp", "内容": "社会福祉法人柏仁会　障がい者支援施設　柏の郷【2:診療所】【診療科目:0】秋田県大仙市強首上野台２３－１８" }, "geometry": { "type": "Point", "coordinates": [ 140.282319, 39.557182 ] } },
{ "type": "Feature", "properties": { "ID": 522050700640, "正式名称": "医療法人　Ｃａｒｕｓ　豊島医院", "機関区分": 2, "都道府県コード": 5, "市区町村コード": 212, "所在地": "秋田県大仙市協和境野田８６番地", "緯度": 39.618009, "経度": 140.321369, "url": "https://www.iryou.teikyouseido.mhlw.go.jp/znk-web/juminkanja/S2430/initialize?prefCd=05&kikanCd=22050700640&kikanKbn=2", "url2": "https://www.toyoshimaiin.com/", "内容": "医療法人　Ｃａｒｕｓ　豊島医院【2:診療所】【診療科目:0】秋田県大仙市協和境野田８６番地" }, "geometry": { "type": "Point", "coordinates": [ 140.321369, 39.618009 ] } },
{ "type": "Feature", "properties": { "ID": 522050700670, "正式名称": "医療法人　千裕会　佐藤内科クリニック", "機関区分": 2, "都道府県コード": 5, "市区町村コード": 212, "所在地": "秋田県大仙市協和峰吉川半仙１１４", "緯度": 39.583041, "経度": 140.32687, "url": "https://www.iryou.teikyouseido.mhlw.go.jp/znk-web/juminkanja/S2430/initialize?prefCd=05&kikanCd=22050700670&kikanKbn=2", "url2": null, "内容": "医療法人　千裕会　佐藤内科クリニック【2:診療所】【診療科目:0】秋田県大仙市協和峰吉川半仙１１４" }, "geometry": { "type": "Point", "coordinates": [ 140.32687, 39.583041 ] } },
{ "type": "Feature", "properties": { "ID": 522050700690, "正式名称": "今村内科循環器科医院", "機関区分": 2, "都道府県コード": 5, "市区町村コード": 215, "所在地": "秋田県仙北市角館町田町上丁３", "緯度": 39.593989, "経度": 140.564544, "url": "https://www.iryou.teikyouseido.mhlw.go.jp/znk-web/juminkanja/S2430/initialize?prefCd=05&kikanCd=22050700690&kikanKbn=2", "url2": null, "内容": "今村内科循環器科医院【2:診療所】【診療科目:0】秋田県仙北市角館町田町上丁３" }, "geometry": { "type": "Point", "coordinates": [ 140.564544, 39.593989 ] } },
{ "type": "Feature", "properties": { "ID": 522050700710, "正式名称": "菅原医院", "機関区分": 2, "都道府県コード": 5, "市区町村コード": 215, "所在地": "秋田県仙北市角館町田町上丁６５", "緯度": 39.592129, "経度": 140.566461, "url": "https://www.iryou.teikyouseido.mhlw.go.jp/znk-web/juminkanja/S2430/initialize?prefCd=05&kikanCd=22050700710&kikanKbn=2", "url2": null, "内容": "菅原医院【2:診療所】【診療科目:0】秋田県仙北市角館町田町上丁６５" }, "geometry": { "type": "Point", "coordinates": [ 140.566461, 39.592129 ] } },
{ "type": "Feature", "properties": { "ID": 522050700720, "正式名称": "鬼川医院", "機関区分": 2, "都道府県コード": 5, "市区町村コード": 215, "所在地": "秋田県仙北市角館町田町下丁１７番地", "緯度": 39.591184, "経度": 140.565655, "url": "https://www.iryou.teikyouseido.mhlw.go.jp/znk-web/juminkanja/S2430/initialize?prefCd=05&kikanCd=22050700720&kikanKbn=2", "url2": "https://www.kikawaiin.com", "内容": "鬼川医院【2:診療所】【診療科目:0】秋田県仙北市角館町田町下丁１７番地" }, "geometry": { "type": "Point", "coordinates": [ 140.565655, 39.591184 ] } },
{ "type": "Feature", "properties": { "ID": 522050700730, "正式名称": "医療法人　希　下新町クリニック", "機関区分": 2, "都道府県コード": 5, "市区町村コード": 215, "所在地": "秋田県仙北市角館町下新町１３", "緯度": 39.590851, "経度": 140.564294, "url": "https://www.iryou.teikyouseido.mhlw.go.jp/znk-web/juminkanja/S2430/initialize?prefCd=05&kikanCd=22050700730&kikanKbn=2", "url2": "https://www.kakunodate.clinic/", "内容": "医療法人　希　下新町クリニック【2:診療所】【診療科目:0】秋田県仙北市角館町下新町１３" }, "geometry": { "type": "Point", "coordinates": [ 140.564294, 39.590851 ] } },
{ "type": "Feature", "properties": { "ID": 522050700740, "正式名称": "大野医院", "機関区分": 2, "都道府県コード": 5, "市区町村コード": 215, "所在地": "秋田県仙北市角館町東勝楽丁１７", "緯度": 39.596572, "経度": 140.562627, "url": "https://www.iryou.teikyouseido.mhlw.go.jp/znk-web/juminkanja/S2430/initialize?prefCd=05&kikanCd=22050700740&kikanKbn=2", "url2": null, "内容": "大野医院【2:診療所】【診療科目:0】秋田県仙北市角館町東勝楽丁１７" }, "geometry": { "type": "Point", "coordinates": [ 140.562627, 39.596572 ] } },
{ "type": "Feature", "properties": { "ID": 522050700780, "正式名称": "医療法人おおさわ胃腸科内科クリニック", "機関区分": 2, "都道府県コード": 5, "市区町村コード": 215, "所在地": "秋田県仙北市角館町中菅沢９２－２０", "緯度": 39.593378, "経度": 140.568822, "url": "https://www.iryou.teikyouseido.mhlw.go.jp/znk-web/juminkanja/S2430/initialize?prefCd=05&kikanCd=22050700780&kikanKbn=2", "url2": "http://osawa-clinic.jp/", "内容": "医療法人おおさわ胃腸科内科クリニック【2:診療所】【診療科目:0】秋田県仙北市角館町中菅沢９２－２０" }, "geometry": { "type": "Point", "coordinates": [ 140.568822, 39.593378 ] } },
{ "type": "Feature", "properties": { "ID": 522050700790, "正式名称": "仙北市西明寺診療所", "機関区分": 2, "都道府県コード": 5, "市区町村コード": 215, "所在地": "秋田県仙北市西木町門屋道目木３１９－１", "緯度": 39.660232, "経度": 140.56743, "url": "https://www.iryou.teikyouseido.mhlw.go.jp/znk-web/juminkanja/S2430/initialize?prefCd=05&kikanCd=22050700790&kikanKbn=2", "url2": null, "内容": "仙北市西明寺診療所【2:診療所】【診療科目:0】秋田県仙北市西木町門屋道目木３１９－１" }, "geometry": { "type": "Point", "coordinates": [ 140.56743, 39.660232 ] } },
{ "type": "Feature", "properties": { "ID": 522050700810, "正式名称": "仙北市桧木内診療所", "機関区分": 2, "都道府県コード": 5, "市区町村コード": 215, "所在地": "秋田県仙北市西木町桧木内松葉２３２", "緯度": 39.743236, "経度": 140.591079, "url": "https://www.iryou.teikyouseido.mhlw.go.jp/znk-web/juminkanja/S2430/initialize?prefCd=05&kikanCd=22050700810&kikanKbn=2", "url2": null, "内容": "仙北市桧木内診療所【2:診療所】【診療科目:0】秋田県仙北市西木町桧木内松葉２３２" }, "geometry": { "type": "Point", "coordinates": [ 140.591079, 39.743236 ] } },
{ "type": "Feature", "properties": { "ID": 522050700820, "正式名称": "社会医療法人　明和会　神代中通診療所", "機関区分": 2, "都道府県コード": 5, "市区町村コード": 215, "所在地": "秋田県仙北市田沢湖卒田早稲田４２５番１号", "緯度": 39.611163, "経度": 140.624645, "url": "https://www.iryou.teikyouseido.mhlw.go.jp/znk-web/juminkanja/S2430/initialize?prefCd=05&kikanCd=22050700820&kikanKbn=2", "url2": null, "内容": "社会医療法人　明和会　神代中通診療所【2:診療所】【診療科目:0】秋田県仙北市田沢湖卒田早稲田４２５番１号" }, "geometry": { "type": "Point", "coordinates": [ 140.624645, 39.611163 ] } },
{ "type": "Feature", "properties": { "ID": 522050700830, "正式名称": "仙北市国民健康保険神代診療所", "機関区分": 2, "都道府県コード": 5, "市区町村コード": 215, "所在地": "秋田県仙北市田沢湖神代字野中清水２１６番地４", "緯度": 39.623681, "経度": 140.59729, "url": "https://www.iryou.teikyouseido.mhlw.go.jp/znk-web/juminkanja/S2430/initialize?prefCd=05&kikanCd=22050700830&kikanKbn=2", "url2": null, "内容": "仙北市国民健康保険神代診療所【2:診療所】【診療科目:0】秋田県仙北市田沢湖神代字野中清水２１６番地４" }, "geometry": { "type": "Point", "coordinates": [ 140.59729, 39.623681 ] } },
{ "type": "Feature", "properties": { "ID": 522050700850, "正式名称": "高橋医院", "機関区分": 2, "都道府県コード": 5, "市区町村コード": 215, "所在地": "秋田県仙北市田沢湖生保内街道ノ上６５", "緯度": 39.700508, "経度": 140.729276, "url": "https://www.iryou.teikyouseido.mhlw.go.jp/znk-web/juminkanja/S2430/initialize?prefCd=05&kikanCd=22050700850&kikanKbn=2", "url2": null, "内容": "高橋医院【2:診療所】【診療科目:0】秋田県仙北市田沢湖生保内街道ノ上６５" }, "geometry": { "type": "Point", "coordinates": [ 140.729276, 39.700508 ] } },
{ "type": "Feature", "properties": { "ID": 522050700860, "正式名称": "かとうファミリークリニック", "機関区分": 2, "都道府県コード": 5, "市区町村コード": 215, "所在地": "秋田県仙北市田沢湖生保内浮世坂７４－１", "緯度": 39.697203, "経度": 140.721304, "url": "https://www.iryou.teikyouseido.mhlw.go.jp/znk-web/juminkanja/S2430/initialize?prefCd=05&kikanCd=22050700860&kikanKbn=2", "url2": "https://www.kato-family-clinic.com", "内容": "かとうファミリークリニック【2:診療所】【診療科目:0】秋田県仙北市田沢湖生保内浮世坂７４－１" }, "geometry": { "type": "Point", "coordinates": [ 140.721304, 39.697203 ] } },
{ "type": "Feature", "properties": { "ID": 522050700900, "正式名称": "仙南診療所", "機関区分": 2, "都道府県コード": 5, "市区町村コード": 434, "所在地": "秋田県仙北郡美郷町金沢西根上糠渕３１－１", "緯度": 39.38665, "経度": 140.52989, "url": "https://www.iryou.teikyouseido.mhlw.go.jp/znk-web/juminkanja/S2430/initialize?prefCd=05&kikanCd=22050700900&kikanKbn=2", "url2": null, "内容": "仙南診療所【2:診療所】【診療科目:0】秋田県仙北郡美郷町金沢西根上糠渕３１－１" }, "geometry": { "type": "Point", "coordinates": [ 140.52989, 39.38665 ] } },
{ "type": "Feature", "properties": { "ID": 522050700920, "正式名称": "武藤医院", "機関区分": 2, "都道府県コード": 5, "市区町村コード": 434, "所在地": "秋田県仙北郡美郷町野中下明子２１４", "緯度": 39.426146, "経度": 140.555914, "url": "https://www.iryou.teikyouseido.mhlw.go.jp/znk-web/juminkanja/S2430/initialize?prefCd=05&kikanCd=22050700920&kikanKbn=2", "url2": null, "内容": "武藤医院【2:診療所】【診療科目:0】秋田県仙北郡美郷町野中下明子２１４" }, "geometry": { "type": "Point", "coordinates": [ 140.555914, 39.426146 ] } },
{ "type": "Feature", "properties": { "ID": 522050700930, "正式名称": "医療法人　亀谷外科医院", "機関区分": 2, "都道府県コード": 5, "市区町村コード": 434, "所在地": "秋田県仙北郡美郷町野中宮崎８６－７", "緯度": 39.419793, "経度": 140.556378, "url": "https://www.iryou.teikyouseido.mhlw.go.jp/znk-web/juminkanja/S2430/initialize?prefCd=05&kikanCd=22050700930&kikanKbn=2", "url2": null, "内容": "医療法人　亀谷外科医院【2:診療所】【診療科目:0】秋田県仙北郡美郷町野中宮崎８６－７" }, "geometry": { "type": "Point", "coordinates": [ 140.556378, 39.419793 ] } },
{ "type": "Feature", "properties": { "ID": 522050700960, "正式名称": "医療法人社団　杏真会　まっこいしゃ高橋医院", "機関区分": 2, "都道府県コード": 5, "市区町村コード": 434, "所在地": "秋田県仙北郡美郷町六郷字馬町６４", "緯度": 39.424646, "経度": 140.549109, "url": "https://www.iryou.teikyouseido.mhlw.go.jp/znk-web/juminkanja/S2430/initialize?prefCd=05&kikanCd=22050700960&kikanKbn=2", "url2": "https://kyousinkai.wixsite.com/makkoisha", "内容": "医療法人社団　杏真会　まっこいしゃ高橋医院【2:診療所】【診療科目:0】秋田県仙北郡美郷町六郷字馬町６４" }, "geometry": { "type": "Point", "coordinates": [ 140.549109, 39.424646 ] } },
{ "type": "Feature", "properties": { "ID": 522050700970, "正式名称": "しんどう内科クリニック", "機関区分": 2, "都道府県コード": 5, "市区町村コード": 434, "所在地": "秋田県仙北郡美郷町六郷八百刈８７－３", "緯度": 39.423628, "経度": 140.53637, "url": "https://www.iryou.teikyouseido.mhlw.go.jp/znk-web/juminkanja/S2430/initialize?prefCd=05&kikanCd=22050700970&kikanKbn=2", "url2": null, "内容": "しんどう内科クリニック【2:診療所】【診療科目:0】秋田県仙北郡美郷町六郷八百刈８７－３" }, "geometry": { "type": "Point", "coordinates": [ 140.53637, 39.423628 ] } },
{ "type": "Feature", "properties": { "ID": 522050700990, "正式名称": "医療法人全人会　千畑クリニック", "機関区分": 2, "都道府県コード": 5, "市区町村コード": 434, "所在地": "秋田県仙北郡美郷町土崎上野２３０－１", "緯度": 39.461059, "経度": 140.580716, "url": "https://www.iryou.teikyouseido.mhlw.go.jp/znk-web/juminkanja/S2430/initialize?prefCd=05&kikanCd=22050700990&kikanKbn=2", "url2": "http://www.agemanagement.net/", "内容": "医療法人全人会　千畑クリニック【2:診療所】【診療科目:0】秋田県仙北郡美郷町土崎上野２３０－１" }, "geometry": { "type": "Point", "coordinates": [ 140.580716, 39.461059 ] } },
{ "type": "Feature", "properties": { "ID": 522050701000, "正式名称": "あい内科クリニック日の出", "機関区分": 2, "都道府県コード": 5, "市区町村コード": 212, "所在地": "秋田県大仙市大曲日の出町２丁目４－４６", "緯度": 39.444505, "経度": 140.480348, "url": "https://www.iryou.teikyouseido.mhlw.go.jp/znk-web/juminkanja/S2430/initialize?prefCd=05&kikanCd=22050701000&kikanKbn=2", "url2": null, "内容": "あい内科クリニック日の出【2:診療所】【診療科目:0】秋田県大仙市大曲日の出町２丁目４－４６" }, "geometry": { "type": "Point", "coordinates": [ 140.480348, 39.444505 ] } },
{ "type": "Feature", "properties": { "ID": 522050701010, "正式名称": "医療法人　大曲整形外科クリニック", "機関区分": 2, "都道府県コード": 5, "市区町村コード": 212, "所在地": "秋田県大仙市大花町１１－６－８", "緯度": 39.467834, "経度": 140.481224, "url": "https://www.iryou.teikyouseido.mhlw.go.jp/znk-web/juminkanja/S2430/initialize?prefCd=05&kikanCd=22050701010&kikanKbn=2", "url2": "http://ooc.sunnyday.jp", "内容": "医療法人　大曲整形外科クリニック【2:診療所】【診療科目:0】秋田県大仙市大花町１１－６－８" }, "geometry": { "type": "Point", "coordinates": [ 140.481224, 39.467834 ] } },
{ "type": "Feature", "properties": { "ID": 522050701020, "正式名称": "みさと在宅診療所", "機関区分": 2, "都道府県コード": 5, "市区町村コード": 434, "所在地": "秋田県仙北郡美郷町六郷字新町５０－１", "緯度": 39.418535, "経度": 140.546693, "url": "https://www.iryou.teikyouseido.mhlw.go.jp/znk-web/juminkanja/S2430/initialize?prefCd=05&kikanCd=22050701020&kikanKbn=2", "url2": "http://misatozaitaku.jp/", "内容": "みさと在宅診療所【2:診療所】【診療科目:0】秋田県仙北郡美郷町六郷字新町５０－１" }, "geometry": { "type": "Point", "coordinates": [ 140.546693, 39.418535 ] } },
{ "type": "Feature", "properties": { "ID": 522050701030, "正式名称": "医療法人大仙眼科クリニック", "機関区分": 2, "都道府県コード": 5, "市区町村コード": 212, "所在地": "秋田県大仙市大花町１４－３", "緯度": 39.467313, "経度": 140.479794, "url": "https://www.iryou.teikyouseido.mhlw.go.jp/znk-web/juminkanja/S2430/initialize?prefCd=05&kikanCd=22050701030&kikanKbn=2", "url2": "http://daisen-eyeclinic.jp/", "内容": "医療法人大仙眼科クリニック【2:診療所】【診療科目:0】秋田県大仙市大花町１４－３" }, "geometry": { "type": "Point", "coordinates": [ 140.479794, 39.467313 ] } },
{ "type": "Feature", "properties": { "ID": 522050701040, "正式名称": "医療法人純孝会　ささき脳神経外科・内科クリニック", "機関区分": 2, "都道府県コード": 5, "市区町村コード": 212, "所在地": "秋田県大仙市大曲日の出町二丁目７－４", "緯度": 39.449447, "経度": 140.48178, "url": "https://www.iryou.teikyouseido.mhlw.go.jp/znk-web/juminkanja/S2430/initialize?prefCd=05&kikanCd=22050701040&kikanKbn=2", "url2": "http://www.sssaki-nic.com/", "内容": "医療法人純孝会　ささき脳神経外科・内科クリニック【2:診療所】【診療科目:0】秋田県大仙市大曲日の出町二丁目７－４" }, "geometry": { "type": "Point", "coordinates": [ 140.48178, 39.449447 ] } },
{ "type": "Feature", "properties": { "ID": 522050701050, "正式名称": "秋桜ペインクリニック", "機関区分": 2, "都道府県コード": 5, "市区町村コード": 212, "所在地": "秋田県大仙市大曲中通町１番８－７", "緯度": 39.461446, "経度": 140.477335, "url": "https://www.iryou.teikyouseido.mhlw.go.jp/znk-web/juminkanja/S2430/initialize?prefCd=05&kikanCd=22050701050&kikanKbn=2", "url2": "http://cosmospain2016.jp/", "内容": "秋桜ペインクリニック【2:診療所】【診療科目:0】秋田県大仙市大曲中通町１番８－７" }, "geometry": { "type": "Point", "coordinates": [ 140.477335, 39.461446 ] } },
{ "type": "Feature", "properties": { "ID": 522050701060, "正式名称": "羽後長野駅前内科", "機関区分": 2, "都道府県コード": 5, "市区町村コード": 212, "所在地": "秋田県大仙市長野字柳田５９", "緯度": 39.545395, "経度": 140.540971, "url": "https://www.iryou.teikyouseido.mhlw.go.jp/znk-web/juminkanja/S2430/initialize?prefCd=05&kikanCd=22050701060&kikanKbn=2", "url2": "http://www.un-naika.jp", "内容": "羽後長野駅前内科【2:診療所】【診療科目:0】秋田県大仙市長野字柳田５９" }, "geometry": { "type": "Point", "coordinates": [ 140.540971, 39.545395 ] } },
{ "type": "Feature", "properties": { "ID": 522050701070, "正式名称": "サンメンタルクリニック", "機関区分": 2, "都道府県コード": 5, "市区町村コード": 212, "所在地": "秋田県大仙市協和上淀川字中嶋３３", "緯度": 39.603484, "経度": 140.322925, "url": "https://www.iryou.teikyouseido.mhlw.go.jp/znk-web/juminkanja/S2430/initialize?prefCd=05&kikanCd=22050701070&kikanKbn=2", "url2": "https://keishinkai-akita.net/sunmental/", "内容": "サンメンタルクリニック【2:診療所】【診療科目:0】秋田県大仙市協和上淀川字中嶋３３" }, "geometry": { "type": "Point", "coordinates": [ 140.322925, 39.603484 ] } },
{ "type": "Feature", "properties": { "ID": 522050701090, "正式名称": "大仙ごとう整形外科クリニック", "機関区分": 2, "都道府県コード": 5, "市区町村コード": 212, "所在地": "秋田県大仙市大曲田町２８番３３号", "緯度": 39.451253, "経度": 140.485085, "url": "https://www.iryou.teikyouseido.mhlw.go.jp/znk-web/juminkanja/S2430/initialize?prefCd=05&kikanCd=22050701090&kikanKbn=2", "url2": "http://gotouclinic.jp", "内容": "大仙ごとう整形外科クリニック【2:診療所】【診療科目:0】秋田県大仙市大曲田町２８番３３号" }, "geometry": { "type": "Point", "coordinates": [ 140.485085, 39.451253 ] } },
{ "type": "Feature", "properties": { "ID": 522050701100, "正式名称": "大曲こどもクリニック", "機関区分": 2, "都道府県コード": 5, "市区町村コード": 212, "所在地": "秋田県大仙市大花町１４－７", "緯度": 39.467501, "経度": 140.479435, "url": "https://www.iryou.teikyouseido.mhlw.go.jp/znk-web/juminkanja/S2430/initialize?prefCd=05&kikanCd=22050701100&kikanKbn=2", "url2": "https://www.omagari-kids-clinic.com", "内容": "大曲こどもクリニック【2:診療所】【診療科目:0】秋田県大仙市大花町１４－７" }, "geometry": { "type": "Point", "coordinates": [ 140.479435, 39.467501 ] } },
{ "type": "Feature", "properties": { "ID": 522050701110, "正式名称": "大曲リハビリテーションクリニック", "機関区分": 2, "都道府県コード": 5, "市区町村コード": 212, "所在地": "秋田県大仙市大曲住吉町１－１７", "緯度": 39.449197, "経度": 140.484613, "url": "https://www.iryou.teikyouseido.mhlw.go.jp/znk-web/juminkanja/S2430/initialize?prefCd=05&kikanCd=22050701110&kikanKbn=2", "url2": "https://omagari-rc.jp", "内容": "大曲リハビリテーションクリニック【2:診療所】【診療科目:0】秋田県大仙市大曲住吉町１－１７" }, "geometry": { "type": "Point", "coordinates": [ 140.484613, 39.449197 ] } },
{ "type": "Feature", "properties": { "ID": 522050701130, "正式名称": "特別養護老人ホーム花館医務室", "機関区分": 2, "都道府県コード": 5, "市区町村コード": 212, "所在地": "秋田県大仙市花館柳町１－５１", "緯度": 39.474222, "経度": 140.460225, "url": "https://www.iryou.teikyouseido.mhlw.go.jp/znk-web/juminkanja/S2430/initialize?prefCd=05&kikanCd=22050701130&kikanKbn=2", "url2": null, "内容": "特別養護老人ホーム花館医務室【2:診療所】【診療科目:0】秋田県大仙市花館柳町１－５１" }, "geometry": { "type": "Point", "coordinates": [ 140.460225, 39.474222 ] } },
{ "type": "Feature", "properties": { "ID": 522050701140, "正式名称": "特別養護老人ホームなごみの家　医務室", "機関区分": 2, "都道府県コード": 5, "市区町村コード": 212, "所在地": "秋田県大仙市大曲船場町１丁目１番４３号", "緯度": 39.457474, "経度": 140.470919, "url": "https://www.iryou.teikyouseido.mhlw.go.jp/znk-web/juminkanja/S2430/initialize?prefCd=05&kikanCd=22050701140&kikanKbn=2", "url2": null, "内容": "特別養護老人ホームなごみの家　医務室【2:診療所】【診療科目:0】秋田県大仙市大曲船場町１丁目１番４３号" }, "geometry": { "type": "Point", "coordinates": [ 140.470919, 39.457474 ] } },
{ "type": "Feature", "properties": { "ID": 522050701150, "正式名称": "なごみメンタルクリニック", "機関区分": 2, "都道府県コード": 5, "市区町村コード": 212, "所在地": "秋田県大仙市大曲船場町一丁目１番４５号", "緯度": 39.457929, "経度": 140.47079, "url": "https://www.iryou.teikyouseido.mhlw.go.jp/znk-web/juminkanja/S2430/initialize?prefCd=05&kikanCd=22050701150&kikanKbn=2", "url2": "https://nagomi-a.jp/mentalclinic/", "内容": "なごみメンタルクリニック【2:診療所】【診療科目:0】秋田県大仙市大曲船場町一丁目１番４５号" }, "geometry": { "type": "Point", "coordinates": [ 140.47079, 39.457929 ] } },
{ "type": "Feature", "properties": { "ID": 522050800010, "正式名称": "しおたこどもクリニック", "機関区分": 2, "都道府県コード": 5, "市区町村コード": 203, "所在地": "秋田県横手市杉沢中杉沢５１９－２", "緯度": 39.344182, "経度": 140.562778, "url": "https://www.iryou.teikyouseido.mhlw.go.jp/znk-web/juminkanja/S2430/initialize?prefCd=05&kikanCd=22050800010&kikanKbn=2", "url2": null, "内容": "しおたこどもクリニック【2:診療所】【診療科目:0】秋田県横手市杉沢中杉沢５１９－２" }, "geometry": { "type": "Point", "coordinates": [ 140.562778, 39.344182 ] } },
{ "type": "Feature", "properties": { "ID": 522050800020, "正式名称": "こはま泌尿器科クリニック", "機関区分": 2, "都道府県コード": 5, "市区町村コード": 203, "所在地": "秋田県横手市杉沢中杉沢５１９－１", "緯度": 39.343932, "経度": 140.562889, "url": "https://www.iryou.teikyouseido.mhlw.go.jp/znk-web/juminkanja/S2430/initialize?prefCd=05&kikanCd=22050800020&kikanKbn=2", "url2": null, "内容": "こはま泌尿器科クリニック【2:診療所】【診療科目:0】秋田県横手市杉沢中杉沢５１９－１" }, "geometry": { "type": "Point", "coordinates": [ 140.562889, 39.343932 ] } },
{ "type": "Feature", "properties": { "ID": 522050800050, "正式名称": "医療法人桐山会　山田眼科医院", "機関区分": 2, "都道府県コード": 5, "市区町村コード": 203, "所在地": "秋田県横手市四日町５－２５", "緯度": 39.313408, "経度": 140.568613, "url": "https://www.iryou.teikyouseido.mhlw.go.jp/znk-web/juminkanja/S2430/initialize?prefCd=05&kikanCd=22050800050&kikanKbn=2", "url2": "http://www.yamada-ganka.or.jp", "内容": "医療法人桐山会　山田眼科医院【2:診療所】【診療科目:0】秋田県横手市四日町５－２５" }, "geometry": { "type": "Point", "coordinates": [ 140.568613, 39.313408 ] } },
{ "type": "Feature", "properties": { "ID": 522050800070, "正式名称": "熊谷医院", "機関区分": 2, "都道府県コード": 5, "市区町村コード": 203, "所在地": "秋田県横手市寿町２番８号", "緯度": 39.313408, "経度": 140.561946, "url": "https://www.iryou.teikyouseido.mhlw.go.jp/znk-web/juminkanja/S2430/initialize?prefCd=05&kikanCd=22050800070&kikanKbn=2", "url2": null, "内容": "熊谷医院【2:診療所】【診療科目:0】秋田県横手市寿町２番８号" }, "geometry": { "type": "Point", "coordinates": [ 140.561946, 39.313408 ] } },
{ "type": "Feature", "properties": { "ID": 522050800080, "正式名称": "医療法人　敬仁会　福嶋内科医院", "機関区分": 2, "都道府県コード": 5, "市区町村コード": 203, "所在地": "秋田県横手市平城町３－３４", "緯度": 39.315685, "経度": 140.560307, "url": "https://www.iryou.teikyouseido.mhlw.go.jp/znk-web/juminkanja/S2430/initialize?prefCd=05&kikanCd=22050800080&kikanKbn=2", "url2": null, "内容": "医療法人　敬仁会　福嶋内科医院【2:診療所】【診療科目:0】秋田県横手市平城町３－３４" }, "geometry": { "type": "Point", "coordinates": [ 140.560307, 39.315685 ] } },
{ "type": "Feature", "properties": { "ID": 522050800100, "正式名称": "医療法人敬仁会　針生皮膚科内科医院", "機関区分": 2, "都道府県コード": 5, "市区町村コード": 203, "所在地": "秋田県横手市平城町７－８", "緯度": 39.316074, "経度": 140.560307, "url": "https://www.iryou.teikyouseido.mhlw.go.jp/znk-web/juminkanja/S2430/initialize?prefCd=05&kikanCd=22050800100&kikanKbn=2", "url2": null, "内容": "医療法人敬仁会　針生皮膚科内科医院【2:診療所】【診療科目:0】秋田県横手市平城町７－８" }, "geometry": { "type": "Point", "coordinates": [ 140.560307, 39.316074 ] } },
{ "type": "Feature", "properties": { "ID": 522050800110, "正式名称": "医療法人　横手胃腸科クリニック", "機関区分": 2, "都道府県コード": 5, "市区町村コード": 203, "所在地": "秋田県横手市清川町１３－３１", "緯度": 39.309242, "経度": 140.57425, "url": "https://www.iryou.teikyouseido.mhlw.go.jp/znk-web/juminkanja/S2430/initialize?prefCd=05&kikanCd=22050800110&kikanKbn=2", "url2": null, "内容": "医療法人　横手胃腸科クリニック【2:診療所】【診療科目:0】秋田県横手市清川町１３－３１" }, "geometry": { "type": "Point", "coordinates": [ 140.57425, 39.309242 ] } },
{ "type": "Feature", "properties": { "ID": 522050800140, "正式名称": "すずき皮膚科クリニック", "機関区分": 2, "都道府県コード": 5, "市区町村コード": 203, "所在地": "秋田県横手市駅前町１０－１０", "緯度": 39.311213, "経度": 140.561279, "url": "https://www.iryou.teikyouseido.mhlw.go.jp/znk-web/juminkanja/S2430/initialize?prefCd=05&kikanCd=22050800140&kikanKbn=2", "url2": "http://www.myclinic.ne.jp/suzuki_d_cl/pc/", "内容": "すずき皮膚科クリニック【2:診療所】【診療科目:0】秋田県横手市駅前町１０－１０" }, "geometry": { "type": "Point", "coordinates": [ 140.561279, 39.311213 ] } },
{ "type": "Feature", "properties": { "ID": 522050800160, "正式名称": "医療法人暁会　高橋耳鼻咽喉科眼科クリニック", "機関区分": 2, "都道府県コード": 5, "市区町村コード": 203, "所在地": "秋田県横手市前郷二番町４－２５", "緯度": 39.310297, "経度": 140.563363, "url": "https://www.iryou.teikyouseido.mhlw.go.jp/znk-web/juminkanja/S2430/initialize?prefCd=05&kikanCd=22050800160&kikanKbn=2", "url2": "http://www.takahashi-entclinic.com/", "内容": "医療法人暁会　高橋耳鼻咽喉科眼科クリニック【2:診療所】【診療科目:0】秋田県横手市前郷二番町４－２５" }, "geometry": { "type": "Point", "coordinates": [ 140.563363, 39.310297 ] } },
{ "type": "Feature", "properties": { "ID": 522050800170, "正式名称": "医療法人賢友会　細谷内科医院", "機関区分": 2, "都道府県コード": 5, "市区町村コード": 203, "所在地": "秋田県横手市前郷二番町８－１８", "緯度": 39.308898, "経度": 140.56285, "url": "https://www.iryou.teikyouseido.mhlw.go.jp/znk-web/juminkanja/S2430/initialize?prefCd=05&kikanCd=22050800170&kikanKbn=2", "url2": "http://www.hosoya-naika.com/index.html", "内容": "医療法人賢友会　細谷内科医院【2:診療所】【診療科目:0】秋田県横手市前郷二番町８－１８" }, "geometry": { "type": "Point", "coordinates": [ 140.56285, 39.308898 ] } },
{ "type": "Feature", "properties": { "ID": 522050800180, "正式名称": "八木橋医院", "機関区分": 2, "都道府県コード": 5, "市区町村コード": 203, "所在地": "秋田県横手市前郷一番町１１－７", "緯度": 39.310881, "経度": 140.565029, "url": "https://www.iryou.teikyouseido.mhlw.go.jp/znk-web/juminkanja/S2430/initialize?prefCd=05&kikanCd=22050800180&kikanKbn=2", "url2": null, "内容": "八木橋医院【2:診療所】【診療科目:0】秋田県横手市前郷一番町１１－７" }, "geometry": { "type": "Point", "coordinates": [ 140.565029, 39.310881 ] } },
{ "type": "Feature", "properties": { "ID": 522050800200, "正式名称": "医療法人　天昌堂　高橋内科医院", "機関区分": 2, "都道府県コード": 5, "市区町村コード": 203, "所在地": "秋田県横手市安田ブンナ沢８０－４５", "緯度": 39.295798, "経度": 140.563752, "url": "https://www.iryou.teikyouseido.mhlw.go.jp/znk-web/juminkanja/S2430/initialize?prefCd=05&kikanCd=22050800200&kikanKbn=2", "url2": "https://takahashi-med.jp", "内容": "医療法人　天昌堂　高橋内科医院【2:診療所】【診療科目:0】秋田県横手市安田ブンナ沢８０－４５" }, "geometry": { "type": "Point", "coordinates": [ 140.563752, 39.295798 ] } },
{ "type": "Feature", "properties": { "ID": 522050800210, "正式名称": "朝日ヶ丘レディースクリニック", "機関区分": 2, "都道府県コード": 5, "市区町村コード": 203, "所在地": "秋田県横手市朝日が丘４－１－６", "緯度": 39.294687, "経度": 140.540366, "url": "https://www.iryou.teikyouseido.mhlw.go.jp/znk-web/juminkanja/S2430/initialize?prefCd=05&kikanCd=22050800210&kikanKbn=2", "url2": "http://www.myclinic.ne.jp/asahigaoka_l/pc/index.html", "内容": "朝日ヶ丘レディースクリニック【2:診療所】【診療科目:0】秋田県横手市朝日が丘４－１－６" }, "geometry": { "type": "Point", "coordinates": [ 140.540366, 39.294687 ] } },
{ "type": "Feature", "properties": { "ID": 522050800220, "正式名称": "医療法人　復古堂医院", "機関区分": 2, "都道府県コード": 5, "市区町村コード": 203, "所在地": "秋田県横手市朝日が丘３－１－４５", "緯度": 39.297243, "経度": 140.534838, "url": "https://www.iryou.teikyouseido.mhlw.go.jp/znk-web/juminkanja/S2430/initialize?prefCd=05&kikanCd=22050800220&kikanKbn=2", "url2": null, "内容": "医療法人　復古堂医院【2:診療所】【診療科目:0】秋田県横手市朝日が丘３－１－４５" }, "geometry": { "type": "Point", "coordinates": [ 140.534838, 39.297243 ] } },
{ "type": "Feature", "properties": { "ID": 522050800230, "正式名称": "条里コスモス眼科", "機関区分": 2, "都道府県コード": 5, "市区町村コード": 203, "所在地": "秋田県横手市条里１丁目１０－１７", "緯度": 39.308603, "経度": 140.552725, "url": "https://www.iryou.teikyouseido.mhlw.go.jp/znk-web/juminkanja/S2430/initialize?prefCd=05&kikanCd=22050800230&kikanKbn=2", "url2": "http://www.eye-cosmos.com", "内容": "条里コスモス眼科【2:診療所】【診療科目:0】秋田県横手市条里１丁目１０－１７" }, "geometry": { "type": "Point", "coordinates": [ 140.552725, 39.308603 ] } },
{ "type": "Feature", "properties": { "ID": 522050800240, "正式名称": "医療法人　暁会　条里プラタナス耳鼻科", "機関区分": 2, "都道府県コード": 5, "市区町村コード": 203, "所在地": "秋田県横手市条里１丁目１０－１７", "緯度": 39.308603, "経度": 140.552725, "url": "https://www.iryou.teikyouseido.mhlw.go.jp/znk-web/juminkanja/S2430/initialize?prefCd=05&kikanCd=22050800240&kikanKbn=2", "url2": "http://www.ent-platanus.com/", "内容": "医療法人　暁会　条里プラタナス耳鼻科【2:診療所】【診療科目:0】秋田県横手市条里１丁目１０－１７" }, "geometry": { "type": "Point", "coordinates": [ 140.552725, 39.308603 ] } },
{ "type": "Feature", "properties": { "ID": 522050800250, "正式名称": "渡辺内科循環器科医院", "機関区分": 2, "都道府県コード": 5, "市区町村コード": 203, "所在地": "秋田県横手市条里３丁目３－１０", "緯度": 39.316074, "経度": 140.553669, "url": "https://www.iryou.teikyouseido.mhlw.go.jp/znk-web/juminkanja/S2430/initialize?prefCd=05&kikanCd=22050800250&kikanKbn=2", "url2": null, "内容": "渡辺内科循環器科医院【2:診療所】【診療科目:0】秋田県横手市条里３丁目３－１０" }, "geometry": { "type": "Point", "coordinates": [ 140.553669, 39.316074 ] } },
{ "type": "Feature", "properties": { "ID": 522050800260, "正式名称": "いそべレディスクリニック", "機関区分": 2, "都道府県コード": 5, "市区町村コード": 203, "所在地": "秋田県横手市条里１－１－２１", "緯度": 39.310796, "経度": 140.554197, "url": "https://www.iryou.teikyouseido.mhlw.go.jp/znk-web/juminkanja/S2430/initialize?prefCd=05&kikanCd=22050800260&kikanKbn=2", "url2": null, "内容": "いそべレディスクリニック【2:診療所】【診療科目:0】秋田県横手市条里１－１－２１" }, "geometry": { "type": "Point", "coordinates": [ 140.554197, 39.310796 ] } },
{ "type": "Feature", "properties": { "ID": 522050800270, "正式名称": "おぎわら内科診療所", "機関区分": 2, "都道府県コード": 5, "市区町村コード": 203, "所在地": "秋田県横手市条里１丁目１５番２号", "緯度": 39.308909, "経度": 140.551002, "url": "https://www.iryou.teikyouseido.mhlw.go.jp/znk-web/juminkanja/S2430/initialize?prefCd=05&kikanCd=22050800270&kikanKbn=2", "url2": "http://www.rnac.ne.jp/~ogiwarat/", "内容": "おぎわら内科診療所【2:診療所】【診療科目:0】秋田県横手市条里１丁目１５番２号" }, "geometry": { "type": "Point", "coordinates": [ 140.551002, 39.308909 ] } },
{ "type": "Feature", "properties": { "ID": 522050800300, "正式名称": "佐野耳鼻咽喉科", "機関区分": 2, "都道府県コード": 5, "市区町村コード": 203, "所在地": "秋田県横手市横手町四ノ口４６－１", "緯度": 39.313602, "経度": 140.551225, "url": "https://www.iryou.teikyouseido.mhlw.go.jp/znk-web/juminkanja/S2430/initialize?prefCd=05&kikanCd=22050800300&kikanKbn=2", "url2": "http://www.sano-ent.com/", "内容": "佐野耳鼻咽喉科【2:診療所】【診療科目:0】秋田県横手市横手町四ノ口４６－１" }, "geometry": { "type": "Point", "coordinates": [ 140.551225, 39.313602 ] } },
{ "type": "Feature", "properties": { "ID": 522050800310, "正式名称": "医療法人ツインクリニック内科・整形外科", "機関区分": 2, "都道府県コード": 5, "市区町村コード": 203, "所在地": "秋田県横手市横手町大関越１６６－１", "緯度": 39.319295, "経度": 140.549502, "url": "https://www.iryou.teikyouseido.mhlw.go.jp/znk-web/juminkanja/S2430/initialize?prefCd=05&kikanCd=22050800310&kikanKbn=2", "url2": "http://www.twin-clinic.com", "内容": "医療法人ツインクリニック内科・整形外科【2:診療所】【診療科目:0】秋田県横手市横手町大関越１６６－１" }, "geometry": { "type": "Point", "coordinates": [ 140.549502, 39.319295 ] } },
{ "type": "Feature", "properties": { "ID": 522050800320, "正式名称": "医療法人マサル　小田嶋まさる内科", "機関区分": 2, "都道府県コード": 5, "市区町村コード": 203, "所在地": "秋田県横手市横手町字大関越１７４", "緯度": 39.319101, "経度": 140.550725, "url": "https://www.iryou.teikyouseido.mhlw.go.jp/znk-web/juminkanja/S2430/initialize?prefCd=05&kikanCd=22050800320&kikanKbn=2", "url2": null, "内容": "医療法人マサル　小田嶋まさる内科【2:診療所】【診療科目:0】秋田県横手市横手町字大関越１７４" }, "geometry": { "type": "Point", "coordinates": [ 140.550725, 39.319101 ] } },
{ "type": "Feature", "properties": { "ID": 522050800330, "正式名称": "医療法人十薬会　和賀胃腸科内科医院", "機関区分": 2, "都道府県コード": 5, "市区町村コード": 203, "所在地": "秋田県横手市婦気大堤谷地添１２６", "緯度": 39.303297, "経度": 140.55303, "url": "https://www.iryou.teikyouseido.mhlw.go.jp/znk-web/juminkanja/S2430/initialize?prefCd=05&kikanCd=22050800330&kikanKbn=2", "url2": "http://www.myclinic.ne.jp/wagaichouka/", "内容": "医療法人十薬会　和賀胃腸科内科医院【2:診療所】【診療科目:0】秋田県横手市婦気大堤谷地添１２６" }, "geometry": { "type": "Point", "coordinates": [ 140.55303, 39.303297 ] } },
{ "type": "Feature", "properties": { "ID": 522050800350, "正式名称": "医療法人　ゆあさ整形外科クリニック", "機関区分": 2, "都道府県コード": 5, "市区町村コード": 203, "所在地": "秋田県横手市赤坂大沼下４１－２", "緯度": 39.300159, "経度": 140.540588, "url": "https://www.iryou.teikyouseido.mhlw.go.jp/znk-web/juminkanja/S2430/initialize?prefCd=05&kikanCd=22050800350&kikanKbn=2", "url2": null, "内容": "医療法人　ゆあさ整形外科クリニック【2:診療所】【診療科目:0】秋田県横手市赤坂大沼下４１－２" }, "geometry": { "type": "Point", "coordinates": [ 140.540588, 39.300159 ] } },
{ "type": "Feature", "properties": { "ID": 522050800360, "正式名称": "胃腸科内科高橋クリニック", "機関区分": 2, "都道府県コード": 5, "市区町村コード": 203, "所在地": "秋田県横手市赤坂大道添７９－３", "緯度": 39.303242, "経度": 140.54117, "url": "https://www.iryou.teikyouseido.mhlw.go.jp/znk-web/juminkanja/S2430/initialize?prefCd=05&kikanCd=22050800360&kikanKbn=2", "url2": null, "内容": "胃腸科内科高橋クリニック【2:診療所】【診療科目:0】秋田県横手市赤坂大道添７９－３" }, "geometry": { "type": "Point", "coordinates": [ 140.54117, 39.303242 ] } },
{ "type": "Feature", "properties": { "ID": 522050800370, "正式名称": "梅の木ペインクリニック", "機関区分": 2, "都道府県コード": 5, "市区町村コード": 203, "所在地": "秋田県横手市梅の木町１８－９", "緯度": 39.314074, "経度": 140.558557, "url": "https://www.iryou.teikyouseido.mhlw.go.jp/znk-web/juminkanja/S2430/initialize?prefCd=05&kikanCd=22050800370&kikanKbn=2", "url2": "https://umenoki-pain.jp", "内容": "梅の木ペインクリニック【2:診療所】【診療科目:0】秋田県横手市梅の木町１８－９" }, "geometry": { "type": "Point", "coordinates": [ 140.558557, 39.314074 ] } },
{ "type": "Feature", "properties": { "ID": 522050800400, "正式名称": "醍醐クリニック", "機関区分": 2, "都道府県コード": 5, "市区町村コード": 203, "所在地": "秋田県横手市平鹿町醍醐字石成２５番１", "緯度": 39.242942, "経度": 140.533785, "url": "https://www.iryou.teikyouseido.mhlw.go.jp/znk-web/juminkanja/S2430/initialize?prefCd=05&kikanCd=22050800400&kikanKbn=2", "url2": null, "内容": "醍醐クリニック【2:診療所】【診療科目:0】秋田県横手市平鹿町醍醐字石成２５番１" }, "geometry": { "type": "Point", "coordinates": [ 140.533785, 39.242942 ] } },
{ "type": "Feature", "properties": { "ID": 522050800430, "正式名称": "山崎医院", "機関区分": 2, "都道府県コード": 5, "市区町村コード": 203, "所在地": "秋田県横手市平鹿町浅舞字浅舞２０５－１", "緯度": 39.262717, "経度": 140.487094, "url": "https://www.iryou.teikyouseido.mhlw.go.jp/znk-web/juminkanja/S2430/initialize?prefCd=05&kikanCd=22050800430&kikanKbn=2", "url2": null, "内容": "山崎医院【2:診療所】【診療科目:0】秋田県横手市平鹿町浅舞字浅舞２０５－１" }, "geometry": { "type": "Point", "coordinates": [ 140.487094, 39.262717 ] } },
{ "type": "Feature", "properties": { "ID": 522050800440, "正式名称": "西成医院", "機関区分": 2, "都道府県コード": 5, "市区町村コード": 203, "所在地": "秋田県横手市平鹿町浅舞５３", "緯度": 39.262134, "経度": 140.48701, "url": "https://www.iryou.teikyouseido.mhlw.go.jp/znk-web/juminkanja/S2430/initialize?prefCd=05&kikanCd=22050800440&kikanKbn=2", "url2": null, "内容": "西成医院【2:診療所】【診療科目:0】秋田県横手市平鹿町浅舞５３" }, "geometry": { "type": "Point", "coordinates": [ 140.48701, 39.262134 ] } },
{ "type": "Feature", "properties": { "ID": 522050800460, "正式名称": "医療法人　至一会　中川医院", "機関区分": 2, "都道府県コード": 5, "市区町村コード": 203, "所在地": "秋田県横手市雄物川町今宿棒突２９－３", "緯度": 39.294158, "経度": 140.430597, "url": "https://www.iryou.teikyouseido.mhlw.go.jp/znk-web/juminkanja/S2430/initialize?prefCd=05&kikanCd=22050800460&kikanKbn=2", "url2": null, "内容": "医療法人　至一会　中川医院【2:診療所】【診療科目:0】秋田県横手市雄物川町今宿棒突２９－３" }, "geometry": { "type": "Point", "coordinates": [ 140.430597, 39.294158 ] } },
{ "type": "Feature", "properties": { "ID": 522050800470, "正式名称": "雄物川クリニック", "機関区分": 2, "都道府県コード": 5, "市区町村コード": 203, "所在地": "秋田県横手市雄物川町今宿棒突４４－１", "緯度": 39.2926, "経度": 140.42789, "url": "https://www.iryou.teikyouseido.mhlw.go.jp/znk-web/juminkanja/S2430/initialize?prefCd=05&kikanCd=22050800470&kikanKbn=2", "url2": null, "内容": "雄物川クリニック【2:診療所】【診療科目:0】秋田県横手市雄物川町今宿棒突４４－１" }, "geometry": { "type": "Point", "coordinates": [ 140.42789, 39.2926 ] } },
{ "type": "Feature", "properties": { "ID": 522050800500, "正式名称": "佐々木医院分院", "機関区分": 2, "都道府県コード": 5, "市区町村コード": 203, "所在地": "秋田県横手市雄物川町沼館宮の目１８３－１", "緯度": 39.301073, "経度": 140.43043, "url": "https://www.iryou.teikyouseido.mhlw.go.jp/znk-web/juminkanja/S2430/initialize?prefCd=05&kikanCd=22050800500&kikanKbn=2", "url2": null, "内容": "佐々木医院分院【2:診療所】【診療科目:0】秋田県横手市雄物川町沼館宮の目１８３－１" }, "geometry": { "type": "Point", "coordinates": [ 140.43043, 39.301073 ] } },
{ "type": "Feature", "properties": { "ID": 522050800520, "正式名称": "横手市雄物川町大沢診療所", "機関区分": 2, "都道府県コード": 5, "市区町村コード": 203, "所在地": "秋田県横手市雄物川町大沢大沢１８２", "緯度": 39.274409, "経度": 140.385907, "url": "https://www.iryou.teikyouseido.mhlw.go.jp/znk-web/juminkanja/S2430/initialize?prefCd=05&kikanCd=22050800520&kikanKbn=2", "url2": null, "内容": "横手市雄物川町大沢診療所【2:診療所】【診療科目:0】秋田県横手市雄物川町大沢大沢１８２" }, "geometry": { "type": "Point", "coordinates": [ 140.385907, 39.274409 ] } },
{ "type": "Feature", "properties": { "ID": 522050800530, "正式名称": "渡邊医院", "機関区分": 2, "都道府県コード": 5, "市区町村コード": 203, "所在地": "秋田県横手市大雄田根森東９４－３", "緯度": 39.332655, "経度": 140.488451, "url": "https://www.iryou.teikyouseido.mhlw.go.jp/znk-web/juminkanja/S2430/initialize?prefCd=05&kikanCd=22050800530&kikanKbn=2", "url2": null, "内容": "渡邊医院【2:診療所】【診療科目:0】秋田県横手市大雄田根森東９４－３" }, "geometry": { "type": "Point", "coordinates": [ 140.488451, 39.332655 ] } },
{ "type": "Feature", "properties": { "ID": 522050800550, "正式名称": "下田医院", "機関区分": 2, "都道府県コード": 5, "市区町村コード": 203, "所在地": "秋田県横手市大雄阿気５－１", "緯度": 39.344486, "経度": 140.453509, "url": "https://www.iryou.teikyouseido.mhlw.go.jp/znk-web/juminkanja/S2430/initialize?prefCd=05&kikanCd=22050800550&kikanKbn=2", "url2": null, "内容": "下田医院【2:診療所】【診療科目:0】秋田県横手市大雄阿気５－１" }, "geometry": { "type": "Point", "coordinates": [ 140.453509, 39.344486 ] } },
{ "type": "Feature", "properties": { "ID": 522050800650, "正式名称": "医療法人阿部耳鼻咽喉科医院", "機関区分": 2, "都道府県コード": 5, "市区町村コード": 203, "所在地": "秋田県横手市十文字町西原２番町１－４", "緯度": 39.226917, "経度": 140.527786, "url": "https://www.iryou.teikyouseido.mhlw.go.jp/znk-web/juminkanja/S2430/initialize?prefCd=05&kikanCd=22050800650&kikanKbn=2", "url2": "http://www.abejibika.com/", "内容": "医療法人阿部耳鼻咽喉科医院【2:診療所】【診療科目:0】秋田県横手市十文字町西原２番町１－４" }, "geometry": { "type": "Point", "coordinates": [ 140.527786, 39.226917 ] } },
{ "type": "Feature", "properties": { "ID": 522050800660, "正式名称": "高橋整形外科", "機関区分": 2, "都道府県コード": 5, "市区町村コード": 203, "所在地": "秋田県横手市十文字町西原１番町４７－２", "緯度": 39.226305, "経度": 140.527194, "url": "https://www.iryou.teikyouseido.mhlw.go.jp/znk-web/juminkanja/S2430/initialize?prefCd=05&kikanCd=22050800660&kikanKbn=2", "url2": null, "内容": "高橋整形外科【2:診療所】【診療科目:0】秋田県横手市十文字町西原１番町４７－２" }, "geometry": { "type": "Point", "coordinates": [ 140.527194, 39.226305 ] } },
{ "type": "Feature", "properties": { "ID": 522050800670, "正式名称": "医療法人　岡田小児科医院", "機関区分": 2, "都道府県コード": 5, "市区町村コード": 203, "所在地": "秋田県横手市十文字町西原１番町５１－２", "緯度": 39.226024, "経度": 140.527868, "url": "https://www.iryou.teikyouseido.mhlw.go.jp/znk-web/juminkanja/S2430/initialize?prefCd=05&kikanCd=22050800670&kikanKbn=2", "url2": null, "内容": "医療法人　岡田小児科医院【2:診療所】【診療科目:0】秋田県横手市十文字町西原１番町５１－２" }, "geometry": { "type": "Point", "coordinates": [ 140.527868, 39.226024 ] } },
{ "type": "Feature", "properties": { "ID": 522050800690, "正式名称": "医療法人高橋医院　高橋医院", "機関区分": 2, "都道府県コード": 5, "市区町村コード": 203, "所在地": "秋田県横手市十文字町仁井田東５５の３", "緯度": 39.219501, "経度": 140.520982, "url": "https://www.iryou.teikyouseido.mhlw.go.jp/znk-web/juminkanja/S2430/initialize?prefCd=05&kikanCd=22050800690&kikanKbn=2", "url2": null, "内容": "医療法人高橋医院　高橋医院【2:診療所】【診療科目:0】秋田県横手市十文字町仁井田東５５の３" }, "geometry": { "type": "Point", "coordinates": [ 140.520982, 39.219501 ] } },
{ "type": "Feature", "properties": { "ID": 522050800700, "正式名称": "渡部医院", "機関区分": 2, "都道府県コード": 5, "市区町村コード": 203, "所在地": "秋田県横手市十文字町佐賀会下沖田１７の２", "緯度": 39.219862, "経度": 140.519954, "url": "https://www.iryou.teikyouseido.mhlw.go.jp/znk-web/juminkanja/S2430/initialize?prefCd=05&kikanCd=22050800700&kikanKbn=2", "url2": null, "内容": "渡部医院【2:診療所】【診療科目:0】秋田県横手市十文字町佐賀会下沖田１７の２" }, "geometry": { "type": "Point", "coordinates": [ 140.519954, 39.219862 ] } },
{ "type": "Feature", "properties": { "ID": 522050800740, "正式名称": "医療法人白鳥会　井田内科胃腸科医院", "機関区分": 2, "都道府県コード": 5, "市区町村コード": 203, "所在地": "秋田県横手市十文字町海道下１２１－４", "緯度": 39.228428, "経度": 140.518618, "url": "https://www.iryou.teikyouseido.mhlw.go.jp/znk-web/juminkanja/S2430/initialize?prefCd=05&kikanCd=22050800740&kikanKbn=2", "url2": null, "内容": "医療法人白鳥会　井田内科胃腸科医院【2:診療所】【診療科目:0】秋田県横手市十文字町海道下１２１－４" }, "geometry": { "type": "Point", "coordinates": [ 140.518618, 39.228428 ] } },
{ "type": "Feature", "properties": { "ID": 522050800760, "正式名称": "下田内科消化器科医院", "機関区分": 2, "都道府県コード": 5, "市区町村コード": 203, "所在地": "秋田県横手市増田町増田字石神５５－２", "緯度": 39.201447, "経度": 140.540314, "url": "https://www.iryou.teikyouseido.mhlw.go.jp/znk-web/juminkanja/S2430/initialize?prefCd=05&kikanCd=22050800760&kikanKbn=2", "url2": null, "内容": "下田内科消化器科医院【2:診療所】【診療科目:0】秋田県横手市増田町増田字石神５５－２" }, "geometry": { "type": "Point", "coordinates": [ 140.540314, 39.201447 ] } },
{ "type": "Feature", "properties": { "ID": 522050800780, "正式名称": "医療法人　桃雲堂　高橋医院", "機関区分": 2, "都道府県コード": 5, "市区町村コード": 203, "所在地": "秋田県横手市増田町増田本町４９－１", "緯度": 39.204336, "経度": 140.542203, "url": "https://www.iryou.teikyouseido.mhlw.go.jp/znk-web/juminkanja/S2430/initialize?prefCd=05&kikanCd=22050800780&kikanKbn=2", "url2": null, "内容": "医療法人　桃雲堂　高橋医院【2:診療所】【診療科目:0】秋田県横手市増田町増田本町４９－１" }, "geometry": { "type": "Point", "coordinates": [ 140.542203, 39.204336 ] } },
{ "type": "Feature", "properties": { "ID": 522050800790, "正式名称": "横手市立三又診療所", "機関区分": 2, "都道府県コード": 5, "市区町村コード": 203, "所在地": "秋田県横手市山内三又甲下村７５－２", "緯度": 39.212283, "経度": 140.706106, "url": "https://www.iryou.teikyouseido.mhlw.go.jp/znk-web/juminkanja/S2430/initialize?prefCd=05&kikanCd=22050800790&kikanKbn=2", "url2": null, "内容": "横手市立三又診療所【2:診療所】【診療科目:0】秋田県横手市山内三又甲下村７５－２" }, "geometry": { "type": "Point", "coordinates": [ 140.706106, 39.212283 ] } },
{ "type": "Feature", "properties": { "ID": 522050800800, "正式名称": "上平野沢診療所", "機関区分": 2, "都道府県コード": 5, "市区町村コード": 203, "所在地": "秋田県横手市山内平野沢字田野沢６３－３", "緯度": 39.249959, "経度": 140.622201, "url": "https://www.iryou.teikyouseido.mhlw.go.jp/znk-web/juminkanja/S2430/initialize?prefCd=05&kikanCd=22050800800&kikanKbn=2", "url2": null, "内容": "上平野沢診療所【2:診療所】【診療科目:0】秋田県横手市山内平野沢字田野沢６３－３" }, "geometry": { "type": "Point", "coordinates": [ 140.622201, 39.249959 ] } },
{ "type": "Feature", "properties": { "ID": 522050800830, "正式名称": "横手市山内診療所", "機関区分": 2, "都道府県コード": 5, "市区町村コード": 203, "所在地": "秋田県横手市山内平野沢相野々３－１", "緯度": 39.276357, "経度": 140.620221, "url": "https://www.iryou.teikyouseido.mhlw.go.jp/znk-web/juminkanja/S2430/initialize?prefCd=05&kikanCd=22050800830&kikanKbn=2", "url2": null, "内容": "横手市山内診療所【2:診療所】【診療科目:0】秋田県横手市山内平野沢相野々３－１" }, "geometry": { "type": "Point", "coordinates": [ 140.620221, 39.276357 ] } },
{ "type": "Feature", "properties": { "ID": 522050800840, "正式名称": "伊藤小児科・内科医院", "機関区分": 2, "都道府県コード": 5, "市区町村コード": 203, "所在地": "秋田県横手市婦気大堤字谷地添５－１", "緯度": 39.307881, "経度": 140.553364, "url": "https://www.iryou.teikyouseido.mhlw.go.jp/znk-web/juminkanja/S2430/initialize?prefCd=05&kikanCd=22050800840&kikanKbn=2", "url2": "http://www.itocl.net", "内容": "伊藤小児科・内科医院【2:診療所】【診療科目:0】秋田県横手市婦気大堤字谷地添５－１" }, "geometry": { "type": "Point", "coordinates": [ 140.553364, 39.307881 ] } },
{ "type": "Feature", "properties": { "ID": 522050800850, "正式名称": "医療法人恵杉会　スギ眼科クリニック", "機関区分": 2, "都道府県コード": 5, "市区町村コード": 203, "所在地": "秋田県横手市十文字町字本町１３－６", "緯度": 39.221782, "経度": 140.523308, "url": "https://www.iryou.teikyouseido.mhlw.go.jp/znk-web/juminkanja/S2430/initialize?prefCd=05&kikanCd=22050800850&kikanKbn=2", "url2": null, "内容": "医療法人恵杉会　スギ眼科クリニック【2:診療所】【診療科目:0】秋田県横手市十文字町字本町１３－６" }, "geometry": { "type": "Point", "coordinates": [ 140.523308, 39.221782 ] } },
{ "type": "Feature", "properties": { "ID": 522050800900, "正式名称": "あべ内科クリニック", "機関区分": 2, "都道府県コード": 5, "市区町村コード": 203, "所在地": "秋田県横手市旭川三丁目３番３４号", "緯度": 39.309242, "経度": 140.580584, "url": "https://www.iryou.teikyouseido.mhlw.go.jp/znk-web/juminkanja/S2430/initialize?prefCd=05&kikanCd=22050800900&kikanKbn=2", "url2": null, "内容": "あべ内科クリニック【2:診療所】【診療科目:0】秋田県横手市旭川三丁目３番３４号" }, "geometry": { "type": "Point", "coordinates": [ 140.580584, 39.309242 ] } },
{ "type": "Feature", "properties": { "ID": 522050800910, "正式名称": "さわぐちクリニック", "機関区分": 2, "都道府県コード": 5, "市区町村コード": 203, "所在地": "秋田県横手市横手町字四ノ口５８－１", "緯度": 39.31838, "経度": 140.550058, "url": "https://www.iryou.teikyouseido.mhlw.go.jp/znk-web/juminkanja/S2430/initialize?prefCd=05&kikanCd=22050800910&kikanKbn=2", "url2": "https://sawaguchi-clinic.com/", "内容": "さわぐちクリニック【2:診療所】【診療科目:0】秋田県横手市横手町字四ノ口５８－１" }, "geometry": { "type": "Point", "coordinates": [ 140.550058, 39.31838 ] } },
{ "type": "Feature", "properties": { "ID": 522050800920, "正式名称": "たかぎファミリークリニック", "機関区分": 2, "都道府県コード": 5, "市区町村コード": 203, "所在地": "秋田県横手市平鹿町中吉田字竹原９０－９", "緯度": 39.27014, "経度": 140.49724, "url": "https://www.iryou.teikyouseido.mhlw.go.jp/znk-web/juminkanja/S2430/initialize?prefCd=05&kikanCd=22050800920&kikanKbn=2", "url2": "takagi-family-clinic.com", "内容": "たかぎファミリークリニック【2:診療所】【診療科目:0】秋田県横手市平鹿町中吉田字竹原９０－９" }, "geometry": { "type": "Point", "coordinates": [ 140.49724, 39.27014 ] } },
{ "type": "Feature", "properties": { "ID": 522050900010, "正式名称": "医療法人尚仁会　松田記念泌尿器科クリニック", "機関区分": 2, "都道府県コード": 5, "市区町村コード": 207, "所在地": "秋田県湯沢市森字大島３４－１", "緯度": 39.180559, "経度": 140.485292, "url": "https://www.iryou.teikyouseido.mhlw.go.jp/znk-web/juminkanja/S2430/initialize?prefCd=05&kikanCd=22050900010&kikanKbn=2", "url2": "https://www.matsuda-memorial.com/", "内容": "医療法人尚仁会　松田記念泌尿器科クリニック【2:診療所】【診療科目:0】秋田県湯沢市森字大島３４－１" }, "geometry": { "type": "Point", "coordinates": [ 140.485292, 39.180559 ] } },
{ "type": "Feature", "properties": { "ID": 522050900020, "正式名称": "たかはし内科ひだまりクリニック", "機関区分": 2, "都道府県コード": 5, "市区町村コード": 207, "所在地": "秋田県湯沢市大島８９－２", "緯度": 39.177088, "経度": 140.486014, "url": "https://www.iryou.teikyouseido.mhlw.go.jp/znk-web/juminkanja/S2430/initialize?prefCd=05&kikanCd=22050900020&kikanKbn=2", "url2": "https://hidamari-clinic.site/", "内容": "たかはし内科ひだまりクリニック【2:診療所】【診療科目:0】秋田県湯沢市大島８９－２" }, "geometry": { "type": "Point", "coordinates": [ 140.486014, 39.177088 ] } },
{ "type": "Feature", "properties": { "ID": 522050900030, "正式名称": "医療法人　暁星会　ゆざわ眼科医院", "機関区分": 2, "都道府県コード": 5, "市区町村コード": 207, "所在地": "秋田県湯沢市鶴館７０－３", "緯度": 39.172338, "経度": 140.484792, "url": "https://www.iryou.teikyouseido.mhlw.go.jp/znk-web/juminkanja/S2430/initialize?prefCd=05&kikanCd=22050900030&kikanKbn=2", "url2": null, "内容": "医療法人　暁星会　ゆざわ眼科医院【2:診療所】【診療科目:0】秋田県湯沢市鶴館７０－３" }, "geometry": { "type": "Point", "coordinates": [ 140.484792, 39.172338 ] } },
{ "type": "Feature", "properties": { "ID": 522050900050, "正式名称": "医療法人聖和会　池田産婦人科クリニック", "機関区分": 2, "都道府県コード": 5, "市区町村コード": 207, "所在地": "秋田県湯沢市両神１４２－３", "緯度": 39.173598, "経度": 140.47569, "url": "https://www.iryou.teikyouseido.mhlw.go.jp/znk-web/juminkanja/S2430/initialize?prefCd=05&kikanCd=22050900050&kikanKbn=2", "url2": "http://www.yutopia.or.jp/~ikedam/index.php", "内容": "医療法人聖和会　池田産婦人科クリニック【2:診療所】【診療科目:0】秋田県湯沢市両神１４２－３" }, "geometry": { "type": "Point", "coordinates": [ 140.47569, 39.173598 ] } },
{ "type": "Feature", "properties": { "ID": 522050900060, "正式名称": "佐藤外科胃腸科", "機関区分": 2, "都道府県コード": 5, "市区町村コード": 207, "所在地": "秋田県湯沢市沖鶴１６７－２", "緯度": 39.173616, "経度": 140.47796, "url": "https://www.iryou.teikyouseido.mhlw.go.jp/znk-web/juminkanja/S2430/initialize?prefCd=05&kikanCd=22050900060&kikanKbn=2", "url2": null, "内容": "佐藤外科胃腸科【2:診療所】【診療科目:0】秋田県湯沢市沖鶴１６７－２" }, "geometry": { "type": "Point", "coordinates": [ 140.47796, 39.173616 ] } },
{ "type": "Feature", "properties": { "ID": 522050900070, "正式名称": "医療法人湯沢内科循環器科クリニック", "機関区分": 2, "都道府県コード": 5, "市区町村コード": 207, "所在地": "秋田県湯沢市沖鶴２１５－１", "緯度": 39.17431, "経度": 140.476571, "url": "https://www.iryou.teikyouseido.mhlw.go.jp/znk-web/juminkanja/S2430/initialize?prefCd=05&kikanCd=22050900070&kikanKbn=2", "url2": "http://www.yutopia.or.jp/~yamamoto/", "内容": "医療法人湯沢内科循環器科クリニック【2:診療所】【診療科目:0】秋田県湯沢市沖鶴２１５－１" }, "geometry": { "type": "Point", "coordinates": [ 140.476571, 39.17431 ] } },
{ "type": "Feature", "properties": { "ID": 522050900080, "正式名称": "大沼整形外科クリニック", "機関区分": 2, "都道府県コード": 5, "市区町村コード": 207, "所在地": "秋田県湯沢市中野１８２番地１", "緯度": 39.160617, "経度": 140.482265, "url": "https://www.iryou.teikyouseido.mhlw.go.jp/znk-web/juminkanja/S2430/initialize?prefCd=05&kikanCd=22050900080&kikanKbn=2", "url2": null, "内容": "大沼整形外科クリニック【2:診療所】【診療科目:0】秋田県湯沢市中野１８２番地１" }, "geometry": { "type": "Point", "coordinates": [ 140.482265, 39.160617 ] } },
{ "type": "Feature", "properties": { "ID": 522050900090, "正式名称": "後藤医院", "機関区分": 2, "都道府県コード": 5, "市区町村コード": 207, "所在地": "秋田県湯沢市中野１８１－１", "緯度": 39.160367, "経度": 140.482404, "url": "https://www.iryou.teikyouseido.mhlw.go.jp/znk-web/juminkanja/S2430/initialize?prefCd=05&kikanCd=22050900090&kikanKbn=2", "url2": null, "内容": "後藤医院【2:診療所】【診療科目:0】秋田県湯沢市中野１８１－１" }, "geometry": { "type": "Point", "coordinates": [ 140.482404, 39.160367 ] } },
{ "type": "Feature", "properties": { "ID": 522050900130, "正式名称": "菅クリニック", "機関区分": 2, "都道府県コード": 5, "市区町村コード": 207, "所在地": "秋田県湯沢市三梨町下宿５８－１", "緯度": 39.144788, "経度": 140.57587, "url": "https://www.iryou.teikyouseido.mhlw.go.jp/znk-web/juminkanja/S2430/initialize?prefCd=05&kikanCd=22050900130&kikanKbn=2", "url2": null, "内容": "菅クリニック【2:診療所】【診療科目:0】秋田県湯沢市三梨町下宿５８－１" }, "geometry": { "type": "Point", "coordinates": [ 140.57587, 39.144788 ] } },
{ "type": "Feature", "properties": { "ID": 522050900140, "正式名称": "湯沢市立皆瀬診療所", "機関区分": 2, "都道府県コード": 5, "市区町村コード": 207, "所在地": "秋田県湯沢市皆瀬字沢梨台６６番地１", "緯度": 39.074761, "経度": 140.586696, "url": "https://www.iryou.teikyouseido.mhlw.go.jp/znk-web/juminkanja/S2430/initialize?prefCd=05&kikanCd=22050900140&kikanKbn=2", "url2": "https://www.city-yuzawa.jp/soshiki/37/3570.html", "内容": "湯沢市立皆瀬診療所【2:診療所】【診療科目:0】秋田県湯沢市皆瀬字沢梨台６６番地１" }, "geometry": { "type": "Point", "coordinates": [ 140.586696, 39.074761 ] } },
{ "type": "Feature", "properties": { "ID": 522050900170, "正式名称": "秋田県湯沢保健所", "機関区分": 2, "都道府県コード": 5, "市区町村コード": 207, "所在地": "秋田県湯沢市千石町二丁目１番１０号", "緯度": 39.156257, "経度": 140.487377, "url": "https://www.iryou.teikyouseido.mhlw.go.jp/znk-web/juminkanja/S2430/initialize?prefCd=05&kikanCd=22050900170&kikanKbn=2", "url2": "http://www.pref.akita.lg.jp/www/genre/0000000000000/1000000001112/index.html", "内容": "秋田県湯沢保健所【2:診療所】【診療科目:0】秋田県湯沢市千石町二丁目１番１０号" }, "geometry": { "type": "Point", "coordinates": [ 140.487377, 39.156257 ] } },
{ "type": "Feature", "properties": { "ID": 522050900180, "正式名称": "医療法人一泉会　鈴木一郎医院", "機関区分": 2, "都道府県コード": 5, "市区町村コード": 207, "所在地": "秋田県湯沢市前森３－３－１８", "緯度": 39.170366, "経度": 140.491431, "url": "https://www.iryou.teikyouseido.mhlw.go.jp/znk-web/juminkanja/S2430/initialize?prefCd=05&kikanCd=22050900180&kikanKbn=2", "url2": "http://nttbj.itp.ne.jp/0183726868/index.html", "内容": "医療法人一泉会　鈴木一郎医院【2:診療所】【診療科目:0】秋田県湯沢市前森３－３－１８" }, "geometry": { "type": "Point", "coordinates": [ 140.491431, 39.170366 ] } },
{ "type": "Feature", "properties": { "ID": 522050900190, "正式名称": "湯沢医院", "機関区分": 2, "都道府県コード": 5, "市区町村コード": 207, "所在地": "秋田県湯沢市佐竹町３－２２", "緯度": 39.163117, "経度": 140.493181, "url": "https://www.iryou.teikyouseido.mhlw.go.jp/znk-web/juminkanja/S2430/initialize?prefCd=05&kikanCd=22050900190&kikanKbn=2", "url2": "yuzawaiin.com", "内容": "湯沢医院【2:診療所】【診療科目:0】秋田県湯沢市佐竹町３－２２" }, "geometry": { "type": "Point", "coordinates": [ 140.493181, 39.163117 ] } },
{ "type": "Feature", "properties": { "ID": 522050900200, "正式名称": "医療法人　守口耳鼻咽喉科医院", "機関区分": 2, "都道府県コード": 5, "市区町村コード": 207, "所在地": "秋田県湯沢市佐竹町５の２３", "緯度": 39.164561, "経度": 140.497652, "url": "https://www.iryou.teikyouseido.mhlw.go.jp/znk-web/juminkanja/S2430/initialize?prefCd=05&kikanCd=22050900200&kikanKbn=2", "url2": null, "内容": "医療法人　守口耳鼻咽喉科医院【2:診療所】【診療科目:0】秋田県湯沢市佐竹町５の２３" }, "geometry": { "type": "Point", "coordinates": [ 140.497652, 39.164561 ] } },
{ "type": "Feature", "properties": { "ID": 522050900220, "正式名称": "医療法人松清会　まつした医院", "機関区分": 2, "都道府県コード": 5, "市区町村コード": 207, "所在地": "秋田県湯沢市北荒町３－１", "緯度": 39.165117, "経度": 140.493931, "url": "https://www.iryou.teikyouseido.mhlw.go.jp/znk-web/juminkanja/S2430/initialize?prefCd=05&kikanCd=22050900220&kikanKbn=2", "url2": null, "内容": "医療法人松清会　まつした医院【2:診療所】【診療科目:0】秋田県湯沢市北荒町３－１" }, "geometry": { "type": "Point", "coordinates": [ 140.493931, 39.165117 ] } },
{ "type": "Feature", "properties": { "ID": 522050900230, "正式名称": "山本内科医院", "機関区分": 2, "都道府県コード": 5, "市区町村コード": 207, "所在地": "秋田県湯沢市表町２－３－７", "緯度": 39.163839, "経度": 140.488042, "url": "https://www.iryou.teikyouseido.mhlw.go.jp/znk-web/juminkanja/S2430/initialize?prefCd=05&kikanCd=22050900230&kikanKbn=2", "url2": null, "内容": "山本内科医院【2:診療所】【診療科目:0】秋田県湯沢市表町２－３－７" }, "geometry": { "type": "Point", "coordinates": [ 140.488042, 39.163839 ] } },
{ "type": "Feature", "properties": { "ID": 522050900240, "正式名称": "医療法人小野崎医院", "機関区分": 2, "都道府県コード": 5, "市区町村コード": 207, "所在地": "秋田県湯沢市表町３－１－２９", "緯度": 39.166923, "経度": 140.490792, "url": "https://www.iryou.teikyouseido.mhlw.go.jp/znk-web/juminkanja/S2430/initialize?prefCd=05&kikanCd=22050900240&kikanKbn=2", "url2": "http://www.onozaki-h.or.jp/", "内容": "医療法人小野崎医院【2:診療所】【診療科目:0】秋田県湯沢市表町３－１－２９" }, "geometry": { "type": "Point", "coordinates": [ 140.490792, 39.166923 ] } },
{ "type": "Feature", "properties": { "ID": 522050900250, "正式名称": "秋山クリニック", "機関区分": 2, "都道府県コード": 5, "市区町村コード": 207, "所在地": "秋田県湯沢市表町４－１１－１６", "緯度": 39.169588, "経度": 140.488792, "url": "https://www.iryou.teikyouseido.mhlw.go.jp/znk-web/juminkanja/S2430/initialize?prefCd=05&kikanCd=22050900250&kikanKbn=2", "url2": "https://akiyamac.net", "内容": "秋山クリニック【2:診療所】【診療科目:0】秋田県湯沢市表町４－１１－１６" }, "geometry": { "type": "Point", "coordinates": [ 140.488792, 39.169588 ] } },
{ "type": "Feature", "properties": { "ID": 522050900260, "正式名称": "石岡胃腸科クリニック", "機関区分": 2, "都道府県コード": 5, "市区町村コード": 207, "所在地": "秋田県湯沢市表町４－１０－２６", "緯度": 39.169005, "経度": 140.489209, "url": "https://www.iryou.teikyouseido.mhlw.go.jp/znk-web/juminkanja/S2430/initialize?prefCd=05&kikanCd=22050900260&kikanKbn=2", "url2": null, "内容": "石岡胃腸科クリニック【2:診療所】【診療科目:0】秋田県湯沢市表町４－１０－２６" }, "geometry": { "type": "Point", "coordinates": [ 140.489209, 39.169005 ] } },
{ "type": "Feature", "properties": { "ID": 522050900280, "正式名称": "小川医院", "機関区分": 2, "都道府県コード": 5, "市区町村コード": 207, "所在地": "秋田県湯沢市田町２丁目１－９", "緯度": 39.160228, "経度": 140.491514, "url": "https://www.iryou.teikyouseido.mhlw.go.jp/znk-web/juminkanja/S2430/initialize?prefCd=05&kikanCd=22050900280&kikanKbn=2", "url2": null, "内容": "小川医院【2:診療所】【診療科目:0】秋田県湯沢市田町２丁目１－９" }, "geometry": { "type": "Point", "coordinates": [ 140.491514, 39.160228 ] } },
{ "type": "Feature", "properties": { "ID": 522050900290, "正式名称": "医療法人斉藤内科皮膚科", "機関区分": 2, "都道府県コード": 5, "市区町村コード": 207, "所在地": "秋田県湯沢市愛宕町３－１１－３７", "緯度": 39.148119, "経度": 140.490654, "url": "https://www.iryou.teikyouseido.mhlw.go.jp/znk-web/juminkanja/S2430/initialize?prefCd=05&kikanCd=22050900290&kikanKbn=2", "url2": "http://saitonaikahifuka.o.oo7.jp/", "内容": "医療法人斉藤内科皮膚科【2:診療所】【診療科目:0】秋田県湯沢市愛宕町３－１１－３７" }, "geometry": { "type": "Point", "coordinates": [ 140.490654, 39.148119 ] } },
{ "type": "Feature", "properties": { "ID": 522050900300, "正式名称": "高橋胃腸科クリニック", "機関区分": 2, "都道府県コード": 5, "市区町村コード": 207, "所在地": "秋田県湯沢市千石町２－１－７", "緯度": 39.156062, "経度": 140.488988, "url": "https://www.iryou.teikyouseido.mhlw.go.jp/znk-web/juminkanja/S2430/initialize?prefCd=05&kikanCd=22050900300&kikanKbn=2", "url2": "https://sites.google.com/view/takahashiichouka", "内容": "高橋胃腸科クリニック【2:診療所】【診療科目:0】秋田県湯沢市千石町２－１－７" }, "geometry": { "type": "Point", "coordinates": [ 140.488988, 39.156062 ] } },
{ "type": "Feature", "properties": { "ID": 522050900330, "正式名称": "医療法人せいとく会　菅医院", "機関区分": 2, "都道府県コード": 5, "市区町村コード": 207, "所在地": "秋田県湯沢市小野東堺７７－１", "緯度": 39.064349, "経度": 140.45455, "url": "https://www.iryou.teikyouseido.mhlw.go.jp/znk-web/juminkanja/S2430/initialize?prefCd=05&kikanCd=22050900330&kikanKbn=2", "url2": "http://sugahsp.cloudfree.jp/", "内容": "医療法人せいとく会　菅医院【2:診療所】【診療科目:0】秋田県湯沢市小野東堺７７－１" }, "geometry": { "type": "Point", "coordinates": [ 140.45455, 39.064349 ] } },
{ "type": "Feature", "properties": { "ID": 522050900370, "正式名称": "医療法人　みわ内科クリニック", "機関区分": 2, "都道府県コード": 5, "市区町村コード": 463, "所在地": "秋田県雄勝郡羽後町貝沢稲荷２３－９", "緯度": 39.192446, "経度": 140.439684, "url": "https://www.iryou.teikyouseido.mhlw.go.jp/znk-web/juminkanja/S2430/initialize?prefCd=05&kikanCd=22050900370&kikanKbn=2", "url2": null, "内容": "医療法人　みわ内科クリニック【2:診療所】【診療科目:0】秋田県雄勝郡羽後町貝沢稲荷２３－９" }, "geometry": { "type": "Point", "coordinates": [ 140.439684, 39.192446 ] } },
{ "type": "Feature", "properties": { "ID": 522050900420, "正式名称": "東成瀬村国民健康保険診療所", "機関区分": 2, "都道府県コード": 5, "市区町村コード": 464, "所在地": "秋田県雄勝郡東成瀬村田子内仙人下１１番地３", "緯度": 39.178953, "経度": 140.647939, "url": "https://www.iryou.teikyouseido.mhlw.go.jp/znk-web/juminkanja/S2430/initialize?prefCd=05&kikanCd=22050900420&kikanKbn=2", "url2": null, "内容": "東成瀬村国民健康保険診療所【2:診療所】【診療科目:0】秋田県雄勝郡東成瀬村田子内仙人下１１番地３" }, "geometry": { "type": "Point", "coordinates": [ 140.647939, 39.178953 ] } },
{ "type": "Feature", "properties": { "ID": 522050900440, "正式名称": "大柳へき地診療所", "機関区分": 2, "都道府県コード": 5, "市区町村コード": 464, "所在地": "秋田県雄勝郡東成瀬村椿川大柳下村５４", "緯度": 39.145206, "経度": 140.713524, "url": "https://www.iryou.teikyouseido.mhlw.go.jp/znk-web/juminkanja/S2430/initialize?prefCd=05&kikanCd=22050900440&kikanKbn=2", "url2": null, "内容": "大柳へき地診療所【2:診療所】【診療科目:0】秋田県雄勝郡東成瀬村椿川大柳下村５４" }, "geometry": { "type": "Point", "coordinates": [ 140.713524, 39.145206 ] } },
{ "type": "Feature", "properties": { "ID": 522050900460, "正式名称": "医療法人恭和会　渡部外科内科", "機関区分": 2, "都道府県コード": 5, "市区町村コード": 207, "所在地": "秋田県湯沢市内舘町２２番地", "緯度": 39.162721, "経度": 140.493937, "url": "https://www.iryou.teikyouseido.mhlw.go.jp/znk-web/juminkanja/S2430/initialize?prefCd=05&kikanCd=22050900460&kikanKbn=2", "url2": null, "内容": "医療法人恭和会　渡部外科内科【2:診療所】【診療科目:0】秋田県湯沢市内舘町２２番地" }, "geometry": { "type": "Point", "coordinates": [ 140.493937, 39.162721 ] } },
{ "type": "Feature", "properties": { "ID": 522050900470, "正式名称": "たけうち内科クリニック", "機関区分": 2, "都道府県コード": 5, "市区町村コード": 463, "所在地": "秋田県雄勝郡羽後町字南西馬内１４２番地３", "緯度": 39.192779, "経度": 140.408021, "url": "https://www.iryou.teikyouseido.mhlw.go.jp/znk-web/juminkanja/S2430/initialize?prefCd=05&kikanCd=22050900470&kikanKbn=2", "url2": null, "内容": "たけうち内科クリニック【2:診療所】【診療科目:0】秋田県雄勝郡羽後町字南西馬内１４２番地３" }, "geometry": { "type": "Point", "coordinates": [ 140.408021, 39.192779 ] } },
{ "type": "Feature", "properties": { "ID": 522050900480, "正式名称": "医療法人黎明会まっけん内科クリニック", "機関区分": 2, "都道府県コード": 5, "市区町村コード": 207, "所在地": "秋田県湯沢市両神５９番地１", "緯度": 39.172545, "経度": 140.479197, "url": "https://www.iryou.teikyouseido.mhlw.go.jp/znk-web/juminkanja/S2430/initialize?prefCd=05&kikanCd=22050900480&kikanKbn=2", "url2": "https://makken-clinic.com", "内容": "医療法人黎明会まっけん内科クリニック【2:診療所】【診療科目:0】秋田県湯沢市両神５９番地１" }, "geometry": { "type": "Point", "coordinates": [ 140.479197, 39.172545 ] } },
{ "type": "Feature", "properties": { "ID": 523050500020, "正式名称": "医療法人信康会　ホワイトエッセンス　秋田店", "機関区分": 2, "都道府県コード": 5, "市区町村コード": 201, "所在地": "秋田県秋田市中通１－３－５　秋田キャッスルホテル２Ｆ", "緯度": 39.7178581, "経度": 140.1204512, "url": "https://www.iryou.teikyouseido.mhlw.go.jp/znk-web/juminkanja/S2430/initialize?prefCd=05&kikanCd=23050500020&kikanKbn=2", "url2": null, "内容": "医療法人信康会　ホワイトエッセンス　秋田店【2:診療所】【診療科目:0】秋田県秋田市中通１－３－５　秋田キャッスルホテル２Ｆ" }, "geometry": { "type": "Point", "coordinates": [ 140.1204512, 39.7178581 ] } }
]
}
