{
"type": "FeatureCollection",
"name": "geo_5_5",
"crs": { "type": "name", "properties": { "name": "urn:ogc:def:crs:OGC:1.3:CRS84" } },
"features": [
{ "type": "Feature", "properties": { "ID": 555052100010, "正式名称": "あおぞら薬局　観音堂店", "機関区分": 5, "都道府県コード": 5, "市区町村コード": 204, "所在地": "秋田県大館市観音堂４２４番地５号", "緯度": 40.283638, "経度": 140.574068, "url": "https://www.iryou.teikyouseido.mhlw.go.jp/znk-web/juminkanja/S2430/initialize?prefCd=05&kikanCd=5052100010&kikanKbn=nan", "url2": "https://aozorapharmacy.info/", "内容": "あおぞら薬局　観音堂店0秋田県大館市観音堂４２４番地５号" }, "geometry": { "type": "Point", "coordinates": [ 140.574068, 40.283638 ] } },
{ "type": "Feature", "properties": { "ID": 555052100020, "正式名称": "ホテヤ薬局　観音堂店", "機関区分": 5, "都道府県コード": 5, "市区町村コード": 204, "所在地": "秋田県大館市観音堂４３１－８", "緯度": 40.283027, "経度": 140.572818, "url": "https://www.iryou.teikyouseido.mhlw.go.jp/znk-web/juminkanja/S2430/initialize?prefCd=05&kikanCd=5052100020&kikanKbn=nan", "url2": "http://www.hoteya.co.jp", "内容": "ホテヤ薬局　観音堂店0秋田県大館市観音堂４３１－８" }, "geometry": { "type": "Point", "coordinates": [ 140.572818, 40.283027 ] } },
{ "type": "Feature", "properties": { "ID": 555052100030, "正式名称": "シオン薬局", "機関区分": 5, "都道府県コード": 5, "市区町村コード": 204, "所在地": "秋田県大館市有浦２丁目４番１８号", "緯度": 40.281749, "経度": 140.563624, "url": "https://www.iryou.teikyouseido.mhlw.go.jp/znk-web/juminkanja/S2430/initialize?prefCd=05&kikanCd=5052100030&kikanKbn=nan", "url2": "https://clover-pharmacy.co.jp/", "内容": "シオン薬局0秋田県大館市有浦２丁目４番１８号" }, "geometry": { "type": "Point", "coordinates": [ 140.563624, 40.281749 ] } },
{ "type": "Feature", "properties": { "ID": 555052100040, "正式名称": "ホテヤ薬局　東台店", "機関区分": 5, "都道府県コード": 5, "市区町村コード": 204, "所在地": "秋田県大館市赤館町９番５９号", "緯度": 40.270194, "経度": 140.569902, "url": "https://www.iryou.teikyouseido.mhlw.go.jp/znk-web/juminkanja/S2430/initialize?prefCd=05&kikanCd=5052100040&kikanKbn=nan", "url2": "http://www.hoteya.co.jp", "内容": "ホテヤ薬局　東台店0秋田県大館市赤館町９番５９号" }, "geometry": { "type": "Point", "coordinates": [ 140.569902, 40.270194 ] } },
{ "type": "Feature", "properties": { "ID": 555052100050, "正式名称": "ホテヤ薬局　いとく店", "機関区分": 5, "都道府県コード": 5, "市区町村コード": 204, "所在地": "秋田県大館市御成町三丁目７－５８　　いとく大館ショッピングセンター内", "緯度": 40.280527, "経度": 140.559874, "url": "https://www.iryou.teikyouseido.mhlw.go.jp/znk-web/juminkanja/S2430/initialize?prefCd=05&kikanCd=5052100050&kikanKbn=nan", "url2": "http://www.hoteya.co.jp/", "内容": "ホテヤ薬局　いとく店0秋田県大館市御成町三丁目７－５８　　いとく大館ショッピングセンター内" }, "geometry": { "type": "Point", "coordinates": [ 140.559874, 40.280527 ] } },
{ "type": "Feature", "properties": { "ID": 555052100060, "正式名称": "なの花薬局", "機関区分": 5, "都道府県コード": 5, "市区町村コード": 204, "所在地": "秋田県大館市御成町３丁目２番６号", "緯度": 40.282221, "経度": 140.559346, "url": "https://www.iryou.teikyouseido.mhlw.go.jp/znk-web/juminkanja/S2430/initialize?prefCd=05&kikanCd=5052100060&kikanKbn=nan", "url2": "https://www.pharmarise.com/company/store/store.php?store_id=470", "内容": "なの花薬局0秋田県大館市御成町３丁目２番６号" }, "geometry": { "type": "Point", "coordinates": [ 140.559346, 40.282221 ] } },
{ "type": "Feature", "properties": { "ID": 555052100080, "正式名称": "アイン薬局　大館御成町店", "機関区分": 5, "都道府県コード": 5, "市区町村コード": 204, "所在地": "秋田県大館市御成町２丁目５－７", "緯度": 40.285081, "経度": 140.55943, "url": "https://www.iryou.teikyouseido.mhlw.go.jp/znk-web/juminkanja/S2430/initialize?prefCd=05&kikanCd=5052100080&kikanKbn=nan", "url2": "https://www.ainj.co.jp/", "内容": "アイン薬局　大館御成町店0秋田県大館市御成町２丁目５－７" }, "geometry": { "type": "Point", "coordinates": [ 140.55943, 40.285081 ] } },
{ "type": "Feature", "properties": { "ID": 555052100090, "正式名称": "相原薬局", "機関区分": 5, "都道府県コード": 5, "市区町村コード": 204, "所在地": "秋田県大館市御成町三丁目７番６７号", "緯度": 40.281138, "経度": 140.559652, "url": "https://www.iryou.teikyouseido.mhlw.go.jp/znk-web/juminkanja/S2430/initialize?prefCd=05&kikanCd=5052100090&kikanKbn=nan", "url2": null, "内容": "相原薬局0秋田県大館市御成町三丁目７番６７号" }, "geometry": { "type": "Point", "coordinates": [ 140.559652, 40.281138 ] } },
{ "type": "Feature", "properties": { "ID": 555052100110, "正式名称": "株式会社ウィーズ　タカハシ薬局　清水町店", "機関区分": 5, "都道府県コード": 5, "市区町村コード": 204, "所在地": "秋田県大館市清水一丁目１－７３", "緯度": 40.282331, "経度": 140.548153, "url": "https://www.iryou.teikyouseido.mhlw.go.jp/znk-web/juminkanja/S2430/initialize?prefCd=05&kikanCd=5052100110&kikanKbn=nan", "url2": null, "内容": "株式会社ウィーズ　タカハシ薬局　清水町店0秋田県大館市清水一丁目１－７３" }, "geometry": { "type": "Point", "coordinates": [ 140.548153, 40.282331 ] } },
{ "type": "Feature", "properties": { "ID": 555052100120, "正式名称": "あおぞら薬局　大館店", "機関区分": 5, "都道府県コード": 5, "市区町村コード": 204, "所在地": "秋田県大館市清水五丁目１番７４号", "緯度": 40.282331, "経度": 140.548153, "url": "https://www.iryou.teikyouseido.mhlw.go.jp/znk-web/juminkanja/S2430/initialize?prefCd=05&kikanCd=5052100120&kikanKbn=nan", "url2": "https://aozorapharmacy.info", "内容": "あおぞら薬局　大館店0秋田県大館市清水五丁目１番７４号" }, "geometry": { "type": "Point", "coordinates": [ 140.548153, 40.282331 ] } },
{ "type": "Feature", "properties": { "ID": 555052100130, "正式名称": "調剤薬局ツルハドラッグ大館中道店", "機関区分": 5, "都道府県コード": 5, "市区町村コード": 204, "所在地": "秋田県大館市中道２丁目２番５４号", "緯度": 40.279416, "経度": 140.555846, "url": "https://www.iryou.teikyouseido.mhlw.go.jp/znk-web/juminkanja/S2430/initialize?prefCd=05&kikanCd=5052100130&kikanKbn=nan", "url2": "http://www.tsuruha.co.jp", "内容": "調剤薬局ツルハドラッグ大館中道店0秋田県大館市中道２丁目２番５４号" }, "geometry": { "type": "Point", "coordinates": [ 140.555846, 40.279416 ] } },
{ "type": "Feature", "properties": { "ID": 555052100150, "正式名称": "みなみ薬局", "機関区分": 5, "都道府県コード": 5, "市区町村コード": 204, "所在地": "秋田県大館市柄沢狐台５４番４２号", "緯度": 40.25814, "経度": 140.569957, "url": "https://www.iryou.teikyouseido.mhlw.go.jp/znk-web/juminkanja/S2430/initialize?prefCd=05&kikanCd=5052100150&kikanKbn=nan", "url2": null, "内容": "みなみ薬局0秋田県大館市柄沢狐台５４番４２号" }, "geometry": { "type": "Point", "coordinates": [ 140.569957, 40.25814 ] } },
{ "type": "Feature", "properties": { "ID": 555052100160, "正式名称": "わかば薬局", "機関区分": 5, "都道府県コード": 5, "市区町村コード": 204, "所在地": "秋田県大館市赤館町９番５０号", "緯度": 40.270694, "経度": 140.573456, "url": "https://www.iryou.teikyouseido.mhlw.go.jp/znk-web/juminkanja/S2430/initialize?prefCd=05&kikanCd=5052100160&kikanKbn=nan", "url2": "https://clover-pharmacy.co.jp/", "内容": "わかば薬局0秋田県大館市赤館町９番５０号" }, "geometry": { "type": "Point", "coordinates": [ 140.573456, 40.270694 ] } },
{ "type": "Feature", "properties": { "ID": 555052100170, "正式名称": "ホテヤ薬局　本店", "機関区分": 5, "都道府県コード": 5, "市区町村コード": 204, "所在地": "秋田県大館市大町９３番地", "緯度": 40.271778, "経度": 140.55868, "url": "https://www.iryou.teikyouseido.mhlw.go.jp/znk-web/juminkanja/S2430/initialize?prefCd=05&kikanCd=5052100170&kikanKbn=nan", "url2": "http://www.hoteya.co.jp/", "内容": "ホテヤ薬局　本店0秋田県大館市大町９３番地" }, "geometry": { "type": "Point", "coordinates": [ 140.55868, 40.271778 ] } },
{ "type": "Feature", "properties": { "ID": 555052100200, "正式名称": "もなみ薬局", "機関区分": 5, "都道府県コード": 5, "市区町村コード": 204, "所在地": "秋田県大館市常盤木町２１番１１号", "緯度": 40.268238, "経度": 140.555276, "url": "https://www.iryou.teikyouseido.mhlw.go.jp/znk-web/juminkanja/S2430/initialize?prefCd=05&kikanCd=5052100200&kikanKbn=nan", "url2": "https://www.sano-ph.co.jp", "内容": "もなみ薬局0秋田県大館市常盤木町２１番１１号" }, "geometry": { "type": "Point", "coordinates": [ 140.555276, 40.268238 ] } },
{ "type": "Feature", "properties": { "ID": 555052100210, "正式名称": "タカハシ薬局常盤木町店", "機関区分": 5, "都道府県コード": 5, "市区町村コード": 204, "所在地": "秋田県大館市常盤木町２－１４", "緯度": 40.268306, "経度": 140.557542, "url": "https://www.iryou.teikyouseido.mhlw.go.jp/znk-web/juminkanja/S2430/initialize?prefCd=05&kikanCd=5052100210&kikanKbn=nan", "url2": null, "内容": "タカハシ薬局常盤木町店0秋田県大館市常盤木町２－１４" }, "geometry": { "type": "Point", "coordinates": [ 140.557542, 40.268306 ] } },
{ "type": "Feature", "properties": { "ID": 555052100240, "正式名称": "ホテヤ調剤薬局", "機関区分": 5, "都道府県コード": 5, "市区町村コード": 204, "所在地": "秋田県大館市幸町３－４４", "緯度": 40.271833, "経度": 140.554847, "url": "https://www.iryou.teikyouseido.mhlw.go.jp/znk-web/juminkanja/S2430/initialize?prefCd=05&kikanCd=5052100240&kikanKbn=nan", "url2": "http://www.hoteya.co.jp", "内容": "ホテヤ調剤薬局0秋田県大館市幸町３－４４" }, "geometry": { "type": "Point", "coordinates": [ 140.554847, 40.271833 ] } },
{ "type": "Feature", "properties": { "ID": 555052100250, "正式名称": "アイン薬局　大館末広町店", "機関区分": 5, "都道府県コード": 5, "市区町村コード": 204, "所在地": "秋田県大館市幸町２－２４", "緯度": 40.271889, "経度": 140.555403, "url": "https://www.iryou.teikyouseido.mhlw.go.jp/znk-web/juminkanja/S2430/initialize?prefCd=05&kikanCd=5052100250&kikanKbn=nan", "url2": "https://store.ainj.co.jp/detail/1100759/", "内容": "アイン薬局　大館末広町店0秋田県大館市幸町２－２４" }, "geometry": { "type": "Point", "coordinates": [ 140.555403, 40.271889 ] } },
{ "type": "Feature", "properties": { "ID": 555052100260, "正式名称": "会営大館休日夜間薬局", "機関区分": 5, "都道府県コード": 5, "市区町村コード": 204, "所在地": "秋田県大館市幸町２－２２　ＭＢＭ１階", "緯度": 40.271694, "経度": 140.555292, "url": "https://www.iryou.teikyouseido.mhlw.go.jp/znk-web/juminkanja/S2430/initialize?prefCd=05&kikanCd=5052100260&kikanKbn=nan", "url2": "http://oodate.akiyaku.jp/", "内容": "会営大館休日夜間薬局0秋田県大館市幸町２－２２　ＭＢＭ１階" }, "geometry": { "type": "Point", "coordinates": [ 140.555292, 40.271694 ] } },
{ "type": "Feature", "properties": { "ID": 555052100270, "正式名称": "ひまわり調剤薬局", "機関区分": 5, "都道府県コード": 5, "市区町村コード": 204, "所在地": "秋田県大館市土飛山下２６番地９", "緯度": 40.274527, "経度": 140.557763, "url": "https://www.iryou.teikyouseido.mhlw.go.jp/znk-web/juminkanja/S2430/initialize?prefCd=05&kikanCd=5052100270&kikanKbn=nan", "url2": null, "内容": "ひまわり調剤薬局0秋田県大館市土飛山下２６番地９" }, "geometry": { "type": "Point", "coordinates": [ 140.557763, 40.274527 ] } },
{ "type": "Feature", "properties": { "ID": 555052100280, "正式名称": "さとう調剤薬局", "機関区分": 5, "都道府県コード": 5, "市区町村コード": 204, "所在地": "秋田県大館市豊町２番１５号", "緯度": 40.272972, "経度": 140.556208, "url": "https://www.iryou.teikyouseido.mhlw.go.jp/znk-web/juminkanja/S2430/initialize?prefCd=05&kikanCd=5052100280&kikanKbn=nan", "url2": "https://mephalnc.com", "内容": "さとう調剤薬局0秋田県大館市豊町２番１５号" }, "geometry": { "type": "Point", "coordinates": [ 140.556208, 40.272972 ] } },
{ "type": "Feature", "properties": { "ID": 555052100290, "正式名称": "タカハシ薬局　豊町店", "機関区分": 5, "都道府県コード": 5, "市区町村コード": 204, "所在地": "秋田県大館市豊町２番１７号", "緯度": 40.273083, "経度": 140.556208, "url": "https://www.iryou.teikyouseido.mhlw.go.jp/znk-web/juminkanja/S2430/initialize?prefCd=05&kikanCd=5052100290&kikanKbn=nan", "url2": null, "内容": "タカハシ薬局　豊町店0秋田県大館市豊町２番１７号" }, "geometry": { "type": "Point", "coordinates": [ 140.556208, 40.273083 ] } },
{ "type": "Feature", "properties": { "ID": 555052100300, "正式名称": "さくら調剤薬局", "機関区分": 5, "都道府県コード": 5, "市区町村コード": 204, "所在地": "秋田県大館市豊町９番４６号", "緯度": 40.273277, "経度": 140.552264, "url": "https://www.iryou.teikyouseido.mhlw.go.jp/znk-web/juminkanja/S2430/initialize?prefCd=05&kikanCd=5052100300&kikanKbn=nan", "url2": "https://sakura-pharmacy.com/", "内容": "さくら調剤薬局0秋田県大館市豊町９番４６号" }, "geometry": { "type": "Point", "coordinates": [ 140.552264, 40.273277 ] } },
{ "type": "Feature", "properties": { "ID": 555052100320, "正式名称": "タカハシ薬局　三の丸店", "機関区分": 5, "都道府県コード": 5, "市区町村コード": 204, "所在地": "秋田県大館市長倉１２１", "緯度": 40.272639, "経度": 140.561096, "url": "https://www.iryou.teikyouseido.mhlw.go.jp/znk-web/juminkanja/S2430/initialize?prefCd=05&kikanCd=5052100320&kikanKbn=nan", "url2": "e-bond.info/withs/", "内容": "タカハシ薬局　三の丸店0秋田県大館市長倉１２１" }, "geometry": { "type": "Point", "coordinates": [ 140.561096, 40.272639 ] } },
{ "type": "Feature", "properties": { "ID": 555052100350, "正式名称": "日本調剤　大館薬局", "機関区分": 5, "都道府県コード": 5, "市区町村コード": 204, "所在地": "秋田県大館市軽井沢下岱２０－１０１", "緯度": 40.215646, "経度": 140.639453, "url": "https://www.iryou.teikyouseido.mhlw.go.jp/znk-web/juminkanja/S2430/initialize?prefCd=05&kikanCd=5052100350&kikanKbn=nan", "url2": "http://www.nicho.co.jp/tenpo/touhoku/akita/post_149.html", "内容": "日本調剤　大館薬局0秋田県大館市軽井沢下岱２０－１０１" }, "geometry": { "type": "Point", "coordinates": [ 140.639453, 40.215646 ] } },
{ "type": "Feature", "properties": { "ID": 555052100370, "正式名称": "ひない調剤薬局", "機関区分": 5, "都道府県コード": 5, "市区町村コード": 204, "所在地": "秋田県大館市比内町扇田山崎６０番地２", "緯度": 40.228922, "経度": 140.579125, "url": "https://www.iryou.teikyouseido.mhlw.go.jp/znk-web/juminkanja/S2430/initialize?prefCd=05&kikanCd=5052100370&kikanKbn=nan", "url2": "http://www.hoteya.co.jp", "内容": "ひない調剤薬局0秋田県大館市比内町扇田山崎６０番地２" }, "geometry": { "type": "Point", "coordinates": [ 140.579125, 40.228922 ] } },
{ "type": "Feature", "properties": { "ID": 555052100380, "正式名称": "トマト薬局", "機関区分": 5, "都道府県コード": 5, "市区町村コード": 204, "所在地": "秋田県大館市比内町扇田山崎４６－５", "緯度": 40.224005, "経度": 140.596595, "url": "https://www.iryou.teikyouseido.mhlw.go.jp/znk-web/juminkanja/S2430/initialize?prefCd=05&kikanCd=5052100380&kikanKbn=nan", "url2": "http://www.h-pharmarise.co.jp/", "内容": "トマト薬局0秋田県大館市比内町扇田山崎４６－５" }, "geometry": { "type": "Point", "coordinates": [ 140.596595, 40.224005 ] } },
{ "type": "Feature", "properties": { "ID": 555052100390, "正式名称": "アイン薬局　大館比内町店", "機関区分": 5, "都道府県コード": 5, "市区町村コード": 204, "所在地": "秋田県大館市比内町扇田大谷地２５－１", "緯度": 40.222145, "経度": 140.587041, "url": "https://www.iryou.teikyouseido.mhlw.go.jp/znk-web/juminkanja/S2430/initialize?prefCd=05&kikanCd=5052100390&kikanKbn=nan", "url2": null, "内容": "アイン薬局　大館比内町店0秋田県大館市比内町扇田大谷地２５－１" }, "geometry": { "type": "Point", "coordinates": [ 140.587041, 40.222145 ] } },
{ "type": "Feature", "properties": { "ID": 555052100420, "正式名称": "花輪調剤薬局", "機関区分": 5, "都道府県コード": 5, "市区町村コード": 209, "所在地": "秋田県鹿角市花輪小沼９５－１", "緯度": 40.217481, "経度": 140.78458, "url": "https://www.iryou.teikyouseido.mhlw.go.jp/znk-web/juminkanja/S2430/initialize?prefCd=05&kikanCd=5052100420&kikanKbn=nan", "url2": null, "内容": "花輪調剤薬局0秋田県鹿角市花輪小沼９５－１" }, "geometry": { "type": "Point", "coordinates": [ 140.78458, 40.217481 ] } },
{ "type": "Feature", "properties": { "ID": 555052100430, "正式名称": "日本調剤　鹿角薬局", "機関区分": 5, "都道府県コード": 5, "市区町村コード": 209, "所在地": "秋田県鹿角市花輪小沼９７番地３", "緯度": 40.217426, "経度": 140.784719, "url": "https://www.iryou.teikyouseido.mhlw.go.jp/znk-web/juminkanja/S2430/initialize?prefCd=05&kikanCd=5052100430&kikanKbn=nan", "url2": "https://www.nicho.co.jp/", "内容": "日本調剤　鹿角薬局0秋田県鹿角市花輪小沼９７番地３" }, "geometry": { "type": "Point", "coordinates": [ 140.784719, 40.217426 ] } },
{ "type": "Feature", "properties": { "ID": 555052100440, "正式名称": "ファーマックスかづの薬局", "機関区分": 5, "都道府県コード": 5, "市区町村コード": 209, "所在地": "秋田県鹿角市花輪字向畑８９－１", "緯度": 40.218648, "経度": 140.786469, "url": "https://www.iryou.teikyouseido.mhlw.go.jp/znk-web/juminkanja/S2430/initialize?prefCd=05&kikanCd=5052100440&kikanKbn=nan", "url2": "https://www.pharmax.co.jp", "内容": "ファーマックスかづの薬局0秋田県鹿角市花輪字向畑８９－１" }, "geometry": { "type": "Point", "coordinates": [ 140.786469, 40.218648 ] } },
{ "type": "Feature", "properties": { "ID": 555052100450, "正式名称": "共創未来　鹿角薬局", "機関区分": 5, "都道府県コード": 5, "市区町村コード": 209, "所在地": "秋田県鹿角市花輪下中島８１番６号", "緯度": 40.191373, "経度": 140.789942, "url": "https://www.iryou.teikyouseido.mhlw.go.jp/znk-web/juminkanja/S2430/initialize?prefCd=05&kikanCd=5052100450&kikanKbn=nan", "url2": "http://www.phmirai.co.jp/", "内容": "共創未来　鹿角薬局0秋田県鹿角市花輪下中島８１番６号" }, "geometry": { "type": "Point", "coordinates": [ 140.789942, 40.191373 ] } },
{ "type": "Feature", "properties": { "ID": 555052100470, "正式名称": "かづの調剤薬局", "機関区分": 5, "都道府県コード": 5, "市区町村コード": 209, "所在地": "秋田県鹿角市花輪下中島１２０", "緯度": 40.189456, "経度": 140.78672, "url": "https://www.iryou.teikyouseido.mhlw.go.jp/znk-web/juminkanja/S2430/initialize?prefCd=05&kikanCd=5052100470&kikanKbn=nan", "url2": null, "内容": "かづの調剤薬局0秋田県鹿角市花輪下中島１２０" }, "geometry": { "type": "Point", "coordinates": [ 140.78672, 40.189456 ] } },
{ "type": "Feature", "properties": { "ID": 555052100480, "正式名称": "そうごう薬局　花輪店", "機関区分": 5, "都道府県コード": 5, "市区町村コード": 209, "所在地": "秋田県鹿角市花輪扇ノ間６－８", "緯度": 40.191373, "経度": 140.789942, "url": "https://www.iryou.teikyouseido.mhlw.go.jp/znk-web/juminkanja/S2430/initialize?prefCd=05&kikanCd=5052100480&kikanKbn=nan", "url2": "https://shop.sogo-pharmacy.jp/detail/3/", "内容": "そうごう薬局　花輪店0秋田県鹿角市花輪扇ノ間６－８" }, "geometry": { "type": "Point", "coordinates": [ 140.789942, 40.191373 ] } },
{ "type": "Feature", "properties": { "ID": 555052100500, "正式名称": "クリス調剤薬局", "機関区分": 5, "都道府県コード": 5, "市区町村コード": 209, "所在地": "秋田県鹿角市花輪八正寺９番地１２", "緯度": 40.192706, "経度": 140.788804, "url": "https://www.iryou.teikyouseido.mhlw.go.jp/znk-web/juminkanja/S2430/initialize?prefCd=05&kikanCd=5052100500&kikanKbn=nan", "url2": null, "内容": "クリス調剤薬局0秋田県鹿角市花輪八正寺９番地１２" }, "geometry": { "type": "Point", "coordinates": [ 140.788804, 40.192706 ] } },
{ "type": "Feature", "properties": { "ID": 555052100520, "正式名称": "株式会社　アクトスファーマ　ナリタ薬局", "機関区分": 5, "都道府県コード": 5, "市区町村コード": 209, "所在地": "秋田県鹿角市花輪上中島６３－１", "緯度": 40.187735, "経度": 140.787165, "url": "https://www.iryou.teikyouseido.mhlw.go.jp/znk-web/juminkanja/S2430/initialize?prefCd=05&kikanCd=5052100520&kikanKbn=nan", "url2": null, "内容": "株式会社　アクトスファーマ　ナリタ薬局0秋田県鹿角市花輪上中島６３－１" }, "geometry": { "type": "Point", "coordinates": [ 140.787165, 40.187735 ] } },
{ "type": "Feature", "properties": { "ID": 555052100530, "正式名称": "株式会社村木薬局", "機関区分": 5, "都道府県コード": 5, "市区町村コード": 209, "所在地": "秋田県鹿角市花輪八正寺１５－１１", "緯度": 40.191901, "経度": 140.788331, "url": "https://www.iryou.teikyouseido.mhlw.go.jp/znk-web/juminkanja/S2430/initialize?prefCd=05&kikanCd=5052100530&kikanKbn=nan", "url2": null, "内容": "株式会社村木薬局0秋田県鹿角市花輪八正寺１５－１１" }, "geometry": { "type": "Point", "coordinates": [ 140.788331, 40.191901 ] } },
{ "type": "Feature", "properties": { "ID": 555052100560, "正式名称": "有限会社　黒沢薬局", "機関区分": 5, "都道府県コード": 5, "市区町村コード": 209, "所在地": "秋田県鹿角市十和田毛馬内古下タ３３－３", "緯度": 40.271586, "経度": 140.767802, "url": "https://www.iryou.teikyouseido.mhlw.go.jp/znk-web/juminkanja/S2430/initialize?prefCd=05&kikanCd=5052100560&kikanKbn=nan", "url2": "http://kurosawa-yakkyoku.com", "内容": "有限会社　黒沢薬局0秋田県鹿角市十和田毛馬内古下タ３３－３" }, "geometry": { "type": "Point", "coordinates": [ 140.767802, 40.271586 ] } },
{ "type": "Feature", "properties": { "ID": 555052100580, "正式名称": "薬局高橋屋", "機関区分": 5, "都道府県コード": 5, "市区町村コード": 209, "所在地": "秋田県鹿角市十和田大湯湯ノ岱２丁目１５", "緯度": 40.296502, "経度": 140.836739, "url": "https://www.iryou.teikyouseido.mhlw.go.jp/znk-web/juminkanja/S2430/initialize?prefCd=05&kikanCd=5052100580&kikanKbn=nan", "url2": null, "内容": "薬局高橋屋0秋田県鹿角市十和田大湯湯ノ岱２丁目１５" }, "geometry": { "type": "Point", "coordinates": [ 140.836739, 40.296502 ] } },
{ "type": "Feature", "properties": { "ID": 555052100590, "正式名称": "すみれ調剤薬局　小坂店", "機関区分": 5, "都道府県コード": 5, "市区町村コード": 303, "所在地": "秋田県鹿角郡小坂町小坂鉱山栗平２５－１", "緯度": 40.331663, "経度": 140.739163, "url": "https://www.iryou.teikyouseido.mhlw.go.jp/znk-web/juminkanja/S2430/initialize?prefCd=05&kikanCd=5052100590&kikanKbn=nan", "url2": "https://katumi530.wixsite.com/pharmacy", "内容": "すみれ調剤薬局　小坂店0秋田県鹿角郡小坂町小坂鉱山栗平２５－１" }, "geometry": { "type": "Point", "coordinates": [ 140.739163, 40.331663 ] } },
{ "type": "Feature", "properties": { "ID": 555052100600, "正式名称": "そうごう薬局　鹿角店", "機関区分": 5, "都道府県コード": 5, "市区町村コード": 209, "所在地": "秋田県鹿角市花輪柳田７５番地", "緯度": 40.196651, "経度": 140.789748, "url": "https://www.iryou.teikyouseido.mhlw.go.jp/znk-web/juminkanja/S2430/initialize?prefCd=05&kikanCd=5052100600&kikanKbn=nan", "url2": "http://www.sogo-medical.co.jp", "内容": "そうごう薬局　鹿角店0秋田県鹿角市花輪柳田７５番地" }, "geometry": { "type": "Point", "coordinates": [ 140.789748, 40.196651 ] } },
{ "type": "Feature", "properties": { "ID": 555052100610, "正式名称": "タカハシ薬局", "機関区分": 5, "都道府県コード": 5, "市区町村コード": 204, "所在地": "秋田県大館市有浦六丁目２番２２号", "緯度": 40.280471, "経度": 140.570595, "url": "https://www.iryou.teikyouseido.mhlw.go.jp/znk-web/juminkanja/S2430/initialize?prefCd=05&kikanCd=5052100610&kikanKbn=nan", "url2": null, "内容": "タカハシ薬局0秋田県大館市有浦六丁目２番２２号" }, "geometry": { "type": "Point", "coordinates": [ 140.570595, 40.280471 ] } },
{ "type": "Feature", "properties": { "ID": 555052100620, "正式名称": "さくら調剤薬局　常盤木店", "機関区分": 5, "都道府県コード": 5, "市区町村コード": 204, "所在地": "秋田県大館市常盤木町１７番１１号", "緯度": 40.267917, "経度": 140.556181, "url": "https://www.iryou.teikyouseido.mhlw.go.jp/znk-web/juminkanja/S2430/initialize?prefCd=05&kikanCd=5052100620&kikanKbn=nan", "url2": "https://sakura-pharmacy.com/", "内容": "さくら調剤薬局　常盤木店0秋田県大館市常盤木町１７番１１号" }, "geometry": { "type": "Point", "coordinates": [ 140.556181, 40.267917 ] } },
{ "type": "Feature", "properties": { "ID": 555052100630, "正式名称": "タカハシ薬局　樹海店", "機関区分": 5, "都道府県コード": 5, "市区町村コード": 204, "所在地": "秋田県大館市大田面３９６番１", "緯度": 40.283971, "経度": 140.573456, "url": "https://www.iryou.teikyouseido.mhlw.go.jp/znk-web/juminkanja/S2430/initialize?prefCd=05&kikanCd=5052100630&kikanKbn=nan", "url2": null, "内容": "タカハシ薬局　樹海店0秋田県大館市大田面３９６番１" }, "geometry": { "type": "Point", "coordinates": [ 140.573456, 40.283971 ] } },
{ "type": "Feature", "properties": { "ID": 555052100640, "正式名称": "いずみ薬局　清水店", "機関区分": 5, "都道府県コード": 5, "市区町村コード": 204, "所在地": "秋田県大館市清水２丁目２番地２０", "緯度": 40.282331, "経度": 140.548153, "url": "https://www.iryou.teikyouseido.mhlw.go.jp/znk-web/juminkanja/S2430/initialize?prefCd=05&kikanCd=5052100640&kikanKbn=nan", "url2": null, "内容": "いずみ薬局　清水店0秋田県大館市清水２丁目２番地２０" }, "geometry": { "type": "Point", "coordinates": [ 140.548153, 40.282331 ] } },
{ "type": "Feature", "properties": { "ID": 555052100650, "正式名称": "クローバー薬局　池内店", "機関区分": 5, "都道府県コード": 5, "市区町村コード": 204, "所在地": "秋田県大館市池内字田中１７６－１", "緯度": 40.252934, "経度": 140.56686, "url": "https://www.iryou.teikyouseido.mhlw.go.jp/znk-web/juminkanja/S2430/initialize?prefCd=05&kikanCd=5052100650&kikanKbn=nan", "url2": "https://clover-pharmacy.co.jp/", "内容": "クローバー薬局　池内店0秋田県大館市池内字田中１７６－１" }, "geometry": { "type": "Point", "coordinates": [ 140.56686, 40.252934 ] } },
{ "type": "Feature", "properties": { "ID": 555052100660, "正式名称": "つくし薬局かづの店", "機関区分": 5, "都道府県コード": 5, "市区町村コード": 209, "所在地": "秋田県鹿角市花輪字鉄砲２１－４", "緯度": 40.216026, "経度": 140.82031, "url": "https://www.iryou.teikyouseido.mhlw.go.jp/znk-web/juminkanja/S2430/initialize?prefCd=05&kikanCd=5052100660&kikanKbn=nan", "url2": "https://294ph.com", "内容": "つくし薬局かづの店0秋田県鹿角市花輪字鉄砲２１－４" }, "geometry": { "type": "Point", "coordinates": [ 140.82031, 40.216026 ] } },
{ "type": "Feature", "properties": { "ID": 555052101010, "正式名称": "てらうち三千刈薬局", "機関区分": 5, "都道府県コード": 5, "市区町村コード": 201, "所在地": "秋田県秋田市寺内三千刈８６－１０", "緯度": 39.743215, "経度": 140.097409, "url": "https://www.iryou.teikyouseido.mhlw.go.jp/znk-web/juminkanja/S2430/initialize?prefCd=05&kikanCd=5052101010&kikanKbn=nan", "url2": null, "内容": "てらうち三千刈薬局0秋田県秋田市寺内三千刈８６－１０" }, "geometry": { "type": "Point", "coordinates": [ 140.097409, 39.743215 ] } },
{ "type": "Feature", "properties": { "ID": 555052101510, "正式名称": "東通いわま薬局", "機関区分": 5, "都道府県コード": 5, "市区町村コード": 201, "所在地": "秋田県秋田市東通一丁目５番１６号", "緯度": 39.715108, "経度": 140.134352, "url": "https://www.iryou.teikyouseido.mhlw.go.jp/znk-web/juminkanja/S2430/initialize?prefCd=05&kikanCd=5052101510&kikanKbn=nan", "url2": "http://iwama-ph.co.jp/", "内容": "東通いわま薬局0秋田県秋田市東通一丁目５番１６号" }, "geometry": { "type": "Point", "coordinates": [ 140.134352, 39.715108 ] } },
{ "type": "Feature", "properties": { "ID": 555052101530, "正式名称": "あい薬局　中町店", "機関区分": 5, "都道府県コード": 5, "市区町村コード": 204, "所在地": "秋田県大館市中町２９番地", "緯度": 40.269667, "経度": 140.56118, "url": "https://www.iryou.teikyouseido.mhlw.go.jp/znk-web/juminkanja/S2430/initialize?prefCd=05&kikanCd=5052101530&kikanKbn=nan", "url2": null, "内容": "あい薬局　中町店0秋田県大館市中町２９番地" }, "geometry": { "type": "Point", "coordinates": [ 140.56118, 40.269667 ] } },
{ "type": "Feature", "properties": { "ID": 555052101550, "正式名称": "けまない調剤薬局", "機関区分": 5, "都道府県コード": 5, "市区町村コード": 209, "所在地": "秋田県鹿角市十和田毛馬内字下寄熊６－１", "緯度": 40.271586, "経度": 140.767802, "url": "https://www.iryou.teikyouseido.mhlw.go.jp/znk-web/juminkanja/S2430/initialize?prefCd=05&kikanCd=5052101550&kikanKbn=nan", "url2": null, "内容": "けまない調剤薬局0秋田県鹿角市十和田毛馬内字下寄熊６－１" }, "geometry": { "type": "Point", "coordinates": [ 140.767802, 40.271586 ] } },
{ "type": "Feature", "properties": { "ID": 555052101560, "正式名称": "おなり調剤薬局", "機関区分": 5, "都道府県コード": 5, "市区町村コード": 204, "所在地": "秋田県大館市御成町４丁目１番５１号", "緯度": 40.279652, "経度": 140.558733, "url": "https://www.iryou.teikyouseido.mhlw.go.jp/znk-web/juminkanja/S2430/initialize?prefCd=05&kikanCd=5052101560&kikanKbn=nan", "url2": "https://www.onarichouzai.jp/", "内容": "おなり調剤薬局0秋田県大館市御成町４丁目１番５１号" }, "geometry": { "type": "Point", "coordinates": [ 140.558733, 40.279652 ] } },
{ "type": "Feature", "properties": { "ID": 555052101570, "正式名称": "けいじょう公園薬局", "機関区分": 5, "都道府県コード": 5, "市区町村コード": 204, "所在地": "秋田県大館市中城７－３", "緯度": 40.2712621, "経度": 140.5674347, "url": "https://www.iryou.teikyouseido.mhlw.go.jp/znk-web/juminkanja/S2430/initialize?prefCd=05&kikanCd=5052101570&kikanKbn=nan", "url2": null, "内容": "けいじょう公園薬局0秋田県大館市中城７－３" }, "geometry": { "type": "Point", "coordinates": [ 140.5674347, 40.2712621 ] } },
{ "type": "Feature", "properties": { "ID": 555052200010, "正式名称": "昭和堂　第三薬局", "機関区分": 5, "都道府県コード": 5, "市区町村コード": 213, "所在地": "秋田県北秋田市栄字中綱１１７－２", "緯度": 40.228973, "経度": 140.376059, "url": "https://www.iryou.teikyouseido.mhlw.go.jp/znk-web/juminkanja/S2430/initialize?prefCd=05&kikanCd=5052200010&kikanKbn=nan", "url2": null, "内容": "昭和堂　第三薬局0秋田県北秋田市栄字中綱１１７－２" }, "geometry": { "type": "Point", "coordinates": [ 140.376059, 40.228973 ] } },
{ "type": "Feature", "properties": { "ID": 555052200020, "正式名称": "昭和堂薬局", "機関区分": 5, "都道府県コード": 5, "市区町村コード": 213, "所在地": "秋田県北秋田市材木町８番２８号", "緯度": 40.230031, "経度": 140.370068, "url": "https://www.iryou.teikyouseido.mhlw.go.jp/znk-web/juminkanja/S2430/initialize?prefCd=05&kikanCd=5052200020&kikanKbn=nan", "url2": null, "内容": "昭和堂薬局0秋田県北秋田市材木町８番２８号" }, "geometry": { "type": "Point", "coordinates": [ 140.370068, 40.230031 ] } },
{ "type": "Feature", "properties": { "ID": 555052200040, "正式名称": "ファーマックス北秋調剤薬局鷹巣店", "機関区分": 5, "都道府県コード": 5, "市区町村コード": 213, "所在地": "秋田県北秋田市花園町１０番１号", "緯度": 40.228084, "経度": 140.370198, "url": "https://www.iryou.teikyouseido.mhlw.go.jp/znk-web/juminkanja/S2430/initialize?prefCd=05&kikanCd=5052200040&kikanKbn=nan", "url2": "https://www.pharmax.co.jp", "内容": "ファーマックス北秋調剤薬局鷹巣店0秋田県北秋田市花園町１０番１号" }, "geometry": { "type": "Point", "coordinates": [ 140.370198, 40.228084 ] } },
{ "type": "Feature", "properties": { "ID": 555052200050, "正式名称": "あおぞら薬局", "機関区分": 5, "都道府県コード": 5, "市区町村コード": 213, "所在地": "秋田県北秋田市松葉町６番５０号", "緯度": 40.23014, "経度": 140.366864, "url": "https://www.iryou.teikyouseido.mhlw.go.jp/znk-web/juminkanja/S2430/initialize?prefCd=05&kikanCd=5052200050&kikanKbn=nan", "url2": "https://aozorapharmacy.info/", "内容": "あおぞら薬局0秋田県北秋田市松葉町６番５０号" }, "geometry": { "type": "Point", "coordinates": [ 140.366864, 40.23014 ] } },
{ "type": "Feature", "properties": { "ID": 555052200060, "正式名称": "有限会社米代薬局", "機関区分": 5, "都道府県コード": 5, "市区町村コード": 213, "所在地": "秋田県北秋田市住吉町９－１４", "緯度": 40.228001, "経度": 140.369614, "url": "https://www.iryou.teikyouseido.mhlw.go.jp/znk-web/juminkanja/S2430/initialize?prefCd=05&kikanCd=5052200060&kikanKbn=nan", "url2": "http://www.meron-net.jp/yonesiro/", "内容": "有限会社米代薬局0秋田県北秋田市住吉町９－１４" }, "geometry": { "type": "Point", "coordinates": [ 140.369614, 40.228001 ] } },
{ "type": "Feature", "properties": { "ID": 555052200070, "正式名称": "昭和堂　第七薬局", "機関区分": 5, "都道府県コード": 5, "市区町村コード": 213, "所在地": "秋田県北秋田市住吉町１－４", "緯度": 40.22882, "経度": 140.366321, "url": "https://www.iryou.teikyouseido.mhlw.go.jp/znk-web/juminkanja/S2430/initialize?prefCd=05&kikanCd=5052200070&kikanKbn=nan", "url2": null, "内容": "昭和堂　第七薬局0秋田県北秋田市住吉町１－４" }, "geometry": { "type": "Point", "coordinates": [ 140.366321, 40.22882 ] } },
{ "type": "Feature", "properties": { "ID": 555052200080, "正式名称": "昭和堂　第五薬局", "機関区分": 5, "都道府県コード": 5, "市区町村コード": 213, "所在地": "秋田県北秋田市元町１１－９", "緯度": 40.227807, "経度": 140.365698, "url": "https://www.iryou.teikyouseido.mhlw.go.jp/znk-web/juminkanja/S2430/initialize?prefCd=05&kikanCd=5052200080&kikanKbn=nan", "url2": null, "内容": "昭和堂　第五薬局0秋田県北秋田市元町１１－９" }, "geometry": { "type": "Point", "coordinates": [ 140.365698, 40.227807 ] } },
{ "type": "Feature", "properties": { "ID": 555052200090, "正式名称": "昭和堂　第六薬局", "機関区分": 5, "都道府県コード": 5, "市区町村コード": 213, "所在地": "秋田県北秋田市鷹巣（その他）字北中家下７７", "緯度": 40.226057, "経度": 140.361421, "url": "https://www.iryou.teikyouseido.mhlw.go.jp/znk-web/juminkanja/S2430/initialize?prefCd=05&kikanCd=5052200090&kikanKbn=nan", "url2": null, "内容": "昭和堂　第六薬局0秋田県北秋田市鷹巣（その他）字北中家下７７" }, "geometry": { "type": "Point", "coordinates": [ 140.361421, 40.226057 ] } },
{ "type": "Feature", "properties": { "ID": 555052200100, "正式名称": "あすなろ薬局", "機関区分": 5, "都道府県コード": 5, "市区町村コード": 213, "所在地": "秋田県北秋田市鷹巣（その他）字西大柳岱２６番地１", "緯度": 40.215919, "経度": 140.37417, "url": "https://www.iryou.teikyouseido.mhlw.go.jp/znk-web/juminkanja/S2430/initialize?prefCd=05&kikanCd=5052200100&kikanKbn=nan", "url2": null, "内容": "あすなろ薬局0秋田県北秋田市鷹巣（その他）字西大柳岱２６番地１" }, "geometry": { "type": "Point", "coordinates": [ 140.37417, 40.215919 ] } },
{ "type": "Feature", "properties": { "ID": 555052200110, "正式名称": "北欧の杜薬局", "機関区分": 5, "都道府県コード": 5, "市区町村コード": 213, "所在地": "秋田県北秋田市下杉字上清水沢１６－２９１", "緯度": 40.166757, "経度": 140.356368, "url": "https://www.iryou.teikyouseido.mhlw.go.jp/znk-web/juminkanja/S2430/initialize?prefCd=05&kikanCd=5052200110&kikanKbn=nan", "url2": "https://ship-ph.co.jp/", "内容": "北欧の杜薬局0秋田県北秋田市下杉字上清水沢１６－２９１" }, "geometry": { "type": "Point", "coordinates": [ 140.356368, 40.166757 ] } },
{ "type": "Feature", "properties": { "ID": 555052200120, "正式名称": "ファーマックス北秋調剤薬局", "機関区分": 5, "都道府県コード": 5, "市区町村コード": 213, "所在地": "秋田県北秋田市下杉字上清水沢１６－２９１", "緯度": 40.16831, "経度": 140.357237, "url": "https://www.iryou.teikyouseido.mhlw.go.jp/znk-web/juminkanja/S2430/initialize?prefCd=05&kikanCd=5052200120&kikanKbn=nan", "url2": "https://www.pharmax.co.jp", "内容": "ファーマックス北秋調剤薬局0秋田県北秋田市下杉字上清水沢１６－２９１" }, "geometry": { "type": "Point", "coordinates": [ 140.357237, 40.16831 ] } },
{ "type": "Feature", "properties": { "ID": 555052200140, "正式名称": "森吉薬局", "機関区分": 5, "都道府県コード": 5, "市区町村コード": 213, "所在地": "秋田県北秋田市米内沢字林の腰１４番地２５", "緯度": 40.119596, "経度": 140.374897, "url": "https://www.iryou.teikyouseido.mhlw.go.jp/znk-web/juminkanja/S2430/initialize?prefCd=05&kikanCd=5052200140&kikanKbn=nan", "url2": "https://meron-net.shop/ds/morimori", "内容": "森吉薬局0秋田県北秋田市米内沢字林の腰１４番地２５" }, "geometry": { "type": "Point", "coordinates": [ 140.374897, 40.119596 ] } },
{ "type": "Feature", "properties": { "ID": 555052200150, "正式名称": "合名会社　福田薬局", "機関区分": 5, "都道府県コード": 5, "市区町村コード": 213, "所在地": "秋田県北秋田市米内沢字薬師下６３番地", "緯度": 40.120101, "経度": 140.367791, "url": "https://www.iryou.teikyouseido.mhlw.go.jp/znk-web/juminkanja/S2430/initialize?prefCd=05&kikanCd=5052200150&kikanKbn=nan", "url2": null, "内容": "合名会社　福田薬局0秋田県北秋田市米内沢字薬師下６３番地" }, "geometry": { "type": "Point", "coordinates": [ 140.367791, 40.120101 ] } },
{ "type": "Feature", "properties": { "ID": 555052200160, "正式名称": "あにあい薬局", "機関区分": 5, "都道府県コード": 5, "市区町村コード": 213, "所在地": "秋田県北秋田市阿仁水無寺後３０", "緯度": 40.00002, "経度": 140.404111, "url": "https://www.iryou.teikyouseido.mhlw.go.jp/znk-web/juminkanja/S2430/initialize?prefCd=05&kikanCd=5052200160&kikanKbn=nan", "url2": null, "内容": "あにあい薬局0秋田県北秋田市阿仁水無寺後３０" }, "geometry": { "type": "Point", "coordinates": [ 140.404111, 40.00002 ] } },
{ "type": "Feature", "properties": { "ID": 555052200170, "正式名称": "かみこあに薬局", "機関区分": 5, "都道府県コード": 5, "市区町村コード": 327, "所在地": "秋田県北秋田郡上小阿仁村小沢田字向川原７０－１", "緯度": 40.064184, "経度": 140.2965, "url": "https://www.iryou.teikyouseido.mhlw.go.jp/znk-web/juminkanja/S2430/initialize?prefCd=05&kikanCd=5052200170&kikanKbn=nan", "url2": null, "内容": "かみこあに薬局0秋田県北秋田郡上小阿仁村小沢田字向川原７０－１" }, "geometry": { "type": "Point", "coordinates": [ 140.2965, 40.064184 ] } },
{ "type": "Feature", "properties": { "ID": 555052200171, "正式名称": "佐野薬局鷹巣店", "機関区分": 5, "都道府県コード": 5, "市区町村コード": 213, "所在地": "秋田県北秋田市栄字前綱８２", "緯度": 40.231514, "経度": 140.378964, "url": "https://www.iryou.teikyouseido.mhlw.go.jp/znk-web/juminkanja/S2430/initialize?prefCd=05&kikanCd=5052200171&kikanKbn=nan", "url2": "https://www.sano-ph.co.jp/", "内容": "佐野薬局鷹巣店0秋田県北秋田市栄字前綱８２" }, "geometry": { "type": "Point", "coordinates": [ 140.378964, 40.231514 ] } },
{ "type": "Feature", "properties": { "ID": 555052300010, "正式名称": "アイン薬局　能代二ツ井店", "機関区分": 5, "都道府県コード": 5, "市区町村コード": 202, "所在地": "秋田県能代市二ツ井町比井野９２番地", "緯度": 40.205557, "経度": 140.237876, "url": "https://www.iryou.teikyouseido.mhlw.go.jp/znk-web/juminkanja/S2430/initialize?prefCd=05&kikanCd=5052300010&kikanKbn=nan", "url2": null, "内容": "アイン薬局　能代二ツ井店0秋田県能代市二ツ井町比井野９２番地" }, "geometry": { "type": "Point", "coordinates": [ 140.237876, 40.205557 ] } },
{ "type": "Feature", "properties": { "ID": 555052300040, "正式名称": "共創未来　能代薬局", "機関区分": 5, "都道府県コード": 5, "市区町村コード": 202, "所在地": "秋田県能代市落合上悪土１６１", "緯度": 40.224551, "経度": 140.022754, "url": "https://www.iryou.teikyouseido.mhlw.go.jp/znk-web/juminkanja/S2430/initialize?prefCd=05&kikanCd=5052300040&kikanKbn=nan", "url2": "https://www.phmirai.co.jp/", "内容": "共創未来　能代薬局0秋田県能代市落合上悪土１６１" }, "geometry": { "type": "Point", "coordinates": [ 140.022754, 40.224551 ] } },
{ "type": "Feature", "properties": { "ID": 555052300060, "正式名称": "赤玉薬局　落合店", "機関区分": 5, "都道府県コード": 5, "市区町村コード": 202, "所在地": "秋田県能代市落合上悪土１６６地内", "緯度": 40.224578, "経度": 140.024032, "url": "https://www.iryou.teikyouseido.mhlw.go.jp/znk-web/juminkanja/S2430/initialize?prefCd=05&kikanCd=5052300060&kikanKbn=nan", "url2": "http://aisei.co.jp/", "内容": "赤玉薬局　落合店0秋田県能代市落合上悪土１６６地内" }, "geometry": { "type": "Point", "coordinates": [ 140.024032, 40.224578 ] } },
{ "type": "Feature", "properties": { "ID": 555052300070, "正式名称": "さくら薬局　能代店", "機関区分": 5, "都道府県コード": 5, "市区町村コード": 202, "所在地": "秋田県能代市落合上悪土１６３", "緯度": 40.224551, "経度": 140.023504, "url": "https://www.iryou.teikyouseido.mhlw.go.jp/znk-web/juminkanja/S2430/initialize?prefCd=05&kikanCd=5052300070&kikanKbn=nan", "url2": "https://www.kraft-net.co.jp/sakura/store/3221/", "内容": "さくら薬局　能代店0秋田県能代市落合上悪土１６３" }, "geometry": { "type": "Point", "coordinates": [ 140.023504, 40.224551 ] } },
{ "type": "Feature", "properties": { "ID": 555052300080, "正式名称": "有限会社　ふれあい薬局", "機関区分": 5, "都道府県コード": 5, "市区町村コード": 202, "所在地": "秋田県能代市落合上悪土１６２", "緯度": 40.224551, "経度": 140.023116, "url": "https://www.iryou.teikyouseido.mhlw.go.jp/znk-web/juminkanja/S2430/initialize?prefCd=05&kikanCd=5052300080&kikanKbn=nan", "url2": null, "内容": "有限会社　ふれあい薬局0秋田県能代市落合上悪土１６２" }, "geometry": { "type": "Point", "coordinates": [ 140.023116, 40.224551 ] } },
{ "type": "Feature", "properties": { "ID": 555052300090, "正式名称": "ひがし薬局", "機関区分": 5, "都道府県コード": 5, "市区町村コード": 202, "所在地": "秋田県能代市機織轌ノ目７２－１５", "緯度": 40.190389, "経度": 140.067614, "url": "https://www.iryou.teikyouseido.mhlw.go.jp/znk-web/juminkanja/S2430/initialize?prefCd=05&kikanCd=5052300090&kikanKbn=nan", "url2": null, "内容": "ひがし薬局0秋田県能代市機織轌ノ目７２－１５" }, "geometry": { "type": "Point", "coordinates": [ 140.067614, 40.190389 ] } },
{ "type": "Feature", "properties": { "ID": 555052300100, "正式名称": "佐野薬局　大瀬店", "機関区分": 5, "都道府県コード": 5, "市区町村コード": 202, "所在地": "秋田県能代市大瀬儘下１２－８", "緯度": 40.188971, "経度": 140.037005, "url": "https://www.iryou.teikyouseido.mhlw.go.jp/znk-web/juminkanja/S2430/initialize?prefCd=05&kikanCd=5052300100&kikanKbn=nan", "url2": "http://www.sano-ph.co.jp", "内容": "佐野薬局　大瀬店0秋田県能代市大瀬儘下１２－８" }, "geometry": { "type": "Point", "coordinates": [ 140.037005, 40.188971 ] } },
{ "type": "Feature", "properties": { "ID": 555052300110, "正式名称": "ぽんぽこ薬局", "機関区分": 5, "都道府県コード": 5, "市区町村コード": 202, "所在地": "秋田県能代市下瀬３２番５号", "緯度": 40.186737, "経度": 140.03836, "url": "https://www.iryou.teikyouseido.mhlw.go.jp/znk-web/juminkanja/S2430/initialize?prefCd=05&kikanCd=5052300110&kikanKbn=nan", "url2": null, "内容": "ぽんぽこ薬局0秋田県能代市下瀬３２番５号" }, "geometry": { "type": "Point", "coordinates": [ 140.03836, 40.186737 ] } },
{ "type": "Feature", "properties": { "ID": 555052300120, "正式名称": "赤玉薬局　川反町店", "機関区分": 5, "都道府県コード": 5, "市区町村コード": 202, "所在地": "秋田県能代市川反町１番２５号", "緯度": 40.213247, "経度": 140.02245, "url": "https://www.iryou.teikyouseido.mhlw.go.jp/znk-web/juminkanja/S2430/initialize?prefCd=05&kikanCd=5052300120&kikanKbn=nan", "url2": "http://aisei.co.jp/", "内容": "赤玉薬局　川反町店0秋田県能代市川反町１番２５号" }, "geometry": { "type": "Point", "coordinates": [ 140.02245, 40.213247 ] } },
{ "type": "Feature", "properties": { "ID": 555052300130, "正式名称": "河畔薬局", "機関区分": 5, "都道府県コード": 5, "市区町村コード": 202, "所在地": "秋田県能代市万町６－１０", "緯度": 40.214525, "経度": 140.029116, "url": "https://www.iryou.teikyouseido.mhlw.go.jp/znk-web/juminkanja/S2430/initialize?prefCd=05&kikanCd=5052300130&kikanKbn=nan", "url2": "https://sys-kahan.com/", "内容": "河畔薬局0秋田県能代市万町６－１０" }, "geometry": { "type": "Point", "coordinates": [ 140.029116, 40.214525 ] } },
{ "type": "Feature", "properties": { "ID": 555052300140, "正式名称": "安濃大年堂薬局", "機関区分": 5, "都道府県コード": 5, "市区町村コード": 202, "所在地": "秋田県能代市万町３番４号", "緯度": 40.213747, "経度": 140.029671, "url": "https://www.iryou.teikyouseido.mhlw.go.jp/znk-web/juminkanja/S2430/initialize?prefCd=05&kikanCd=5052300140&kikanKbn=nan", "url2": null, "内容": "安濃大年堂薬局0秋田県能代市万町３番４号" }, "geometry": { "type": "Point", "coordinates": [ 140.029671, 40.213747 ] } },
{ "type": "Feature", "properties": { "ID": 555052300150, "正式名称": "ふれあい薬局　大手町店", "機関区分": 5, "都道府県コード": 5, "市区町村コード": 202, "所在地": "秋田県能代市大手町５番３５号", "緯度": 40.211386, "経度": 140.02395, "url": "https://www.iryou.teikyouseido.mhlw.go.jp/znk-web/juminkanja/S2430/initialize?prefCd=05&kikanCd=5052300150&kikanKbn=nan", "url2": "http://fureai-ootemachi.meron-net.jp", "内容": "ふれあい薬局　大手町店0秋田県能代市大手町５番３５号" }, "geometry": { "type": "Point", "coordinates": [ 140.02395, 40.211386 ] } },
{ "type": "Feature", "properties": { "ID": 555052300180, "正式名称": "塚本薬局", "機関区分": 5, "都道府県コード": 5, "市区町村コード": 202, "所在地": "秋田県能代市富町１０番８号", "緯度": 40.209719, "経度": 140.030643, "url": "https://www.iryou.teikyouseido.mhlw.go.jp/znk-web/juminkanja/S2430/initialize?prefCd=05&kikanCd=5052300180&kikanKbn=nan", "url2": "https://www.meron-net.jp/user_login/top.php", "内容": "塚本薬局0秋田県能代市富町１０番８号" }, "geometry": { "type": "Point", "coordinates": [ 140.030643, 40.209719 ] } },
{ "type": "Feature", "properties": { "ID": 555052300190, "正式名称": "あさの薬局", "機関区分": 5, "都道府県コード": 5, "市区町村コード": 202, "所在地": "秋田県能代市東町１４番１号", "緯度": 40.207108, "経度": 140.029504, "url": "https://www.iryou.teikyouseido.mhlw.go.jp/znk-web/juminkanja/S2430/initialize?prefCd=05&kikanCd=5052300190&kikanKbn=nan", "url2": null, "内容": "あさの薬局0秋田県能代市東町１４番１号" }, "geometry": { "type": "Point", "coordinates": [ 140.029504, 40.207108 ] } },
{ "type": "Feature", "properties": { "ID": 555052300200, "正式名称": "あおば薬局", "機関区分": 5, "都道府県コード": 5, "市区町村コード": 202, "所在地": "秋田県能代市柳町１３番１１号", "緯度": 40.20933, "経度": 140.02631, "url": "https://www.iryou.teikyouseido.mhlw.go.jp/znk-web/juminkanja/S2430/initialize?prefCd=05&kikanCd=5052300200&kikanKbn=nan", "url2": null, "内容": "あおば薬局0秋田県能代市柳町１３番１１号" }, "geometry": { "type": "Point", "coordinates": [ 140.02631, 40.20933 ] } },
{ "type": "Feature", "properties": { "ID": 555052300240, "正式名称": "クオール薬局　樽子山店", "機関区分": 5, "都道府県コード": 5, "市区町村コード": 202, "所在地": "秋田県能代市追分町２－５１", "緯度": 40.204304, "経度": 140.029699, "url": "https://www.iryou.teikyouseido.mhlw.go.jp/znk-web/juminkanja/S2430/initialize?prefCd=05&kikanCd=5052300240&kikanKbn=nan", "url2": "http://www.qol-net.co.jp", "内容": "クオール薬局　樽子山店0秋田県能代市追分町２－５１" }, "geometry": { "type": "Point", "coordinates": [ 140.029699, 40.204304 ] } },
{ "type": "Feature", "properties": { "ID": 555052300260, "正式名称": "赤玉薬局　中和本店", "機関区分": 5, "都道府県コード": 5, "市区町村コード": 202, "所在地": "秋田県能代市中和１丁目６番４号", "緯度": 40.199859, "経度": 140.029589, "url": "https://www.iryou.teikyouseido.mhlw.go.jp/znk-web/juminkanja/S2430/initialize?prefCd=05&kikanCd=5052300260&kikanKbn=nan", "url2": "http://aisei.co.jp/", "内容": "赤玉薬局　中和本店0秋田県能代市中和１丁目６番４号" }, "geometry": { "type": "Point", "coordinates": [ 140.029589, 40.199859 ] } },
{ "type": "Feature", "properties": { "ID": 555052300280, "正式名称": "調剤薬局　ユニファー", "機関区分": 5, "都道府県コード": 5, "市区町村コード": 202, "所在地": "秋田県能代市通町１番２０号", "緯度": 40.205553, "経度": 140.023228, "url": "https://www.iryou.teikyouseido.mhlw.go.jp/znk-web/juminkanja/S2430/initialize?prefCd=05&kikanCd=5052300280&kikanKbn=nan", "url2": "http://www.shirakami.or.jp/~yuni-phm1701/", "内容": "調剤薬局　ユニファー0秋田県能代市通町１番２０号" }, "geometry": { "type": "Point", "coordinates": [ 140.023228, 40.205553 ] } },
{ "type": "Feature", "properties": { "ID": 555052300300, "正式名称": "とまと薬局", "機関区分": 5, "都道府県コード": 5, "市区町村コード": 202, "所在地": "秋田県能代市通町２番１号", "緯度": 40.205636, "経度": 140.022283, "url": "https://www.iryou.teikyouseido.mhlw.go.jp/znk-web/juminkanja/S2430/initialize?prefCd=05&kikanCd=5052300300&kikanKbn=nan", "url2": null, "内容": "とまと薬局0秋田県能代市通町２番１号" }, "geometry": { "type": "Point", "coordinates": [ 140.022283, 40.205636 ] } },
{ "type": "Feature", "properties": { "ID": 555052300310, "正式名称": "会営薬局のしろ", "機関区分": 5, "都道府県コード": 5, "市区町村コード": 202, "所在地": "秋田県能代市緑町２－２０", "緯度": 40.198609, "経度": 140.033143, "url": "https://www.iryou.teikyouseido.mhlw.go.jp/znk-web/juminkanja/S2430/initialize?prefCd=05&kikanCd=5052300310&kikanKbn=nan", "url2": "https://www.akiyaku.or.jp/", "内容": "会営薬局のしろ0秋田県能代市緑町２－２０" }, "geometry": { "type": "Point", "coordinates": [ 140.033143, 40.198609 ] } },
{ "type": "Feature", "properties": { "ID": 555052300320, "正式名称": "ふれあい薬局　緑町店", "機関区分": 5, "都道府県コード": 5, "市区町村コード": 202, "所在地": "秋田県能代市緑町５６番地", "緯度": 40.198776, "経度": 140.034477, "url": "https://www.iryou.teikyouseido.mhlw.go.jp/znk-web/juminkanja/S2430/initialize?prefCd=05&kikanCd=5052300320&kikanKbn=nan", "url2": null, "内容": "ふれあい薬局　緑町店0秋田県能代市緑町５６番地" }, "geometry": { "type": "Point", "coordinates": [ 140.034477, 40.198776 ] } },
{ "type": "Feature", "properties": { "ID": 555052300340, "正式名称": "有限会社　きりん薬局", "機関区分": 5, "都道府県コード": 5, "市区町村コード": 202, "所在地": "秋田県能代市彩霞長根３３－１１", "緯度": 40.19411, "経度": 140.029255, "url": "https://www.iryou.teikyouseido.mhlw.go.jp/znk-web/juminkanja/S2430/initialize?prefCd=05&kikanCd=5052300340&kikanKbn=nan", "url2": null, "内容": "有限会社　きりん薬局0秋田県能代市彩霞長根３３－１１" }, "geometry": { "type": "Point", "coordinates": [ 140.029255, 40.19411 ] } },
{ "type": "Feature", "properties": { "ID": 555052300350, "正式名称": "やなぎ薬局", "機関区分": 5, "都道府県コード": 5, "市区町村コード": 202, "所在地": "秋田県能代市景林町９－２３", "緯度": 40.206219, "経度": 140.020922, "url": "https://www.iryou.teikyouseido.mhlw.go.jp/znk-web/juminkanja/S2430/initialize?prefCd=05&kikanCd=5052300350&kikanKbn=nan", "url2": "https://r.goope.jp/yanagiyakkyoku/", "内容": "やなぎ薬局0秋田県能代市景林町９－２３" }, "geometry": { "type": "Point", "coordinates": [ 140.020922, 40.206219 ] } },
{ "type": "Feature", "properties": { "ID": 555052300380, "正式名称": "赤玉薬局　八竜店", "機関区分": 5, "都道府県コード": 5, "市区町村コード": 348, "所在地": "秋田県山本郡三種町浜田東浜田１３９－２", "緯度": 40.102591, "経度": 139.998679, "url": "https://www.iryou.teikyouseido.mhlw.go.jp/znk-web/juminkanja/S2430/initialize?prefCd=05&kikanCd=5052300380&kikanKbn=nan", "url2": "https://www.aisei.co.jp/", "内容": "赤玉薬局　八竜店0秋田県山本郡三種町浜田東浜田１３９－２" }, "geometry": { "type": "Point", "coordinates": [ 139.998679, 40.102591 ] } },
{ "type": "Feature", "properties": { "ID": 555052300390, "正式名称": "ライナス薬局", "機関区分": 5, "都道府県コード": 5, "市区町村コード": 349, "所在地": "秋田県山本郡八峰町八森古屋敷１３番地６", "緯度": 40.34065, "経度": 140.029276, "url": "https://www.iryou.teikyouseido.mhlw.go.jp/znk-web/juminkanja/S2430/initialize?prefCd=05&kikanCd=5052300390&kikanKbn=nan", "url2": "http://linus.meron-net.jp/", "内容": "ライナス薬局0秋田県山本郡八峰町八森古屋敷１３番地６" }, "geometry": { "type": "Point", "coordinates": [ 140.029276, 40.34065 ] } },
{ "type": "Feature", "properties": { "ID": 555052300410, "正式名称": "皆川薬局", "機関区分": 5, "都道府県コード": 5, "市区町村コード": 349, "所在地": "秋田県山本郡八峰町峰浜水沢稲荷堂後１２０－６", "緯度": 40.297127, "経度": 140.038777, "url": "https://www.iryou.teikyouseido.mhlw.go.jp/znk-web/juminkanja/S2430/initialize?prefCd=05&kikanCd=5052300410&kikanKbn=nan", "url2": "https://meron-net.shop/ds/minagawa", "内容": "皆川薬局0秋田県山本郡八峰町峰浜水沢稲荷堂後１２０－６" }, "geometry": { "type": "Point", "coordinates": [ 140.038777, 40.297127 ] } },
{ "type": "Feature", "properties": { "ID": 555052300420, "正式名称": "泰心堂薬局", "機関区分": 5, "都道府県コード": 5, "市区町村コード": 202, "所在地": "秋田県能代市二ツ井町三千苅４０－１", "緯度": 40.21039, "経度": 140.238876, "url": "https://www.iryou.teikyouseido.mhlw.go.jp/znk-web/juminkanja/S2430/initialize?prefCd=05&kikanCd=5052300420&kikanKbn=nan", "url2": null, "内容": "泰心堂薬局0秋田県能代市二ツ井町三千苅４０－１" }, "geometry": { "type": "Point", "coordinates": [ 140.238876, 40.21039 ] } },
{ "type": "Feature", "properties": { "ID": 555052300430, "正式名称": "クオール薬局　二ツ井店", "機関区分": 5, "都道府県コード": 5, "市区町村コード": 202, "所在地": "秋田県能代市二ツ井町荷上場字鍋良子出口１０３－１", "緯度": 40.217194, "経度": 140.244542, "url": "https://www.iryou.teikyouseido.mhlw.go.jp/znk-web/juminkanja/S2430/initialize?prefCd=05&kikanCd=5052300430&kikanKbn=nan", "url2": "https://store.qol-net.co.jp/detail/647/", "内容": "クオール薬局　二ツ井店0秋田県能代市二ツ井町荷上場字鍋良子出口１０３－１" }, "geometry": { "type": "Point", "coordinates": [ 140.244542, 40.217194 ] } },
{ "type": "Feature", "properties": { "ID": 555052300440, "正式名称": "ひなげし薬局", "機関区分": 5, "都道府県コード": 5, "市区町村コード": 202, "所在地": "秋田県能代市寿域長根５５－２１", "緯度": 40.190971, "経度": 140.027311, "url": "https://www.iryou.teikyouseido.mhlw.go.jp/znk-web/juminkanja/S2430/initialize?prefCd=05&kikanCd=5052300440&kikanKbn=nan", "url2": "http://www.pands.jp/", "内容": "ひなげし薬局0秋田県能代市寿域長根５５－２１" }, "geometry": { "type": "Point", "coordinates": [ 140.027311, 40.190971 ] } },
{ "type": "Feature", "properties": { "ID": 555052300450, "正式名称": "池田薬局　能代おちあい店", "機関区分": 5, "都道府県コード": 5, "市区町村コード": 202, "所在地": "秋田県能代市落合字上悪土２１６－３", "緯度": 40.224051, "経度": 140.021671, "url": "https://www.iryou.teikyouseido.mhlw.go.jp/znk-web/juminkanja/S2430/initialize?prefCd=05&kikanCd=5052300450&kikanKbn=nan", "url2": "https://www.ikeyaku.co.jp/", "内容": "池田薬局　能代おちあい店0秋田県能代市落合字上悪土２１６－３" }, "geometry": { "type": "Point", "coordinates": [ 140.021671, 40.224051 ] } },
{ "type": "Feature", "properties": { "ID": 555052300460, "正式名称": "調剤薬局ツルハドラッグ　能代北店", "機関区分": 5, "都道府県コード": 5, "市区町村コード": 202, "所在地": "秋田県能代市落合字上前田１６１番地", "緯度": 40.227217, "経度": 140.02456, "url": "https://www.iryou.teikyouseido.mhlw.go.jp/znk-web/juminkanja/S2430/initialize?prefCd=05&kikanCd=5052300460&kikanKbn=nan", "url2": "http://www.tsuruha.co.jp/", "内容": "調剤薬局ツルハドラッグ　能代北店0秋田県能代市落合字上前田１６１番地" }, "geometry": { "type": "Point", "coordinates": [ 140.02456, 40.227217 ] } },
{ "type": "Feature", "properties": { "ID": 555052300470, "正式名称": "イオン薬局能代店", "機関区分": 5, "都道府県コード": 5, "市区町村コード": 202, "所在地": "秋田県能代市柳町１１－１", "緯度": 40.20908, "経度": 140.024644, "url": "https://www.iryou.teikyouseido.mhlw.go.jp/znk-web/juminkanja/S2430/initialize?prefCd=05&kikanCd=5052300470&kikanKbn=nan", "url2": null, "内容": "イオン薬局能代店0秋田県能代市柳町１１－１" }, "geometry": { "type": "Point", "coordinates": [ 140.024644, 40.20908 ] } },
{ "type": "Feature", "properties": { "ID": 555052300500, "正式名称": "おおたファミリー薬局", "機関区分": 5, "都道府県コード": 5, "市区町村コード": 202, "所在地": "秋田県能代市栄町１１－２０", "緯度": 40.204304, "経度": 140.023978, "url": "https://www.iryou.teikyouseido.mhlw.go.jp/znk-web/juminkanja/S2430/initialize?prefCd=05&kikanCd=5052300500&kikanKbn=nan", "url2": "http://www.ohta-family.com", "内容": "おおたファミリー薬局0秋田県能代市栄町１１－２０" }, "geometry": { "type": "Point", "coordinates": [ 140.023978, 40.204304 ] } },
{ "type": "Feature", "properties": { "ID": 555052300510, "正式名称": "佐野薬局四小前店", "機関区分": 5, "都道府県コード": 5, "市区町村コード": 202, "所在地": "秋田県能代市藤山１１２番地２", "緯度": 40.18683, "経度": 140.02983, "url": "https://www.iryou.teikyouseido.mhlw.go.jp/znk-web/juminkanja/S2430/initialize?prefCd=05&kikanCd=5052300510&kikanKbn=nan", "url2": "http://www.sano-ph.co.jp", "内容": "佐野薬局四小前店0秋田県能代市藤山１１２番地２" }, "geometry": { "type": "Point", "coordinates": [ 140.02983, 40.18683 ] } },
{ "type": "Feature", "properties": { "ID": 555052300520, "正式名称": "ハッピー調剤薬局能代南店", "機関区分": 5, "都道府県コード": 5, "市区町村コード": 202, "所在地": "秋田県能代市東大瀬５１－３", "緯度": 40.192082, "経度": 140.036504, "url": "https://www.iryou.teikyouseido.mhlw.go.jp/znk-web/juminkanja/S2430/initialize?prefCd=05&kikanCd=5052300520&kikanKbn=nan", "url2": "http://happydrug.co.jp/storeinfo/noshirominami/", "内容": "ハッピー調剤薬局能代南店0秋田県能代市東大瀬５１－３" }, "geometry": { "type": "Point", "coordinates": [ 140.036504, 40.192082 ] } },
{ "type": "Feature", "properties": { "ID": 555052300530, "正式名称": "イオン薬局能代東店", "機関区分": 5, "都道府県コード": 5, "市区町村コード": 202, "所在地": "秋田県能代市鰄渕字古屋布１番", "緯度": 40.187556, "経度": 140.081616, "url": "https://www.iryou.teikyouseido.mhlw.go.jp/znk-web/juminkanja/S2430/initialize?prefCd=05&kikanCd=5052300530&kikanKbn=nan", "url2": null, "内容": "イオン薬局能代東店0秋田県能代市鰄渕字古屋布１番" }, "geometry": { "type": "Point", "coordinates": [ 140.081616, 40.187556 ] } },
{ "type": "Feature", "properties": { "ID": 555052300540, "正式名称": "マリーン　花園薬局", "機関区分": 5, "都道府県コード": 5, "市区町村コード": 202, "所在地": "秋田県能代市中和１－１７－２１", "緯度": 40.202357, "経度": 140.026552, "url": "https://www.iryou.teikyouseido.mhlw.go.jp/znk-web/juminkanja/S2430/initialize?prefCd=05&kikanCd=5052300540&kikanKbn=nan", "url2": null, "内容": "マリーン　花園薬局0秋田県能代市中和１－１７－２１" }, "geometry": { "type": "Point", "coordinates": [ 140.026552, 40.202357 ] } },
{ "type": "Feature", "properties": { "ID": 555052400010, "正式名称": "あひる調剤薬局", "機関区分": 5, "都道府県コード": 5, "市区町村コード": 206, "所在地": "秋田県男鹿市船越字本町３番", "緯度": 39.903528, "経度": 139.946081, "url": "https://www.iryou.teikyouseido.mhlw.go.jp/znk-web/juminkanja/S2430/initialize?prefCd=05&kikanCd=5052400010&kikanKbn=nan", "url2": null, "内容": "あひる調剤薬局0秋田県男鹿市船越字本町３番" }, "geometry": { "type": "Point", "coordinates": [ 139.946081, 39.903528 ] } },
{ "type": "Feature", "properties": { "ID": 555052400030, "正式名称": "ふなこし薬局", "機関区分": 5, "都道府県コード": 5, "市区町村コード": 206, "所在地": "秋田県男鹿市船越本町１３－１８", "緯度": 39.903056, "経度": 139.947164, "url": "https://www.iryou.teikyouseido.mhlw.go.jp/znk-web/juminkanja/S2430/initialize?prefCd=05&kikanCd=5052400030&kikanKbn=nan", "url2": null, "内容": "ふなこし薬局0秋田県男鹿市船越本町１３－１８" }, "geometry": { "type": "Point", "coordinates": [ 139.947164, 39.903056 ] } },
{ "type": "Feature", "properties": { "ID": 555052400040, "正式名称": "ひらつか薬局", "機関区分": 5, "都道府県コード": 5, "市区町村コード": 206, "所在地": "秋田県男鹿市船越字船越３０７", "緯度": 39.903889, "経度": 139.953303, "url": "https://www.iryou.teikyouseido.mhlw.go.jp/znk-web/juminkanja/S2430/initialize?prefCd=05&kikanCd=5052400040&kikanKbn=nan", "url2": null, "内容": "ひらつか薬局0秋田県男鹿市船越字船越３０７" }, "geometry": { "type": "Point", "coordinates": [ 139.953303, 39.903889 ] } },
{ "type": "Feature", "properties": { "ID": 555052400050, "正式名称": "調剤薬局ツルハドラッグ男鹿店", "機関区分": 5, "都道府県コード": 5, "市区町村コード": 206, "所在地": "秋田県男鹿市脇本脇本石館１６", "緯度": 39.90961, "経度": 139.908112, "url": "https://www.iryou.teikyouseido.mhlw.go.jp/znk-web/juminkanja/S2430/initialize?prefCd=05&kikanCd=5052400050&kikanKbn=nan", "url2": "http://www.tsuruha.co.jp/", "内容": "調剤薬局ツルハドラッグ男鹿店0秋田県男鹿市脇本脇本石館１６" }, "geometry": { "type": "Point", "coordinates": [ 139.908112, 39.90961 ] } },
{ "type": "Feature", "properties": { "ID": 555052400070, "正式名称": "わかみハート薬局", "機関区分": 5, "都道府県コード": 5, "市区町村コード": 206, "所在地": "秋田県男鹿市払戸渡部１０４番地１", "緯度": 39.938052, "経度": 139.926609, "url": "https://www.iryou.teikyouseido.mhlw.go.jp/znk-web/juminkanja/S2430/initialize?prefCd=05&kikanCd=5052400070&kikanKbn=nan", "url2": "http://www.myph.jp/f_050017/", "内容": "わかみハート薬局0秋田県男鹿市払戸渡部１０４番地１" }, "geometry": { "type": "Point", "coordinates": [ 139.926609, 39.938052 ] } },
{ "type": "Feature", "properties": { "ID": 555052400090, "正式名称": "新浜調剤薬局", "機関区分": 5, "都道府県コード": 5, "市区町村コード": 206, "所在地": "秋田県男鹿市船川港船川新浜町３１", "緯度": 39.883807, "経度": 139.847451, "url": "https://www.iryou.teikyouseido.mhlw.go.jp/znk-web/juminkanja/S2430/initialize?prefCd=05&kikanCd=5052400090&kikanKbn=nan", "url2": null, "内容": "新浜調剤薬局0秋田県男鹿市船川港船川新浜町３１" }, "geometry": { "type": "Point", "coordinates": [ 139.847451, 39.883807 ] } },
{ "type": "Feature", "properties": { "ID": 555052400110, "正式名称": "さかえ薬局　病院前店", "機関区分": 5, "都道府県コード": 5, "市区町村コード": 206, "所在地": "秋田県男鹿市船川港船川海岸通り１号１０番地４", "緯度": 39.882557, "経度": 139.854312, "url": "https://www.iryou.teikyouseido.mhlw.go.jp/znk-web/juminkanja/S2430/initialize?prefCd=05&kikanCd=5052400110&kikanKbn=nan", "url2": null, "内容": "さかえ薬局　病院前店0秋田県男鹿市船川港船川海岸通り１号１０番地４" }, "geometry": { "type": "Point", "coordinates": [ 139.854312, 39.882557 ] } },
{ "type": "Feature", "properties": { "ID": 555052400120, "正式名称": "男鹿中央薬局", "機関区分": 5, "都道府県コード": 5, "市区町村コード": 206, "所在地": "秋田県男鹿市船川港船川海岸通り１号１０番地４", "緯度": 39.882557, "経度": 139.854312, "url": "https://www.iryou.teikyouseido.mhlw.go.jp/znk-web/juminkanja/S2430/initialize?prefCd=05&kikanCd=5052400120&kikanKbn=nan", "url2": null, "内容": "男鹿中央薬局0秋田県男鹿市船川港船川海岸通り１号１０番地４" }, "geometry": { "type": "Point", "coordinates": [ 139.854312, 39.882557 ] } },
{ "type": "Feature", "properties": { "ID": 555052400140, "正式名称": "オリーブ薬局", "機関区分": 5, "都道府県コード": 5, "市区町村コード": 211, "所在地": "秋田県潟上市天王（追分、追分西、上北野、長沼）字追分西２番６６号", "緯度": 39.814318, "経度": 140.045355, "url": "https://www.iryou.teikyouseido.mhlw.go.jp/znk-web/juminkanja/S2430/initialize?prefCd=05&kikanCd=5052400140&kikanKbn=nan", "url2": "https://pands.jp/", "内容": "オリーブ薬局0秋田県潟上市天王（追分、追分西、上北野、長沼）字追分西２番６６号" }, "geometry": { "type": "Point", "coordinates": [ 140.045355, 39.814318 ] } },
{ "type": "Feature", "properties": { "ID": 555052400160, "正式名称": "有限会社　出戸調剤薬局", "機関区分": 5, "都道府県コード": 5, "市区町村コード": 211, "所在地": "秋田県潟上市天王（その他）北野３０２番地１８号", "緯度": 39.898085, "経度": 139.960441, "url": "https://www.iryou.teikyouseido.mhlw.go.jp/znk-web/juminkanja/S2430/initialize?prefCd=05&kikanCd=5052400160&kikanKbn=nan", "url2": null, "内容": "有限会社　出戸調剤薬局0秋田県潟上市天王（その他）北野３０２番地１８号" }, "geometry": { "type": "Point", "coordinates": [ 139.960441, 39.898085 ] } },
{ "type": "Feature", "properties": { "ID": 555052400170, "正式名称": "天王調剤薬局", "機関区分": 5, "都道府県コード": 5, "市区町村コード": 211, "所在地": "秋田県潟上市天王（その他）上江川４７－１６１６", "緯度": 39.898085, "経度": 139.960441, "url": "https://www.iryou.teikyouseido.mhlw.go.jp/znk-web/juminkanja/S2430/initialize?prefCd=05&kikanCd=5052400170&kikanKbn=nan", "url2": "http://www.tenno-ph.com", "内容": "天王調剤薬局0秋田県潟上市天王（その他）上江川４７－１６１６" }, "geometry": { "type": "Point", "coordinates": [ 139.960441, 39.898085 ] } },
{ "type": "Feature", "properties": { "ID": 555052400190, "正式名称": "二木薬局", "機関区分": 5, "都道府県コード": 5, "市区町村コード": 211, "所在地": "秋田県潟上市昭和大久保字小橋４１", "緯度": 39.866756, "経度": 140.059767, "url": "https://www.iryou.teikyouseido.mhlw.go.jp/znk-web/juminkanja/S2430/initialize?prefCd=05&kikanCd=5052400190&kikanKbn=nan", "url2": null, "内容": "二木薬局0秋田県潟上市昭和大久保字小橋４１" }, "geometry": { "type": "Point", "coordinates": [ 140.059767, 39.866756 ] } },
{ "type": "Feature", "properties": { "ID": 555052400210, "正式名称": "南秋調剤薬局", "機関区分": 5, "都道府県コード": 5, "市区町村コード": 211, "所在地": "秋田県潟上市昭和大久保街道下９６番地１０", "緯度": 39.869784, "経度": 140.061379, "url": "https://www.iryou.teikyouseido.mhlw.go.jp/znk-web/juminkanja/S2430/initialize?prefCd=05&kikanCd=5052400210&kikanKbn=nan", "url2": "http://www.a-salus.co.jp", "内容": "南秋調剤薬局0秋田県潟上市昭和大久保街道下９６番地１０" }, "geometry": { "type": "Point", "coordinates": [ 140.061379, 39.869784 ] } },
{ "type": "Feature", "properties": { "ID": 555052400230, "正式名称": "飯田川調剤薬局", "機関区分": 5, "都道府県コード": 5, "市区町村コード": 211, "所在地": "秋田県潟上市飯田川下虻川屋敷１０１－７", "緯度": 39.878061, "経度": 140.06985, "url": "https://www.iryou.teikyouseido.mhlw.go.jp/znk-web/juminkanja/S2430/initialize?prefCd=05&kikanCd=5052400230&kikanKbn=nan", "url2": null, "内容": "飯田川調剤薬局0秋田県潟上市飯田川下虻川屋敷１０１－７" }, "geometry": { "type": "Point", "coordinates": [ 140.06985, 39.878061 ] } },
{ "type": "Feature", "properties": { "ID": 555052400240, "正式名称": "佐野薬局　五城目店", "機関区分": 5, "都道府県コード": 5, "市区町村コード": 361, "所在地": "秋田県南秋田郡五城目町字石田六ケ村堰添９７－５", "緯度": 39.949555, "経度": 140.123453, "url": "https://www.iryou.teikyouseido.mhlw.go.jp/znk-web/juminkanja/S2430/initialize?prefCd=05&kikanCd=5052400240&kikanKbn=nan", "url2": "https://www.sano-ph.co.jp", "内容": "佐野薬局　五城目店0秋田県南秋田郡五城目町字石田六ケ村堰添９７－５" }, "geometry": { "type": "Point", "coordinates": [ 140.123453, 39.949555 ] } },
{ "type": "Feature", "properties": { "ID": 555052400260, "正式名称": "いわや薬局", "機関区分": 5, "都道府県コード": 5, "市区町村コード": 361, "所在地": "秋田県南秋田郡五城目町七倉１１５－１", "緯度": 39.945638, "経度": 140.118454, "url": "https://www.iryou.teikyouseido.mhlw.go.jp/znk-web/juminkanja/S2430/initialize?prefCd=05&kikanCd=5052400260&kikanKbn=nan", "url2": null, "内容": "いわや薬局0秋田県南秋田郡五城目町七倉１１５－１" }, "geometry": { "type": "Point", "coordinates": [ 140.118454, 39.945638 ] } },
{ "type": "Feature", "properties": { "ID": 555052400280, "正式名称": "ひかり薬局", "機関区分": 5, "都道府県コード": 5, "市区町村コード": 361, "所在地": "秋田県南秋田郡五城目町東磯ノ目２丁目１－１９", "緯度": 39.943027, "経度": 140.115121, "url": "https://www.iryou.teikyouseido.mhlw.go.jp/znk-web/juminkanja/S2430/initialize?prefCd=05&kikanCd=5052400280&kikanKbn=nan", "url2": null, "内容": "ひかり薬局0秋田県南秋田郡五城目町東磯ノ目２丁目１－１９" }, "geometry": { "type": "Point", "coordinates": [ 140.115121, 39.943027 ] } },
{ "type": "Feature", "properties": { "ID": 555052400320, "正式名称": "えきまえ佐藤薬局", "機関区分": 5, "都道府県コード": 5, "市区町村コード": 363, "所在地": "秋田県南秋田郡八郎潟町中田６７－２１", "緯度": 39.948137, "経度": 140.077207, "url": "https://www.iryou.teikyouseido.mhlw.go.jp/znk-web/juminkanja/S2430/initialize?prefCd=05&kikanCd=5052400320&kikanKbn=nan", "url2": "www.meron-net.jp/ekimaesatou", "内容": "えきまえ佐藤薬局0秋田県南秋田郡八郎潟町中田６７－２１" }, "geometry": { "type": "Point", "coordinates": [ 140.077207, 39.948137 ] } },
{ "type": "Feature", "properties": { "ID": 555052400330, "正式名称": "佐藤薬局", "機関区分": 5, "都道府県コード": 5, "市区町村コード": 363, "所在地": "秋田県南秋田郡八郎潟町一日市３６６－２", "緯度": 39.941638, "経度": 140.075875, "url": "https://www.iryou.teikyouseido.mhlw.go.jp/znk-web/juminkanja/S2430/initialize?prefCd=05&kikanCd=5052400330&kikanKbn=nan", "url2": "http://www.meron-net.jp/satou", "内容": "佐藤薬局0秋田県南秋田郡八郎潟町一日市３６６－２" }, "geometry": { "type": "Point", "coordinates": [ 140.075875, 39.941638 ] } },
{ "type": "Feature", "properties": { "ID": 555052400340, "正式名称": "調剤薬局ツルハドラッグ大潟村店", "機関区分": 5, "都道府県コード": 5, "市区町村コード": 368, "所在地": "秋田県南秋田郡大潟村中央１－５", "緯度": 40.018377, "経度": 139.959131, "url": "https://www.iryou.teikyouseido.mhlw.go.jp/znk-web/juminkanja/S2430/initialize?prefCd=05&kikanCd=5052400340&kikanKbn=nan", "url2": "http://www.tsuruha.co.jp", "内容": "調剤薬局ツルハドラッグ大潟村店0秋田県南秋田郡大潟村中央１－５" }, "geometry": { "type": "Point", "coordinates": [ 139.959131, 40.018377 ] } },
{ "type": "Feature", "properties": { "ID": 555052400350, "正式名称": "きゃどっこ薬局", "機関区分": 5, "都道府県コード": 5, "市区町村コード": 361, "所在地": "秋田県南秋田郡五城目町鵜ノ木３４", "緯度": 39.944388, "経度": 140.117232, "url": "https://www.iryou.teikyouseido.mhlw.go.jp/znk-web/juminkanja/S2430/initialize?prefCd=05&kikanCd=5052400350&kikanKbn=nan", "url2": null, "内容": "きゃどっこ薬局0秋田県南秋田郡五城目町鵜ノ木３４" }, "geometry": { "type": "Point", "coordinates": [ 140.117232, 39.944388 ] } },
{ "type": "Feature", "properties": { "ID": 555052400360, "正式名称": "池田薬局　ことう店", "機関区分": 5, "都道府県コード": 5, "市区町村コード": 363, "所在地": "秋田県南秋田郡八郎潟町川崎字貝保３７番６", "緯度": 39.945333, "経度": 140.103177, "url": "https://www.iryou.teikyouseido.mhlw.go.jp/znk-web/juminkanja/S2430/initialize?prefCd=05&kikanCd=5052400360&kikanKbn=nan", "url2": "http://www.ikeyaku.co.jp/", "内容": "池田薬局　ことう店0秋田県南秋田郡八郎潟町川崎字貝保３７番６" }, "geometry": { "type": "Point", "coordinates": [ 140.103177, 39.945333 ] } },
{ "type": "Feature", "properties": { "ID": 555052400370, "正式名称": "日本調剤　湖東薬局", "機関区分": 5, "都道府県コード": 5, "市区町村コード": 363, "所在地": "秋田県南秋田郡八郎潟町川崎字貝保３７番７号", "緯度": 39.94536, "経度": 140.103399, "url": "https://www.iryou.teikyouseido.mhlw.go.jp/znk-web/juminkanja/S2430/initialize?prefCd=05&kikanCd=5052400370&kikanKbn=nan", "url2": "https://www.nicho.co.jp/tenpo/koto/", "内容": "日本調剤　湖東薬局0秋田県南秋田郡八郎潟町川崎字貝保３７番７号" }, "geometry": { "type": "Point", "coordinates": [ 140.103399, 39.94536 ] } },
{ "type": "Feature", "properties": { "ID": 555052400380, "正式名称": "共創未来　おおくぼ薬局", "機関区分": 5, "都道府県コード": 5, "市区町村コード": 211, "所在地": "秋田県潟上市昭和大久保虻川境１－９", "緯度": 39.867867, "経度": 140.062879, "url": "https://www.iryou.teikyouseido.mhlw.go.jp/znk-web/juminkanja/S2430/initialize?prefCd=05&kikanCd=5052400380&kikanKbn=nan", "url2": "http://www.phmirai.co.jp/", "内容": "共創未来　おおくぼ薬局0秋田県潟上市昭和大久保虻川境１－９" }, "geometry": { "type": "Point", "coordinates": [ 140.062879, 39.867867 ] } },
{ "type": "Feature", "properties": { "ID": 555052400390, "正式名称": "共創未来　男鹿薬局", "機関区分": 5, "都道府県コード": 5, "市区町村コード": 206, "所在地": "秋田県男鹿市船越内子１－２５０", "緯度": 39.903056, "経度": 139.938221, "url": "https://www.iryou.teikyouseido.mhlw.go.jp/znk-web/juminkanja/S2430/initialize?prefCd=05&kikanCd=5052400390&kikanKbn=nan", "url2": "http://phmirai.co.jp/", "内容": "共創未来　男鹿薬局0秋田県男鹿市船越内子１－２５０" }, "geometry": { "type": "Point", "coordinates": [ 139.938221, 39.903056 ] } },
{ "type": "Feature", "properties": { "ID": 555052400400, "正式名称": "調剤薬局ツルハドラッグ男鹿払戸店", "機関区分": 5, "都道府県コード": 5, "市区町村コード": 206, "所在地": "秋田県男鹿市払戸字大堤１２７番１", "緯度": 39.929414, "経度": 139.932609, "url": "https://www.iryou.teikyouseido.mhlw.go.jp/znk-web/juminkanja/S2430/initialize?prefCd=05&kikanCd=5052400400&kikanKbn=nan", "url2": "http://www.tsuruha.co.jp", "内容": "調剤薬局ツルハドラッグ男鹿払戸店0秋田県男鹿市払戸字大堤１２７番１" }, "geometry": { "type": "Point", "coordinates": [ 139.932609, 39.929414 ] } },
{ "type": "Feature", "properties": { "ID": 555052400410, "正式名称": "おいわけにし調剤薬局", "機関区分": 5, "都道府県コード": 5, "市区町村コード": 211, "所在地": "秋田県潟上市天王字長沼４０－２２", "緯度": 39.814412, "経度": 140.045968, "url": "https://www.iryou.teikyouseido.mhlw.go.jp/znk-web/juminkanja/S2430/initialize?prefCd=05&kikanCd=5052400410&kikanKbn=nan", "url2": "https://www.sano-ph.co.jp", "内容": "おいわけにし調剤薬局0秋田県潟上市天王字長沼４０－２２" }, "geometry": { "type": "Point", "coordinates": [ 140.045968, 39.814412 ] } },
{ "type": "Feature", "properties": { "ID": 555052400420, "正式名称": "まこと調剤薬局", "機関区分": 5, "都道府県コード": 5, "市区町村コード": 211, "所在地": "秋田県潟上市飯田川下虻川字道心谷地１７－４", "緯度": 39.872268, "経度": 140.066456, "url": "https://www.iryou.teikyouseido.mhlw.go.jp/znk-web/juminkanja/S2430/initialize?prefCd=05&kikanCd=5052400420&kikanKbn=nan", "url2": "https://peraichi.com/landing_pages/view/makotopharmacy-katagami", "内容": "まこと調剤薬局0秋田県潟上市飯田川下虻川字道心谷地１７－４" }, "geometry": { "type": "Point", "coordinates": [ 140.066456, 39.872268 ] } },
{ "type": "Feature", "properties": { "ID": 555052400430, "正式名称": "池田薬局　昭和おおくぼ店", "機関区分": 5, "都道府県コード": 5, "市区町村コード": 211, "所在地": "秋田県潟上市昭和大久保９１－２８", "緯度": 39.868953, "経度": 140.063849, "url": "https://www.iryou.teikyouseido.mhlw.go.jp/znk-web/juminkanja/S2430/initialize?prefCd=05&kikanCd=5052400430&kikanKbn=nan", "url2": "https://health.ikeyaku.co.jp/pharmacy/", "内容": "池田薬局　昭和おおくぼ店0秋田県潟上市昭和大久保９１－２８" }, "geometry": { "type": "Point", "coordinates": [ 140.063849, 39.868953 ] } },
{ "type": "Feature", "properties": { "ID": 555052500010, "正式名称": "プライム薬局", "機関区分": 5, "都道府県コード": 5, "市区町村コード": 201, "所在地": "秋田県秋田市中通二丁目６番４４号　ニュー金座街ビル４階", "緯度": 39.71658, "経度": 140.126103, "url": "https://www.iryou.teikyouseido.mhlw.go.jp/znk-web/juminkanja/S2430/initialize?prefCd=05&kikanCd=5052500010&kikanKbn=nan", "url2": null, "内容": "プライム薬局0秋田県秋田市中通二丁目６番４４号　ニュー金座街ビル４階" }, "geometry": { "type": "Point", "coordinates": [ 140.126103, 39.71658 ] } },
{ "type": "Feature", "properties": { "ID": 555052500020, "正式名称": "池田薬局　中通り店", "機関区分": 5, "都道府県コード": 5, "市区町村コード": 201, "所在地": "秋田県秋田市中通５－７－１", "緯度": 39.713413, "経度": 140.119382, "url": "https://www.iryou.teikyouseido.mhlw.go.jp/znk-web/juminkanja/S2430/initialize?prefCd=05&kikanCd=5052500020&kikanKbn=nan", "url2": "http://www.ikeyaku.co.jp/", "内容": "池田薬局　中通り店0秋田県秋田市中通５－７－１" }, "geometry": { "type": "Point", "coordinates": [ 140.119382, 39.713413 ] } },
{ "type": "Feature", "properties": { "ID": 555052500050, "正式名称": "池田薬局　ポプラ店", "機関区分": 5, "都道府県コード": 5, "市区町村コード": 201, "所在地": "秋田県秋田市中通４丁目１－４０", "緯度": 39.714524, "経度": 140.122242, "url": "https://www.iryou.teikyouseido.mhlw.go.jp/znk-web/juminkanja/S2430/initialize?prefCd=05&kikanCd=5052500050&kikanKbn=nan", "url2": "https://www.ikeyaku.co.jp/", "内容": "池田薬局　ポプラ店0秋田県秋田市中通４丁目１－４０" }, "geometry": { "type": "Point", "coordinates": [ 140.122242, 39.714524 ] } },
{ "type": "Feature", "properties": { "ID": 555052500060, "正式名称": "有限会社　グリム薬局", "機関区分": 5, "都道府県コード": 5, "市区町村コード": 201, "所在地": "秋田県秋田市中通五丁目７蕃４０号", "緯度": 39.71358, "経度": 140.118724, "url": "https://www.iryou.teikyouseido.mhlw.go.jp/znk-web/juminkanja/S2430/initialize?prefCd=05&kikanCd=5052500060&kikanKbn=nan", "url2": null, "内容": "有限会社　グリム薬局0秋田県秋田市中通五丁目７蕃４０号" }, "geometry": { "type": "Point", "coordinates": [ 140.118724, 39.71358 ] } },
{ "type": "Feature", "properties": { "ID": 555052500080, "正式名称": "佐野薬局中通一丁目店", "機関区分": 5, "都道府県コード": 5, "市区町村コード": 201, "所在地": "秋田県秋田市中通１－２－１６", "緯度": 39.716884, "経度": 140.118547, "url": "https://www.iryou.teikyouseido.mhlw.go.jp/znk-web/juminkanja/S2430/initialize?prefCd=05&kikanCd=5052500080&kikanKbn=nan", "url2": "http://www.sano-ph.co.jp", "内容": "佐野薬局中通一丁目店0秋田県秋田市中通１－２－１６" }, "geometry": { "type": "Point", "coordinates": [ 140.118547, 39.716884 ] } },
{ "type": "Feature", "properties": { "ID": 555052500100, "正式名称": "オレンジ薬局", "機関区分": 5, "都道府県コード": 5, "市区町村コード": 201, "所在地": "秋田県秋田市中通４丁目１－２", "緯度": 39.715996, "経度": 140.122325, "url": "https://www.iryou.teikyouseido.mhlw.go.jp/znk-web/juminkanja/S2430/initialize?prefCd=05&kikanCd=5052500100&kikanKbn=nan", "url2": "http://www.pands.jp/", "内容": "オレンジ薬局0秋田県秋田市中通４丁目１－２" }, "geometry": { "type": "Point", "coordinates": [ 140.122325, 39.715996 ] } },
{ "type": "Feature", "properties": { "ID": 555052500120, "正式名称": "生々堂薬局", "機関区分": 5, "都道府県コード": 5, "市区町村コード": 201, "所在地": "秋田県秋田市中通５丁目５－１０　メゾンエスポワール１Ｆ", "緯度": 39.712738, "経度": 140.120158, "url": "https://www.iryou.teikyouseido.mhlw.go.jp/znk-web/juminkanja/S2430/initialize?prefCd=05&kikanCd=5052500120&kikanKbn=nan", "url2": null, "内容": "生々堂薬局0秋田県秋田市中通５丁目５－１０　メゾンエスポワール１Ｆ" }, "geometry": { "type": "Point", "coordinates": [ 140.120158, 39.712738 ] } },
{ "type": "Feature", "properties": { "ID": 555052500150, "正式名称": "中通よつば薬局", "機関区分": 5, "都道府県コード": 5, "市区町村コード": 201, "所在地": "秋田県秋田市中通６丁目７番１７号", "緯度": 39.713858, "経度": 140.124769, "url": "https://www.iryou.teikyouseido.mhlw.go.jp/znk-web/juminkanja/S2430/initialize?prefCd=05&kikanCd=5052500150&kikanKbn=nan", "url2": "httpps://www.nakadori.co.jp/yotsuba/", "内容": "中通よつば薬局0秋田県秋田市中通６丁目７番１７号" }, "geometry": { "type": "Point", "coordinates": [ 140.124769, 39.713858 ] } },
{ "type": "Feature", "properties": { "ID": 555052500160, "正式名称": "アルヴェいわま薬局", "機関区分": 5, "都道府県コード": 5, "市区町村コード": 201, "所在地": "秋田県秋田市東通仲町４番１号　秋田拠点センターアルヴェ１Ｆ", "緯度": 39.71583, "経度": 140.131463, "url": "https://www.iryou.teikyouseido.mhlw.go.jp/znk-web/juminkanja/S2430/initialize?prefCd=05&kikanCd=5052500160&kikanKbn=nan", "url2": "http://iwama-ph.co.jp/", "内容": "アルヴェいわま薬局0秋田県秋田市東通仲町４番１号　秋田拠点センターアルヴェ１Ｆ" }, "geometry": { "type": "Point", "coordinates": [ 140.131463, 39.71583 ] } },
{ "type": "Feature", "properties": { "ID": 555052500190, "正式名称": "調剤薬局ツルハドラッグ　東通店", "機関区分": 5, "都道府県コード": 5, "市区町村コード": 201, "所在地": "秋田県秋田市東通８丁目１－３１", "緯度": 39.712191, "経度": 140.141102, "url": "https://www.iryou.teikyouseido.mhlw.go.jp/znk-web/juminkanja/S2430/initialize?prefCd=05&kikanCd=5052500190&kikanKbn=nan", "url2": "http://www.tsuruha.co.jp/", "内容": "調剤薬局ツルハドラッグ　東通店0秋田県秋田市東通８丁目１－３１" }, "geometry": { "type": "Point", "coordinates": [ 140.141102, 39.712191 ] } },
{ "type": "Feature", "properties": { "ID": 555052500200, "正式名称": "藤井薬局　東通店", "機関区分": 5, "都道府県コード": 5, "市区町村コード": 201, "所在地": "秋田県秋田市東通一丁目２２－１", "緯度": 39.715719, "経度": 140.136463, "url": "https://www.iryou.teikyouseido.mhlw.go.jp/znk-web/juminkanja/S2430/initialize?prefCd=05&kikanCd=5052500200&kikanKbn=nan", "url2": "http://www.meron-net.jp/fujii_pharm_h", "内容": "藤井薬局　東通店0秋田県秋田市東通一丁目２２－１" }, "geometry": { "type": "Point", "coordinates": [ 140.136463, 39.715719 ] } },
{ "type": "Feature", "properties": { "ID": 555052500220, "正式名称": "河畔薬局　秋田店", "機関区分": 5, "都道府県コード": 5, "市区町村コード": 201, "所在地": "秋田県秋田市南通亀の町３番１８号", "緯度": 39.710441, "経度": 140.117493, "url": "https://www.iryou.teikyouseido.mhlw.go.jp/znk-web/juminkanja/S2430/initialize?prefCd=05&kikanCd=5052500220&kikanKbn=nan", "url2": "https://sys-kahan.com/akita/", "内容": "河畔薬局　秋田店0秋田県秋田市南通亀の町３番１８号" }, "geometry": { "type": "Point", "coordinates": [ 140.117493, 39.710441 ] } },
{ "type": "Feature", "properties": { "ID": 555052500230, "正式名称": "有限会社　亀の町薬局", "機関区分": 5, "都道府県コード": 5, "市区町村コード": 201, "所在地": "秋田県秋田市南通亀の町４－１", "緯度": 39.711969, "経度": 140.117132, "url": "https://www.iryou.teikyouseido.mhlw.go.jp/znk-web/juminkanja/S2430/initialize?prefCd=05&kikanCd=5052500230&kikanKbn=nan", "url2": null, "内容": "有限会社　亀の町薬局0秋田県秋田市南通亀の町４－１" }, "geometry": { "type": "Point", "coordinates": [ 140.117132, 39.711969 ] } },
{ "type": "Feature", "properties": { "ID": 555052500240, "正式名称": "小泉薬局", "機関区分": 5, "都道府県コード": 5, "市区町村コード": 201, "所在地": "秋田県秋田市南通亀の町１４－２０", "緯度": 39.708746, "経度": 140.119882, "url": "https://www.iryou.teikyouseido.mhlw.go.jp/znk-web/juminkanja/S2430/initialize?prefCd=05&kikanCd=5052500240&kikanKbn=nan", "url2": "https://www.good-np.com/", "内容": "小泉薬局0秋田県秋田市南通亀の町１４－２０" }, "geometry": { "type": "Point", "coordinates": [ 140.119882, 39.708746 ] } },
{ "type": "Feature", "properties": { "ID": 555052500260, "正式名称": "株式会社アミック　中通調剤薬局", "機関区分": 5, "都道府県コード": 5, "市区町村コード": 201, "所在地": "秋田県秋田市南通築地２番３５号", "緯度": 39.711413, "経度": 140.123742, "url": "https://www.iryou.teikyouseido.mhlw.go.jp/znk-web/juminkanja/S2430/initialize?prefCd=05&kikanCd=5052500260&kikanKbn=nan", "url2": "http://www.akita-amic.co.jp", "内容": "株式会社アミック　中通調剤薬局0秋田県秋田市南通築地２番３５号" }, "geometry": { "type": "Point", "coordinates": [ 140.123742, 39.711413 ] } },
{ "type": "Feature", "properties": { "ID": 555052500280, "正式名称": "アイン薬局　中通店", "機関区分": 5, "都道府県コード": 5, "市区町村コード": 201, "所在地": "秋田県秋田市南通築地２－３１", "緯度": 39.710913, "経度": 140.124797, "url": "https://www.iryou.teikyouseido.mhlw.go.jp/znk-web/juminkanja/S2430/initialize?prefCd=05&kikanCd=5052500280&kikanKbn=nan", "url2": "https://www.ainj.co.jp", "内容": "アイン薬局　中通店0秋田県秋田市南通築地２－３１" }, "geometry": { "type": "Point", "coordinates": [ 140.124797, 39.710913 ] } },
{ "type": "Feature", "properties": { "ID": 555052500290, "正式名称": "セントラル薬局南通店", "機関区分": 5, "都道府県コード": 5, "市区町村コード": 201, "所在地": "秋田県秋田市南通宮田１番８号", "緯度": 39.711691, "経度": 140.128936, "url": "https://www.iryou.teikyouseido.mhlw.go.jp/znk-web/juminkanja/S2430/initialize?prefCd=05&kikanCd=5052500290&kikanKbn=nan", "url2": "http://www.akai-pharmacy.co.jp", "内容": "セントラル薬局南通店0秋田県秋田市南通宮田１番８号" }, "geometry": { "type": "Point", "coordinates": [ 140.128936, 39.711691 ] } },
{ "type": "Feature", "properties": { "ID": 555052500300, "正式名称": "かりほ橋薬局", "機関区分": 5, "都道府県コード": 5, "市区町村コード": 201, "所在地": "秋田県秋田市楢山登町５番２４号", "緯度": 39.70733, "経度": 140.113882, "url": "https://www.iryou.teikyouseido.mhlw.go.jp/znk-web/juminkanja/S2430/initialize?prefCd=05&kikanCd=5052500300&kikanKbn=nan", "url2": "http://hawk-akita.com/", "内容": "かりほ橋薬局0秋田県秋田市楢山登町５番２４号" }, "geometry": { "type": "Point", "coordinates": [ 140.113882, 39.70733 ] } },
{ "type": "Feature", "properties": { "ID": 555052500320, "正式名称": "イオン薬局秋田中央店", "機関区分": 5, "都道府県コード": 5, "市区町村コード": 201, "所在地": "秋田県秋田市楢山川口境５－１１", "緯度": 39.704136, "経度": 140.109633, "url": "https://www.iryou.teikyouseido.mhlw.go.jp/znk-web/juminkanja/S2430/initialize?prefCd=05&kikanCd=5052500320&kikanKbn=nan", "url2": null, "内容": "イオン薬局秋田中央店0秋田県秋田市楢山川口境５－１１" }, "geometry": { "type": "Point", "coordinates": [ 140.109633, 39.704136 ] } },
{ "type": "Feature", "properties": { "ID": 555052500340, "正式名称": "調剤薬局ツルハドラッグ秋田広面北店", "機関区分": 5, "都道府県コード": 5, "市区町村コード": 201, "所在地": "秋田県秋田市広面蓮沼９４－１", "緯度": 39.725857, "経度": 140.150489, "url": "https://www.iryou.teikyouseido.mhlw.go.jp/znk-web/juminkanja/S2430/initialize?prefCd=05&kikanCd=5052500340&kikanKbn=nan", "url2": "https://shop.tsuruha-g.com/0885c", "内容": "調剤薬局ツルハドラッグ秋田広面北店0秋田県秋田市広面蓮沼９４－１" }, "geometry": { "type": "Point", "coordinates": [ 140.150489, 39.725857 ] } },
{ "type": "Feature", "properties": { "ID": 555052500370, "正式名称": "丁酉会薬局", "機関区分": 5, "都道府県コード": 5, "市区町村コード": 201, "所在地": "秋田県秋田市広面糠塚１１８－１", "緯度": 39.710052, "経度": 140.13513, "url": "https://www.iryou.teikyouseido.mhlw.go.jp/znk-web/juminkanja/S2430/initialize?prefCd=05&kikanCd=5052500370&kikanKbn=nan", "url2": null, "内容": "丁酉会薬局0秋田県秋田市広面糠塚１１８－１" }, "geometry": { "type": "Point", "coordinates": [ 140.13513, 39.710052 ] } },
{ "type": "Feature", "properties": { "ID": 555052500380, "正式名称": "城東薬局", "機関区分": 5, "都道府県コード": 5, "市区町村コード": 201, "所在地": "秋田県秋田市広面鍋沼５６－１", "緯度": 39.716219, "経度": 140.146323, "url": "https://www.iryou.teikyouseido.mhlw.go.jp/znk-web/juminkanja/S2430/initialize?prefCd=05&kikanCd=5052500380&kikanKbn=nan", "url2": "http://www.pands.jp/pharmacy/cat8/post.html", "内容": "城東薬局0秋田県秋田市広面鍋沼５６－１" }, "geometry": { "type": "Point", "coordinates": [ 140.146323, 39.716219 ] } },
{ "type": "Feature", "properties": { "ID": 555052500400, "正式名称": "さくら薬局　広面店", "機関区分": 5, "都道府県コード": 5, "市区町村コード": 201, "所在地": "秋田県秋田市広面字樋ノ沖２８－４", "緯度": 39.716246, "経度": 140.150601, "url": "https://www.iryou.teikyouseido.mhlw.go.jp/znk-web/juminkanja/S2430/initialize?prefCd=05&kikanCd=5052500400&kikanKbn=nan", "url2": "http://www.akai-pharmacy.co.jp", "内容": "さくら薬局　広面店0秋田県秋田市広面字樋ノ沖２８－４" }, "geometry": { "type": "Point", "coordinates": [ 140.150601, 39.716246 ] } },
{ "type": "Feature", "properties": { "ID": 555052500410, "正式名称": "薬局エール　大学病院前店", "機関区分": 5, "都道府県コード": 5, "市区町村コード": 201, "所在地": "秋田県秋田市広面蓮沼６８番地２", "緯度": 39.729301, "経度": 140.14935, "url": "https://www.iryou.teikyouseido.mhlw.go.jp/znk-web/juminkanja/S2430/initialize?prefCd=05&kikanCd=5052500410&kikanKbn=nan", "url2": "http://www.akita-amic.co.jp", "内容": "薬局エール　大学病院前店0秋田県秋田市広面蓮沼６８番地２" }, "geometry": { "type": "Point", "coordinates": [ 140.14935, 39.729301 ] } },
{ "type": "Feature", "properties": { "ID": 555052500420, "正式名称": "太海堂漢方", "機関区分": 5, "都道府県コード": 5, "市区町村コード": 201, "所在地": "秋田県秋田市広面谷内田５１－３", "緯度": 39.718302, "経度": 140.146573, "url": "https://www.iryou.teikyouseido.mhlw.go.jp/znk-web/juminkanja/S2430/initialize?prefCd=05&kikanCd=5052500420&kikanKbn=nan", "url2": "https://www.taikaidou.com", "内容": "太海堂漢方0秋田県秋田市広面谷内田５１－３" }, "geometry": { "type": "Point", "coordinates": [ 140.146573, 39.718302 ] } },
{ "type": "Feature", "properties": { "ID": 555052500430, "正式名称": "佐野薬局　広面店", "機関区分": 5, "都道府県コード": 5, "市区町村コード": 201, "所在地": "秋田県秋田市広面堤敷２５－１", "緯度": 39.729607, "経度": 140.147379, "url": "https://www.iryou.teikyouseido.mhlw.go.jp/znk-web/juminkanja/S2430/initialize?prefCd=05&kikanCd=5052500430&kikanKbn=nan", "url2": "https://www.sano-ph.co.jp", "内容": "佐野薬局　広面店0秋田県秋田市広面堤敷２５－１" }, "geometry": { "type": "Point", "coordinates": [ 140.147379, 39.729607 ] } },
{ "type": "Feature", "properties": { "ID": 555052500460, "正式名称": "勝又薬局", "機関区分": 5, "都道府県コード": 5, "市区町村コード": 201, "所在地": "秋田県秋田市横森三丁目１番４号", "緯度": 39.706359, "経度": 140.142213, "url": "https://www.iryou.teikyouseido.mhlw.go.jp/znk-web/juminkanja/S2430/initialize?prefCd=05&kikanCd=5052500460&kikanKbn=nan", "url2": "http://www.kagaya-grp.co.jp/", "内容": "勝又薬局0秋田県秋田市横森三丁目１番４号" }, "geometry": { "type": "Point", "coordinates": [ 140.142213, 39.706359 ] } },
{ "type": "Feature", "properties": { "ID": 555052500470, "正式名称": "専仁堂薬局", "機関区分": 5, "都道府県コード": 5, "市区町村コード": 201, "所在地": "秋田県秋田市牛島東一丁目２番７号", "緯度": 39.7011, "経度": 140.118015, "url": "https://www.iryou.teikyouseido.mhlw.go.jp/znk-web/juminkanja/S2430/initialize?prefCd=05&kikanCd=5052500470&kikanKbn=nan", "url2": "https://epark.jp/shopinfo/ksr417460/", "内容": "専仁堂薬局0秋田県秋田市牛島東一丁目２番７号" }, "geometry": { "type": "Point", "coordinates": [ 140.118015, 39.7011 ] } },
{ "type": "Feature", "properties": { "ID": 555052500480, "正式名称": "アイリス薬局", "機関区分": 5, "都道府県コード": 5, "市区町村コード": 201, "所在地": "秋田県秋田市牛島東５－９－３９", "緯度": 39.695693, "経度": 140.124493, "url": "https://www.iryou.teikyouseido.mhlw.go.jp/znk-web/juminkanja/S2430/initialize?prefCd=05&kikanCd=5052500480&kikanKbn=nan", "url2": "http://www.pands.jp/", "内容": "アイリス薬局0秋田県秋田市牛島東５－９－３９" }, "geometry": { "type": "Point", "coordinates": [ 140.124493, 39.695693 ] } },
{ "type": "Feature", "properties": { "ID": 555052500500, "正式名称": "卸町薬局", "機関区分": 5, "都道府県コード": 5, "市区町村コード": 201, "所在地": "秋田県秋田市茨島四丁目４－２８", "緯度": 39.696136, "経度": 140.104911, "url": "https://www.iryou.teikyouseido.mhlw.go.jp/znk-web/juminkanja/S2430/initialize?prefCd=05&kikanCd=5052500500&kikanKbn=nan", "url2": null, "内容": "卸町薬局0秋田県秋田市茨島四丁目４－２８" }, "geometry": { "type": "Point", "coordinates": [ 140.104911, 39.696136 ] } },
{ "type": "Feature", "properties": { "ID": 555052500510, "正式名称": "佐野薬局　下新城店", "機関区分": 5, "都道府県コード": 5, "市区町村コード": 201, "所在地": "秋田県秋田市下新城長岡毛無谷地２６４－３", "緯度": 39.805735, "経度": 140.060965, "url": "https://www.iryou.teikyouseido.mhlw.go.jp/znk-web/juminkanja/S2430/initialize?prefCd=05&kikanCd=5052500510&kikanKbn=nan", "url2": "http://www.sano-ph.co.jp/mm/index.php", "内容": "佐野薬局　下新城店0秋田県秋田市下新城長岡毛無谷地２６４－３" }, "geometry": { "type": "Point", "coordinates": [ 140.060965, 39.805735 ] } },
{ "type": "Feature", "properties": { "ID": 555052500520, "正式名称": "追分佐野薬局", "機関区分": 5, "都道府県コード": 5, "市区町村コード": 201, "所在地": "秋田県秋田市下新城中野琵琶沼２２６－１", "緯度": 39.804958, "経度": 140.057826, "url": "https://www.iryou.teikyouseido.mhlw.go.jp/znk-web/juminkanja/S2430/initialize?prefCd=05&kikanCd=5052500520&kikanKbn=nan", "url2": "http://www.sano-ph.co.jp", "内容": "追分佐野薬局0秋田県秋田市下新城中野琵琶沼２２６－１" }, "geometry": { "type": "Point", "coordinates": [ 140.057826, 39.804958 ] } },
{ "type": "Feature", "properties": { "ID": 555052500530, "正式名称": "外旭川いわま薬局", "機関区分": 5, "都道府県コード": 5, "市区町村コード": 201, "所在地": "秋田県秋田市外旭川字待合１３－６", "緯度": 39.751019, "経度": 140.095465, "url": "https://www.iryou.teikyouseido.mhlw.go.jp/znk-web/juminkanja/S2430/initialize?prefCd=05&kikanCd=5052500530&kikanKbn=nan", "url2": "https://iwama-ph.co.jp", "内容": "外旭川いわま薬局0秋田県秋田市外旭川字待合１３－６" }, "geometry": { "type": "Point", "coordinates": [ 140.095465, 39.751019 ] } },
{ "type": "Feature", "properties": { "ID": 555052500550, "正式名称": "スダ薬局", "機関区分": 5, "都道府県コード": 5, "市区町村コード": 201, "所在地": "秋田県秋田市外旭川字梶ノ目５０９－３", "緯度": 39.745965, "経度": 140.106436, "url": "https://www.iryou.teikyouseido.mhlw.go.jp/znk-web/juminkanja/S2430/initialize?prefCd=05&kikanCd=5052500550&kikanKbn=nan", "url2": null, "内容": "スダ薬局0秋田県秋田市外旭川字梶ノ目５０９－３" }, "geometry": { "type": "Point", "coordinates": [ 140.106436, 39.745965 ] } },
{ "type": "Feature", "properties": { "ID": 555052500560, "正式名称": "すずらん薬局　泉店", "機関区分": 5, "都道府県コード": 5, "市区町村コード": 201, "所在地": "秋田県秋田市泉一ノ坪２４－５", "緯度": 39.736827, "経度": 140.118381, "url": "https://www.iryou.teikyouseido.mhlw.go.jp/znk-web/juminkanja/S2430/initialize?prefCd=05&kikanCd=5052500560&kikanKbn=nan", "url2": "http://www.suzuran-akita.com", "内容": "すずらん薬局　泉店0秋田県秋田市泉一ノ坪２４－５" }, "geometry": { "type": "Point", "coordinates": [ 140.118381, 39.736827 ] } },
{ "type": "Feature", "properties": { "ID": 555052500570, "正式名称": "いずみメイプル薬局", "機関区分": 5, "都道府県コード": 5, "市区町村コード": 201, "所在地": "秋田県秋田市泉東町８番５８号", "緯度": 39.734272, "経度": 140.126324, "url": "https://www.iryou.teikyouseido.mhlw.go.jp/znk-web/juminkanja/S2430/initialize?prefCd=05&kikanCd=5052500570&kikanKbn=nan", "url2": "https://pands.jp/", "内容": "いずみメイプル薬局0秋田県秋田市泉東町８番５８号" }, "geometry": { "type": "Point", "coordinates": [ 140.126324, 39.734272 ] } },
{ "type": "Feature", "properties": { "ID": 555052500580, "正式名称": "アイ薬局", "機関区分": 5, "都道府県コード": 5, "市区町村コード": 201, "所在地": "秋田県秋田市泉字登木２２７－２　ソルナビル１階", "緯度": 39.737382, "経度": 140.102076, "url": "https://www.iryou.teikyouseido.mhlw.go.jp/znk-web/juminkanja/S2430/initialize?prefCd=05&kikanCd=5052500580&kikanKbn=nan", "url2": null, "内容": "アイ薬局0秋田県秋田市泉字登木２２７－２　ソルナビル１階" }, "geometry": { "type": "Point", "coordinates": [ 140.102076, 39.737382 ] } },
{ "type": "Feature", "properties": { "ID": 555052500600, "正式名称": "藤井薬局", "機関区分": 5, "都道府県コード": 5, "市区町村コード": 201, "所在地": "秋田県秋田市手形中谷地３２５番地", "緯度": 39.717552, "経度": 140.137518, "url": "https://www.iryou.teikyouseido.mhlw.go.jp/znk-web/juminkanja/S2430/initialize?prefCd=05&kikanCd=5052500600&kikanKbn=nan", "url2": "https://meron-net.shop/ds/fujii_pharm", "内容": "藤井薬局0秋田県秋田市手形中谷地３２５番地" }, "geometry": { "type": "Point", "coordinates": [ 140.137518, 39.717552 ] } },
{ "type": "Feature", "properties": { "ID": 555052500620, "正式名称": "さくら薬局手形住吉店", "機関区分": 5, "都道府県コード": 5, "市区町村コード": 201, "所在地": "秋田県秋田市手形住吉町２番３号", "緯度": 39.726162, "経度": 140.129935, "url": "https://www.iryou.teikyouseido.mhlw.go.jp/znk-web/juminkanja/S2430/initialize?prefCd=05&kikanCd=5052500620&kikanKbn=nan", "url2": "https://www.akai-pharmacy.co.jp/", "内容": "さくら薬局手形住吉店0秋田県秋田市手形住吉町２番３号" }, "geometry": { "type": "Point", "coordinates": [ 140.129935, 39.726162 ] } },
{ "type": "Feature", "properties": { "ID": 555052500640, "正式名称": "有限会社　今薬局", "機関区分": 5, "都道府県コード": 5, "市区町村コード": 201, "所在地": "秋田県秋田市千秋明徳町２－１９", "緯度": 39.71894, "経度": 140.119992, "url": "https://www.iryou.teikyouseido.mhlw.go.jp/znk-web/juminkanja/S2430/initialize?prefCd=05&kikanCd=5052500640&kikanKbn=nan", "url2": null, "内容": "有限会社　今薬局0秋田県秋田市千秋明徳町２－１９" }, "geometry": { "type": "Point", "coordinates": [ 140.119992, 39.71894 ] } },
{ "type": "Feature", "properties": { "ID": 555052500650, "正式名称": "ほどの薬局", "機関区分": 5, "都道府県コード": 5, "市区町村コード": 201, "所在地": "秋田県秋田市保戸野八丁２番１０号", "緯度": 39.726856, "経度": 140.119519, "url": "https://www.iryou.teikyouseido.mhlw.go.jp/znk-web/juminkanja/S2430/initialize?prefCd=05&kikanCd=5052500650&kikanKbn=nan", "url2": "http://www.kagaya-grp.co.jp/", "内容": "ほどの薬局0秋田県秋田市保戸野八丁２番１０号" }, "geometry": { "type": "Point", "coordinates": [ 140.119519, 39.726856 ] } },
{ "type": "Feature", "properties": { "ID": 555052500660, "正式名称": "佐野薬局　原の町店", "機関区分": 5, "都道府県コード": 5, "市区町村コード": 201, "所在地": "秋田県秋田市保戸野鉄砲町１０－６", "緯度": 39.722551, "経度": 140.109715, "url": "https://www.iryou.teikyouseido.mhlw.go.jp/znk-web/juminkanja/S2430/initialize?prefCd=05&kikanCd=5052500660&kikanKbn=nan", "url2": "http://www.sano-ph.co.jp", "内容": "佐野薬局　原の町店0秋田県秋田市保戸野鉄砲町１０－６" }, "geometry": { "type": "Point", "coordinates": [ 140.109715, 39.722551 ] } },
{ "type": "Feature", "properties": { "ID": 555052500690, "正式名称": "佐野調剤薬局", "機関区分": 5, "都道府県コード": 5, "市区町村コード": 201, "所在地": "秋田県秋田市保戸野通町４－１５", "緯度": 39.721579, "経度": 140.117103, "url": "https://www.iryou.teikyouseido.mhlw.go.jp/znk-web/juminkanja/S2430/initialize?prefCd=05&kikanCd=5052500690&kikanKbn=nan", "url2": "http://www.sano-ph.co.jp", "内容": "佐野調剤薬局0秋田県秋田市保戸野通町４－１５" }, "geometry": { "type": "Point", "coordinates": [ 140.117103, 39.721579 ] } },
{ "type": "Feature", "properties": { "ID": 555052500700, "正式名称": "佐野薬局本店", "機関区分": 5, "都道府県コード": 5, "市区町村コード": 201, "所在地": "秋田県秋田市保戸野通町３番３１号", "緯度": 39.72119, "経度": 140.117353, "url": "https://www.iryou.teikyouseido.mhlw.go.jp/znk-web/juminkanja/S2430/initialize?prefCd=05&kikanCd=5052500700&kikanKbn=nan", "url2": "http://www.sano-ph.co.jp", "内容": "佐野薬局本店0秋田県秋田市保戸野通町３番３１号" }, "geometry": { "type": "Point", "coordinates": [ 140.117353, 39.72119 ] } },
{ "type": "Feature", "properties": { "ID": 555052500730, "正式名称": "佐野薬局保戸野千代田町店", "機関区分": 5, "都道府県コード": 5, "市区町村コード": 201, "所在地": "秋田県秋田市保戸野千代田町１４－７エンプレス泉１階", "緯度": 39.728189, "経度": 140.110048, "url": "https://www.iryou.teikyouseido.mhlw.go.jp/znk-web/juminkanja/S2430/initialize?prefCd=05&kikanCd=5052500730&kikanKbn=nan", "url2": "http://www.sano-ph.co.jp", "内容": "佐野薬局保戸野千代田町店0秋田県秋田市保戸野千代田町１４－７エンプレス泉１階" }, "geometry": { "type": "Point", "coordinates": [ 140.110048, 39.728189 ] } },
{ "type": "Feature", "properties": { "ID": 555052500740, "正式名称": "ほの花調剤薬局　いずみ店", "機関区分": 5, "都道府県コード": 5, "市区町村コード": 201, "所在地": "秋田県秋田市泉北三丁目１７番１７号", "緯度": 39.735493, "経度": 140.110742, "url": "https://www.iryou.teikyouseido.mhlw.go.jp/znk-web/juminkanja/S2430/initialize?prefCd=05&kikanCd=5052500740&kikanKbn=nan", "url2": "https://www.mediasu.jp", "内容": "ほの花調剤薬局　いずみ店0秋田県秋田市泉北三丁目１７番１７号" }, "geometry": { "type": "Point", "coordinates": [ 140.110742, 39.735493 ] } },
{ "type": "Feature", "properties": { "ID": 555052500780, "正式名称": "ラベンダー薬局", "機関区分": 5, "都道府県コード": 5, "市区町村コード": 201, "所在地": "秋田県秋田市泉南３丁目１８－１１", "緯度": 39.729272, "経度": 140.117408, "url": "https://www.iryou.teikyouseido.mhlw.go.jp/znk-web/juminkanja/S2430/initialize?prefCd=05&kikanCd=5052500780&kikanKbn=nan", "url2": "https://pands.jp/", "内容": "ラベンダー薬局0秋田県秋田市泉南３丁目１８－１１" }, "geometry": { "type": "Point", "coordinates": [ 140.117408, 39.729272 ] } },
{ "type": "Feature", "properties": { "ID": 555052500800, "正式名称": "株式会社　山田相談薬局", "機関区分": 5, "都道府県コード": 5, "市区町村コード": 201, "所在地": "秋田県秋田市大町１丁目６－２１", "緯度": 39.721273, "経度": 140.113548, "url": "https://www.iryou.teikyouseido.mhlw.go.jp/znk-web/juminkanja/S2430/initialize?prefCd=05&kikanCd=5052500800&kikanKbn=nan", "url2": "https://yamadasoudan.jp/", "内容": "株式会社　山田相談薬局0秋田県秋田市大町１丁目６－２１" }, "geometry": { "type": "Point", "coordinates": [ 140.113548, 39.721273 ] } },
{ "type": "Feature", "properties": { "ID": 555052500830, "正式名称": "やよい薬局", "機関区分": 5, "都道府県コード": 5, "市区町村コード": 201, "所在地": "秋田県秋田市旭北栄町５番地１８号", "緯度": 39.721495, "経度": 140.110576, "url": "https://www.iryou.teikyouseido.mhlw.go.jp/znk-web/juminkanja/S2430/initialize?prefCd=05&kikanCd=5052500830&kikanKbn=nan", "url2": "http://hawk-akita.com/", "内容": "やよい薬局0秋田県秋田市旭北栄町５番地１８号" }, "geometry": { "type": "Point", "coordinates": [ 140.110576, 39.721495 ] } },
{ "type": "Feature", "properties": { "ID": 555052500850, "正式名称": "いちご調剤薬局", "機関区分": 5, "都道府県コード": 5, "市区町村コード": 201, "所在地": "秋田県秋田市川元山下町７－２２", "緯度": 39.712719, "経度": 140.10516, "url": "https://www.iryou.teikyouseido.mhlw.go.jp/znk-web/juminkanja/S2430/initialize?prefCd=05&kikanCd=5052500850&kikanKbn=nan", "url2": null, "内容": "いちご調剤薬局0秋田県秋田市川元山下町７－２２" }, "geometry": { "type": "Point", "coordinates": [ 140.10516, 39.712719 ] } },
{ "type": "Feature", "properties": { "ID": 555052500860, "正式名称": "佐野薬局　中央店", "機関区分": 5, "都道府県コード": 5, "市区町村コード": 201, "所在地": "秋田県秋田市川元山下町７－３５", "緯度": 39.712663, "経度": 140.104021, "url": "https://www.iryou.teikyouseido.mhlw.go.jp/znk-web/juminkanja/S2430/initialize?prefCd=05&kikanCd=5052500860&kikanKbn=nan", "url2": null, "内容": "佐野薬局　中央店0秋田県秋田市川元山下町７－３５" }, "geometry": { "type": "Point", "coordinates": [ 140.104021, 39.712663 ] } },
{ "type": "Feature", "properties": { "ID": 555052500870, "正式名称": "スパーク薬局", "機関区分": 5, "都道府県コード": 5, "市区町村コード": 201, "所在地": "秋田県秋田市川元山下町７番３２号　川元三幸ビル", "緯度": 39.712552, "経度": 140.104049, "url": "https://www.iryou.teikyouseido.mhlw.go.jp/znk-web/juminkanja/S2430/initialize?prefCd=05&kikanCd=5052500870&kikanKbn=nan", "url2": null, "内容": "スパーク薬局0秋田県秋田市川元山下町７番３２号　川元三幸ビル" }, "geometry": { "type": "Point", "coordinates": [ 140.104049, 39.712552 ] } },
{ "type": "Feature", "properties": { "ID": 555052500910, "正式名称": "みどりさわやか薬局", "機関区分": 5, "都道府県コード": 5, "市区町村コード": 201, "所在地": "秋田県秋田市川元松丘町４番５７号", "緯度": 39.711969, "経度": 140.102744, "url": "https://www.iryou.teikyouseido.mhlw.go.jp/znk-web/juminkanja/S2430/initialize?prefCd=05&kikanCd=5052500910&kikanKbn=nan", "url2": null, "内容": "みどりさわやか薬局0秋田県秋田市川元松丘町４番５７号" }, "geometry": { "type": "Point", "coordinates": [ 140.102744, 39.711969 ] } },
{ "type": "Feature", "properties": { "ID": 555052500920, "正式名称": "加賀千代薬局", "機関区分": 5, "都道府県コード": 5, "市区町村コード": 201, "所在地": "秋田県秋田市川尻上野町１－７３", "緯度": 39.709969, "経度": 140.102494, "url": "https://www.iryou.teikyouseido.mhlw.go.jp/znk-web/juminkanja/S2430/initialize?prefCd=05&kikanCd=5052500920&kikanKbn=nan", "url2": "http://www.kagaya-grp.co.jp", "内容": "加賀千代薬局0秋田県秋田市川尻上野町１－７３" }, "geometry": { "type": "Point", "coordinates": [ 140.102494, 39.709969 ] } },
{ "type": "Feature", "properties": { "ID": 555052500930, "正式名称": "山王たいよう薬局", "機関区分": 5, "都道府県コード": 5, "市区町村コード": 201, "所在地": "秋田県秋田市山王五丁目１０－２８　はりまビル", "緯度": 39.714662, "経度": 140.104827, "url": "https://www.iryou.teikyouseido.mhlw.go.jp/znk-web/juminkanja/S2430/initialize?prefCd=05&kikanCd=5052500930&kikanKbn=nan", "url2": "http://www.sanno-taiyo.com/", "内容": "山王たいよう薬局0秋田県秋田市山王五丁目１０－２８　はりまビル" }, "geometry": { "type": "Point", "coordinates": [ 140.104827, 39.714662 ] } },
{ "type": "Feature", "properties": { "ID": 555052500940, "正式名称": "山王薬局", "機関区分": 5, "都道府県コード": 5, "市区町村コード": 201, "所在地": "秋田県秋田市山王二丁目１番４９号", "緯度": 39.719495, "経度": 140.10577, "url": "https://www.iryou.teikyouseido.mhlw.go.jp/znk-web/juminkanja/S2430/initialize?prefCd=05&kikanCd=5052500940&kikanKbn=nan", "url2": "http://www2.sano-ph.co.jp/outline/p26.html", "内容": "山王薬局0秋田県秋田市山王二丁目１番４９号" }, "geometry": { "type": "Point", "coordinates": [ 140.10577, 39.719495 ] } },
{ "type": "Feature", "properties": { "ID": 555052500950, "正式名称": "なでしこ薬局", "機関区分": 5, "都道府県コード": 5, "市区町村コード": 201, "所在地": "秋田県秋田市山王新町１９－３０", "緯度": 39.716301, "経度": 140.093495, "url": "https://www.iryou.teikyouseido.mhlw.go.jp/znk-web/juminkanja/S2430/initialize?prefCd=05&kikanCd=5052500950&kikanKbn=nan", "url2": "http://pands.jp/", "内容": "なでしこ薬局0秋田県秋田市山王新町１９－３０" }, "geometry": { "type": "Point", "coordinates": [ 140.093495, 39.716301 ] } },
{ "type": "Feature", "properties": { "ID": 555052500960, "正式名称": "山王佐野薬局", "機関区分": 5, "都道府県コード": 5, "市区町村コード": 201, "所在地": "秋田県秋田市山王中園町３－１１、カメイビル１階", "緯度": 39.713884, "経度": 140.096716, "url": "https://www.iryou.teikyouseido.mhlw.go.jp/znk-web/juminkanja/S2430/initialize?prefCd=05&kikanCd=5052500960&kikanKbn=nan", "url2": "http://www.sano-ph.co.jp", "内容": "山王佐野薬局0秋田県秋田市山王中園町３－１１、カメイビル１階" }, "geometry": { "type": "Point", "coordinates": [ 140.096716, 39.713884 ] } },
{ "type": "Feature", "properties": { "ID": 555052500970, "正式名称": "池田薬局　山王中園店", "機関区分": 5, "都道府県コード": 5, "市区町村コード": 201, "所在地": "秋田県秋田市山王中園町１０番２８号", "緯度": 39.714495, "経度": 140.093467, "url": "https://www.iryou.teikyouseido.mhlw.go.jp/znk-web/juminkanja/S2430/initialize?prefCd=05&kikanCd=5052500970&kikanKbn=nan", "url2": "http://www.ikeyaku.co.jp/", "内容": "池田薬局　山王中園店0秋田県秋田市山王中園町１０番２８号" }, "geometry": { "type": "Point", "coordinates": [ 140.093467, 39.714495 ] } },
{ "type": "Feature", "properties": { "ID": 555052500990, "正式名称": "那波薬局　八橋店", "機関区分": 5, "都道府県コード": 5, "市区町村コード": 201, "所在地": "秋田県秋田市八橋三和町１８番１２号", "緯度": 39.730161, "経度": 140.099548, "url": "https://www.iryou.teikyouseido.mhlw.go.jp/znk-web/juminkanja/S2430/initialize?prefCd=05&kikanCd=5052500990&kikanKbn=nan", "url2": null, "内容": "那波薬局　八橋店0秋田県秋田市八橋三和町１８番１２号" }, "geometry": { "type": "Point", "coordinates": [ 140.099548, 39.730161 ] } },
{ "type": "Feature", "properties": { "ID": 555052501000, "正式名称": "みわ薬局", "機関区分": 5, "都道府県コード": 5, "市区町村コード": 201, "所在地": "秋田県秋田市八橋三和町１３－１６", "緯度": 39.729494, "経度": 140.10102, "url": "https://www.iryou.teikyouseido.mhlw.go.jp/znk-web/juminkanja/S2430/initialize?prefCd=05&kikanCd=5052501000&kikanKbn=nan", "url2": "http://www.akai-pharmacy.co.jp", "内容": "みわ薬局0秋田県秋田市八橋三和町１３－１６" }, "geometry": { "type": "Point", "coordinates": [ 140.10102, 39.729494 ] } },
{ "type": "Feature", "properties": { "ID": 555052501010, "正式名称": "みるく調剤薬局", "機関区分": 5, "都道府県コード": 5, "市区町村コード": 201, "所在地": "秋田県秋田市八橋田五郎二丁目１３－１７", "緯度": 39.729939, "経度": 140.093994, "url": "https://www.iryou.teikyouseido.mhlw.go.jp/znk-web/juminkanja/S2430/initialize?prefCd=05&kikanCd=5052501010&kikanKbn=nan", "url2": null, "内容": "みるく調剤薬局0秋田県秋田市八橋田五郎二丁目１３－１７" }, "geometry": { "type": "Point", "coordinates": [ 140.093994, 39.729939 ] } },
{ "type": "Feature", "properties": { "ID": 555052501020, "正式名称": "八橋佐野薬局", "機関区分": 5, "都道府県コード": 5, "市区町村コード": 201, "所在地": "秋田県秋田市八橋本町３－１－４５　ユニバースビル１Ｆ", "緯度": 39.725994, "経度": 140.092383, "url": "https://www.iryou.teikyouseido.mhlw.go.jp/znk-web/juminkanja/S2430/initialize?prefCd=05&kikanCd=5052501020&kikanKbn=nan", "url2": "http://www.sano-ph.co.jp", "内容": "八橋佐野薬局0秋田県秋田市八橋本町３－１－４５　ユニバースビル１Ｆ" }, "geometry": { "type": "Point", "coordinates": [ 140.092383, 39.725994 ] } },
{ "type": "Feature", "properties": { "ID": 555052501030, "正式名称": "みその薬局", "機関区分": 5, "都道府県コード": 5, "市区町村コード": 201, "所在地": "秋田県秋田市八橋本町５丁目８番地３１号", "緯度": 39.726939, "経度": 140.095938, "url": "https://www.iryou.teikyouseido.mhlw.go.jp/znk-web/juminkanja/S2430/initialize?prefCd=05&kikanCd=5052501030&kikanKbn=nan", "url2": "http://hawk-akita.com/", "内容": "みその薬局0秋田県秋田市八橋本町５丁目８番地３１号" }, "geometry": { "type": "Point", "coordinates": [ 140.095938, 39.726939 ] } },
{ "type": "Feature", "properties": { "ID": 555052501040, "正式名称": "雄和薬局", "機関区分": 5, "都道府県コード": 5, "市区町村コード": 201, "所在地": "秋田県秋田市雄和妙法上大部１３３－３", "緯度": 39.591622, "経度": 140.168216, "url": "https://www.iryou.teikyouseido.mhlw.go.jp/znk-web/juminkanja/S2430/initialize?prefCd=05&kikanCd=5052501040&kikanKbn=nan", "url2": "https://www.nakadori.co.jp/yuwa/", "内容": "雄和薬局0秋田県秋田市雄和妙法上大部１３３－３" }, "geometry": { "type": "Point", "coordinates": [ 140.168216, 39.591622 ] } },
{ "type": "Feature", "properties": { "ID": 555052501050, "正式名称": "秋田みなみ会営薬局", "機関区分": 5, "都道府県コード": 5, "市区町村コード": 201, "所在地": "秋田県秋田市上北手猿田苗代沢２０７－３", "緯度": 39.687055, "経度": 140.154574, "url": "https://www.iryou.teikyouseido.mhlw.go.jp/znk-web/juminkanja/S2430/initialize?prefCd=05&kikanCd=5052501050&kikanKbn=nan", "url2": null, "内容": "秋田みなみ会営薬局0秋田県秋田市上北手猿田苗代沢２０７－３" }, "geometry": { "type": "Point", "coordinates": [ 140.154574, 39.687055 ] } },
{ "type": "Feature", "properties": { "ID": 555052501060, "正式名称": "金星堂薬局", "機関区分": 5, "都道府県コード": 5, "市区町村コード": 201, "所在地": "秋田県秋田市南ケ丘２丁目９番１号", "緯度": 39.688361, "経度": 140.161755, "url": "https://www.iryou.teikyouseido.mhlw.go.jp/znk-web/juminkanja/S2430/initialize?prefCd=05&kikanCd=5052501060&kikanKbn=nan", "url2": "https://meron-net.shop/ds/kinsei/", "内容": "金星堂薬局0秋田県秋田市南ケ丘２丁目９番１号" }, "geometry": { "type": "Point", "coordinates": [ 140.161755, 39.688361 ] } },
{ "type": "Feature", "properties": { "ID": 555052501070, "正式名称": "ニュータウンさくら薬局", "機関区分": 5, "都道府県コード": 5, "市区町村コード": 201, "所在地": "秋田県秋田市御所野地蔵田二丁目１番３－５号", "緯度": 39.664336, "経度": 140.157603, "url": "https://www.iryou.teikyouseido.mhlw.go.jp/znk-web/juminkanja/S2430/initialize?prefCd=05&kikanCd=5052501070&kikanKbn=nan", "url2": "http://www.akai-pharmacy.co.jp", "内容": "ニュータウンさくら薬局0秋田県秋田市御所野地蔵田二丁目１番３－５号" }, "geometry": { "type": "Point", "coordinates": [ 140.157603, 39.664336 ] } },
{ "type": "Feature", "properties": { "ID": 555052501080, "正式名称": "スプリング調剤薬局", "機関区分": 5, "都道府県コード": 5, "市区町村コード": 201, "所在地": "秋田県秋田市御所野地蔵田二丁目１－７", "緯度": 39.663808, "経度": 140.157714, "url": "https://www.iryou.teikyouseido.mhlw.go.jp/znk-web/juminkanja/S2430/initialize?prefCd=05&kikanCd=5052501080&kikanKbn=nan", "url2": null, "内容": "スプリング調剤薬局0秋田県秋田市御所野地蔵田二丁目１－７" }, "geometry": { "type": "Point", "coordinates": [ 140.157714, 39.663808 ] } },
{ "type": "Feature", "properties": { "ID": 555052501090, "正式名称": "イオン薬局御所野店", "機関区分": 5, "都道府県コード": 5, "市区町村コード": 201, "所在地": "秋田県秋田市御所野地蔵田１－１－１　イオンショッピングセンター", "緯度": 39.663141, "経度": 140.161268, "url": "https://www.iryou.teikyouseido.mhlw.go.jp/znk-web/juminkanja/S2430/initialize?prefCd=05&kikanCd=5052501090&kikanKbn=nan", "url2": null, "内容": "イオン薬局御所野店0秋田県秋田市御所野地蔵田１－１－１　イオンショッピングセンター" }, "geometry": { "type": "Point", "coordinates": [ 140.161268, 39.663141 ] } },
{ "type": "Feature", "properties": { "ID": 555052501100, "正式名称": "元町薬局", "機関区分": 5, "都道府県コード": 5, "市区町村コード": 201, "所在地": "秋田県秋田市御所野元町４丁目１４－３１", "緯度": 39.66153, "経度": 140.171713, "url": "https://www.iryou.teikyouseido.mhlw.go.jp/znk-web/juminkanja/S2430/initialize?prefCd=05&kikanCd=5052501100&kikanKbn=nan", "url2": "https://www.furu-cho.co.jp/", "内容": "元町薬局0秋田県秋田市御所野元町４丁目１４－３１" }, "geometry": { "type": "Point", "coordinates": [ 140.171713, 39.66153 ] } },
{ "type": "Feature", "properties": { "ID": 555052501110, "正式名称": "赤井ごしょの薬局", "機関区分": 5, "都道府県コード": 5, "市区町村コード": 201, "所在地": "秋田県秋田市御所野元町５丁目３番４号", "緯度": 39.660752, "経度": 140.168268, "url": "https://www.iryou.teikyouseido.mhlw.go.jp/znk-web/juminkanja/S2430/initialize?prefCd=05&kikanCd=5052501110&kikanKbn=nan", "url2": "http://www.akai-pharmacy.co.jp", "内容": "赤井ごしょの薬局0秋田県秋田市御所野元町５丁目３番４号" }, "geometry": { "type": "Point", "coordinates": [ 140.168268, 39.660752 ] } },
{ "type": "Feature", "properties": { "ID": 555052501120, "正式名称": "みゆき調剤薬局", "機関区分": 5, "都道府県コード": 5, "市区町村コード": 201, "所在地": "秋田県秋田市仁井田本町３丁目２６－３５", "緯度": 39.677139, "経度": 140.13377, "url": "https://www.iryou.teikyouseido.mhlw.go.jp/znk-web/juminkanja/S2430/initialize?prefCd=05&kikanCd=5052501120&kikanKbn=nan", "url2": "https://www.facebook.com/miyukipharmacy/", "内容": "みゆき調剤薬局0秋田県秋田市仁井田本町３丁目２６－３５" }, "geometry": { "type": "Point", "coordinates": [ 140.13377, 39.677139 ] } },
{ "type": "Feature", "properties": { "ID": 555052501130, "正式名称": "小町堂薬局", "機関区分": 5, "都道府県コード": 5, "市区町村コード": 201, "所在地": "秋田県秋田市御野場二丁目１３番１１号", "緯度": 39.673449, "経度": 140.132125, "url": "https://www.iryou.teikyouseido.mhlw.go.jp/znk-web/juminkanja/S2430/initialize?prefCd=05&kikanCd=5052501130&kikanKbn=nan", "url2": null, "内容": "小町堂薬局0秋田県秋田市御野場二丁目１３番１１号" }, "geometry": { "type": "Point", "coordinates": [ 140.132125, 39.673449 ] } },
{ "type": "Feature", "properties": { "ID": 555052501150, "正式名称": "長尾薬局　御野場店", "機関区分": 5, "都道府県コード": 5, "市区町村コード": 201, "所在地": "秋田県秋田市御野場新町四丁目７番２５号", "緯度": 39.669085, "経度": 140.125799, "url": "https://www.iryou.teikyouseido.mhlw.go.jp/znk-web/juminkanja/S2430/initialize?prefCd=05&kikanCd=5052501150&kikanKbn=nan", "url2": "https://www.furu-cho.co.jp/", "内容": "長尾薬局　御野場店0秋田県秋田市御野場新町四丁目７番２５号" }, "geometry": { "type": "Point", "coordinates": [ 140.125799, 39.669085 ] } },
{ "type": "Feature", "properties": { "ID": 555052501160, "正式名称": "おのば薬局", "機関区分": 5, "都道府県コード": 5, "市区町村コード": 201, "所在地": "秋田県秋田市御野場新町二丁目８番１５号", "緯度": 39.671223, "経度": 140.123494, "url": "https://www.iryou.teikyouseido.mhlw.go.jp/znk-web/juminkanja/S2430/initialize?prefCd=05&kikanCd=5052501160&kikanKbn=nan", "url2": null, "内容": "おのば薬局0秋田県秋田市御野場新町二丁目８番１５号" }, "geometry": { "type": "Point", "coordinates": [ 140.123494, 39.671223 ] } },
{ "type": "Feature", "properties": { "ID": 555052501170, "正式名称": "くるみ薬局", "機関区分": 5, "都道府県コード": 5, "市区町村コード": 201, "所在地": "秋田県秋田市仁井田新田二丁目１４番３４号", "緯度": 39.678223, "経度": 140.123133, "url": "https://www.iryou.teikyouseido.mhlw.go.jp/znk-web/juminkanja/S2430/initialize?prefCd=05&kikanCd=5052501170&kikanKbn=nan", "url2": "http://www.neo-universe.com/kurumi", "内容": "くるみ薬局0秋田県秋田市仁井田新田二丁目１４番３４号" }, "geometry": { "type": "Point", "coordinates": [ 140.123133, 39.678223 ] } },
{ "type": "Feature", "properties": { "ID": 555052501180, "正式名称": "さくら薬局　御野場店", "機関区分": 5, "都道府県コード": 5, "市区町村コード": 201, "所在地": "秋田県秋田市仁井田新田二丁目１３番２２号", "緯度": 39.678389, "経度": 140.122244, "url": "https://www.iryou.teikyouseido.mhlw.go.jp/znk-web/juminkanja/S2430/initialize?prefCd=05&kikanCd=5052501180&kikanKbn=nan", "url2": "http://www.akai-pharmacy.co.jp", "内容": "さくら薬局　御野場店0秋田県秋田市仁井田新田二丁目１３番２２号" }, "geometry": { "type": "Point", "coordinates": [ 140.122244, 39.678389 ] } },
{ "type": "Feature", "properties": { "ID": 555052501190, "正式名称": "御野場ひかり薬局", "機関区分": 5, "都道府県コード": 5, "市区町村コード": 201, "所在地": "秋田県秋田市仁井田新田２丁目１５－３０", "緯度": 39.678, "経度": 140.12466, "url": "https://www.iryou.teikyouseido.mhlw.go.jp/znk-web/juminkanja/S2430/initialize?prefCd=05&kikanCd=5052501190&kikanKbn=nan", "url2": null, "内容": "御野場ひかり薬局0秋田県秋田市仁井田新田２丁目１５－３０" }, "geometry": { "type": "Point", "coordinates": [ 140.12466, 39.678 ] } },
{ "type": "Feature", "properties": { "ID": 555052501200, "正式名称": "コスモス薬局", "機関区分": 5, "都道府県コード": 5, "市区町村コード": 201, "所在地": "秋田県秋田市仁井田新田１－１－４０", "緯度": 39.683277, "経度": 140.12316, "url": "https://www.iryou.teikyouseido.mhlw.go.jp/znk-web/juminkanja/S2430/initialize?prefCd=05&kikanCd=5052501200&kikanKbn=nan", "url2": "https://pands.jp", "内容": "コスモス薬局0秋田県秋田市仁井田新田１－１－４０" }, "geometry": { "type": "Point", "coordinates": [ 140.12316, 39.683277 ] } },
{ "type": "Feature", "properties": { "ID": 555052501210, "正式名称": "仁井田薬局", "機関区分": 5, "都道府県コード": 5, "市区町村コード": 201, "所在地": "秋田県秋田市仁井田新田２丁目１５番２４号", "緯度": 39.677834, "経度": 140.125327, "url": "https://www.iryou.teikyouseido.mhlw.go.jp/znk-web/juminkanja/S2430/initialize?prefCd=05&kikanCd=5052501210&kikanKbn=nan", "url2": null, "内容": "仁井田薬局0秋田県秋田市仁井田新田２丁目１５番２４号" }, "geometry": { "type": "Point", "coordinates": [ 140.125327, 39.677834 ] } },
{ "type": "Feature", "properties": { "ID": 555052501220, "正式名称": "至誠堂薬局", "機関区分": 5, "都道府県コード": 5, "市区町村コード": 201, "所在地": "秋田県秋田市仁井田新田３丁目１４番２２号", "緯度": 39.679055, "経度": 140.11891, "url": "https://www.iryou.teikyouseido.mhlw.go.jp/znk-web/juminkanja/S2430/initialize?prefCd=05&kikanCd=5052501220&kikanKbn=nan", "url2": null, "内容": "至誠堂薬局0秋田県秋田市仁井田新田３丁目１４番２２号" }, "geometry": { "type": "Point", "coordinates": [ 140.11891, 39.679055 ] } },
{ "type": "Feature", "properties": { "ID": 555052501240, "正式名称": "大住調剤薬局", "機関区分": 5, "都道府県コード": 5, "市区町村コード": 201, "所在地": "秋田県秋田市大住四丁目１２番５１号ハイツちひろ１Ｆ", "緯度": 39.687915, "経度": 140.114577, "url": "https://www.iryou.teikyouseido.mhlw.go.jp/znk-web/juminkanja/S2430/initialize?prefCd=05&kikanCd=5052501240&kikanKbn=nan", "url2": null, "内容": "大住調剤薬局0秋田県秋田市大住四丁目１２番５１号ハイツちひろ１Ｆ" }, "geometry": { "type": "Point", "coordinates": [ 140.114577, 39.687915 ] } },
{ "type": "Feature", "properties": { "ID": 555052501260, "正式名称": "メディック薬局", "機関区分": 5, "都道府県コード": 5, "市区町村コード": 201, "所在地": "秋田県秋田市新屋勝平町４－１９", "緯度": 39.69722, "経度": 140.082357, "url": "https://www.iryou.teikyouseido.mhlw.go.jp/znk-web/juminkanja/S2430/initialize?prefCd=05&kikanCd=5052501260&kikanKbn=nan", "url2": null, "内容": "メディック薬局0秋田県秋田市新屋勝平町４－１９" }, "geometry": { "type": "Point", "coordinates": [ 140.082357, 39.69722 ] } },
{ "type": "Feature", "properties": { "ID": 555052501270, "正式名称": "佐野薬局　勝平店", "機関区分": 5, "都道府県コード": 5, "市区町村コード": 201, "所在地": "秋田県秋田市新屋豊町１０－４", "緯度": 39.702969, "経度": 140.088885, "url": "https://www.iryou.teikyouseido.mhlw.go.jp/znk-web/juminkanja/S2430/initialize?prefCd=05&kikanCd=5052501270&kikanKbn=nan", "url2": "http://www.sano-ph.co.jp", "内容": "佐野薬局　勝平店0秋田県秋田市新屋豊町１０－４" }, "geometry": { "type": "Point", "coordinates": [ 140.088885, 39.702969 ] } },
{ "type": "Feature", "properties": { "ID": 555052501280, "正式名称": "たんぽぽ薬局", "機関区分": 5, "都道府県コード": 5, "市区町村コード": 201, "所在地": "秋田県秋田市新屋松美ガ丘東町２－９", "緯度": 39.706302, "経度": 140.084023, "url": "https://www.iryou.teikyouseido.mhlw.go.jp/znk-web/juminkanja/S2430/initialize?prefCd=05&kikanCd=5052501280&kikanKbn=nan", "url2": "https://pands.jp/", "内容": "たんぽぽ薬局0秋田県秋田市新屋松美ガ丘東町２－９" }, "geometry": { "type": "Point", "coordinates": [ 140.084023, 39.706302 ] } },
{ "type": "Feature", "properties": { "ID": 555052501290, "正式名称": "日吉薬局", "機関区分": 5, "都道府県コード": 5, "市区町村コード": 201, "所在地": "秋田県秋田市新屋日吉町６番１９号", "緯度": 39.677249, "経度": 140.078442, "url": "https://www.iryou.teikyouseido.mhlw.go.jp/znk-web/juminkanja/S2430/initialize?prefCd=05&kikanCd=5052501290&kikanKbn=nan", "url2": null, "内容": "日吉薬局0秋田県秋田市新屋日吉町６番１９号" }, "geometry": { "type": "Point", "coordinates": [ 140.078442, 39.677249 ] } },
{ "type": "Feature", "properties": { "ID": 555052501300, "正式名称": "港中央薬局", "機関区分": 5, "都道府県コード": 5, "市区町村コード": 201, "所在地": "秋田県秋田市新屋大川町１５番地１号", "緯度": 39.687221, "経度": 140.088857, "url": "https://www.iryou.teikyouseido.mhlw.go.jp/znk-web/juminkanja/S2430/initialize?prefCd=05&kikanCd=5052501300&kikanKbn=nan", "url2": "http://hawk-akita.com/", "内容": "港中央薬局0秋田県秋田市新屋大川町１５番地１号" }, "geometry": { "type": "Point", "coordinates": [ 140.088857, 39.687221 ] } },
{ "type": "Feature", "properties": { "ID": 555052501310, "正式名称": "すずらん薬局　新屋駅前店", "機関区分": 5, "都道府県コード": 5, "市区町村コード": 201, "所在地": "秋田県秋田市新屋扇町１３番２号", "緯度": 39.677611, "経度": 140.085858, "url": "https://www.iryou.teikyouseido.mhlw.go.jp/znk-web/juminkanja/S2430/initialize?prefCd=05&kikanCd=5052501310&kikanKbn=nan", "url2": "http://www.suzuran-akita.com/", "内容": "すずらん薬局　新屋駅前店0秋田県秋田市新屋扇町１３番２号" }, "geometry": { "type": "Point", "coordinates": [ 140.085858, 39.677611 ] } },
{ "type": "Feature", "properties": { "ID": 555052501320, "正式名称": "さわやか薬局　新屋店", "機関区分": 5, "都道府県コード": 5, "市区町村コード": 201, "所在地": "秋田県秋田市新屋表町４番１号", "緯度": 39.683498, "経度": 140.083719, "url": "https://www.iryou.teikyouseido.mhlw.go.jp/znk-web/juminkanja/S2430/initialize?prefCd=05&kikanCd=5052501320&kikanKbn=nan", "url2": "https://www.kusurinomadoguchi.com/akita/s1000052580", "内容": "さわやか薬局　新屋店0秋田県秋田市新屋表町４番１号" }, "geometry": { "type": "Point", "coordinates": [ 140.083719, 39.683498 ] } },
{ "type": "Feature", "properties": { "ID": 555052501340, "正式名称": "やばせ薬局", "機関区分": 5, "都道府県コード": 5, "市区町村コード": 201, "所在地": "秋田県秋田市寺内堂ノ沢一丁目４番１５号", "緯度": 39.734855, "経度": 140.090271, "url": "https://www.iryou.teikyouseido.mhlw.go.jp/znk-web/juminkanja/S2430/initialize?prefCd=05&kikanCd=5052501340&kikanKbn=nan", "url2": "https://meron-net.shop/ds/yabase-y", "内容": "やばせ薬局0秋田県秋田市寺内堂ノ沢一丁目４番１５号" }, "geometry": { "type": "Point", "coordinates": [ 140.090271, 39.734855 ] } },
{ "type": "Feature", "properties": { "ID": 555052501360, "正式名称": "半田薬局", "機関区分": 5, "都道府県コード": 5, "市区町村コード": 201, "所在地": "秋田県秋田市将軍野東１丁目５番１８号", "緯度": 39.754871, "経度": 140.083258, "url": "https://www.iryou.teikyouseido.mhlw.go.jp/znk-web/juminkanja/S2430/initialize?prefCd=05&kikanCd=5052501360&kikanKbn=nan", "url2": null, "内容": "半田薬局0秋田県秋田市将軍野東１丁目５番１８号" }, "geometry": { "type": "Point", "coordinates": [ 140.083258, 39.754871 ] } },
{ "type": "Feature", "properties": { "ID": 555052501370, "正式名称": "中央薬局　将軍野店", "機関区分": 5, "都道府県コード": 5, "市区町村コード": 201, "所在地": "秋田県秋田市将軍野青山町３番１６号", "緯度": 39.759657, "経度": 140.090298, "url": "https://www.iryou.teikyouseido.mhlw.go.jp/znk-web/juminkanja/S2430/initialize?prefCd=05&kikanCd=5052501370&kikanKbn=nan", "url2": null, "内容": "中央薬局　将軍野店0秋田県秋田市将軍野青山町３番１６号" }, "geometry": { "type": "Point", "coordinates": [ 140.090298, 39.759657 ] } },
{ "type": "Feature", "properties": { "ID": 555052501390, "正式名称": "しょうぐんの薬局", "機関区分": 5, "都道府県コード": 5, "市区町村コード": 201, "所在地": "秋田県秋田市将軍野南一丁目１０番６０号", "緯度": 39.747019, "経度": 140.080855, "url": "https://www.iryou.teikyouseido.mhlw.go.jp/znk-web/juminkanja/S2430/initialize?prefCd=05&kikanCd=5052501390&kikanKbn=nan", "url2": null, "内容": "しょうぐんの薬局0秋田県秋田市将軍野南一丁目１０番６０号" }, "geometry": { "type": "Point", "coordinates": [ 140.080855, 39.747019 ] } },
{ "type": "Feature", "properties": { "ID": 555052501410, "正式名称": "佐野薬局将軍野店", "機関区分": 5, "都道府県コード": 5, "市区町村コード": 201, "所在地": "秋田県秋田市将軍野南５丁目１２番３１号", "緯度": 39.751325, "経度": 140.082577, "url": "https://www.iryou.teikyouseido.mhlw.go.jp/znk-web/juminkanja/S2430/initialize?prefCd=05&kikanCd=5052501410&kikanKbn=nan", "url2": "http://www.sano-ph.co.jp/", "内容": "佐野薬局将軍野店0秋田県秋田市将軍野南５丁目１２番３１号" }, "geometry": { "type": "Point", "coordinates": [ 140.082577, 39.751325 ] } },
{ "type": "Feature", "properties": { "ID": 555052501430, "正式名称": "すずらん薬局　港北店", "機関区分": 5, "都道府県コード": 5, "市区町村コード": 201, "所在地": "秋田県秋田市土崎港北三丁目１１番１７号", "緯度": 39.767239, "経度": 140.079576, "url": "https://www.iryou.teikyouseido.mhlw.go.jp/znk-web/juminkanja/S2430/initialize?prefCd=05&kikanCd=5052501430&kikanKbn=nan", "url2": "http://www.suzuran-akita.com", "内容": "すずらん薬局　港北店0秋田県秋田市土崎港北三丁目１１番１７号" }, "geometry": { "type": "Point", "coordinates": [ 140.079576, 39.767239 ] } },
{ "type": "Feature", "properties": { "ID": 555052501440, "正式名称": "舛屋薬局ひがし店", "機関区分": 5, "都道府県コード": 5, "市区町村コード": 201, "所在地": "秋田県秋田市土崎港東３丁目２－２３", "緯度": 39.757435, "経度": 140.07641, "url": "https://www.iryou.teikyouseido.mhlw.go.jp/znk-web/juminkanja/S2430/initialize?prefCd=05&kikanCd=5052501440&kikanKbn=nan", "url2": null, "内容": "舛屋薬局ひがし店0秋田県秋田市土崎港東３丁目２－２３" }, "geometry": { "type": "Point", "coordinates": [ 140.07641, 39.757435 ] } },
{ "type": "Feature", "properties": { "ID": 555052501450, "正式名称": "薬局エール　自衛隊通店", "機関区分": 5, "都道府県コード": 5, "市区町村コード": 201, "所在地": "秋田県秋田市土崎港東４丁目４番６８号", "緯度": 39.75588, "経度": 140.08291, "url": "https://www.iryou.teikyouseido.mhlw.go.jp/znk-web/juminkanja/S2430/initialize?prefCd=05&kikanCd=5052501450&kikanKbn=nan", "url2": "http://www.akita-amic.co.jp", "内容": "薬局エール　自衛隊通店0秋田県秋田市土崎港東４丁目４番６８号" }, "geometry": { "type": "Point", "coordinates": [ 140.08291, 39.75588 ] } },
{ "type": "Feature", "properties": { "ID": 555052501460, "正式名称": "みさき薬局", "機関区分": 5, "都道府県コード": 5, "市区町村コード": 201, "所在地": "秋田県秋田市土崎港東四丁目６－３１", "緯度": 39.758185, "経度": 140.08016, "url": "https://www.iryou.teikyouseido.mhlw.go.jp/znk-web/juminkanja/S2430/initialize?prefCd=05&kikanCd=5052501460&kikanKbn=nan", "url2": "http://www.neo-universe.com/misaki", "内容": "みさき薬局0秋田県秋田市土崎港東四丁目６－３１" }, "geometry": { "type": "Point", "coordinates": [ 140.08016, 39.758185 ] } },
{ "type": "Feature", "properties": { "ID": 555052501490, "正式名称": "株式会社舛屋薬局", "機関区分": 5, "都道府県コード": 5, "市区町村コード": 201, "所在地": "秋田県秋田市土崎港中央三丁目４－３５", "緯度": 39.75499, "経度": 140.0683, "url": "https://www.iryou.teikyouseido.mhlw.go.jp/znk-web/juminkanja/S2430/initialize?prefCd=05&kikanCd=5052501490&kikanKbn=nan", "url2": null, "内容": "株式会社舛屋薬局0秋田県秋田市土崎港中央三丁目４－３５" }, "geometry": { "type": "Point", "coordinates": [ 140.0683, 39.75499 ] } },
{ "type": "Feature", "properties": { "ID": 555052501500, "正式名称": "すばる薬局", "機関区分": 5, "都道府県コード": 5, "市区町村コード": 201, "所在地": "秋田県秋田市土崎港中央六丁目２番１号", "緯度": 39.755047, "経度": 140.074633, "url": "https://www.iryou.teikyouseido.mhlw.go.jp/znk-web/juminkanja/S2430/initialize?prefCd=05&kikanCd=5052501500&kikanKbn=nan", "url2": "https://www.shpe.co.jp/", "内容": "すばる薬局0秋田県秋田市土崎港中央六丁目２番１号" }, "geometry": { "type": "Point", "coordinates": [ 140.074633, 39.755047 ] } },
{ "type": "Feature", "properties": { "ID": 555052501510, "正式名称": "和田薬局", "機関区分": 5, "都道府県コード": 5, "市区町村コード": 201, "所在地": "秋田県秋田市土崎港中央６丁目１５番１２号", "緯度": 39.757538, "経度": 140.072401, "url": "https://www.iryou.teikyouseido.mhlw.go.jp/znk-web/juminkanja/S2430/initialize?prefCd=05&kikanCd=5052501510&kikanKbn=nan", "url2": null, "内容": "和田薬局0秋田県秋田市土崎港中央６丁目１５番１２号" }, "geometry": { "type": "Point", "coordinates": [ 140.072401, 39.757538 ] } },
{ "type": "Feature", "properties": { "ID": 555052501530, "正式名称": "南秋調剤薬局　土崎店", "機関区分": 5, "都道府県コード": 5, "市区町村コード": 201, "所在地": "秋田県秋田市土崎港中央一丁目１７番３０号", "緯度": 39.753658, "経度": 140.068967, "url": "https://www.iryou.teikyouseido.mhlw.go.jp/znk-web/juminkanja/S2430/initialize?prefCd=05&kikanCd=5052501530&kikanKbn=nan", "url2": "http://www.a-salus.co.jp", "内容": "南秋調剤薬局　土崎店0秋田県秋田市土崎港中央一丁目１７番３０号" }, "geometry": { "type": "Point", "coordinates": [ 140.068967, 39.753658 ] } },
{ "type": "Feature", "properties": { "ID": 555052501540, "正式名称": "本山町薬局", "機関区分": 5, "都道府県コード": 5, "市区町村コード": 201, "所在地": "秋田県秋田市土崎港中央四丁目６番２８号", "緯度": 39.753436, "経度": 140.075105, "url": "https://www.iryou.teikyouseido.mhlw.go.jp/znk-web/juminkanja/S2430/initialize?prefCd=05&kikanCd=5052501540&kikanKbn=nan", "url2": "http://hawk-akita.com/", "内容": "本山町薬局0秋田県秋田市土崎港中央四丁目６番２８号" }, "geometry": { "type": "Point", "coordinates": [ 140.075105, 39.753436 ] } },
{ "type": "Feature", "properties": { "ID": 555052501550, "正式名称": "すずらん薬局　土崎店", "機関区分": 5, "都道府県コード": 5, "市区町村コード": 201, "所在地": "秋田県秋田市土崎港中央六丁目８－７", "緯度": 39.755268, "経度": 140.073938, "url": "https://www.iryou.teikyouseido.mhlw.go.jp/znk-web/juminkanja/S2430/initialize?prefCd=05&kikanCd=5052501550&kikanKbn=nan", "url2": "https://suzuran-akita.com", "内容": "すずらん薬局　土崎店0秋田県秋田市土崎港中央六丁目８－７" }, "geometry": { "type": "Point", "coordinates": [ 140.073938, 39.755268 ] } },
{ "type": "Feature", "properties": { "ID": 555052501570, "正式名称": "きさらぎ薬局", "機関区分": 5, "都道府県コード": 5, "市区町村コード": 201, "所在地": "秋田県秋田市土崎港中央１丁目２１－３０－２", "緯度": 39.751297, "経度": 140.069189, "url": "https://www.iryou.teikyouseido.mhlw.go.jp/znk-web/juminkanja/S2430/initialize?prefCd=05&kikanCd=5052501570&kikanKbn=nan", "url2": null, "内容": "きさらぎ薬局0秋田県秋田市土崎港中央１丁目２１－３０－２" }, "geometry": { "type": "Point", "coordinates": [ 140.069189, 39.751297 ] } },
{ "type": "Feature", "properties": { "ID": 555052501590, "正式名称": "かりん薬局", "機関区分": 5, "都道府県コード": 5, "市区町村コード": 201, "所在地": "秋田県秋田市飯島新町一丁目１－１", "緯度": 39.763602, "経度": 140.089493, "url": "https://www.iryou.teikyouseido.mhlw.go.jp/znk-web/juminkanja/S2430/initialize?prefCd=05&kikanCd=5052501590&kikanKbn=nan", "url2": "http://www.pands.jp", "内容": "かりん薬局0秋田県秋田市飯島新町一丁目１－１" }, "geometry": { "type": "Point", "coordinates": [ 140.089493, 39.763602 ] } },
{ "type": "Feature", "properties": { "ID": 555052501600, "正式名称": "すずらん薬局　飯島店", "機関区分": 5, "都道府県コード": 5, "市区町村コード": 201, "所在地": "秋田県秋田市飯島飯田一丁目５－５", "緯度": 39.769628, "経度": 140.093103, "url": "https://www.iryou.teikyouseido.mhlw.go.jp/znk-web/juminkanja/S2430/initialize?prefCd=05&kikanCd=5052501600&kikanKbn=nan", "url2": "http://www.suzuran-akita.com", "内容": "すずらん薬局　飯島店0秋田県秋田市飯島飯田一丁目５－５" }, "geometry": { "type": "Point", "coordinates": [ 140.093103, 39.769628 ] } },
{ "type": "Feature", "properties": { "ID": 555052501610, "正式名称": "サン薬局", "機関区分": 5, "都道府県コード": 5, "市区町村コード": 201, "所在地": "秋田県秋田市飯島飯田一丁目１番１号", "緯度": 39.769517, "経度": 140.092936, "url": "https://www.iryou.teikyouseido.mhlw.go.jp/znk-web/juminkanja/S2430/initialize?prefCd=05&kikanCd=5052501610&kikanKbn=nan", "url2": "www.sun-pharmacy.co.jp", "内容": "サン薬局0秋田県秋田市飯島飯田一丁目１番１号" }, "geometry": { "type": "Point", "coordinates": [ 140.092936, 39.769517 ] } },
{ "type": "Feature", "properties": { "ID": 555052501630, "正式名称": "小泉薬局　河辺店", "機関区分": 5, "都道府県コード": 5, "市区町村コード": 201, "所在地": "秋田県秋田市河辺北野田高屋黒沼下堤下２０－１５", "緯度": 39.653504, "経度": 140.217459, "url": "https://www.iryou.teikyouseido.mhlw.go.jp/znk-web/juminkanja/S2430/initialize?prefCd=05&kikanCd=5052501630&kikanKbn=nan", "url2": "https://www.good-np.com", "内容": "小泉薬局　河辺店0秋田県秋田市河辺北野田高屋黒沼下堤下２０－１５" }, "geometry": { "type": "Point", "coordinates": [ 140.217459, 39.653504 ] } },
{ "type": "Feature", "properties": { "ID": 555052501660, "正式名称": "かんなり堂薬局　フォンテ店", "機関区分": 5, "都道府県コード": 5, "市区町村コード": 201, "所在地": "秋田県秋田市中通二丁目８－１　フォンテ秋田４階", "緯度": 39.716246, "経度": 140.127575, "url": "https://www.iryou.teikyouseido.mhlw.go.jp/znk-web/juminkanja/S2430/initialize?prefCd=05&kikanCd=5052501660&kikanKbn=nan", "url2": "https://www.kannaridou.com/", "内容": "かんなり堂薬局　フォンテ店0秋田県秋田市中通二丁目８－１　フォンテ秋田４階" }, "geometry": { "type": "Point", "coordinates": [ 140.127575, 39.716246 ] } },
{ "type": "Feature", "properties": { "ID": 555052501670, "正式名称": "ユーカリ薬局", "機関区分": 5, "都道府県コード": 5, "市区町村コード": 201, "所在地": "秋田県秋田市飯島字長山下１２８－４", "緯度": 39.773516, "経度": 140.062161, "url": "https://www.iryou.teikyouseido.mhlw.go.jp/znk-web/juminkanja/S2430/initialize?prefCd=05&kikanCd=5052501670&kikanKbn=nan", "url2": "http://www.pands.jp", "内容": "ユーカリ薬局0秋田県秋田市飯島字長山下１２８－４" }, "geometry": { "type": "Point", "coordinates": [ 140.062161, 39.773516 ] } },
{ "type": "Feature", "properties": { "ID": 555052501680, "正式名称": "佐野薬局　城東店", "機関区分": 5, "都道府県コード": 5, "市区町村コード": 201, "所在地": "秋田県秋田市広面字鍋沼９３－６", "緯度": 39.710052, "経度": 140.13513, "url": "https://www.iryou.teikyouseido.mhlw.go.jp/znk-web/juminkanja/S2430/initialize?prefCd=05&kikanCd=5052501680&kikanKbn=nan", "url2": "http://www.sano-ph.co.jp/", "内容": "佐野薬局　城東店0秋田県秋田市広面字鍋沼９３－６" }, "geometry": { "type": "Point", "coordinates": [ 140.13513, 39.710052 ] } },
{ "type": "Feature", "properties": { "ID": 555052501690, "正式名称": "クオール薬局　秋田飯島店", "機関区分": 5, "都道府県コード": 5, "市区町村コード": 201, "所在地": "秋田県秋田市飯島堀川８３－１", "緯度": 39.789404, "経度": 140.062244, "url": "https://www.iryou.teikyouseido.mhlw.go.jp/znk-web/juminkanja/S2430/initialize?prefCd=05&kikanCd=5052501690&kikanKbn=nan", "url2": "https://www.qol-net.co.jp/", "内容": "クオール薬局　秋田飯島店0秋田県秋田市飯島堀川８３－１" }, "geometry": { "type": "Point", "coordinates": [ 140.062244, 39.789404 ] } },
{ "type": "Feature", "properties": { "ID": 555052501700, "正式名称": "調剤薬局ツルハドラッグ秋田御所野店", "機関区分": 5, "都道府県コード": 5, "市区町村コード": 201, "所在地": "秋田県秋田市御所野元町一丁目１番１７号", "緯度": 39.661086, "経度": 140.164102, "url": "https://www.iryou.teikyouseido.mhlw.go.jp/znk-web/juminkanja/S2430/initialize?prefCd=05&kikanCd=5052501700&kikanKbn=nan", "url2": "http://www.tsuruha.co.jp/", "内容": "調剤薬局ツルハドラッグ秋田御所野店0秋田県秋田市御所野元町一丁目１番１７号" }, "geometry": { "type": "Point", "coordinates": [ 140.164102, 39.661086 ] } },
{ "type": "Feature", "properties": { "ID": 555052501720, "正式名称": "ファーマックスあきた薬局", "機関区分": 5, "都道府県コード": 5, "市区町村コード": 201, "所在地": "秋田県秋田市飯島西袋１－１－５", "緯度": 39.766725, "経度": 140.094942, "url": "https://www.iryou.teikyouseido.mhlw.go.jp/znk-web/juminkanja/S2430/initialize?prefCd=05&kikanCd=5052501720&kikanKbn=nan", "url2": "https://www.pharmax.co.jp/", "内容": "ファーマックスあきた薬局0秋田県秋田市飯島西袋１－１－５" }, "geometry": { "type": "Point", "coordinates": [ 140.094942, 39.766725 ] } },
{ "type": "Feature", "properties": { "ID": 555052501730, "正式名称": "あかね調剤薬局　中通病院前店", "機関区分": 5, "都道府県コード": 5, "市区町村コード": 201, "所在地": "秋田県秋田市南通みその町１－４", "緯度": 39.711825, "経度": 140.122082, "url": "https://www.iryou.teikyouseido.mhlw.go.jp/znk-web/juminkanja/S2430/initialize?prefCd=05&kikanCd=5052501730&kikanKbn=nan", "url2": "http://www.akane-ph.com/", "内容": "あかね調剤薬局　中通病院前店0秋田県秋田市南通みその町１－４" }, "geometry": { "type": "Point", "coordinates": [ 140.122082, 39.711825 ] } },
{ "type": "Feature", "properties": { "ID": 555052501740, "正式名称": "佐野薬局　八橋大畑店", "機関区分": 5, "都道府県コード": 5, "市区町村コード": 201, "所在地": "秋田県秋田市八橋大畑二丁目３番２号", "緯度": 39.733521, "経度": 140.096244, "url": "https://www.iryou.teikyouseido.mhlw.go.jp/znk-web/juminkanja/S2430/initialize?prefCd=05&kikanCd=5052501740&kikanKbn=nan", "url2": "http://www.sano-ph.co.jp", "内容": "佐野薬局　八橋大畑店0秋田県秋田市八橋大畑二丁目３番２号" }, "geometry": { "type": "Point", "coordinates": [ 140.096244, 39.733521 ] } },
{ "type": "Feature", "properties": { "ID": 555052501750, "正式名称": "泉さくら薬局", "機関区分": 5, "都道府県コード": 5, "市区町村コード": 201, "所在地": "秋田県秋田市泉南二丁目１番２９号", "緯度": 39.728578, "経度": 140.10902, "url": "https://www.iryou.teikyouseido.mhlw.go.jp/znk-web/juminkanja/S2430/initialize?prefCd=05&kikanCd=5052501750&kikanKbn=nan", "url2": "http://www.akai-pharmacy.co.jp/", "内容": "泉さくら薬局0秋田県秋田市泉南二丁目１番２９号" }, "geometry": { "type": "Point", "coordinates": [ 140.10902, 39.728578 ] } },
{ "type": "Feature", "properties": { "ID": 555052501760, "正式名称": "すずらん薬局　厚生医療センター前店", "機関区分": 5, "都道府県コード": 5, "市区町村コード": 201, "所在地": "秋田県秋田市飯島西袋一丁目１番４号", "緯度": 39.765546, "経度": 140.093825, "url": "https://www.iryou.teikyouseido.mhlw.go.jp/znk-web/juminkanja/S2430/initialize?prefCd=05&kikanCd=5052501760&kikanKbn=nan", "url2": "https://www.suzuran-akita.com", "内容": "すずらん薬局　厚生医療センター前店0秋田県秋田市飯島西袋一丁目１番４号" }, "geometry": { "type": "Point", "coordinates": [ 140.093825, 39.765546 ] } },
{ "type": "Feature", "properties": { "ID": 555052501780, "正式名称": "日本調剤　秋田薬局", "機関区分": 5, "都道府県コード": 5, "市区町村コード": 201, "所在地": "秋田県秋田市広面字蓮沼４４－２", "緯度": 39.710052, "経度": 140.13513, "url": "https://www.iryou.teikyouseido.mhlw.go.jp/znk-web/juminkanja/S2430/initialize?prefCd=05&kikanCd=5052501780&kikanKbn=nan", "url2": "https://www.nicho.co.jp/tenpo/akita/", "内容": "日本調剤　秋田薬局0秋田県秋田市広面字蓮沼４４－２" }, "geometry": { "type": "Point", "coordinates": [ 140.13513, 39.710052 ] } },
{ "type": "Feature", "properties": { "ID": 555052501790, "正式名称": "すずらん薬局　クロッセ秋田店", "機関区分": 5, "都道府県コード": 5, "市区町村コード": 201, "所在地": "秋田県秋田市中通２丁目５番１号　クロッセ秋田", "緯度": 39.716635, "経度": 140.125742, "url": "https://www.iryou.teikyouseido.mhlw.go.jp/znk-web/juminkanja/S2430/initialize?prefCd=05&kikanCd=5052501790&kikanKbn=nan", "url2": "http://www.suzuran-akita.com", "内容": "すずらん薬局　クロッセ秋田店0秋田県秋田市中通２丁目５番１号　クロッセ秋田" }, "geometry": { "type": "Point", "coordinates": [ 140.125742, 39.716635 ] } },
{ "type": "Feature", "properties": { "ID": 555052501800, "正式名称": "ヨルモカ薬局", "機関区分": 5, "都道府県コード": 5, "市区町村コード": 201, "所在地": "秋田県秋田市千秋久保田町５－５２", "緯度": 39.71819, "経度": 140.126158, "url": "https://www.iryou.teikyouseido.mhlw.go.jp/znk-web/juminkanja/S2430/initialize?prefCd=05&kikanCd=5052501800&kikanKbn=nan", "url2": "https://www.yorumoka-co.com/", "内容": "ヨルモカ薬局0秋田県秋田市千秋久保田町５－５２" }, "geometry": { "type": "Point", "coordinates": [ 140.126158, 39.71819 ] } },
{ "type": "Feature", "properties": { "ID": 555052501810, "正式名称": "池田薬局　広面店", "機関区分": 5, "都道府県コード": 5, "市区町村コード": 201, "所在地": "秋田県秋田市広面字谷地沖２７－３", "緯度": 39.710052, "経度": 140.13513, "url": "https://www.iryou.teikyouseido.mhlw.go.jp/znk-web/juminkanja/S2430/initialize?prefCd=05&kikanCd=5052501810&kikanKbn=nan", "url2": "http://www.ikeyaku.co.jp/", "内容": "池田薬局　広面店0秋田県秋田市広面字谷地沖２７－３" }, "geometry": { "type": "Point", "coordinates": [ 140.13513, 39.710052 ] } },
{ "type": "Feature", "properties": { "ID": 555052501820, "正式名称": "サンパティオいわま薬局", "機関区分": 5, "都道府県コード": 5, "市区町村コード": 201, "所在地": "秋田県秋田市大町一丁目２－７　サンパティオ大町Ａ棟２階", "緯度": 39.714552, "経度": 140.115854, "url": "https://www.iryou.teikyouseido.mhlw.go.jp/znk-web/juminkanja/S2430/initialize?prefCd=05&kikanCd=5052501820&kikanKbn=nan", "url2": "https://iwama-ph.co.jp/", "内容": "サンパティオいわま薬局0秋田県秋田市大町一丁目２－７　サンパティオ大町Ａ棟２階" }, "geometry": { "type": "Point", "coordinates": [ 140.115854, 39.714552 ] } },
{ "type": "Feature", "properties": { "ID": 555052501840, "正式名称": "調剤薬局ツルハドラッグ秋田川尻店", "機関区分": 5, "都道府県コード": 5, "市区町村コード": 201, "所在地": "秋田県秋田市川尻御休町５番２７号", "緯度": 39.713245, "経度": 140.095856, "url": "https://www.iryou.teikyouseido.mhlw.go.jp/znk-web/juminkanja/S2430/initialize?prefCd=05&kikanCd=5052501840&kikanKbn=nan", "url2": "http://www.tsuruha.co.jp", "内容": "調剤薬局ツルハドラッグ秋田川尻店0秋田県秋田市川尻御休町５番２７号" }, "geometry": { "type": "Point", "coordinates": [ 140.095856, 39.713245 ] } },
{ "type": "Feature", "properties": { "ID": 555052501850, "正式名称": "調剤薬局ツルハドラッグ秋田広面店", "機関区分": 5, "都道府県コード": 5, "市区町村コード": 201, "所在地": "秋田県秋田市広面字樋ノ沖９３－１", "緯度": 39.710052, "経度": 140.13513, "url": "https://www.iryou.teikyouseido.mhlw.go.jp/znk-web/juminkanja/S2430/initialize?prefCd=05&kikanCd=5052501850&kikanKbn=nan", "url2": "https://www.tsuruha.co.jp/", "内容": "調剤薬局ツルハドラッグ秋田広面店0秋田県秋田市広面字樋ノ沖９３－１" }, "geometry": { "type": "Point", "coordinates": [ 140.13513, 39.710052 ] } },
{ "type": "Feature", "properties": { "ID": 555052510012, "正式名称": "メガ調剤薬局　土崎店", "機関区分": 5, "都道府県コード": 5, "市区町村コード": 201, "所在地": "秋田県秋田市土崎港相染町字沼端７７－７６", "緯度": 39.763184, "経度": 140.061689, "url": "https://www.iryou.teikyouseido.mhlw.go.jp/znk-web/juminkanja/S2430/initialize?prefCd=05&kikanCd=5052510012&kikanKbn=nan", "url2": null, "内容": "メガ調剤薬局　土崎店0秋田県秋田市土崎港相染町字沼端７７－７６" }, "geometry": { "type": "Point", "coordinates": [ 140.061689, 39.763184 ] } },
{ "type": "Feature", "properties": { "ID": 555052510013, "正式名称": "佐野薬局大住店", "機関区分": 5, "都道府県コード": 5, "市区町村コード": 201, "所在地": "秋田県秋田市大住三丁目３－４４", "緯度": 39.691582, "経度": 140.115688, "url": "https://www.iryou.teikyouseido.mhlw.go.jp/znk-web/juminkanja/S2430/initialize?prefCd=05&kikanCd=5052510013&kikanKbn=nan", "url2": "https://www.sano-ph.co.jp/sano map/akita map/oosumi", "内容": "佐野薬局大住店0秋田県秋田市大住三丁目３－４４" }, "geometry": { "type": "Point", "coordinates": [ 140.115688, 39.691582 ] } },
{ "type": "Feature", "properties": { "ID": 555052517800, "正式名称": "ファーマックスくぼた薬局", "機関区分": 5, "都道府県コード": 5, "市区町村コード": 201, "所在地": "秋田県秋田市千秋久保田町６番１２号", "緯度": 39.719882, "経度": 140.125938, "url": "https://www.iryou.teikyouseido.mhlw.go.jp/znk-web/juminkanja/S2430/initialize?prefCd=05&kikanCd=5052517800&kikanKbn=nan", "url2": "https://www.pharmax.co.jp/", "内容": "ファーマックスくぼた薬局0秋田県秋田市千秋久保田町６番１２号" }, "geometry": { "type": "Point", "coordinates": [ 140.125938, 39.719882 ] } },
{ "type": "Feature", "properties": { "ID": 555052517900, "正式名称": "なごみ調剤薬局", "機関区分": 5, "都道府県コード": 5, "市区町村コード": 201, "所在地": "秋田県秋田市広面家ノ下３５－１", "緯度": 39.710052, "経度": 140.13513, "url": "https://www.iryou.teikyouseido.mhlw.go.jp/znk-web/juminkanja/S2430/initialize?prefCd=05&kikanCd=5052517900&kikanKbn=nan", "url2": "http://www.nagomi-pharmacy-akita.com/aboutus", "内容": "なごみ調剤薬局0秋田県秋田市広面家ノ下３５－１" }, "geometry": { "type": "Point", "coordinates": [ 140.13513, 39.710052 ] } },
{ "type": "Feature", "properties": { "ID": 555052517950, "正式名称": "旭川スダ薬局", "機関区分": 5, "都道府県コード": 5, "市区町村コード": 201, "所在地": "秋田県秋田市新藤田大所３８番地２５", "緯度": 39.742827, "経度": 140.132267, "url": "https://www.iryou.teikyouseido.mhlw.go.jp/znk-web/juminkanja/S2430/initialize?prefCd=05&kikanCd=5052517950&kikanKbn=nan", "url2": "https://www.furu-cho.co.jp/", "内容": "旭川スダ薬局0秋田県秋田市新藤田大所３８番地２５" }, "geometry": { "type": "Point", "coordinates": [ 140.132267, 39.742827 ] } },
{ "type": "Feature", "properties": { "ID": 555052517960, "正式名称": "ヨコカナ薬局", "機関区分": 5, "都道府県コード": 5, "市区町村コード": 201, "所在地": "秋田県秋田市横森三丁目１１番６０号", "緯度": 39.703942, "経度": 140.147574, "url": "https://www.iryou.teikyouseido.mhlw.go.jp/znk-web/juminkanja/S2430/initialize?prefCd=05&kikanCd=5052517960&kikanKbn=nan", "url2": "https://www.mk-pharmacy.com/", "内容": "ヨコカナ薬局0秋田県秋田市横森三丁目１１番６０号" }, "geometry": { "type": "Point", "coordinates": [ 140.147574, 39.703942 ] } },
{ "type": "Feature", "properties": { "ID": 555052517970, "正式名称": "きむら薬局", "機関区分": 5, "都道府県コード": 5, "市区町村コード": 201, "所在地": "秋田県秋田市茨島二丁目１５番３４号", "緯度": 39.69622, "経度": 140.105356, "url": "https://www.iryou.teikyouseido.mhlw.go.jp/znk-web/juminkanja/S2430/initialize?prefCd=05&kikanCd=5052517970&kikanKbn=nan", "url2": null, "内容": "きむら薬局0秋田県秋田市茨島二丁目１５番３４号" }, "geometry": { "type": "Point", "coordinates": [ 140.105356, 39.69622 ] } },
{ "type": "Feature", "properties": { "ID": 555052517980, "正式名称": "佐野薬局　東通店", "機関区分": 5, "都道府県コード": 5, "市区町村コード": 201, "所在地": "秋田県秋田市広面字野添５４", "緯度": 39.710246, "経度": 140.136018, "url": "https://www.iryou.teikyouseido.mhlw.go.jp/znk-web/juminkanja/S2430/initialize?prefCd=05&kikanCd=5052517980&kikanKbn=nan", "url2": "https://www.sano-ph.co.jp", "内容": "佐野薬局　東通店0秋田県秋田市広面字野添５４" }, "geometry": { "type": "Point", "coordinates": [ 140.136018, 39.710246 ] } },
{ "type": "Feature", "properties": { "ID": 555052518000, "正式名称": "きらら調剤薬局", "機関区分": 5, "都道府県コード": 5, "市区町村コード": 201, "所在地": "秋田県秋田市川元開和町１－３５　東和ビル１階", "緯度": 39.712052, "経度": 140.104021, "url": "https://www.iryou.teikyouseido.mhlw.go.jp/znk-web/juminkanja/S2430/initialize?prefCd=05&kikanCd=5052518000&kikanKbn=nan", "url2": null, "内容": "きらら調剤薬局0秋田県秋田市川元開和町１－３５　東和ビル１階" }, "geometry": { "type": "Point", "coordinates": [ 140.104021, 39.712052 ] } },
{ "type": "Feature", "properties": { "ID": 555052518020, "正式名称": "ヒロコージ調剤薬局", "機関区分": 5, "都道府県コード": 5, "市区町村コード": 201, "所在地": "秋田県秋田市千秋久保田町３－１５", "緯度": 39.717731, "経度": 140.127433, "url": "https://www.iryou.teikyouseido.mhlw.go.jp/znk-web/juminkanja/S2430/initialize?prefCd=05&kikanCd=5052518020&kikanKbn=nan", "url2": "http://seiryu-akita.com", "内容": "ヒロコージ調剤薬局0秋田県秋田市千秋久保田町３－１５" }, "geometry": { "type": "Point", "coordinates": [ 140.127433, 39.717731 ] } },
{ "type": "Feature", "properties": { "ID": 555052518040, "正式名称": "あらや調剤薬局", "機関区分": 5, "都道府県コード": 5, "市区町村コード": 201, "所在地": "秋田県秋田市新屋元町２３－５", "緯度": 39.684475, "経度": 140.084147, "url": "https://www.iryou.teikyouseido.mhlw.go.jp/znk-web/juminkanja/S2430/initialize?prefCd=05&kikanCd=5052518040&kikanKbn=nan", "url2": "https://www.furu-cho.co.jp/", "内容": "あらや調剤薬局0秋田県秋田市新屋元町２３－５" }, "geometry": { "type": "Point", "coordinates": [ 140.084147, 39.684475 ] } },
{ "type": "Feature", "properties": { "ID": 555052518060, "正式名称": "旭南いわま薬局", "機関区分": 5, "都道府県コード": 5, "市区町村コード": 201, "所在地": "秋田県秋田市旭南一丁目１番６号", "緯度": 39.708441, "経度": 140.111159, "url": "https://www.iryou.teikyouseido.mhlw.go.jp/znk-web/juminkanja/S2430/initialize?prefCd=05&kikanCd=5052518060&kikanKbn=nan", "url2": "http://iwama-ph.co.jp", "内容": "旭南いわま薬局0秋田県秋田市旭南一丁目１番６号" }, "geometry": { "type": "Point", "coordinates": [ 140.111159, 39.708441 ] } },
{ "type": "Feature", "properties": { "ID": 555052518070, "正式名称": "佐野薬局　御野場店", "機関区分": 5, "都道府県コード": 5, "市区町村コード": 201, "所在地": "秋田県秋田市仁井田本町五丁目７番６号", "緯度": 39.674084, "経度": 140.124883, "url": "https://www.iryou.teikyouseido.mhlw.go.jp/znk-web/juminkanja/S2430/initialize?prefCd=05&kikanCd=5052518070&kikanKbn=nan", "url2": "http://www2.sano-ph.co.jp/outline/p29.html", "内容": "佐野薬局　御野場店0秋田県秋田市仁井田本町五丁目７番６号" }, "geometry": { "type": "Point", "coordinates": [ 140.124883, 39.674084 ] } },
{ "type": "Feature", "properties": { "ID": 555052518080, "正式名称": "大町いわま薬局", "機関区分": 5, "都道府県コード": 5, "市区町村コード": 201, "所在地": "秋田県秋田市大町三丁目４番４０号", "緯度": 39.717412, "経度": 140.114548, "url": "https://www.iryou.teikyouseido.mhlw.go.jp/znk-web/juminkanja/S2430/initialize?prefCd=05&kikanCd=5052518080&kikanKbn=nan", "url2": "http://iwama-ph.co.jp/", "内容": "大町いわま薬局0秋田県秋田市大町三丁目４番４０号" }, "geometry": { "type": "Point", "coordinates": [ 140.114548, 39.717412 ] } },
{ "type": "Feature", "properties": { "ID": 555052518090, "正式名称": "佐野薬局　広面樋ノ上店", "機関区分": 5, "都道府県コード": 5, "市区町村コード": 201, "所在地": "秋田県秋田市広面字樋ノ上１１番", "緯度": 39.714302, "経度": 140.14699, "url": "https://www.iryou.teikyouseido.mhlw.go.jp/znk-web/juminkanja/S2430/initialize?prefCd=05&kikanCd=5052518090&kikanKbn=nan", "url2": "https://www.sano-ph.co.jp/", "内容": "佐野薬局　広面樋ノ上店0秋田県秋田市広面字樋ノ上１１番" }, "geometry": { "type": "Point", "coordinates": [ 140.14699, 39.714302 ] } },
{ "type": "Feature", "properties": { "ID": 555052518100, "正式名称": "ツルハ薬局男鹿みさき店", "機関区分": 5, "都道府県コード": 5, "市区町村コード": 206, "所在地": "秋田県男鹿市船川港船川字海岸通り１－８－５", "緯度": 39.88289, "経度": 139.848034, "url": "https://www.iryou.teikyouseido.mhlw.go.jp/znk-web/juminkanja/S2430/initialize?prefCd=05&kikanCd=5052518100&kikanKbn=nan", "url2": "https://www.tsuruha.co.jp/", "内容": "ツルハ薬局男鹿みさき店0秋田県男鹿市船川港船川字海岸通り１－８－５" }, "geometry": { "type": "Point", "coordinates": [ 139.848034, 39.88289 ] } },
{ "type": "Feature", "properties": { "ID": 555052518120, "正式名称": "調剤薬局ツルハドラッグ秋田仁井田店", "機関区分": 5, "都道府県コード": 5, "市区町村コード": 201, "所在地": "秋田県秋田市仁井田新田２丁目５番１６号", "緯度": 39.680166, "経度": 140.124521, "url": "https://www.iryou.teikyouseido.mhlw.go.jp/znk-web/juminkanja/S2430/initialize?prefCd=05&kikanCd=5052518120&kikanKbn=nan", "url2": "http://www.tsuruha.co.jp", "内容": "調剤薬局ツルハドラッグ秋田仁井田店0秋田県秋田市仁井田新田２丁目５番１６号" }, "geometry": { "type": "Point", "coordinates": [ 140.124521, 39.680166 ] } },
{ "type": "Feature", "properties": { "ID": 555052518130, "正式名称": "すずらん薬局　壹騎町店", "機関区分": 5, "都道府県コード": 5, "市区町村コード": 201, "所在地": "秋田県秋田市土崎港中央６丁目１４番１５号", "緯度": 39.757017, "経度": 140.074009, "url": "https://www.iryou.teikyouseido.mhlw.go.jp/znk-web/juminkanja/S2430/initialize?prefCd=05&kikanCd=5052518130&kikanKbn=nan", "url2": "http://www.suzuran-akita.com", "内容": "すずらん薬局　壹騎町店0秋田県秋田市土崎港中央６丁目１４番１５号" }, "geometry": { "type": "Point", "coordinates": [ 140.074009, 39.757017 ] } },
{ "type": "Feature", "properties": { "ID": 555052518140, "正式名称": "きらら調剤薬局　市立病院前店", "機関区分": 5, "都道府県コード": 5, "市区町村コード": 201, "所在地": "秋田県秋田市川元松丘町４－５９", "緯度": 39.71208, "経度": 140.102716, "url": "https://www.iryou.teikyouseido.mhlw.go.jp/znk-web/juminkanja/S2430/initialize?prefCd=05&kikanCd=5052518140&kikanKbn=nan", "url2": null, "内容": "きらら調剤薬局　市立病院前店0秋田県秋田市川元松丘町４－５９" }, "geometry": { "type": "Point", "coordinates": [ 140.102716, 39.71208 ] } },
{ "type": "Feature", "properties": { "ID": 555052518150, "正式名称": "池田薬局　土崎店", "機関区分": 5, "都道府県コード": 5, "市区町村コード": 201, "所在地": "秋田県秋田市土崎港北２－１７－１６", "緯度": 39.760768, "経度": 140.074688, "url": "https://www.iryou.teikyouseido.mhlw.go.jp/znk-web/juminkanja/S2430/initialize?prefCd=05&kikanCd=5052518150&kikanKbn=nan", "url2": "https://ikeyaku.co.jp/", "内容": "池田薬局　土崎店0秋田県秋田市土崎港北２－１７－１６" }, "geometry": { "type": "Point", "coordinates": [ 140.074688, 39.760768 ] } },
{ "type": "Feature", "properties": { "ID": 555052518160, "正式名称": "調剤薬局ツルハドラッグ秋田山王店", "機関区分": 5, "都道府県コード": 5, "市区町村コード": 201, "所在地": "秋田県秋田市山王５丁目７番１６号", "緯度": 39.714745, "経度": 140.104188, "url": "https://www.iryou.teikyouseido.mhlw.go.jp/znk-web/juminkanja/S2430/initialize?prefCd=05&kikanCd=5052518160&kikanKbn=nan", "url2": "https://www.tsuruha.co.jp", "内容": "調剤薬局ツルハドラッグ秋田山王店0秋田県秋田市山王５丁目７番１６号" }, "geometry": { "type": "Point", "coordinates": [ 140.104188, 39.714745 ] } },
{ "type": "Feature", "properties": { "ID": 555052518180, "正式名称": "旭南ファミリー調剤薬局", "機関区分": 5, "都道府県コード": 5, "市区町村コード": 201, "所在地": "秋田県秋田市旭南三丁目２－７０", "緯度": 39.708441, "経度": 140.111159, "url": "https://www.iryou.teikyouseido.mhlw.go.jp/znk-web/juminkanja/S2430/initialize?prefCd=05&kikanCd=5052518180&kikanKbn=nan", "url2": "http://www.phama-akita.jp/", "内容": "旭南ファミリー調剤薬局0秋田県秋田市旭南三丁目２－７０" }, "geometry": { "type": "Point", "coordinates": [ 140.111159, 39.708441 ] } },
{ "type": "Feature", "properties": { "ID": 555052518190, "正式名称": "調剤薬局ツルハドラッグ秋田泉南店", "機関区分": 5, "都道府県コード": 5, "市区町村コード": 201, "所在地": "秋田県秋田市泉南三丁目２３番２４号", "緯度": 39.729189, "経度": 140.114603, "url": "https://www.iryou.teikyouseido.mhlw.go.jp/znk-web/juminkanja/S2430/initialize?prefCd=05&kikanCd=5052518190&kikanKbn=nan", "url2": "https://www.tsuruha.co.jp", "内容": "調剤薬局ツルハドラッグ秋田泉南店0秋田県秋田市泉南三丁目２３番２４号" }, "geometry": { "type": "Point", "coordinates": [ 140.114603, 39.729189 ] } },
{ "type": "Feature", "properties": { "ID": 555052518200, "正式名称": "昭和堂薬局飯塚店", "機関区分": 5, "都道府県コード": 5, "市区町村コード": 211, "所在地": "秋田県潟上市飯田川飯塚字塞ノ神１２－１８", "緯度": 39.900834, "経度": 140.074648, "url": "https://www.iryou.teikyouseido.mhlw.go.jp/znk-web/juminkanja/S2430/initialize?prefCd=05&kikanCd=5052518200&kikanKbn=nan", "url2": null, "内容": "昭和堂薬局飯塚店0秋田県潟上市飯田川飯塚字塞ノ神１２－１８" }, "geometry": { "type": "Point", "coordinates": [ 140.074648, 39.900834 ] } },
{ "type": "Feature", "properties": { "ID": 555052518210, "正式名称": "将軍野いわま薬局", "機関区分": 5, "都道府県コード": 5, "市区町村コード": 201, "所在地": "秋田県秋田市将軍野南４丁目６－２４－２", "緯度": 39.746258, "経度": 140.08488, "url": "https://www.iryou.teikyouseido.mhlw.go.jp/znk-web/juminkanja/S2430/initialize?prefCd=05&kikanCd=5052518210&kikanKbn=nan", "url2": "https//iwama-ph.co.jp/index.html", "内容": "将軍野いわま薬局0秋田県秋田市将軍野南４丁目６－２４－２" }, "geometry": { "type": "Point", "coordinates": [ 140.08488, 39.746258 ] } },
{ "type": "Feature", "properties": { "ID": 555052518220, "正式名称": "緑ヶ丘薬局", "機関区分": 5, "都道府県コード": 5, "市区町村コード": 201, "所在地": "秋田県秋田市飯島緑丘町２－３２", "緯度": 39.775241, "経度": 140.072504, "url": "https://www.iryou.teikyouseido.mhlw.go.jp/znk-web/juminkanja/S2430/initialize?prefCd=05&kikanCd=5052518220&kikanKbn=nan", "url2": "https://meron-net.shop/ds/midorigaokaph", "内容": "緑ヶ丘薬局0秋田県秋田市飯島緑丘町２－３２" }, "geometry": { "type": "Point", "coordinates": [ 140.072504, 39.775241 ] } },
{ "type": "Feature", "properties": { "ID": 555052518230, "正式名称": "株式会社福助ファーマシー　あけぼの薬局", "機関区分": 5, "都道府県コード": 5, "市区町村コード": 201, "所在地": "秋田県秋田市川元開和町１－１", "緯度": 39.712292, "経度": 140.103973, "url": "https://www.iryou.teikyouseido.mhlw.go.jp/znk-web/juminkanja/S2430/initialize?prefCd=05&kikanCd=5052518230&kikanKbn=nan", "url2": null, "内容": "株式会社福助ファーマシー　あけぼの薬局0秋田県秋田市川元開和町１－１" }, "geometry": { "type": "Point", "coordinates": [ 140.103973, 39.712292 ] } },
{ "type": "Feature", "properties": { "ID": 555052518240, "正式名称": "調剤薬局ツルハドラッグ外旭川店", "機関区分": 5, "都道府県コード": 5, "市区町村コード": 201, "所在地": "秋田県秋田市外旭川字小谷地３３番地１", "緯度": 39.752217, "経度": 140.097621, "url": "https://www.iryou.teikyouseido.mhlw.go.jp/znk-web/juminkanja/S2430/initialize?prefCd=05&kikanCd=5052518240&kikanKbn=nan", "url2": "https://shop.tsuruha-g.com/0297", "内容": "調剤薬局ツルハドラッグ外旭川店0秋田県秋田市外旭川字小谷地３３番地１" }, "geometry": { "type": "Point", "coordinates": [ 140.097621, 39.752217 ] } },
{ "type": "Feature", "properties": { "ID": 555052518260, "正式名称": "ハッピー調剤薬局　秋田新屋店", "機関区分": 5, "都道府県コード": 5, "市区町村コード": 201, "所在地": "秋田県秋田市新屋鳥木町３－２", "緯度": 39.675928, "経度": 140.089324, "url": "https://www.iryou.teikyouseido.mhlw.go.jp/znk-web/juminkanja/S2430/initialize?prefCd=05&kikanCd=5052518260&kikanKbn=nan", "url2": "https://happydrug.co.jp/stores/", "内容": "ハッピー調剤薬局　秋田新屋店0秋田県秋田市新屋鳥木町３－２" }, "geometry": { "type": "Point", "coordinates": [ 140.089324, 39.675928 ] } },
{ "type": "Feature", "properties": { "ID": 555052518270, "正式名称": "なごみ調剤薬局　城東店", "機関区分": 5, "都道府県コード": 5, "市区町村コード": 201, "所在地": "秋田県秋田市広面字鍋沼３５番", "緯度": 39.71729, "経度": 140.146828, "url": "https://www.iryou.teikyouseido.mhlw.go.jp/znk-web/juminkanja/S2430/initialize?prefCd=05&kikanCd=5052518270&kikanKbn=nan", "url2": "http://www.nagomi-pharmacy-akita.com/aboutus", "内容": "なごみ調剤薬局　城東店0秋田県秋田市広面字鍋沼３５番" }, "geometry": { "type": "Point", "coordinates": [ 140.146828, 39.71729 ] } },
{ "type": "Feature", "properties": { "ID": 555052518280, "正式名称": "通町いわま薬局", "機関区分": 5, "都道府県コード": 5, "市区町村コード": 201, "所在地": "秋田県秋田市大町１丁目２－２６", "緯度": 39.720316, "経度": 140.118534, "url": "https://www.iryou.teikyouseido.mhlw.go.jp/znk-web/juminkanja/S2430/initialize?prefCd=05&kikanCd=5052518280&kikanKbn=nan", "url2": "https://iwama-ph.co.jp", "内容": "通町いわま薬局0秋田県秋田市大町１丁目２－２６" }, "geometry": { "type": "Point", "coordinates": [ 140.118534, 39.720316 ] } },
{ "type": "Feature", "properties": { "ID": 555052518290, "正式名称": "キャッスル調剤薬局", "機関区分": 5, "都道府県コード": 5, "市区町村コード": 201, "所在地": "秋田県秋田市中通１丁目３－５　キャッスルホテル２Ｆ", "緯度": 39.717858, "経度": 140.120451, "url": "https://www.iryou.teikyouseido.mhlw.go.jp/znk-web/juminkanja/S2430/initialize?prefCd=05&kikanCd=5052518290&kikanKbn=nan", "url2": "https://ship-ph.co.jp/", "内容": "キャッスル調剤薬局0秋田県秋田市中通１丁目３－５　キャッスルホテル２Ｆ" }, "geometry": { "type": "Point", "coordinates": [ 140.120451, 39.717858 ] } },
{ "type": "Feature", "properties": { "ID": 555052518300, "正式名称": "矢野薬局", "機関区分": 5, "都道府県コード": 5, "市区町村コード": 201, "所在地": "秋田県秋田市泉中央５－１８－１２", "緯度": 39.731833, "経度": 140.117671, "url": "https://www.iryou.teikyouseido.mhlw.go.jp/znk-web/juminkanja/S2430/initialize?prefCd=05&kikanCd=5052518300&kikanKbn=nan", "url2": null, "内容": "矢野薬局0秋田県秋田市泉中央５－１８－１２" }, "geometry": { "type": "Point", "coordinates": [ 140.117671, 39.731833 ] } },
{ "type": "Feature", "properties": { "ID": 555052518310, "正式名称": "調剤薬局ツルハドラッグ秋田手形店", "機関区分": 5, "都道府県コード": 5, "市区町村コード": 201, "所在地": "秋田県秋田市手形字山崎９２番地３３", "緯度": 39.720307, "経度": 140.131261, "url": "https://www.iryou.teikyouseido.mhlw.go.jp/znk-web/juminkanja/S2430/initialize?prefCd=05&kikanCd=5052518310&kikanKbn=nan", "url2": "https://shop.tsuruha-g.com/3386", "内容": "調剤薬局ツルハドラッグ秋田手形店0秋田県秋田市手形字山崎９２番地３３" }, "geometry": { "type": "Point", "coordinates": [ 140.131261, 39.720307 ] } },
{ "type": "Feature", "properties": { "ID": 555052518320, "正式名称": "クオール薬局秋田牛島西店", "機関区分": 5, "都道府県コード": 5, "市区町村コード": 201, "所在地": "秋田県秋田市牛島西一丁目７番９号", "緯度": 39.696045, "経度": 140.113837, "url": "https://www.iryou.teikyouseido.mhlw.go.jp/znk-web/juminkanja/S2430/initialize?prefCd=05&kikanCd=5052518320&kikanKbn=nan", "url2": "https://store.qol-net.co.jp/detail/1222/", "内容": "クオール薬局秋田牛島西店0秋田県秋田市牛島西一丁目７番９号" }, "geometry": { "type": "Point", "coordinates": [ 140.113837, 39.696045 ] } },
{ "type": "Feature", "properties": { "ID": 555052518330, "正式名称": "青山薬局　中通店", "機関区分": 5, "都道府県コード": 5, "市区町村コード": 201, "所在地": "秋田県秋田市中通６丁目１－２４", "緯度": 39.713208, "経度": 140.122951, "url": "https://www.iryou.teikyouseido.mhlw.go.jp/znk-web/juminkanja/S2430/initialize?prefCd=05&kikanCd=5052518330&kikanKbn=nan", "url2": "https://peraichi.com/landing_pages/view/topofwiew/", "内容": "青山薬局　中通店0秋田県秋田市中通６丁目１－２４" }, "geometry": { "type": "Point", "coordinates": [ 140.122951, 39.713208 ] } },
{ "type": "Feature", "properties": { "ID": 555052518340, "正式名称": "池田薬局　新屋おきた町店", "機関区分": 5, "都道府県コード": 5, "市区町村コード": 201, "所在地": "秋田県秋田市新屋沖田町６－１", "緯度": 39.674312, "経度": 140.090017, "url": "https://www.iryou.teikyouseido.mhlw.go.jp/znk-web/juminkanja/S2430/initialize?prefCd=05&kikanCd=5052518340&kikanKbn=nan", "url2": "https://www.ikeyaku.co.jp/", "内容": "池田薬局　新屋おきた町店0秋田県秋田市新屋沖田町６－１" }, "geometry": { "type": "Point", "coordinates": [ 140.090017, 39.674312 ] } },
{ "type": "Feature", "properties": { "ID": 555052518350, "正式名称": "みんなの薬局山王", "機関区分": 5, "都道府県コード": 5, "市区町村コード": 201, "所在地": "秋田県秋田市山王中園町３－３", "緯度": 39.714037, "経度": 140.097119, "url": "https://www.iryou.teikyouseido.mhlw.go.jp/znk-web/juminkanja/S2430/initialize?prefCd=05&kikanCd=5052518350&kikanKbn=nan", "url2": null, "内容": "みんなの薬局山王0秋田県秋田市山王中園町３－３" }, "geometry": { "type": "Point", "coordinates": [ 140.097119, 39.714037 ] } },
{ "type": "Feature", "properties": { "ID": 555052518370, "正式名称": "佐野薬局新国道店", "機関区分": 5, "都道府県コード": 5, "市区町村コード": 201, "所在地": "秋田県秋田市八橋大畑一丁目３番１３－２号", "緯度": 39.733817, "経度": 140.0988, "url": "https://www.iryou.teikyouseido.mhlw.go.jp/znk-web/juminkanja/S2430/initialize?prefCd=05&kikanCd=5052518370&kikanKbn=nan", "url2": "https://www.sano-ph.co.jp/", "内容": "佐野薬局新国道店0秋田県秋田市八橋大畑一丁目３番１３－２号" }, "geometry": { "type": "Point", "coordinates": [ 140.0988, 39.733817 ] } },
{ "type": "Feature", "properties": { "ID": 555052518380, "正式名称": "調剤薬局ツルハドラッグ秋田広面西店", "機関区分": 5, "都道府県コード": 5, "市区町村コード": 201, "所在地": "秋田県秋田市広面字鍋沼１０番地１", "緯度": 39.715828, "経度": 140.148446, "url": "https://www.iryou.teikyouseido.mhlw.go.jp/znk-web/juminkanja/S2430/initialize?prefCd=05&kikanCd=5052518380&kikanKbn=nan", "url2": "https://shop.tsuruha-g.com/3466", "内容": "調剤薬局ツルハドラッグ秋田広面西店0秋田県秋田市広面字鍋沼１０番地１" }, "geometry": { "type": "Point", "coordinates": [ 140.148446, 39.715828 ] } },
{ "type": "Feature", "properties": { "ID": 555052518390, "正式名称": "西岡メディカル薬局　秋田・寺内店", "機関区分": 5, "都道府県コード": 5, "市区町村コード": 201, "所在地": "秋田県秋田市寺内堂ノ沢３丁目６－５", "緯度": 39.7365551, "経度": 140.0900015, "url": "https://www.iryou.teikyouseido.mhlw.go.jp/znk-web/juminkanja/S2430/initialize?prefCd=05&kikanCd=5052518390&kikanKbn=nan", "url2": "https://www.haru-s.com/company", "内容": "西岡メディカル薬局　秋田・寺内店0秋田県秋田市寺内堂ノ沢３丁目６－５" }, "geometry": { "type": "Point", "coordinates": [ 140.0900015, 39.7365551 ] } },
{ "type": "Feature", "properties": { "ID": 555052518400, "正式名称": "西岡メディカル薬局秋田河辺店", "機関区分": 5, "都道府県コード": 5, "市区町村コード": 201, "所在地": "秋田県秋田市河辺北野田高屋字上前田表７３－４", "緯度": 39.651807, "経度": 140.211889, "url": "https://www.iryou.teikyouseido.mhlw.go.jp/znk-web/juminkanja/S2430/initialize?prefCd=05&kikanCd=5052518400&kikanKbn=nan", "url2": "https://www.haru-s.com/company", "内容": "西岡メディカル薬局秋田河辺店0秋田県秋田市河辺北野田高屋字上前田表７３－４" }, "geometry": { "type": "Point", "coordinates": [ 140.211889, 39.651807 ] } },
{ "type": "Feature", "properties": { "ID": 555052518410, "正式名称": "マリーン　マルナカ薬局", "機関区分": 5, "都道府県コード": 5, "市区町村コード": 201, "所在地": "秋田県秋田市中通２－１－３６　マグナスビル１Ｆ", "緯度": 39.71634, "経度": 140.122366, "url": "https://www.iryou.teikyouseido.mhlw.go.jp/znk-web/juminkanja/S2430/initialize?prefCd=05&kikanCd=5052518410&kikanKbn=nan", "url2": "https://www.marinegroup.jp/", "内容": "マリーン　マルナカ薬局0秋田県秋田市中通２－１－３６　マグナスビル１Ｆ" }, "geometry": { "type": "Point", "coordinates": [ 140.122366, 39.71634 ] } },
{ "type": "Feature", "properties": { "ID": 555052518420, "正式名称": "佐野薬局赤沼店", "機関区分": 5, "都道府県コード": 5, "市区町村コード": 201, "所在地": "秋田県秋田市広面字近藤堰越３１－４", "緯度": 39.727368, "経度": 140.145877, "url": "https://www.iryou.teikyouseido.mhlw.go.jp/znk-web/juminkanja/S2430/initialize?prefCd=05&kikanCd=5052518420&kikanKbn=nan", "url2": "https://www.sano-ph.co.jp/", "内容": "佐野薬局赤沼店0秋田県秋田市広面字近藤堰越３１－４" }, "geometry": { "type": "Point", "coordinates": [ 140.145877, 39.727368 ] } },
{ "type": "Feature", "properties": { "ID": 555052518430, "正式名称": "ヨコカナ薬局外旭川店", "機関区分": 5, "都道府県コード": 5, "市区町村コード": 201, "所在地": "秋田県秋田市外旭川字松崎１０９番地３", "緯度": 39.757435, "経度": 140.10927, "url": "https://www.iryou.teikyouseido.mhlw.go.jp/znk-web/juminkanja/S2430/initialize?prefCd=05&kikanCd=5052518430&kikanKbn=nan", "url2": "https://www.mk-pharmacy.com/", "内容": "ヨコカナ薬局外旭川店0秋田県秋田市外旭川字松崎１０９番地３" }, "geometry": { "type": "Point", "coordinates": [ 140.10927, 39.757435 ] } },
{ "type": "Feature", "properties": { "ID": 555052518440, "正式名称": "保戸野いわま薬局", "機関区分": 5, "都道府県コード": 5, "市区町村コード": 201, "所在地": "秋田県秋田市保戸野中町１－２５", "緯度": 39.723458, "経度": 140.11737, "url": "https://www.iryou.teikyouseido.mhlw.go.jp/znk-web/juminkanja/S2430/initialize?prefCd=05&kikanCd=5052518440&kikanKbn=nan", "url2": "https://iwama-ph.co.jp/", "内容": "保戸野いわま薬局0秋田県秋田市保戸野中町１－２５" }, "geometry": { "type": "Point", "coordinates": [ 140.11737, 39.723458 ] } },
{ "type": "Feature", "properties": { "ID": 555052600030, "正式名称": "池田薬局　わかば店", "機関区分": 5, "都道府県コード": 5, "市区町村コード": 210, "所在地": "秋田県由利本荘市石脇（田尻野）６－１１", "緯度": 39.395695, "経度": 140.025931, "url": "https://www.iryou.teikyouseido.mhlw.go.jp/znk-web/juminkanja/S2430/initialize?prefCd=05&kikanCd=5052600030&kikanKbn=nan", "url2": "http://www.ikeyaku.co.jp", "内容": "池田薬局　わかば店0秋田県由利本荘市石脇（田尻野）６－１１" }, "geometry": { "type": "Point", "coordinates": [ 140.025931, 39.395695 ] } },
{ "type": "Feature", "properties": { "ID": 555052600040, "正式名称": "マリーナ調剤薬局", "機関区分": 5, "都道府県コード": 5, "市区町村コード": 210, "所在地": "秋田県由利本荘市石脇（田尻野）６－５０", "緯度": 39.397987, "経度": 140.0489, "url": "https://www.iryou.teikyouseido.mhlw.go.jp/znk-web/juminkanja/S2430/initialize?prefCd=05&kikanCd=5052600040&kikanKbn=nan", "url2": null, "内容": "マリーナ調剤薬局0秋田県由利本荘市石脇（田尻野）６－５０" }, "geometry": { "type": "Point", "coordinates": [ 140.0489, 39.397987 ] } },
{ "type": "Feature", "properties": { "ID": 555052600050, "正式名称": "松ヶ崎調剤薬局", "機関区分": 5, "都道府県コード": 5, "市区町村コード": 210, "所在地": "秋田県由利本荘市神沢浜辺８６番", "緯度": 39.49013, "経度": 140.043592, "url": "https://www.iryou.teikyouseido.mhlw.go.jp/znk-web/juminkanja/S2430/initialize?prefCd=05&kikanCd=5052600050&kikanKbn=nan", "url2": null, "内容": "松ヶ崎調剤薬局0秋田県由利本荘市神沢浜辺８６番" }, "geometry": { "type": "Point", "coordinates": [ 140.043592, 39.49013 ] } },
{ "type": "Feature", "properties": { "ID": 555052600070, "正式名称": "日本調剤　本荘北薬局", "機関区分": 5, "都道府県コード": 5, "市区町村コード": 210, "所在地": "秋田県由利本荘市川口高花１０６－４", "緯度": 39.402612, "経度": 140.062845, "url": "https://www.iryou.teikyouseido.mhlw.go.jp/znk-web/juminkanja/S2430/initialize?prefCd=05&kikanCd=5052600070&kikanKbn=nan", "url2": "https://www.nicho.co.jp/tenpo/honjokita/", "内容": "日本調剤　本荘北薬局0秋田県由利本荘市川口高花１０６－４" }, "geometry": { "type": "Point", "coordinates": [ 140.062845, 39.402612 ] } },
{ "type": "Feature", "properties": { "ID": 555052600100, "正式名称": "池田薬局　かわぐち店", "機関区分": 5, "都道府県コード": 5, "市区町村コード": 210, "所在地": "秋田県由利本荘市川口八幡前２６１番地", "緯度": 39.399806, "経度": 140.060678, "url": "https://www.iryou.teikyouseido.mhlw.go.jp/znk-web/juminkanja/S2430/initialize?prefCd=05&kikanCd=5052600100&kikanKbn=nan", "url2": "http://www.ikeyaku.co.jp", "内容": "池田薬局　かわぐち店0秋田県由利本荘市川口八幡前２６１番地" }, "geometry": { "type": "Point", "coordinates": [ 140.060678, 39.399806 ] } },
{ "type": "Feature", "properties": { "ID": 555052600110, "正式名称": "ファーマックス由利調剤薬局", "機関区分": 5, "都道府県コード": 5, "市区町村コード": 210, "所在地": "秋田県由利本荘市川口字家後１５１番地１", "緯度": 39.403667, "経度": 140.062178, "url": "https://www.iryou.teikyouseido.mhlw.go.jp/znk-web/juminkanja/S2430/initialize?prefCd=05&kikanCd=5052600110&kikanKbn=nan", "url2": "https://www.pharmax.co.jp", "内容": "ファーマックス由利調剤薬局0秋田県由利本荘市川口字家後１５１番地１" }, "geometry": { "type": "Point", "coordinates": [ 140.062178, 39.403667 ] } },
{ "type": "Feature", "properties": { "ID": 555052600130, "正式名称": "池田薬局　開光堂店", "機関区分": 5, "都道府県コード": 5, "市区町村コード": 210, "所在地": "秋田県由利本荘市裏尾崎町４－３", "緯度": 39.387474, "経度": 140.050013, "url": "https://www.iryou.teikyouseido.mhlw.go.jp/znk-web/juminkanja/S2430/initialize?prefCd=05&kikanCd=5052600130&kikanKbn=nan", "url2": "http://www.ikeyaku.co.jp", "内容": "池田薬局　開光堂店0秋田県由利本荘市裏尾崎町４－３" }, "geometry": { "type": "Point", "coordinates": [ 140.050013, 39.387474 ] } },
{ "type": "Feature", "properties": { "ID": 555052600150, "正式名称": "本荘駅前調剤薬局", "機関区分": 5, "都道府県コード": 5, "市区町村コード": 210, "所在地": "秋田県由利本荘市花畑町２－３２－３", "緯度": 39.388002, "経度": 140.056402, "url": "https://www.iryou.teikyouseido.mhlw.go.jp/znk-web/juminkanja/S2430/initialize?prefCd=05&kikanCd=5052600150&kikanKbn=nan", "url2": null, "内容": "本荘駅前調剤薬局0秋田県由利本荘市花畑町２－３２－３" }, "geometry": { "type": "Point", "coordinates": [ 140.056402, 39.388002 ] } },
{ "type": "Feature", "properties": { "ID": 555052600200, "正式名称": "前郷調剤薬局", "機関区分": 5, "都道府県コード": 5, "市区町村コード": 210, "所在地": "秋田県由利本荘市前郷字家岸８１－１", "緯度": 39.312705, "経度": 140.111845, "url": "https://www.iryou.teikyouseido.mhlw.go.jp/znk-web/juminkanja/S2430/initialize?prefCd=05&kikanCd=5052600200&kikanKbn=nan", "url2": null, "内容": "前郷調剤薬局0秋田県由利本荘市前郷字家岸８１－１" }, "geometry": { "type": "Point", "coordinates": [ 140.111845, 39.312705 ] } },
{ "type": "Feature", "properties": { "ID": 555052600210, "正式名称": "やしま薬局", "機関区分": 5, "都道府県コード": 5, "市区町村コード": 210, "所在地": "秋田県由利本荘市矢島町七日町曲り渕１２３－１", "緯度": 39.23266, "経度": 140.140707, "url": "https://www.iryou.teikyouseido.mhlw.go.jp/znk-web/juminkanja/S2430/initialize?prefCd=05&kikanCd=5052600210&kikanKbn=nan", "url2": null, "内容": "やしま薬局0秋田県由利本荘市矢島町七日町曲り渕１２３－１" }, "geometry": { "type": "Point", "coordinates": [ 140.140707, 39.23266 ] } },
{ "type": "Feature", "properties": { "ID": 555052600250, "正式名称": "まるさん薬局", "機関区分": 5, "都道府県コード": 5, "市区町村コード": 210, "所在地": "秋田県由利本荘市矢島町七日町下山寺１０５－１", "緯度": 39.224298, "経度": 140.139957, "url": "https://www.iryou.teikyouseido.mhlw.go.jp/znk-web/juminkanja/S2430/initialize?prefCd=05&kikanCd=5052600250&kikanKbn=nan", "url2": null, "内容": "まるさん薬局0秋田県由利本荘市矢島町七日町下山寺１０５－１" }, "geometry": { "type": "Point", "coordinates": [ 140.139957, 39.224298 ] } },
{ "type": "Feature", "properties": { "ID": 555052600260, "正式名称": "ふしみ薬局", "機関区分": 5, "都道府県コード": 5, "市区町村コード": 210, "所在地": "秋田県由利本荘市鳥海町伏見久保１３－６", "緯度": 39.192609, "経度": 140.192177, "url": "https://www.iryou.teikyouseido.mhlw.go.jp/znk-web/juminkanja/S2430/initialize?prefCd=05&kikanCd=5052600260&kikanKbn=nan", "url2": "http://www.ecLassa.net/fushimi/", "内容": "ふしみ薬局0秋田県由利本荘市鳥海町伏見久保１３－６" }, "geometry": { "type": "Point", "coordinates": [ 140.192177, 39.192609 ] } },
{ "type": "Feature", "properties": { "ID": 555052600270, "正式名称": "ハート薬局", "機関区分": 5, "都道府県コード": 5, "市区町村コード": 210, "所在地": "秋田県由利本荘市表尾崎町１８－４", "緯度": 39.386891, "経度": 140.048679, "url": "https://www.iryou.teikyouseido.mhlw.go.jp/znk-web/juminkanja/S2430/initialize?prefCd=05&kikanCd=5052600270&kikanKbn=nan", "url2": null, "内容": "ハート薬局0秋田県由利本荘市表尾崎町１８－４" }, "geometry": { "type": "Point", "coordinates": [ 140.048679, 39.386891 ] } },
{ "type": "Feature", "properties": { "ID": 555052600300, "正式名称": "アイン薬局　由利本荘店", "機関区分": 5, "都道府県コード": 5, "市区町村コード": 210, "所在地": "秋田県由利本荘市岩渕下６８－２", "緯度": 39.392391, "経度": 140.052152, "url": "https://www.iryou.teikyouseido.mhlw.go.jp/znk-web/juminkanja/S2430/initialize?prefCd=05&kikanCd=5052600300&kikanKbn=nan", "url2": "http://www.ainj.co.jp/", "内容": "アイン薬局　由利本荘店0秋田県由利本荘市岩渕下６８－２" }, "geometry": { "type": "Point", "coordinates": [ 140.052152, 39.392391 ] } },
{ "type": "Feature", "properties": { "ID": 555052600310, "正式名称": "池田薬局　中央店", "機関区分": 5, "都道府県コード": 5, "市区町村コード": 210, "所在地": "秋田県由利本荘市岩渕下１０８－２", "緯度": 39.392863, "経度": 140.05229, "url": "https://www.iryou.teikyouseido.mhlw.go.jp/znk-web/juminkanja/S2430/initialize?prefCd=05&kikanCd=5052600310&kikanKbn=nan", "url2": "http://www.ikeyaku.co.jp", "内容": "池田薬局　中央店0秋田県由利本荘市岩渕下１０８－２" }, "geometry": { "type": "Point", "coordinates": [ 140.05229, 39.392863 ] } },
{ "type": "Feature", "properties": { "ID": 555052600320, "正式名称": "日本調剤　本荘薬局", "機関区分": 5, "都道府県コード": 5, "市区町村コード": 210, "所在地": "秋田県由利本荘市岩渕下９８－２", "緯度": 39.392474, "経度": 140.052124, "url": "https://www.iryou.teikyouseido.mhlw.go.jp/znk-web/juminkanja/S2430/initialize?prefCd=05&kikanCd=5052600320&kikanKbn=nan", "url2": "http://www.nicho.co.jp/tenpo/touhoku/akita/post_147.html", "内容": "日本調剤　本荘薬局0秋田県由利本荘市岩渕下９８－２" }, "geometry": { "type": "Point", "coordinates": [ 140.052124, 39.392474 ] } },
{ "type": "Feature", "properties": { "ID": 555052600330, "正式名称": "オレンジ薬局", "機関区分": 5, "都道府県コード": 5, "市区町村コード": 210, "所在地": "秋田県由利本荘市岩渕下４０－１", "緯度": 39.391557, "経度": 140.05229, "url": "https://www.iryou.teikyouseido.mhlw.go.jp/znk-web/juminkanja/S2430/initialize?prefCd=05&kikanCd=5052600330&kikanKbn=nan", "url2": null, "内容": "オレンジ薬局0秋田県由利本荘市岩渕下４０－１" }, "geometry": { "type": "Point", "coordinates": [ 140.05229, 39.391557 ] } },
{ "type": "Feature", "properties": { "ID": 555052600340, "正式名称": "大越調剤薬局　あかぬま店", "機関区分": 5, "都道府県コード": 5, "市区町村コード": 210, "所在地": "秋田県由利本荘市赤沼下４３７", "緯度": 39.390696, "経度": 140.058235, "url": "https://www.iryou.teikyouseido.mhlw.go.jp/znk-web/juminkanja/S2430/initialize?prefCd=05&kikanCd=5052600340&kikanKbn=nan", "url2": null, "内容": "大越調剤薬局　あかぬま店0秋田県由利本荘市赤沼下４３７" }, "geometry": { "type": "Point", "coordinates": [ 140.058235, 39.390696 ] } },
{ "type": "Feature", "properties": { "ID": 555052600350, "正式名称": "ファミリー薬局", "機関区分": 5, "都道府県コード": 5, "市区町村コード": 210, "所在地": "秋田県由利本荘市東梵天１７３－１", "緯度": 39.384697, "経度": 140.063928, "url": "https://www.iryou.teikyouseido.mhlw.go.jp/znk-web/juminkanja/S2430/initialize?prefCd=05&kikanCd=5052600350&kikanKbn=nan", "url2": "http://www.meron-net.jp/family-luckybag/", "内容": "ファミリー薬局0秋田県由利本荘市東梵天１７３－１" }, "geometry": { "type": "Point", "coordinates": [ 140.063928, 39.384697 ] } },
{ "type": "Feature", "properties": { "ID": 555052600360, "正式名称": "ぼんてん調剤薬局", "機関区分": 5, "都道府県コード": 5, "市区町村コード": 210, "所在地": "秋田県由利本荘市東梵天１９２－４", "緯度": 39.385253, "経度": 140.064095, "url": "https://www.iryou.teikyouseido.mhlw.go.jp/znk-web/juminkanja/S2430/initialize?prefCd=05&kikanCd=5052600360&kikanKbn=nan", "url2": null, "内容": "ぼんてん調剤薬局0秋田県由利本荘市東梵天１９２－４" }, "geometry": { "type": "Point", "coordinates": [ 140.064095, 39.385253 ] } },
{ "type": "Feature", "properties": { "ID": 555052600370, "正式名称": "本荘ひがし調剤薬局", "機関区分": 5, "都道府県コード": 5, "市区町村コード": 210, "所在地": "秋田県由利本荘市東梵天２９７－８", "緯度": 39.388086, "経度": 140.063234, "url": "https://www.iryou.teikyouseido.mhlw.go.jp/znk-web/juminkanja/S2430/initialize?prefCd=05&kikanCd=5052600370&kikanKbn=nan", "url2": null, "内容": "本荘ひがし調剤薬局0秋田県由利本荘市東梵天２９７－８" }, "geometry": { "type": "Point", "coordinates": [ 140.063234, 39.388086 ] } },
{ "type": "Feature", "properties": { "ID": 555052600390, "正式名称": "池田薬局　たで沼店", "機関区分": 5, "都道府県コード": 5, "市区町村コード": 210, "所在地": "秋田県由利本荘市一番堰１１７－１４", "緯度": 39.37717, "経度": 140.061818, "url": "https://www.iryou.teikyouseido.mhlw.go.jp/znk-web/juminkanja/S2430/initialize?prefCd=05&kikanCd=5052600390&kikanKbn=nan", "url2": "http://www.ikeyaku.co.jp", "内容": "池田薬局　たで沼店0秋田県由利本荘市一番堰１１７－１４" }, "geometry": { "type": "Point", "coordinates": [ 140.061818, 39.37717 ] } },
{ "type": "Feature", "properties": { "ID": 555052600400, "正式名称": "池田薬局　コアラ調剤店", "機関区分": 5, "都道府県コード": 5, "市区町村コード": 210, "所在地": "秋田県由利本荘市西梵天７５番地４", "緯度": 39.385558, "経度": 140.059346, "url": "https://www.iryou.teikyouseido.mhlw.go.jp/znk-web/juminkanja/S2430/initialize?prefCd=05&kikanCd=5052600400&kikanKbn=nan", "url2": "https://www.ikeyaku.co.jp/", "内容": "池田薬局　コアラ調剤店0秋田県由利本荘市西梵天７５番地４" }, "geometry": { "type": "Point", "coordinates": [ 140.059346, 39.385558 ] } },
{ "type": "Feature", "properties": { "ID": 555052600420, "正式名称": "日本調剤　本荘南薬局", "機関区分": 5, "都道府県コード": 5, "市区町村コード": 210, "所在地": "秋田県由利本荘市小人町１１５－３", "緯度": 39.380669, "経度": 140.046597, "url": "https://www.iryou.teikyouseido.mhlw.go.jp/znk-web/juminkanja/S2430/initialize?prefCd=05&kikanCd=5052600420&kikanKbn=nan", "url2": "http://www.nicho.co.jp/tenpo/touhoku/akita/post_256.html", "内容": "日本調剤　本荘南薬局0秋田県由利本荘市小人町１１５－３" }, "geometry": { "type": "Point", "coordinates": [ 140.046597, 39.380669 ] } },
{ "type": "Feature", "properties": { "ID": 555052600430, "正式名称": "池田薬局　つるまい店", "機関区分": 5, "都道府県コード": 5, "市区町村コード": 210, "所在地": "秋田県由利本荘市小人町２２３－１", "緯度": 39.38028, "経度": 140.046291, "url": "https://www.iryou.teikyouseido.mhlw.go.jp/znk-web/juminkanja/S2430/initialize?prefCd=05&kikanCd=5052600430&kikanKbn=nan", "url2": "http://www.ikeyaku.co.jp", "内容": "池田薬局　つるまい店0秋田県由利本荘市小人町２２３－１" }, "geometry": { "type": "Point", "coordinates": [ 140.046291, 39.38028 ] } },
{ "type": "Feature", "properties": { "ID": 555052600460, "正式名称": "池田薬局　大門店", "機関区分": 5, "都道府県コード": 5, "市区町村コード": 210, "所在地": "秋田県由利本荘市給人町７－３", "緯度": 39.388946, "経度": 140.044097, "url": "https://www.iryou.teikyouseido.mhlw.go.jp/znk-web/juminkanja/S2430/initialize?prefCd=05&kikanCd=5052600460&kikanKbn=nan", "url2": "http://www.ikeyaku.co.jp", "内容": "池田薬局　大門店0秋田県由利本荘市給人町７－３" }, "geometry": { "type": "Point", "coordinates": [ 140.044097, 39.388946 ] } },
{ "type": "Feature", "properties": { "ID": 555052600470, "正式名称": "上原調剤薬局", "機関区分": 5, "都道府県コード": 5, "市区町村コード": 210, "所在地": "秋田県由利本荘市砂子下４９－６", "緯度": 39.387529, "経度": 140.038125, "url": "https://www.iryou.teikyouseido.mhlw.go.jp/znk-web/juminkanja/S2430/initialize?prefCd=05&kikanCd=5052600470&kikanKbn=nan", "url2": "http://www.myph.jp/f_050003", "内容": "上原調剤薬局0秋田県由利本荘市砂子下４９－６" }, "geometry": { "type": "Point", "coordinates": [ 140.038125, 39.387529 ] } },
{ "type": "Feature", "properties": { "ID": 555052600480, "正式名称": "株式会社長谷川薬局", "機関区分": 5, "都道府県コード": 5, "市区町村コード": 210, "所在地": "秋田県由利本荘市西目町沼田弁天前４０－１５０", "緯度": 39.347228, "経度": 140.018351, "url": "https://www.iryou.teikyouseido.mhlw.go.jp/znk-web/juminkanja/S2430/initialize?prefCd=05&kikanCd=5052600480&kikanKbn=nan", "url2": null, "内容": "株式会社長谷川薬局0秋田県由利本荘市西目町沼田弁天前４０－１５０" }, "geometry": { "type": "Point", "coordinates": [ 140.018351, 39.347228 ] } },
{ "type": "Feature", "properties": { "ID": 555052600490, "正式名称": "西目調剤薬局", "機関区分": 5, "都道府県コード": 5, "市区町村コード": 210, "所在地": "秋田県由利本荘市西目町沼田新道下２－９０", "緯度": 39.344589, "経度": 140.011713, "url": "https://www.iryou.teikyouseido.mhlw.go.jp/znk-web/juminkanja/S2430/initialize?prefCd=05&kikanCd=5052600490&kikanKbn=nan", "url2": "https://www.e-classa.net/nishime/index.html", "内容": "西目調剤薬局0秋田県由利本荘市西目町沼田新道下２－９０" }, "geometry": { "type": "Point", "coordinates": [ 140.011713, 39.344589 ] } },
{ "type": "Feature", "properties": { "ID": 555052600510, "正式名称": "池田薬局　おおうち店", "機関区分": 5, "都道府県コード": 5, "市区町村コード": 210, "所在地": "秋田県由利本荘市大内三川三川１１番地", "緯度": 39.445358, "経度": 140.108728, "url": "https://www.iryou.teikyouseido.mhlw.go.jp/znk-web/juminkanja/S2430/initialize?prefCd=05&kikanCd=5052600510&kikanKbn=nan", "url2": "https://www.ikeyaku.co.jp/", "内容": "池田薬局　おおうち店0秋田県由利本荘市大内三川三川１１番地" }, "geometry": { "type": "Point", "coordinates": [ 140.108728, 39.445358 ] } },
{ "type": "Feature", "properties": { "ID": 555052600520, "正式名称": "池田薬局　すみれ調剤店", "機関区分": 5, "都道府県コード": 5, "市区町村コード": 210, "所在地": "秋田県由利本荘市中田代板井沢１１２－８", "緯度": 39.430556, "経度": 140.222608, "url": "https://www.iryou.teikyouseido.mhlw.go.jp/znk-web/juminkanja/S2430/initialize?prefCd=05&kikanCd=5052600520&kikanKbn=nan", "url2": "https://www.ikeyaku.co.jp/", "内容": "池田薬局　すみれ調剤店0秋田県由利本荘市中田代板井沢１１２－８" }, "geometry": { "type": "Point", "coordinates": [ 140.222608, 39.430556 ] } },
{ "type": "Feature", "properties": { "ID": 555052600530, "正式名称": "ファーマックスみちかわ薬局", "機関区分": 5, "都道府県コード": 5, "市区町村コード": 210, "所在地": "秋田県由利本荘市岩城内道川字井戸ノ沢２２番地１号", "緯度": 39.56006, "経度": 140.059497, "url": "https://www.iryou.teikyouseido.mhlw.go.jp/znk-web/juminkanja/S2430/initialize?prefCd=05&kikanCd=5052600530&kikanKbn=nan", "url2": "https://www.pharmax.co.jp", "内容": "ファーマックスみちかわ薬局0秋田県由利本荘市岩城内道川字井戸ノ沢２２番地１号" }, "geometry": { "type": "Point", "coordinates": [ 140.059497, 39.56006 ] } },
{ "type": "Feature", "properties": { "ID": 555052600570, "正式名称": "さくら薬局", "機関区分": 5, "都道府県コード": 5, "市区町村コード": 214, "所在地": "秋田県にかほ市象潟町狐森１０１－８", "緯度": 39.199214, "経度": 139.910478, "url": "https://www.iryou.teikyouseido.mhlw.go.jp/znk-web/juminkanja/S2430/initialize?prefCd=05&kikanCd=5052600570&kikanKbn=nan", "url2": "https://yukari-ph.co.jp", "内容": "さくら薬局0秋田県にかほ市象潟町狐森１０１－８" }, "geometry": { "type": "Point", "coordinates": [ 139.910478, 39.199214 ] } },
{ "type": "Feature", "properties": { "ID": 555052600580, "正式名称": "象潟調剤薬局", "機関区分": 5, "都道府県コード": 5, "市区町村コード": 214, "所在地": "秋田県にかほ市象潟町後田７７番地１", "緯度": 39.205019, "経度": 139.900478, "url": "https://www.iryou.teikyouseido.mhlw.go.jp/znk-web/juminkanja/S2430/initialize?prefCd=05&kikanCd=5052600580&kikanKbn=nan", "url2": "https://www.kisakata-ph.jp/", "内容": "象潟調剤薬局0秋田県にかほ市象潟町後田７７番地１" }, "geometry": { "type": "Point", "coordinates": [ 139.900478, 39.205019 ] } },
{ "type": "Feature", "properties": { "ID": 555052600590, "正式名称": "池田薬局　きさかた店", "機関区分": 5, "都道府県コード": 5, "市区町村コード": 214, "所在地": "秋田県にかほ市象潟町家の後６５－２６", "緯度": 39.206519, "経度": 139.900311, "url": "https://www.iryou.teikyouseido.mhlw.go.jp/znk-web/juminkanja/S2430/initialize?prefCd=05&kikanCd=5052600590&kikanKbn=nan", "url2": "http://www.ikeyaku.co.jp", "内容": "池田薬局　きさかた店0秋田県にかほ市象潟町家の後６５－２６" }, "geometry": { "type": "Point", "coordinates": [ 139.900311, 39.206519 ] } },
{ "type": "Feature", "properties": { "ID": 555052600600, "正式名称": "ねむの木調剤薬局", "機関区分": 5, "都道府県コード": 5, "市区町村コード": 214, "所在地": "秋田県にかほ市象潟町字家の後５４番３", "緯度": 39.205991, "経度": 139.900589, "url": "https://www.iryou.teikyouseido.mhlw.go.jp/znk-web/juminkanja/S2430/initialize?prefCd=05&kikanCd=5052600600&kikanKbn=nan", "url2": "https://www.sawahata-ph.co.jp", "内容": "ねむの木調剤薬局0秋田県にかほ市象潟町字家の後５４番３" }, "geometry": { "type": "Point", "coordinates": [ 139.900589, 39.205991 ] } },
{ "type": "Feature", "properties": { "ID": 555052600620, "正式名称": "にかほ薬局", "機関区分": 5, "都道府県コード": 5, "市区町村コード": 214, "所在地": "秋田県にかほ市平沢行ヒ森２－５", "緯度": 39.283428, "経度": 139.966469, "url": "https://www.iryou.teikyouseido.mhlw.go.jp/znk-web/juminkanja/S2430/initialize?prefCd=05&kikanCd=5052600620&kikanKbn=nan", "url2": "https://yukari-ph.co.jp/", "内容": "にかほ薬局0秋田県にかほ市平沢行ヒ森２－５" }, "geometry": { "type": "Point", "coordinates": [ 139.966469, 39.283428 ] } },
{ "type": "Feature", "properties": { "ID": 555052600630, "正式名称": "つちだ調剤薬局", "機関区分": 5, "都道府県コード": 5, "市区町村コード": 214, "所在地": "秋田県にかほ市平沢坂ノ下１００番地１", "緯度": 39.290483, "経度": 139.960747, "url": "https://www.iryou.teikyouseido.mhlw.go.jp/znk-web/juminkanja/S2430/initialize?prefCd=05&kikanCd=5052600630&kikanKbn=nan", "url2": "http://www.e-classa.net/panacea/", "内容": "つちだ調剤薬局0秋田県にかほ市平沢坂ノ下１００番地１" }, "geometry": { "type": "Point", "coordinates": [ 139.960747, 39.290483 ] } },
{ "type": "Feature", "properties": { "ID": 555052600640, "正式名称": "クオール薬局石脇店", "機関区分": 5, "都道府県コード": 5, "市区町村コード": 210, "所在地": "秋田県由利本荘市石脇（田尻）３－１２９", "緯度": 39.391212, "経度": 140.022491, "url": "https://www.iryou.teikyouseido.mhlw.go.jp/znk-web/juminkanja/S2430/initialize?prefCd=05&kikanCd=5052600640&kikanKbn=nan", "url2": "http://www.qol-net.co.jp", "内容": "クオール薬局石脇店0秋田県由利本荘市石脇（田尻）３－１２９" }, "geometry": { "type": "Point", "coordinates": [ 140.022491, 39.391212 ] } },
{ "type": "Feature", "properties": { "ID": 555052600660, "正式名称": "ひかり薬局", "機関区分": 5, "都道府県コード": 5, "市区町村コード": 210, "所在地": "秋田県由利本荘市中梵天８７－５", "緯度": 39.385169, "経度": 140.060652, "url": "https://www.iryou.teikyouseido.mhlw.go.jp/znk-web/juminkanja/S2430/initialize?prefCd=05&kikanCd=5052600660&kikanKbn=nan", "url2": null, "内容": "ひかり薬局0秋田県由利本荘市中梵天８７－５" }, "geometry": { "type": "Point", "coordinates": [ 140.060652, 39.385169 ] } },
{ "type": "Feature", "properties": { "ID": 555052600680, "正式名称": "大越調剤薬局　このうら店", "機関区分": 5, "都道府県コード": 5, "市区町村コード": 214, "所在地": "秋田県にかほ市金浦字古賀の田４－５７", "緯度": 39.256486, "経度": 139.923585, "url": "https://www.iryou.teikyouseido.mhlw.go.jp/znk-web/juminkanja/S2430/initialize?prefCd=05&kikanCd=5052600680&kikanKbn=nan", "url2": null, "内容": "大越調剤薬局　このうら店0秋田県にかほ市金浦字古賀の田４－５７" }, "geometry": { "type": "Point", "coordinates": [ 139.923585, 39.256486 ] } },
{ "type": "Feature", "properties": { "ID": 555052600690, "正式名称": "池田薬局　岩城店", "機関区分": 5, "都道府県コード": 5, "市区町村コード": 210, "所在地": "秋田県由利本荘市岩城内道川字馬道４４－１７", "緯度": 39.559345, "経度": 140.056477, "url": "https://www.iryou.teikyouseido.mhlw.go.jp/znk-web/juminkanja/S2430/initialize?prefCd=05&kikanCd=5052600690&kikanKbn=nan", "url2": "http://www.ikeyaku.co.jp", "内容": "池田薬局　岩城店0秋田県由利本荘市岩城内道川字馬道４４－１７" }, "geometry": { "type": "Point", "coordinates": [ 140.056477, 39.559345 ] } },
{ "type": "Feature", "properties": { "ID": 555052600700, "正式名称": "池田薬局　あら町店", "機関区分": 5, "都道府県コード": 5, "市区町村コード": 210, "所在地": "秋田県由利本荘市荒町字真城７２", "緯度": 39.354089, "経度": 140.076179, "url": "https://www.iryou.teikyouseido.mhlw.go.jp/znk-web/juminkanja/S2430/initialize?prefCd=05&kikanCd=5052600700&kikanKbn=nan", "url2": "http://www.ikeyaku.co.jp/", "内容": "池田薬局　あら町店0秋田県由利本荘市荒町字真城７２" }, "geometry": { "type": "Point", "coordinates": [ 140.076179, 39.354089 ] } },
{ "type": "Feature", "properties": { "ID": 555052600710, "正式名称": "調剤薬局ツルハドラッグ本荘店", "機関区分": 5, "都道府県コード": 5, "市区町村コード": 210, "所在地": "秋田県由利本荘市中梵天１０８", "緯度": 39.385555, "経度": 140.0607, "url": "https://www.iryou.teikyouseido.mhlw.go.jp/znk-web/juminkanja/S2430/initialize?prefCd=05&kikanCd=5052600710&kikanKbn=nan", "url2": "https://shop.tsuruha-g.com/1961", "内容": "調剤薬局ツルハドラッグ本荘店0秋田県由利本荘市中梵天１０８" }, "geometry": { "type": "Point", "coordinates": [ 140.0607, 39.385555 ] } },
{ "type": "Feature", "properties": { "ID": 555052600720, "正式名称": "おいかた調剤薬局", "機関区分": 5, "都道府県コード": 5, "市区町村コード": 210, "所在地": "秋田県由利本荘市東由利老方字老方１３－７", "緯度": 39.303576, "経度": 140.285654, "url": "https://www.iryou.teikyouseido.mhlw.go.jp/znk-web/juminkanja/S2430/initialize?prefCd=05&kikanCd=5052600720&kikanKbn=nan", "url2": "https://www.marinegroup.jp/store/", "内容": "おいかた調剤薬局0秋田県由利本荘市東由利老方字老方１３－７" }, "geometry": { "type": "Point", "coordinates": [ 140.285654, 39.303576 ] } },
{ "type": "Feature", "properties": { "ID": 555052600730, "正式名称": "池田薬局　ひがし町店", "機関区分": 5, "都道府県コード": 5, "市区町村コード": 210, "所在地": "秋田県由利本荘市東町３１－２", "緯度": 39.38724, "経度": 140.05338, "url": "https://www.iryou.teikyouseido.mhlw.go.jp/znk-web/juminkanja/S2430/initialize?prefCd=05&kikanCd=5052600730&kikanKbn=nan", "url2": "https://health.ikeyaku.co.jp/pharmacy/", "内容": "池田薬局　ひがし町店0秋田県由利本荘市東町３１－２" }, "geometry": { "type": "Point", "coordinates": [ 140.05338, 39.38724 ] } },
{ "type": "Feature", "properties": { "ID": 555052700040, "正式名称": "やまな薬局", "機関区分": 5, "都道府県コード": 5, "市区町村コード": 212, "所在地": "秋田県大仙市幸町４丁目２３番５号", "緯度": 39.469945, "経度": 140.478613, "url": "https://www.iryou.teikyouseido.mhlw.go.jp/znk-web/juminkanja/S2430/initialize?prefCd=05&kikanCd=5052700040&kikanKbn=nan", "url2": "http://www.e-classa.net/yamana_omagari/index.html", "内容": "やまな薬局0秋田県大仙市幸町４丁目２３番５号" }, "geometry": { "type": "Point", "coordinates": [ 140.478613, 39.469945 ] } },
{ "type": "Feature", "properties": { "ID": 555052700060, "正式名称": "みずほ薬局", "機関区分": 5, "都道府県コード": 5, "市区町村コード": 212, "所在地": "秋田県大仙市朝日町１７番４号", "緯度": 39.468251, "経度": 140.472641, "url": "https://www.iryou.teikyouseido.mhlw.go.jp/znk-web/juminkanja/S2430/initialize?prefCd=05&kikanCd=5052700060&kikanKbn=nan", "url2": "http://www.meron-net.jp/mizuhoyakkyoku", "内容": "みずほ薬局0秋田県大仙市朝日町１７番４号" }, "geometry": { "type": "Point", "coordinates": [ 140.472641, 39.468251 ] } },
{ "type": "Feature", "properties": { "ID": 555052700070, "正式名称": "こまち調剤薬局", "機関区分": 5, "都道府県コード": 5, "市区町村コード": 212, "所在地": "秋田県大仙市大曲通町６番３０号", "緯度": 39.467167, "経度": 140.477557, "url": "https://www.iryou.teikyouseido.mhlw.go.jp/znk-web/juminkanja/S2430/initialize?prefCd=05&kikanCd=5052700070&kikanKbn=nan", "url2": "http://komachi.meron-net.jp/", "内容": "こまち調剤薬局0秋田県大仙市大曲通町６番３０号" }, "geometry": { "type": "Point", "coordinates": [ 140.477557, 39.467167 ] } },
{ "type": "Feature", "properties": { "ID": 555052700080, "正式名称": "ワコウ薬局", "機関区分": 5, "都道府県コード": 5, "市区町村コード": 212, "所在地": "秋田県大仙市大曲福住町２－４", "緯度": 39.463752, "経度": 140.475863, "url": "https://www.iryou.teikyouseido.mhlw.go.jp/znk-web/juminkanja/S2430/initialize?prefCd=05&kikanCd=5052700080&kikanKbn=nan", "url2": "http://www.shimoyamaph.com/storeinformation/wako", "内容": "ワコウ薬局0秋田県大仙市大曲福住町２－４" }, "geometry": { "type": "Point", "coordinates": [ 140.475863, 39.463752 ] } },
{ "type": "Feature", "properties": { "ID": 555052700090, "正式名称": "池田薬局　大曲店", "機関区分": 5, "都道府県コード": 5, "市区町村コード": 212, "所在地": "秋田県大仙市大曲福住町９－２２", "緯度": 39.465834, "経度": 140.475501, "url": "https://www.iryou.teikyouseido.mhlw.go.jp/znk-web/juminkanja/S2430/initialize?prefCd=05&kikanCd=5052700090&kikanKbn=nan", "url2": "http://www.ikeyaku.co.jp", "内容": "池田薬局　大曲店0秋田県大仙市大曲福住町９－２２" }, "geometry": { "type": "Point", "coordinates": [ 140.475501, 39.465834 ] } },
{ "type": "Feature", "properties": { "ID": 555052700100, "正式名称": "下山薬局福住店", "機関区分": 5, "都道府県コード": 5, "市区町村コード": 212, "所在地": "秋田県大仙市大曲福住町２－２６", "緯度": 39.465251, "経度": 140.474391, "url": "https://www.iryou.teikyouseido.mhlw.go.jp/znk-web/juminkanja/S2430/initialize?prefCd=05&kikanCd=5052700100&kikanKbn=nan", "url2": "http://fukuzumiph.meron-net.jp/", "内容": "下山薬局福住店0秋田県大仙市大曲福住町２－２６" }, "geometry": { "type": "Point", "coordinates": [ 140.474391, 39.465251 ] } },
{ "type": "Feature", "properties": { "ID": 555052700110, "正式名称": "しろがね調剤薬局", "機関区分": 5, "都道府県コード": 5, "市区町村コード": 212, "所在地": "秋田県大仙市大曲福住町３番１９号", "緯度": 39.464474, "経度": 140.473252, "url": "https://www.iryou.teikyouseido.mhlw.go.jp/znk-web/juminkanja/S2430/initialize?prefCd=05&kikanCd=5052700110&kikanKbn=nan", "url2": "https://anri-g.net/", "内容": "しろがね調剤薬局0秋田県大仙市大曲福住町３番１９号" }, "geometry": { "type": "Point", "coordinates": [ 140.473252, 39.464474 ] } },
{ "type": "Feature", "properties": { "ID": 555052700130, "正式名称": "調剤薬局ツルハドラッグ大曲福田店", "機関区分": 5, "都道府県コード": 5, "市区町村コード": 212, "所在地": "秋田県大仙市福田町２２番２３－６号", "緯度": 39.470223, "経度": 140.481113, "url": "https://www.iryou.teikyouseido.mhlw.go.jp/znk-web/juminkanja/S2430/initialize?prefCd=05&kikanCd=5052700130&kikanKbn=nan", "url2": "http://www.tsuruha.co.jp", "内容": "調剤薬局ツルハドラッグ大曲福田店0秋田県大仙市福田町２２番２３－６号" }, "geometry": { "type": "Point", "coordinates": [ 140.481113, 39.470223 ] } },
{ "type": "Feature", "properties": { "ID": 555052700150, "正式名称": "こまち薬局福田店", "機関区分": 5, "都道府県コード": 5, "市区町村コード": 212, "所在地": "秋田県大仙市福田町２１番２３－１２号", "緯度": 39.469099, "経度": 140.483205, "url": "https://www.iryou.teikyouseido.mhlw.go.jp/znk-web/juminkanja/S2430/initialize?prefCd=05&kikanCd=5052700150&kikanKbn=nan", "url2": "http://komachifukuda.meron-net.jp/", "内容": "こまち薬局福田店0秋田県大仙市福田町２１番２３－１２号" }, "geometry": { "type": "Point", "coordinates": [ 140.483205, 39.469099 ] } },
{ "type": "Feature", "properties": { "ID": 555052700160, "正式名称": "あさひ薬局", "機関区分": 5, "都道府県コード": 5, "市区町村コード": 212, "所在地": "秋田県大仙市大曲中通町４番２６号", "緯度": 39.462141, "経度": 140.479001, "url": "https://www.iryou.teikyouseido.mhlw.go.jp/znk-web/juminkanja/S2430/initialize?prefCd=05&kikanCd=5052700160&kikanKbn=nan", "url2": "https://meron-net.shop/ds/asahiyakkyoku", "内容": "あさひ薬局0秋田県大仙市大曲中通町４番２６号" }, "geometry": { "type": "Point", "coordinates": [ 140.479001, 39.462141 ] } },
{ "type": "Feature", "properties": { "ID": 555052700170, "正式名称": "下山薬局黒瀬店", "機関区分": 5, "都道府県コード": 5, "市区町村コード": 212, "所在地": "秋田県大仙市大曲黒瀬町３番４４", "緯度": 39.461252, "経度": 140.481724, "url": "https://www.iryou.teikyouseido.mhlw.go.jp/znk-web/juminkanja/S2430/initialize?prefCd=05&kikanCd=5052700170&kikanKbn=nan", "url2": null, "内容": "下山薬局黒瀬店0秋田県大仙市大曲黒瀬町３番４４" }, "geometry": { "type": "Point", "coordinates": [ 140.481724, 39.461252 ] } },
{ "type": "Feature", "properties": { "ID": 555052700190, "正式名称": "藤井薬局", "機関区分": 5, "都道府県コード": 5, "市区町村コード": 212, "所在地": "秋田県大仙市大曲中通町１－２４", "緯度": 39.46191, "経度": 140.478602, "url": "https://www.iryou.teikyouseido.mhlw.go.jp/znk-web/juminkanja/S2430/initialize?prefCd=05&kikanCd=5052700190&kikanKbn=nan", "url2": null, "内容": "藤井薬局0秋田県大仙市大曲中通町１－２４" }, "geometry": { "type": "Point", "coordinates": [ 140.478602, 39.46191 ] } },
{ "type": "Feature", "properties": { "ID": 555052700200, "正式名称": "中央薬局", "機関区分": 5, "都道府県コード": 5, "市区町村コード": 212, "所在地": "秋田県大仙市大曲中通町３－４", "緯度": 39.461335, "経度": 140.478807, "url": "https://www.iryou.teikyouseido.mhlw.go.jp/znk-web/juminkanja/S2430/initialize?prefCd=05&kikanCd=5052700200&kikanKbn=nan", "url2": null, "内容": "中央薬局0秋田県大仙市大曲中通町３－４" }, "geometry": { "type": "Point", "coordinates": [ 140.478807, 39.461335 ] } },
{ "type": "Feature", "properties": { "ID": 555052700210, "正式名称": "ファーマックス仙北調剤薬局", "機関区分": 5, "都道府県コード": 5, "市区町村コード": 212, "所在地": "秋田県大仙市大曲通町８－３６", "緯度": 39.465418, "経度": 140.476335, "url": "https://www.iryou.teikyouseido.mhlw.go.jp/znk-web/juminkanja/S2430/initialize?prefCd=05&kikanCd=5052700210&kikanKbn=nan", "url2": "https://www.pharmax.co.jp", "内容": "ファーマックス仙北調剤薬局0秋田県大仙市大曲通町８－３６" }, "geometry": { "type": "Point", "coordinates": [ 140.476335, 39.465418 ] } },
{ "type": "Feature", "properties": { "ID": 555052700240, "正式名称": "イオン薬局大曲店", "機関区分": 5, "都道府県コード": 5, "市区町村コード": 212, "所在地": "秋田県大仙市和合字坪立１７７番地", "緯度": 39.438616, "経度": 140.508889, "url": "https://www.iryou.teikyouseido.mhlw.go.jp/znk-web/juminkanja/S2430/initialize?prefCd=05&kikanCd=5052700240&kikanKbn=nan", "url2": null, "内容": "イオン薬局大曲店0秋田県大仙市和合字坪立１７７番地" }, "geometry": { "type": "Point", "coordinates": [ 140.508889, 39.438616 ] } },
{ "type": "Feature", "properties": { "ID": 555052700250, "正式名称": "大曲みよし薬局", "機関区分": 5, "都道府県コード": 5, "市区町村コード": 212, "所在地": "秋田県大仙市戸蒔谷地添７０－３", "緯度": 39.450087, "経度": 140.503306, "url": "https://www.iryou.teikyouseido.mhlw.go.jp/znk-web/juminkanja/S2430/initialize?prefCd=05&kikanCd=5052700250&kikanKbn=nan", "url2": null, "内容": "大曲みよし薬局0秋田県大仙市戸蒔谷地添７０－３" }, "geometry": { "type": "Point", "coordinates": [ 140.503306, 39.450087 ] } },
{ "type": "Feature", "properties": { "ID": 555052700260, "正式名称": "合資会社　オオミ薬局", "機関区分": 5, "都道府県コード": 5, "市区町村コード": 212, "所在地": "秋田県大仙市大曲須和町１丁目４番２２号", "緯度": 39.457142, "経度": 140.48289, "url": "https://www.iryou.teikyouseido.mhlw.go.jp/znk-web/juminkanja/S2430/initialize?prefCd=05&kikanCd=5052700260&kikanKbn=nan", "url2": null, "内容": "合資会社　オオミ薬局0秋田県大仙市大曲須和町１丁目４番２２号" }, "geometry": { "type": "Point", "coordinates": [ 140.48289, 39.457142 ] } },
{ "type": "Feature", "properties": { "ID": 555052700270, "正式名称": "たいよう薬局", "機関区分": 5, "都道府県コード": 5, "市区町村コード": 212, "所在地": "秋田県大仙市大曲須和町２丁目２番４９号", "緯度": 39.454419, "経度": 140.485696, "url": "https://www.iryou.teikyouseido.mhlw.go.jp/znk-web/juminkanja/S2430/initialize?prefCd=05&kikanCd=5052700270&kikanKbn=nan", "url2": "https://www.sanno-taiyo.com/store_info/index.htm", "内容": "たいよう薬局0秋田県大仙市大曲須和町２丁目２番４９号" }, "geometry": { "type": "Point", "coordinates": [ 140.485696, 39.454419 ] } },
{ "type": "Feature", "properties": { "ID": 555052700290, "正式名称": "上大町薬局", "機関区分": 5, "都道府県コード": 5, "市区町村コード": 212, "所在地": "秋田県大仙市大曲上大町５５１番", "緯度": 39.456336, "経度": 140.477975, "url": "https://www.iryou.teikyouseido.mhlw.go.jp/znk-web/juminkanja/S2430/initialize?prefCd=05&kikanCd=5052700290&kikanKbn=nan", "url2": null, "内容": "上大町薬局0秋田県大仙市大曲上大町５５１番" }, "geometry": { "type": "Point", "coordinates": [ 140.477975, 39.456336 ] } },
{ "type": "Feature", "properties": { "ID": 555052700300, "正式名称": "浜町調剤薬局", "機関区分": 5, "都道府県コード": 5, "市区町村コード": 212, "所在地": "秋田県大仙市大曲浜町７－４１", "緯度": 39.459724, "経度": 140.475419, "url": "https://www.iryou.teikyouseido.mhlw.go.jp/znk-web/juminkanja/S2430/initialize?prefCd=05&kikanCd=5052700300&kikanKbn=nan", "url2": "http://www.shimoyamaph.com/storeinformation/hamacho", "内容": "浜町調剤薬局0秋田県大仙市大曲浜町７－４１" }, "geometry": { "type": "Point", "coordinates": [ 140.475419, 39.459724 ] } },
{ "type": "Feature", "properties": { "ID": 555052700310, "正式名称": "おやま薬局", "機関区分": 5, "都道府県コード": 5, "市区町村コード": 212, "所在地": "秋田県大仙市大曲あけぼの町８番１１号", "緯度": 39.456168, "経度": 140.472669, "url": "https://www.iryou.teikyouseido.mhlw.go.jp/znk-web/juminkanja/S2430/initialize?prefCd=05&kikanCd=5052700310&kikanKbn=nan", "url2": null, "内容": "おやま薬局0秋田県大仙市大曲あけぼの町８番１１号" }, "geometry": { "type": "Point", "coordinates": [ 140.472669, 39.456168 ] } },
{ "type": "Feature", "properties": { "ID": 555052700320, "正式名称": "下山サカエ薬局", "機関区分": 5, "都道府県コード": 5, "市区町村コード": 212, "所在地": "秋田県大仙市大曲上栄町８番１７号", "緯度": 39.452419, "経度": 140.476364, "url": "https://www.iryou.teikyouseido.mhlw.go.jp/znk-web/juminkanja/S2430/initialize?prefCd=05&kikanCd=5052700320&kikanKbn=nan", "url2": "https://shimoyama1955.jp/", "内容": "下山サカエ薬局0秋田県大仙市大曲上栄町８番１７号" }, "geometry": { "type": "Point", "coordinates": [ 140.476364, 39.452419 ] } },
{ "type": "Feature", "properties": { "ID": 555052700330, "正式名称": "大曲調剤薬局", "機関区分": 5, "都道府県コード": 5, "市区町村コード": 212, "所在地": "秋田県大仙市大曲上栄町１０番３２号", "緯度": 39.451197, "経度": 140.476891, "url": "https://www.iryou.teikyouseido.mhlw.go.jp/znk-web/juminkanja/S2430/initialize?prefCd=05&kikanCd=5052700330&kikanKbn=nan", "url2": "http://www.akita-amic.co.jp", "内容": "大曲調剤薬局0秋田県大仙市大曲上栄町１０番３２号" }, "geometry": { "type": "Point", "coordinates": [ 140.476891, 39.451197 ] } },
{ "type": "Feature", "properties": { "ID": 555052700350, "正式名称": "有限会社　日の出調剤薬局", "機関区分": 5, "都道府県コード": 5, "市区町村コード": 212, "所在地": "秋田県大仙市横堀杉下１２０", "緯度": 39.494444, "経度": 140.545328, "url": "https://www.iryou.teikyouseido.mhlw.go.jp/znk-web/juminkanja/S2430/initialize?prefCd=05&kikanCd=5052700350&kikanKbn=nan", "url2": "http://www.e-classa.net/hinode", "内容": "有限会社　日の出調剤薬局0秋田県大仙市横堀杉下１２０" }, "geometry": { "type": "Point", "coordinates": [ 140.545328, 39.494444 ] } },
{ "type": "Feature", "properties": { "ID": 555052700360, "正式名称": "佐々木薬局", "機関区分": 5, "都道府県コード": 5, "市区町村コード": 212, "所在地": "秋田県大仙市長野六日町９４", "緯度": 39.542133, "経度": 140.53366, "url": "https://www.iryou.teikyouseido.mhlw.go.jp/znk-web/juminkanja/S2430/initialize?prefCd=05&kikanCd=5052700360&kikanKbn=nan", "url2": null, "内容": "佐々木薬局0秋田県大仙市長野六日町９４" }, "geometry": { "type": "Point", "coordinates": [ 140.53366, 39.542133 ] } },
{ "type": "Feature", "properties": { "ID": 555052700380, "正式名称": "中仙薬局", "機関区分": 5, "都道府県コード": 5, "市区町村コード": 212, "所在地": "秋田県大仙市長野新山６３－３", "緯度": 39.542994, "経度": 140.54677, "url": "https://www.iryou.teikyouseido.mhlw.go.jp/znk-web/juminkanja/S2430/initialize?prefCd=05&kikanCd=5052700380&kikanKbn=nan", "url2": null, "内容": "中仙薬局0秋田県大仙市長野新山６３－３" }, "geometry": { "type": "Point", "coordinates": [ 140.54677, 39.542994 ] } },
{ "type": "Feature", "properties": { "ID": 555052700390, "正式名称": "たかなし薬局", "機関区分": 5, "都道府県コード": 5, "市区町村コード": 212, "所在地": "秋田県大仙市高梨字田茂木８９", "緯度": 39.457642, "経度": 140.521165, "url": "https://www.iryou.teikyouseido.mhlw.go.jp/znk-web/juminkanja/S2430/initialize?prefCd=05&kikanCd=5052700390&kikanKbn=nan", "url2": null, "内容": "たかなし薬局0秋田県大仙市高梨字田茂木８９" }, "geometry": { "type": "Point", "coordinates": [ 140.521165, 39.457642 ] } },
{ "type": "Feature", "properties": { "ID": 555052700410, "正式名称": "薬局すばる", "機関区分": 5, "都道府県コード": 5, "市区町村コード": 212, "所在地": "秋田県大仙市角間川町町頭１８０番地１９", "緯度": 39.399842, "経度": 140.479116, "url": "https://www.iryou.teikyouseido.mhlw.go.jp/znk-web/juminkanja/S2430/initialize?prefCd=05&kikanCd=5052700410&kikanKbn=nan", "url2": null, "内容": "薬局すばる0秋田県大仙市角間川町町頭１８０番地１９" }, "geometry": { "type": "Point", "coordinates": [ 140.479116, 39.399842 ] } },
{ "type": "Feature", "properties": { "ID": 555052700420, "正式名称": "ヒカリ薬局", "機関区分": 5, "都道府県コード": 5, "市区町村コード": 212, "所在地": "秋田県大仙市角間川町下中町３３－２", "緯度": 39.405563, "経度": 140.48331, "url": "https://www.iryou.teikyouseido.mhlw.go.jp/znk-web/juminkanja/S2430/initialize?prefCd=05&kikanCd=5052700420&kikanKbn=nan", "url2": null, "内容": "ヒカリ薬局0秋田県大仙市角間川町下中町３３－２" }, "geometry": { "type": "Point", "coordinates": [ 140.48331, 39.405563 ] } },
{ "type": "Feature", "properties": { "ID": 555052700430, "正式名称": "冨岡薬局", "機関区分": 5, "都道府県コード": 5, "市区町村コード": 212, "所在地": "秋田県大仙市太田町横沢堀ノ内１", "緯度": 39.499944, "経度": 140.594046, "url": "https://www.iryou.teikyouseido.mhlw.go.jp/znk-web/juminkanja/S2430/initialize?prefCd=05&kikanCd=5052700430&kikanKbn=nan", "url2": null, "内容": "冨岡薬局0秋田県大仙市太田町横沢堀ノ内１" }, "geometry": { "type": "Point", "coordinates": [ 140.594046, 39.499944 ] } },
{ "type": "Feature", "properties": { "ID": 555052700440, "正式名称": "こまち調剤薬局　太田店", "機関区分": 5, "都道府県コード": 5, "市区町村コード": 212, "所在地": "秋田県大仙市太田町横沢字久保関北７１８－１", "緯度": 39.511249, "経度": 140.598212, "url": "https://www.iryou.teikyouseido.mhlw.go.jp/znk-web/juminkanja/S2430/initialize?prefCd=05&kikanCd=5052700440&kikanKbn=nan", "url2": "http://komachiota.meron-net.jp/", "内容": "こまち調剤薬局　太田店0秋田県大仙市太田町横沢字久保関北７１８－１" }, "geometry": { "type": "Point", "coordinates": [ 140.598212, 39.511249 ] } },
{ "type": "Feature", "properties": { "ID": 555052700450, "正式名称": "だけ調剤薬局", "機関区分": 5, "都道府県コード": 5, "市区町村コード": 212, "所在地": "秋田県大仙市神宮寺本郷下６３番地７", "緯度": 39.490803, "経度": 140.421978, "url": "https://www.iryou.teikyouseido.mhlw.go.jp/znk-web/juminkanja/S2430/initialize?prefCd=05&kikanCd=5052700450&kikanKbn=nan", "url2": null, "内容": "だけ調剤薬局0秋田県大仙市神宮寺本郷下６３番地７" }, "geometry": { "type": "Point", "coordinates": [ 140.421978, 39.490803 ] } },
{ "type": "Feature", "properties": { "ID": 555052700460, "正式名称": "にしせんぼく薬局", "機関区分": 5, "都道府県コード": 5, "市区町村コード": 212, "所在地": "秋田県大仙市刈和野字清光院後３８番２号", "緯度": 39.544463, "経度": 140.372395, "url": "https://www.iryou.teikyouseido.mhlw.go.jp/znk-web/juminkanja/S2430/initialize?prefCd=05&kikanCd=5052700460&kikanKbn=nan", "url2": "http://www.akai-pharmacy.co.jp", "内容": "にしせんぼく薬局0秋田県大仙市刈和野字清光院後３８番２号" }, "geometry": { "type": "Point", "coordinates": [ 140.372395, 39.544463 ] } },
{ "type": "Feature", "properties": { "ID": 555052700470, "正式名称": "広小路薬局", "機関区分": 5, "都道府県コード": 5, "市区町村コード": 212, "所在地": "秋田県大仙市刈和野清光院後４２－２６", "緯度": 39.544296, "経度": 140.371145, "url": "https://www.iryou.teikyouseido.mhlw.go.jp/znk-web/juminkanja/S2430/initialize?prefCd=05&kikanCd=5052700470&kikanKbn=nan", "url2": null, "内容": "広小路薬局0秋田県大仙市刈和野清光院後４２－２６" }, "geometry": { "type": "Point", "coordinates": [ 140.371145, 39.544296 ] } },
{ "type": "Feature", "properties": { "ID": 555052700480, "正式名称": "有限会社　松田薬局", "機関区分": 5, "都道府県コード": 5, "市区町村コード": 212, "所在地": "秋田県大仙市協和境野田８６番地１", "緯度": 39.61726, "経度": 140.320702, "url": "https://www.iryou.teikyouseido.mhlw.go.jp/znk-web/juminkanja/S2430/initialize?prefCd=05&kikanCd=5052700480&kikanKbn=nan", "url2": null, "内容": "有限会社　松田薬局0秋田県大仙市協和境野田８６番地１" }, "geometry": { "type": "Point", "coordinates": [ 140.320702, 39.61726 ] } },
{ "type": "Feature", "properties": { "ID": 555052700490, "正式名称": "合資会社カネダイ薬局　田町支店", "機関区分": 5, "都道府県コード": 5, "市区町村コード": 215, "所在地": "秋田県仙北市角館町田町下丁２２－２", "緯度": 39.591656, "経度": 140.564933, "url": "https://www.iryou.teikyouseido.mhlw.go.jp/znk-web/juminkanja/S2430/initialize?prefCd=05&kikanCd=5052700490&kikanKbn=nan", "url2": null, "内容": "合資会社カネダイ薬局　田町支店0秋田県仙北市角館町田町下丁２２－２" }, "geometry": { "type": "Point", "coordinates": [ 140.564933, 39.591656 ] } },
{ "type": "Feature", "properties": { "ID": 555052700500, "正式名称": "有限会社さくら薬局", "機関区分": 5, "都道府県コード": 5, "市区町村コード": 215, "所在地": "秋田県仙北市角館町下新町２４－８", "緯度": 39.591295, "経度": 140.56385, "url": "https://www.iryou.teikyouseido.mhlw.go.jp/znk-web/juminkanja/S2430/initialize?prefCd=05&kikanCd=5052700500&kikanKbn=nan", "url2": null, "内容": "有限会社さくら薬局0秋田県仙北市角館町下新町２４－８" }, "geometry": { "type": "Point", "coordinates": [ 140.56385, 39.591295 ] } },
{ "type": "Feature", "properties": { "ID": 555052700510, "正式名称": "合資会社　カネダイ薬局", "機関区分": 5, "都道府県コード": 5, "市区町村コード": 215, "所在地": "秋田県仙北市角館町岩瀬町３５", "緯度": 39.593155, "経度": 140.563711, "url": "https://www.iryou.teikyouseido.mhlw.go.jp/znk-web/juminkanja/S2430/initialize?prefCd=05&kikanCd=5052700510&kikanKbn=nan", "url2": null, "内容": "合資会社　カネダイ薬局0秋田県仙北市角館町岩瀬町３５" }, "geometry": { "type": "Point", "coordinates": [ 140.563711, 39.593155 ] } },
{ "type": "Feature", "properties": { "ID": 555052700530, "正式名称": "アイン薬局　角館２号店", "機関区分": 5, "都道府県コード": 5, "市区町村コード": 215, "所在地": "秋田県仙北市角館町西田６１－３", "緯度": 39.586823, "経度": 140.557878, "url": "https://www.iryou.teikyouseido.mhlw.go.jp/znk-web/juminkanja/S2430/initialize?prefCd=05&kikanCd=5052700530&kikanKbn=nan", "url2": null, "内容": "アイン薬局　角館２号店0秋田県仙北市角館町西田６１－３" }, "geometry": { "type": "Point", "coordinates": [ 140.557878, 39.586823 ] } },
{ "type": "Feature", "properties": { "ID": 555052700540, "正式名称": "合資会社　ミナミ薬局", "機関区分": 5, "都道府県コード": 5, "市区町村コード": 215, "所在地": "秋田県仙北市角館町西下タ野７９－６", "緯度": 39.584573, "経度": 140.560239, "url": "https://www.iryou.teikyouseido.mhlw.go.jp/znk-web/juminkanja/S2430/initialize?prefCd=05&kikanCd=5052700540&kikanKbn=nan", "url2": null, "内容": "合資会社　ミナミ薬局0秋田県仙北市角館町西下タ野７９－６" }, "geometry": { "type": "Point", "coordinates": [ 140.560239, 39.584573 ] } },
{ "type": "Feature", "properties": { "ID": 555052700550, "正式名称": "有限会社　佐藤薬局", "機関区分": 5, "都道府県コード": 5, "市区町村コード": 215, "所在地": "秋田県仙北市角館町中菅沢９２－３０", "緯度": 39.592905, "経度": 140.568461, "url": "https://www.iryou.teikyouseido.mhlw.go.jp/znk-web/juminkanja/S2430/initialize?prefCd=05&kikanCd=5052700550&kikanKbn=nan", "url2": null, "内容": "有限会社　佐藤薬局0秋田県仙北市角館町中菅沢９２－３０" }, "geometry": { "type": "Point", "coordinates": [ 140.568461, 39.592905 ] } },
{ "type": "Feature", "properties": { "ID": 555052700580, "正式名称": "西木調剤薬局", "機関区分": 5, "都道府県コード": 5, "市区町村コード": 215, "所在地": "秋田県仙北市西木町門屋字道目木３２０番地の１", "緯度": 39.659954, "経度": 140.567374, "url": "https://www.iryou.teikyouseido.mhlw.go.jp/znk-web/juminkanja/S2430/initialize?prefCd=05&kikanCd=5052700580&kikanKbn=nan", "url2": "https://meron-net.shop/ds/nishiki-p", "内容": "西木調剤薬局0秋田県仙北市西木町門屋字道目木３２０番地の１" }, "geometry": { "type": "Point", "coordinates": [ 140.567374, 39.659954 ] } },
{ "type": "Feature", "properties": { "ID": 555052700590, "正式名称": "じんだい調剤薬局", "機関区分": 5, "都道府県コード": 5, "市区町村コード": 215, "所在地": "秋田県仙北市田沢湖神代野中清水２２５番地５", "緯度": 39.623931, "経度": 140.597346, "url": "https://www.iryou.teikyouseido.mhlw.go.jp/znk-web/juminkanja/S2430/initialize?prefCd=05&kikanCd=5052700590&kikanKbn=nan", "url2": "http://lifelinejapan.co.jp/", "内容": "じんだい調剤薬局0秋田県仙北市田沢湖神代野中清水２２５番地５" }, "geometry": { "type": "Point", "coordinates": [ 140.597346, 39.623931 ] } },
{ "type": "Feature", "properties": { "ID": 555052700630, "正式名称": "成田漢方堂薬局", "機関区分": 5, "都道府県コード": 5, "市区町村コード": 215, "所在地": "秋田県仙北市田沢湖生保内字石名坂３７－１", "緯度": 39.700786, "経度": 140.724998, "url": "https://www.iryou.teikyouseido.mhlw.go.jp/znk-web/juminkanja/S2430/initialize?prefCd=05&kikanCd=5052700630&kikanKbn=nan", "url2": null, "内容": "成田漢方堂薬局0秋田県仙北市田沢湖生保内字石名坂３７－１" }, "geometry": { "type": "Point", "coordinates": [ 140.724998, 39.700786 ] } },
{ "type": "Feature", "properties": { "ID": 555052700640, "正式名称": "清水堂薬局", "機関区分": 5, "都道府県コード": 5, "市区町村コード": 434, "所在地": "秋田県仙北郡美郷町野中宮崎８７－３", "緯度": 39.419869, "経度": 140.556553, "url": "https://www.iryou.teikyouseido.mhlw.go.jp/znk-web/juminkanja/S2430/initialize?prefCd=05&kikanCd=5052700640&kikanKbn=nan", "url2": null, "内容": "清水堂薬局0秋田県仙北郡美郷町野中宮崎８７－３" }, "geometry": { "type": "Point", "coordinates": [ 140.556553, 39.419869 ] } },
{ "type": "Feature", "properties": { "ID": 555052700650, "正式名称": "みさと薬局", "機関区分": 5, "都道府県コード": 5, "市区町村コード": 434, "所在地": "秋田県仙北郡美郷町六郷八百刈１４９", "緯度": 39.42334, "経度": 140.536332, "url": "https://www.iryou.teikyouseido.mhlw.go.jp/znk-web/juminkanja/S2430/initialize?prefCd=05&kikanCd=5052700650&kikanKbn=nan", "url2": null, "内容": "みさと薬局0秋田県仙北郡美郷町六郷八百刈１４９" }, "geometry": { "type": "Point", "coordinates": [ 140.536332, 39.42334 ] } },
{ "type": "Feature", "properties": { "ID": 555052700660, "正式名称": "ヤマリ薬局", "機関区分": 5, "都道府県コード": 5, "市区町村コード": 434, "所在地": "秋田県仙北郡美郷町六郷馬町２８", "緯度": 39.423118, "経度": 140.54797, "url": "https://www.iryou.teikyouseido.mhlw.go.jp/znk-web/juminkanja/S2430/initialize?prefCd=05&kikanCd=5052700660&kikanKbn=nan", "url2": null, "内容": "ヤマリ薬局0秋田県仙北郡美郷町六郷馬町２８" }, "geometry": { "type": "Point", "coordinates": [ 140.54797, 39.423118 ] } },
{ "type": "Feature", "properties": { "ID": 555052700670, "正式名称": "六郷さいた薬局", "機関区分": 5, "都道府県コード": 5, "市区町村コード": 434, "所在地": "秋田県仙北郡美郷町六郷馬町５８番地２", "緯度": 39.419313, "経度": 140.544637, "url": "https://www.iryou.teikyouseido.mhlw.go.jp/znk-web/juminkanja/S2430/initialize?prefCd=05&kikanCd=5052700670&kikanKbn=nan", "url2": "http://www.qol-net.co.jp", "内容": "六郷さいた薬局0秋田県仙北郡美郷町六郷馬町５８番地２" }, "geometry": { "type": "Point", "coordinates": [ 140.544637, 39.419313 ] } },
{ "type": "Feature", "properties": { "ID": 555052700690, "正式名称": "大曲ひまわり薬局", "機関区分": 5, "都道府県コード": 5, "市区町村コード": 212, "所在地": "秋田県大仙市大曲日の出町２丁目４番４５号", "緯度": 39.445976, "経度": 140.475808, "url": "https://www.iryou.teikyouseido.mhlw.go.jp/znk-web/juminkanja/S2430/initialize?prefCd=05&kikanCd=5052700690&kikanKbn=nan", "url2": "https://pands.jp/", "内容": "大曲ひまわり薬局0秋田県大仙市大曲日の出町２丁目４番４５号" }, "geometry": { "type": "Point", "coordinates": [ 140.475808, 39.445976 ] } },
{ "type": "Feature", "properties": { "ID": 555052700700, "正式名称": "下山薬局ねむのき店", "機関区分": 5, "都道府県コード": 5, "市区町村コード": 212, "所在地": "秋田県大仙市大曲通町１０－１", "緯度": 39.464252, "経度": 140.479557, "url": "https://www.iryou.teikyouseido.mhlw.go.jp/znk-web/juminkanja/S2430/initialize?prefCd=05&kikanCd=5052700700&kikanKbn=nan", "url2": "http://www.shimoyamaph.com/storeinformation/shimoyama_nemunoki", "内容": "下山薬局ねむのき店0秋田県大仙市大曲通町１０－１" }, "geometry": { "type": "Point", "coordinates": [ 140.479557, 39.464252 ] } },
{ "type": "Feature", "properties": { "ID": 555052700710, "正式名称": "ライフ薬局", "機関区分": 5, "都道府県コード": 5, "市区町村コード": 212, "所在地": "秋田県大仙市飯田堰東１５１－１", "緯度": 39.442893, "経度": 140.482586, "url": "https://www.iryou.teikyouseido.mhlw.go.jp/znk-web/juminkanja/S2430/initialize?prefCd=05&kikanCd=5052700710&kikanKbn=nan", "url2": null, "内容": "ライフ薬局0秋田県大仙市飯田堰東１５１－１" }, "geometry": { "type": "Point", "coordinates": [ 140.482586, 39.442893 ] } },
{ "type": "Feature", "properties": { "ID": 555052700720, "正式名称": "みよし薬局大曲厚生医療センター前", "機関区分": 5, "都道府県コード": 5, "市区町村コード": 212, "所在地": "秋田県大仙市大曲福住町６－２０", "緯度": 39.464613, "経度": 140.475835, "url": "https://www.iryou.teikyouseido.mhlw.go.jp/znk-web/juminkanja/S2430/initialize?prefCd=05&kikanCd=5052700720&kikanKbn=nan", "url2": null, "内容": "みよし薬局大曲厚生医療センター前0秋田県大仙市大曲福住町６－２０" }, "geometry": { "type": "Point", "coordinates": [ 140.475835, 39.464613 ] } },
{ "type": "Feature", "properties": { "ID": 555052700730, "正式名称": "みよし薬局市立大曲病院前", "機関区分": 5, "都道府県コード": 5, "市区町村コード": 212, "所在地": "秋田県大仙市飯田字堰東１５２－３", "緯度": 39.441976, "経度": 140.483086, "url": "https://www.iryou.teikyouseido.mhlw.go.jp/znk-web/juminkanja/S2430/initialize?prefCd=05&kikanCd=5052700730&kikanKbn=nan", "url2": null, "内容": "みよし薬局市立大曲病院前0秋田県大仙市飯田字堰東１５２－３" }, "geometry": { "type": "Point", "coordinates": [ 140.483086, 39.441976 ] } },
{ "type": "Feature", "properties": { "ID": 555052700750, "正式名称": "厚生調剤薬局", "機関区分": 5, "都道府県コード": 5, "市区町村コード": 212, "所在地": "秋田県大仙市大曲通町８番３６号", "緯度": 39.464585, "経度": 140.47664, "url": "https://www.iryou.teikyouseido.mhlw.go.jp/znk-web/juminkanja/S2430/initialize?prefCd=05&kikanCd=5052700750&kikanKbn=nan", "url2": null, "内容": "厚生調剤薬局0秋田県大仙市大曲通町８番３６号" }, "geometry": { "type": "Point", "coordinates": [ 140.47664, 39.464585 ] } },
{ "type": "Feature", "properties": { "ID": 555052700770, "正式名称": "おおはな調剤薬局", "機関区分": 5, "都道府県コード": 5, "市区町村コード": 212, "所在地": "秋田県大仙市大花町１１番６－１０号", "緯度": 39.467778, "経度": 140.481279, "url": "https://www.iryou.teikyouseido.mhlw.go.jp/znk-web/juminkanja/S2430/initialize?prefCd=05&kikanCd=5052700770&kikanKbn=nan", "url2": null, "内容": "おおはな調剤薬局0秋田県大仙市大花町１１番６－１０号" }, "geometry": { "type": "Point", "coordinates": [ 140.481279, 39.467778 ] } },
{ "type": "Feature", "properties": { "ID": 555052700780, "正式名称": "クオール薬局田沢湖店", "機関区分": 5, "都道府県コード": 5, "市区町村コード": 215, "所在地": "秋田県仙北市田沢湖生保内字水尻５１番", "緯度": 39.700786, "経度": 140.724998, "url": "https://www.iryou.teikyouseido.mhlw.go.jp/znk-web/juminkanja/S2430/initialize?prefCd=05&kikanCd=5052700780&kikanKbn=nan", "url2": "http://www.qol-net.co.jp/", "内容": "クオール薬局田沢湖店0秋田県仙北市田沢湖生保内字水尻５１番" }, "geometry": { "type": "Point", "coordinates": [ 140.724998, 39.700786 ] } },
{ "type": "Feature", "properties": { "ID": 555052700790, "正式名称": "つくしの薬局", "機関区分": 5, "都道府県コード": 5, "市区町村コード": 212, "所在地": "秋田県大仙市長野字柳田６４－２", "緯度": 39.541744, "経度": 140.534466, "url": "https://www.iryou.teikyouseido.mhlw.go.jp/znk-web/juminkanja/S2430/initialize?prefCd=05&kikanCd=5052700790&kikanKbn=nan", "url2": null, "内容": "つくしの薬局0秋田県大仙市長野字柳田６４－２" }, "geometry": { "type": "Point", "coordinates": [ 140.534466, 39.541744 ] } },
{ "type": "Feature", "properties": { "ID": 555052700800, "正式名称": "日本調剤　大曲薬局", "機関区分": 5, "都道府県コード": 5, "市区町村コード": 212, "所在地": "秋田県大仙市大曲通町８番３６号　Ａｎｂｅｅ大曲１Ｆ", "緯度": 39.464641, "経度": 140.476418, "url": "https://www.iryou.teikyouseido.mhlw.go.jp/znk-web/juminkanja/S2430/initialize?prefCd=05&kikanCd=5052700800&kikanKbn=nan", "url2": "http://www.nicho.co.jp/tenpo/oomagari/", "内容": "日本調剤　大曲薬局0秋田県大仙市大曲通町８番３６号　Ａｎｂｅｅ大曲１Ｆ" }, "geometry": { "type": "Point", "coordinates": [ 140.476418, 39.464641 ] } },
{ "type": "Feature", "properties": { "ID": 555052700810, "正式名称": "日本調剤　大曲南薬局", "機関区分": 5, "都道府県コード": 5, "市区町村コード": 212, "所在地": "秋田県大仙市大曲上栄町７番１１号", "緯度": 39.45153, "経度": 140.476586, "url": "https://www.iryou.teikyouseido.mhlw.go.jp/znk-web/juminkanja/S2430/initialize?prefCd=05&kikanCd=5052700810&kikanKbn=nan", "url2": "http://www.nicho.co.jp/tenpo/oomagariminami/", "内容": "日本調剤　大曲南薬局0秋田県大仙市大曲上栄町７番１１号" }, "geometry": { "type": "Point", "coordinates": [ 140.476586, 39.45153 ] } },
{ "type": "Feature", "properties": { "ID": 555052700820, "正式名称": "ハート調剤薬局", "機関区分": 5, "都道府県コード": 5, "市区町村コード": 212, "所在地": "秋田県大仙市大曲通町１０番１１号", "緯度": 39.465752, "経度": 140.477918, "url": "https://www.iryou.teikyouseido.mhlw.go.jp/znk-web/juminkanja/S2430/initialize?prefCd=05&kikanCd=5052700820&kikanKbn=nan", "url2": null, "内容": "ハート調剤薬局0秋田県大仙市大曲通町１０番１１号" }, "geometry": { "type": "Point", "coordinates": [ 140.477918, 39.465752 ] } },
{ "type": "Feature", "properties": { "ID": 555052700830, "正式名称": "アイン薬局　角館店", "機関区分": 5, "都道府県コード": 5, "市区町村コード": 215, "所在地": "秋田県仙北市角館町西田９９－１", "緯度": 39.588851, "経度": 140.559573, "url": "https://www.iryou.teikyouseido.mhlw.go.jp/znk-web/juminkanja/S2430/initialize?prefCd=05&kikanCd=5052700830&kikanKbn=nan", "url2": "http://www.ainj.co.jp/network/ainpharmaciez/ap0502.html", "内容": "アイン薬局　角館店0秋田県仙北市角館町西田９９－１" }, "geometry": { "type": "Point", "coordinates": [ 140.559573, 39.588851 ] } },
{ "type": "Feature", "properties": { "ID": 555052700840, "正式名称": "有坂薬局", "機関区分": 5, "都道府県コード": 5, "市区町村コード": 212, "所在地": "秋田県大仙市大花町１３－１９", "緯度": 39.467084, "経度": 140.479918, "url": "https://www.iryou.teikyouseido.mhlw.go.jp/znk-web/juminkanja/S2430/initialize?prefCd=05&kikanCd=5052700840&kikanKbn=nan", "url2": "http://arisakayakkyoku.meron-net.jp/", "内容": "有坂薬局0秋田県大仙市大花町１３－１９" }, "geometry": { "type": "Point", "coordinates": [ 140.479918, 39.467084 ] } },
{ "type": "Feature", "properties": { "ID": 555052700850, "正式名称": "羽後長野駅前薬局", "機関区分": 5, "都道府県コード": 5, "市区町村コード": 212, "所在地": "秋田県大仙市長野字柳田５８－４", "緯度": 39.546688, "経度": 140.543242, "url": "https://www.iryou.teikyouseido.mhlw.go.jp/znk-web/juminkanja/S2430/initialize?prefCd=05&kikanCd=5052700850&kikanKbn=nan", "url2": null, "内容": "羽後長野駅前薬局0秋田県大仙市長野字柳田５８－４" }, "geometry": { "type": "Point", "coordinates": [ 140.543242, 39.546688 ] } },
{ "type": "Feature", "properties": { "ID": 555052700860, "正式名称": "佐野薬局　日の出町店", "機関区分": 5, "都道府県コード": 5, "市区町村コード": 212, "所在地": "秋田県大仙市大曲日の出町二丁目７－６", "緯度": 39.448947, "経度": 140.481836, "url": "https://www.iryou.teikyouseido.mhlw.go.jp/znk-web/juminkanja/S2430/initialize?prefCd=05&kikanCd=5052700860&kikanKbn=nan", "url2": "http://www.sano-ph.co.jp/", "内容": "佐野薬局　日の出町店0秋田県大仙市大曲日の出町二丁目７－６" }, "geometry": { "type": "Point", "coordinates": [ 140.481836, 39.448947 ] } },
{ "type": "Feature", "properties": { "ID": 555052700870, "正式名称": "佐野薬局　角館店", "機関区分": 5, "都道府県コード": 5, "市区町村コード": 215, "所在地": "秋田県仙北市角館町西田９９－３", "緯度": 39.588184, "経度": 140.559962, "url": "https://www.iryou.teikyouseido.mhlw.go.jp/znk-web/juminkanja/S2430/initialize?prefCd=05&kikanCd=5052700870&kikanKbn=nan", "url2": "https://www.sano-ph.co.jp/", "内容": "佐野薬局　角館店0秋田県仙北市角館町西田９９－３" }, "geometry": { "type": "Point", "coordinates": [ 140.559962, 39.588184 ] } },
{ "type": "Feature", "properties": { "ID": 555052700900, "正式名称": "下山薬局駅前店", "機関区分": 5, "都道府県コード": 5, "市区町村コード": 212, "所在地": "秋田県大仙市大花町１４－１４", "緯度": 39.467501, "経度": 140.479224, "url": "https://www.iryou.teikyouseido.mhlw.go.jp/znk-web/juminkanja/S2430/initialize?prefCd=05&kikanCd=5052700900&kikanKbn=nan", "url2": null, "内容": "下山薬局駅前店0秋田県大仙市大花町１４－１４" }, "geometry": { "type": "Point", "coordinates": [ 140.479224, 39.467501 ] } },
{ "type": "Feature", "properties": { "ID": 555052700920, "正式名称": "ともに薬局", "機関区分": 5, "都道府県コード": 5, "市区町村コード": 212, "所在地": "秋田県大仙市大曲船場町１ー６－４", "緯度": 39.458326, "経度": 140.471446, "url": "https://www.iryou.teikyouseido.mhlw.go.jp/znk-web/juminkanja/S2430/initialize?prefCd=05&kikanCd=5052700920&kikanKbn=nan", "url2": "https://www.tomoniph2023.com/", "内容": "ともに薬局0秋田県大仙市大曲船場町１ー６－４" }, "geometry": { "type": "Point", "coordinates": [ 140.471446, 39.458326 ] } },
{ "type": "Feature", "properties": { "ID": 555052700930, "正式名称": "みよし薬局　大曲田町", "機関区分": 5, "都道府県コード": 5, "市区町村コード": 212, "所在地": "秋田県大仙市大曲田町２１－１３", "緯度": 39.451176, "経度": 140.484442, "url": "https://www.iryou.teikyouseido.mhlw.go.jp/znk-web/juminkanja/S2430/initialize?prefCd=05&kikanCd=5052700930&kikanKbn=nan", "url2": null, "内容": "みよし薬局　大曲田町0秋田県大仙市大曲田町２１－１３" }, "geometry": { "type": "Point", "coordinates": [ 140.484442, 39.451176 ] } },
{ "type": "Feature", "properties": { "ID": 555052700940, "正式名称": "みねよしかわ薬局", "機関区分": 5, "都道府県コード": 5, "市区町村コード": 212, "所在地": "秋田県大仙市協和峰吉川字半仙２９番６０", "緯度": 39.582901, "経度": 140.326301, "url": "https://www.iryou.teikyouseido.mhlw.go.jp/znk-web/juminkanja/S2430/initialize?prefCd=05&kikanCd=5052700940&kikanKbn=nan", "url2": null, "内容": "みねよしかわ薬局0秋田県大仙市協和峰吉川字半仙２９番６０" }, "geometry": { "type": "Point", "coordinates": [ 140.326301, 39.582901 ] } },
{ "type": "Feature", "properties": { "ID": 555052800010, "正式名称": "池田薬局　さくらんぼ通り店", "機関区分": 5, "都道府県コード": 5, "市区町村コード": 203, "所在地": "秋田県横手市十文字町海道下８９－４", "緯度": 39.228972, "経度": 140.518176, "url": "https://www.iryou.teikyouseido.mhlw.go.jp/znk-web/juminkanja/S2430/initialize?prefCd=05&kikanCd=5052800010&kikanKbn=nan", "url2": "http://www.ikeyaku.co.jp", "内容": "池田薬局　さくらんぼ通り店0秋田県横手市十文字町海道下８９－４" }, "geometry": { "type": "Point", "coordinates": [ 140.518176, 39.228972 ] } },
{ "type": "Feature", "properties": { "ID": 555052800020, "正式名称": "やまさ薬局", "機関区分": 5, "都道府県コード": 5, "市区町村コード": 203, "所在地": "秋田県横手市鍛冶町１番３５号", "緯度": 39.31313, "経度": 140.568613, "url": "https://www.iryou.teikyouseido.mhlw.go.jp/znk-web/juminkanja/S2430/initialize?prefCd=05&kikanCd=5052800020&kikanKbn=nan", "url2": "https://yamasapharmacy.com/", "内容": "やまさ薬局0秋田県横手市鍛冶町１番３５号" }, "geometry": { "type": "Point", "coordinates": [ 140.568613, 39.31313 ] } },
{ "type": "Feature", "properties": { "ID": 555052800030, "正式名称": "ほろは薬局", "機関区分": 5, "都道府県コード": 5, "市区町村コード": 203, "所在地": "秋田県横手市大森町菅生田２４５－２１７", "緯度": 39.350624, "経度": 140.417124, "url": "https://www.iryou.teikyouseido.mhlw.go.jp/znk-web/juminkanja/S2430/initialize?prefCd=05&kikanCd=5052800030&kikanKbn=nan", "url2": "http://www.meron-net.jp/horowaph", "内容": "ほろは薬局0秋田県横手市大森町菅生田２４５－２１７" }, "geometry": { "type": "Point", "coordinates": [ 140.417124, 39.350624 ] } },
{ "type": "Feature", "properties": { "ID": 555052800040, "正式名称": "あおば調剤薬局", "機関区分": 5, "都道府県コード": 5, "市区町村コード": 203, "所在地": "秋田県横手市大森町菅生田２４５番地２１８", "緯度": 39.350227, "経度": 140.41548, "url": "https://www.iryou.teikyouseido.mhlw.go.jp/znk-web/juminkanja/S2430/initialize?prefCd=05&kikanCd=5052800040&kikanKbn=nan", "url2": null, "内容": "あおば調剤薬局0秋田県横手市大森町菅生田２４５番地２１８" }, "geometry": { "type": "Point", "coordinates": [ 140.41548, 39.350227 ] } },
{ "type": "Feature", "properties": { "ID": 555052800050, "正式名称": "たんぽぽ薬局", "機関区分": 5, "都道府県コード": 5, "市区町村コード": 203, "所在地": "秋田県横手市杉沢中杉沢５１１－６", "緯度": 39.333517, "経度": 140.567584, "url": "https://www.iryou.teikyouseido.mhlw.go.jp/znk-web/juminkanja/S2430/initialize?prefCd=05&kikanCd=5052800050&kikanKbn=nan", "url2": null, "内容": "たんぽぽ薬局0秋田県横手市杉沢中杉沢５１１－６" }, "geometry": { "type": "Point", "coordinates": [ 140.567584, 39.333517 ] } },
{ "type": "Feature", "properties": { "ID": 555052800070, "正式名称": "横手調剤薬局", "機関区分": 5, "都道府県コード": 5, "市区町村コード": 203, "所在地": "秋田県横手市根岸町７番３７号", "緯度": 39.318296, "経度": 140.569973, "url": "https://www.iryou.teikyouseido.mhlw.go.jp/znk-web/juminkanja/S2430/initialize?prefCd=05&kikanCd=5052800070&kikanKbn=nan", "url2": "http://www.phama-akita.jp/", "内容": "横手調剤薬局0秋田県横手市根岸町７番３７号" }, "geometry": { "type": "Point", "coordinates": [ 140.569973, 39.318296 ] } },
{ "type": "Feature", "properties": { "ID": 555052800100, "正式名称": "クオール薬局根岸町店", "機関区分": 5, "都道府県コード": 5, "市区町村コード": 203, "所在地": "秋田県横手市根岸町８－３５", "緯度": 39.317741, "経度": 140.569223, "url": "https://www.iryou.teikyouseido.mhlw.go.jp/znk-web/juminkanja/S2430/initialize?prefCd=05&kikanCd=5052800100&kikanKbn=nan", "url2": "https://www.qol-net.co.jp/", "内容": "クオール薬局根岸町店0秋田県横手市根岸町８－３５" }, "geometry": { "type": "Point", "coordinates": [ 140.569223, 39.317741 ] } },
{ "type": "Feature", "properties": { "ID": 555052800120, "正式名称": "ネノヒ薬局", "機関区分": 5, "都道府県コード": 5, "市区町村コード": 203, "所在地": "秋田県横手市大町６－１０", "緯度": 39.316408, "経度": 140.567863, "url": "https://www.iryou.teikyouseido.mhlw.go.jp/znk-web/juminkanja/S2430/initialize?prefCd=05&kikanCd=5052800120&kikanKbn=nan", "url2": null, "内容": "ネノヒ薬局0秋田県横手市大町６－１０" }, "geometry": { "type": "Point", "coordinates": [ 140.567863, 39.316408 ] } },
{ "type": "Feature", "properties": { "ID": 555052800140, "正式名称": "下田薬局", "機関区分": 5, "都道府県コード": 5, "市区町村コード": 203, "所在地": "秋田県横手市四日町１－２", "緯度": 39.317658, "経度": 140.566196, "url": "https://www.iryou.teikyouseido.mhlw.go.jp/znk-web/juminkanja/S2430/initialize?prefCd=05&kikanCd=5052800140&kikanKbn=nan", "url2": null, "内容": "下田薬局0秋田県横手市四日町１－２" }, "geometry": { "type": "Point", "coordinates": [ 140.566196, 39.317658 ] } },
{ "type": "Feature", "properties": { "ID": 555052800160, "正式名称": "クオール薬局ことぶき店", "機関区分": 5, "都道府県コード": 5, "市区町村コード": 203, "所在地": "秋田県横手市寿町１１番３５号", "緯度": 39.312935, "経度": 140.561529, "url": "https://www.iryou.teikyouseido.mhlw.go.jp/znk-web/juminkanja/S2430/initialize?prefCd=05&kikanCd=5052800160&kikanKbn=nan", "url2": "http://www.qol-net.co.jp", "内容": "クオール薬局ことぶき店0秋田県横手市寿町１１番３５号" }, "geometry": { "type": "Point", "coordinates": [ 140.561529, 39.312935 ] } },
{ "type": "Feature", "properties": { "ID": 555052800170, "正式名称": "むらた調剤薬局", "機関区分": 5, "都道府県コード": 5, "市区町村コード": 203, "所在地": "秋田県横手市平城町３番３１号", "緯度": 39.315546, "経度": 140.560557, "url": "https://www.iryou.teikyouseido.mhlw.go.jp/znk-web/juminkanja/S2430/initialize?prefCd=05&kikanCd=5052800170&kikanKbn=nan", "url2": null, "内容": "むらた調剤薬局0秋田県横手市平城町３番３１号" }, "geometry": { "type": "Point", "coordinates": [ 140.560557, 39.315546 ] } },
{ "type": "Feature", "properties": { "ID": 555052800180, "正式名称": "鍛冶町さいた薬局", "機関区分": 5, "都道府県コード": 5, "市区町村コード": 203, "所在地": "秋田県横手市鍛冶町１番１号", "緯度": 39.311547, "経度": 140.568057, "url": "https://www.iryou.teikyouseido.mhlw.go.jp/znk-web/juminkanja/S2430/initialize?prefCd=05&kikanCd=5052800180&kikanKbn=nan", "url2": "https://www.qol-net.co.jp/", "内容": "鍛冶町さいた薬局0秋田県横手市鍛冶町１番１号" }, "geometry": { "type": "Point", "coordinates": [ 140.568057, 39.311547 ] } },
{ "type": "Feature", "properties": { "ID": 555052800190, "正式名称": "アイン薬局　横手店", "機関区分": 5, "都道府県コード": 5, "市区町村コード": 203, "所在地": "秋田県横手市清川町１３番３２号", "緯度": 39.309103, "経度": 140.574528, "url": "https://www.iryou.teikyouseido.mhlw.go.jp/znk-web/juminkanja/S2430/initialize?prefCd=05&kikanCd=5052800190&kikanKbn=nan", "url2": "https://www.ainj.co.jp/network/detail.html?pdid=1541", "内容": "アイン薬局　横手店0秋田県横手市清川町１３番３２号" }, "geometry": { "type": "Point", "coordinates": [ 140.574528, 39.309103 ] } },
{ "type": "Feature", "properties": { "ID": 555052800200, "正式名称": "高橋薬局", "機関区分": 5, "都道府県コード": 5, "市区町村コード": 203, "所在地": "秋田県横手市駅前町１１番３０号", "緯度": 39.306547, "経度": 140.562391, "url": "https://www.iryou.teikyouseido.mhlw.go.jp/znk-web/juminkanja/S2430/initialize?prefCd=05&kikanCd=5052800200&kikanKbn=nan", "url2": null, "内容": "高橋薬局0秋田県横手市駅前町１１番３０号" }, "geometry": { "type": "Point", "coordinates": [ 140.562391, 39.306547 ] } },
{ "type": "Feature", "properties": { "ID": 555052800210, "正式名称": "駅前調剤薬局", "機関区分": 5, "都道府県コード": 5, "市区町村コード": 203, "所在地": "秋田県横手市前郷二番町２－４２　木村ビル１階", "緯度": 39.310214, "経度": 140.563807, "url": "https://www.iryou.teikyouseido.mhlw.go.jp/znk-web/juminkanja/S2430/initialize?prefCd=05&kikanCd=5052800210&kikanKbn=nan", "url2": null, "内容": "駅前調剤薬局0秋田県横手市前郷二番町２－４２　木村ビル１階" }, "geometry": { "type": "Point", "coordinates": [ 140.563807, 39.310214 ] } },
{ "type": "Feature", "properties": { "ID": 555052800220, "正式名称": "まえごう調剤薬局", "機関区分": 5, "都道府県コード": 5, "市区町村コード": 203, "所在地": "秋田県横手市前郷一番町７－１６", "緯度": 39.310547, "経度": 140.565279, "url": "https://www.iryou.teikyouseido.mhlw.go.jp/znk-web/juminkanja/S2430/initialize?prefCd=05&kikanCd=5052800220&kikanKbn=nan", "url2": null, "内容": "まえごう調剤薬局0秋田県横手市前郷一番町７－１６" }, "geometry": { "type": "Point", "coordinates": [ 140.565279, 39.310547 ] } },
{ "type": "Feature", "properties": { "ID": 555052800230, "正式名称": "ファーマックス平鹿調剤薬局東店", "機関区分": 5, "都道府県コード": 5, "市区町村コード": 203, "所在地": "秋田県横手市前郷字八ツ口８４－１", "緯度": 39.311685, "経度": 140.550947, "url": "https://www.iryou.teikyouseido.mhlw.go.jp/znk-web/juminkanja/S2430/initialize?prefCd=05&kikanCd=5052800230&kikanKbn=nan", "url2": "https://www.pharmax.co.jp", "内容": "ファーマックス平鹿調剤薬局東店0秋田県横手市前郷字八ツ口８４－１" }, "geometry": { "type": "Point", "coordinates": [ 140.550947, 39.311685 ] } },
{ "type": "Feature", "properties": { "ID": 555052800250, "正式名称": "横手南薬局", "機関区分": 5, "都道府県コード": 5, "市区町村コード": 203, "所在地": "秋田県横手市安田ブンナ沢８０－６", "緯度": 39.295493, "経度": 140.563447, "url": "https://www.iryou.teikyouseido.mhlw.go.jp/znk-web/juminkanja/S2430/initialize?prefCd=05&kikanCd=5052800250&kikanKbn=nan", "url2": null, "内容": "横手南薬局0秋田県横手市安田ブンナ沢８０－６" }, "geometry": { "type": "Point", "coordinates": [ 140.563447, 39.295493 ] } },
{ "type": "Feature", "properties": { "ID": 555052800260, "正式名称": "あさひ薬局", "機関区分": 5, "都道府県コード": 5, "市区町村コード": 203, "所在地": "秋田県横手市朝日が丘三丁目１番５０号", "緯度": 39.297742, "経度": 140.534838, "url": "https://www.iryou.teikyouseido.mhlw.go.jp/znk-web/juminkanja/S2430/initialize?prefCd=05&kikanCd=5052800260&kikanKbn=nan", "url2": null, "内容": "あさひ薬局0秋田県横手市朝日が丘三丁目１番５０号" }, "geometry": { "type": "Point", "coordinates": [ 140.534838, 39.297742 ] } },
{ "type": "Feature", "properties": { "ID": 555052800270, "正式名称": "条里調剤薬局", "機関区分": 5, "都道府県コード": 5, "市区町村コード": 203, "所在地": "秋田県横手市条里１丁目１０の３", "緯度": 39.308659, "経度": 140.553002, "url": "https://www.iryou.teikyouseido.mhlw.go.jp/znk-web/juminkanja/S2430/initialize?prefCd=05&kikanCd=5052800270&kikanKbn=nan", "url2": null, "内容": "条里調剤薬局0秋田県横手市条里１丁目１０の３" }, "geometry": { "type": "Point", "coordinates": [ 140.553002, 39.308659 ] } },
{ "type": "Feature", "properties": { "ID": 555052800280, "正式名称": "どれみ薬局", "機関区分": 5, "都道府県コード": 5, "市区町村コード": 203, "所在地": "秋田県横手市条里一丁目１５－２６", "緯度": 39.308936, "経度": 140.55078, "url": "https://www.iryou.teikyouseido.mhlw.go.jp/znk-web/juminkanja/S2430/initialize?prefCd=05&kikanCd=5052800280&kikanKbn=nan", "url2": null, "内容": "どれみ薬局0秋田県横手市条里一丁目１５－２６" }, "geometry": { "type": "Point", "coordinates": [ 140.55078, 39.308936 ] } },
{ "type": "Feature", "properties": { "ID": 555052800290, "正式名称": "たいよう薬局横手店", "機関区分": 5, "都道府県コード": 5, "市区町村コード": 203, "所在地": "秋田県横手市条里三丁目１－１０", "緯度": 39.314324, "経度": 140.552336, "url": "https://www.iryou.teikyouseido.mhlw.go.jp/znk-web/juminkanja/S2430/initialize?prefCd=05&kikanCd=5052800290&kikanKbn=nan", "url2": "http://taiyou-pharmacy.com/pharmacy.html", "内容": "たいよう薬局横手店0秋田県横手市条里三丁目１－１０" }, "geometry": { "type": "Point", "coordinates": [ 140.552336, 39.314324 ] } },
{ "type": "Feature", "properties": { "ID": 555052800300, "正式名称": "つばさ薬局　横手店", "機関区分": 5, "都道府県コード": 5, "市区町村コード": 203, "所在地": "秋田県横手市条里三丁目３－１１", "緯度": 39.316019, "経度": 140.553447, "url": "https://www.iryou.teikyouseido.mhlw.go.jp/znk-web/juminkanja/S2430/initialize?prefCd=05&kikanCd=5052800300&kikanKbn=nan", "url2": "http://bdr-fc.com/", "内容": "つばさ薬局　横手店0秋田県横手市条里三丁目３－１１" }, "geometry": { "type": "Point", "coordinates": [ 140.553447, 39.316019 ] } },
{ "type": "Feature", "properties": { "ID": 555052800310, "正式名称": "あさまい薬局　横手店", "機関区分": 5, "都道府県コード": 5, "市区町村コード": 203, "所在地": "秋田県横手市横手町四ノ口４８－４", "緯度": 39.313908, "経度": 140.551086, "url": "https://www.iryou.teikyouseido.mhlw.go.jp/znk-web/juminkanja/S2430/initialize?prefCd=05&kikanCd=5052800310&kikanKbn=nan", "url2": null, "内容": "あさまい薬局　横手店0秋田県横手市横手町四ノ口４８－４" }, "geometry": { "type": "Point", "coordinates": [ 140.551086, 39.313908 ] } },
{ "type": "Feature", "properties": { "ID": 555052800320, "正式名称": "さいた薬局　よこて町店", "機関区分": 5, "都道府県コード": 5, "市区町村コード": 203, "所在地": "秋田県横手市横手町四ノ口４２番地", "緯度": 39.314324, "経度": 140.55203, "url": "https://www.iryou.teikyouseido.mhlw.go.jp/znk-web/juminkanja/S2430/initialize?prefCd=05&kikanCd=5052800320&kikanKbn=nan", "url2": "https://www.qol-net.co.jp", "内容": "さいた薬局　よこて町店0秋田県横手市横手町四ノ口４２番地" }, "geometry": { "type": "Point", "coordinates": [ 140.55203, 39.314324 ] } },
{ "type": "Feature", "properties": { "ID": 555052800330, "正式名称": "ファーマックス平鹿調剤薬局中央店", "機関区分": 5, "都道府県コード": 5, "市区町村コード": 203, "所在地": "秋田県横手市横手町字四ノ口５６－１", "緯度": 39.314158, "経度": 140.549641, "url": "https://www.iryou.teikyouseido.mhlw.go.jp/znk-web/juminkanja/S2430/initialize?prefCd=05&kikanCd=5052800330&kikanKbn=nan", "url2": "https://www.pharmax.co.jp", "内容": "ファーマックス平鹿調剤薬局中央店0秋田県横手市横手町字四ノ口５６－１" }, "geometry": { "type": "Point", "coordinates": [ 140.549641, 39.314158 ] } },
{ "type": "Feature", "properties": { "ID": 555052800350, "正式名称": "横手ファミリー調剤薬局", "機関区分": 5, "都道府県コード": 5, "市区町村コード": 203, "所在地": "秋田県横手市横手町大関越１６６－２", "緯度": 39.318934, "経度": 140.549252, "url": "https://www.iryou.teikyouseido.mhlw.go.jp/znk-web/juminkanja/S2430/initialize?prefCd=05&kikanCd=5052800350&kikanKbn=nan", "url2": null, "内容": "横手ファミリー調剤薬局0秋田県横手市横手町大関越１６６－２" }, "geometry": { "type": "Point", "coordinates": [ 140.549252, 39.318934 ] } },
{ "type": "Feature", "properties": { "ID": 555052800360, "正式名称": "下田薬局婦気店", "機関区分": 5, "都道府県コード": 5, "市区町村コード": 203, "所在地": "秋田県横手市婦気大堤字婦気２２－２", "緯度": 39.303436, "経度": 140.553364, "url": "https://www.iryou.teikyouseido.mhlw.go.jp/znk-web/juminkanja/S2430/initialize?prefCd=05&kikanCd=5052800360&kikanKbn=nan", "url2": null, "内容": "下田薬局婦気店0秋田県横手市婦気大堤字婦気２２－２" }, "geometry": { "type": "Point", "coordinates": [ 140.553364, 39.303436 ] } },
{ "type": "Feature", "properties": { "ID": 555052800370, "正式名称": "アイン薬局　赤坂店", "機関区分": 5, "都道府県コード": 5, "市区町村コード": 203, "所在地": "秋田県横手市赤坂大道添７９－４", "緯度": 39.303325, "経度": 140.54117, "url": "https://www.iryou.teikyouseido.mhlw.go.jp/znk-web/juminkanja/S2430/initialize?prefCd=05&kikanCd=5052800370&kikanKbn=nan", "url2": null, "内容": "アイン薬局　赤坂店0秋田県横手市赤坂大道添７９－４" }, "geometry": { "type": "Point", "coordinates": [ 140.54117, 39.303325 ] } },
{ "type": "Feature", "properties": { "ID": 555052800380, "正式名称": "クオール薬局あさひが丘店", "機関区分": 5, "都道府県コード": 5, "市区町村コード": 203, "所在地": "秋田県横手市赤坂大沼下４１－１", "緯度": 39.300353, "経度": 140.54056, "url": "https://www.iryou.teikyouseido.mhlw.go.jp/znk-web/juminkanja/S2430/initialize?prefCd=05&kikanCd=5052800380&kikanKbn=nan", "url2": "http://www.qol-net.co.jp/", "内容": "クオール薬局あさひが丘店0秋田県横手市赤坂大沼下４１－１" }, "geometry": { "type": "Point", "coordinates": [ 140.54056, 39.300353 ] } },
{ "type": "Feature", "properties": { "ID": 555052800390, "正式名称": "横小路薬局", "機関区分": 5, "都道府県コード": 5, "市区町村コード": 203, "所在地": "秋田県横手市平鹿町醍醐石成４２－１１", "緯度": 39.242803, "経度": 140.533452, "url": "https://www.iryou.teikyouseido.mhlw.go.jp/znk-web/juminkanja/S2430/initialize?prefCd=05&kikanCd=5052800390&kikanKbn=nan", "url2": null, "内容": "横小路薬局0秋田県横手市平鹿町醍醐石成４２－１１" }, "geometry": { "type": "Point", "coordinates": [ 140.533452, 39.242803 ] } },
{ "type": "Feature", "properties": { "ID": 555052800420, "正式名称": "谷忠薬局", "機関区分": 5, "都道府県コード": 5, "市区町村コード": 203, "所在地": "秋田県横手市平鹿町浅舞５０", "緯度": 39.264634, "経度": 140.488344, "url": "https://www.iryou.teikyouseido.mhlw.go.jp/znk-web/juminkanja/S2430/initialize?prefCd=05&kikanCd=5052800420&kikanKbn=nan", "url2": null, "内容": "谷忠薬局0秋田県横手市平鹿町浅舞５０" }, "geometry": { "type": "Point", "coordinates": [ 140.488344, 39.264634 ] } },
{ "type": "Feature", "properties": { "ID": 555052800430, "正式名称": "谷六薬局", "機関区分": 5, "都道府県コード": 5, "市区町村コード": 203, "所在地": "秋田県横手市平鹿町浅舞浅舞１５６－１", "緯度": 39.262717, "経度": 140.485122, "url": "https://www.iryou.teikyouseido.mhlw.go.jp/znk-web/juminkanja/S2430/initialize?prefCd=05&kikanCd=5052800430&kikanKbn=nan", "url2": null, "内容": "谷六薬局0秋田県横手市平鹿町浅舞浅舞１５６－１" }, "geometry": { "type": "Point", "coordinates": [ 140.485122, 39.262717 ] } },
{ "type": "Feature", "properties": { "ID": 555052800440, "正式名称": "きりん薬局", "機関区分": 5, "都道府県コード": 5, "市区町村コード": 203, "所在地": "秋田県横手市平鹿町浅舞覚町後２４１番地２", "緯度": 39.263634, "経度": 140.491121, "url": "https://www.iryou.teikyouseido.mhlw.go.jp/znk-web/juminkanja/S2430/initialize?prefCd=05&kikanCd=5052800440&kikanKbn=nan", "url2": null, "内容": "きりん薬局0秋田県横手市平鹿町浅舞覚町後２４１番地２" }, "geometry": { "type": "Point", "coordinates": [ 140.491121, 39.263634 ] } },
{ "type": "Feature", "properties": { "ID": 555052800450, "正式名称": "株式会社橋本薬局", "機関区分": 5, "都道府県コード": 5, "市区町村コード": 203, "所在地": "秋田県横手市雄物川町今宿字今宿５５番地", "緯度": 39.291435, "経度": 140.428013, "url": "https://www.iryou.teikyouseido.mhlw.go.jp/znk-web/juminkanja/S2430/initialize?prefCd=05&kikanCd=5052800450&kikanKbn=nan", "url2": "http://www.meron-net.jp/hashimoto-yaku/", "内容": "株式会社橋本薬局0秋田県横手市雄物川町今宿字今宿５５番地" }, "geometry": { "type": "Point", "coordinates": [ 140.428013, 39.291435 ] } },
{ "type": "Feature", "properties": { "ID": 555052800460, "正式名称": "雄物川みよし薬局", "機関区分": 5, "都道府県コード": 5, "市区町村コード": 203, "所在地": "秋田県横手市雄物川町今宿鳴田１５８番地", "緯度": 39.291546, "経度": 140.430236, "url": "https://www.iryou.teikyouseido.mhlw.go.jp/znk-web/juminkanja/S2430/initialize?prefCd=05&kikanCd=5052800460&kikanKbn=nan", "url2": null, "内容": "雄物川みよし薬局0秋田県横手市雄物川町今宿鳴田１５８番地" }, "geometry": { "type": "Point", "coordinates": [ 140.430236, 39.291546 ] } },
{ "type": "Feature", "properties": { "ID": 555052800470, "正式名称": "ヤナギ薬局", "機関区分": 5, "都道府県コード": 5, "市区町村コード": 203, "所在地": "秋田県横手市雄物川町今宿今宿６９", "緯度": 39.291602, "経度": 140.427291, "url": "https://www.iryou.teikyouseido.mhlw.go.jp/znk-web/juminkanja/S2430/initialize?prefCd=05&kikanCd=5052800470&kikanKbn=nan", "url2": null, "内容": "ヤナギ薬局0秋田県横手市雄物川町今宿今宿６９" }, "geometry": { "type": "Point", "coordinates": [ 140.427291, 39.291602 ] } },
{ "type": "Feature", "properties": { "ID": 555052800480, "正式名称": "キンネン薬局", "機関区分": 5, "都道府県コード": 5, "市区町村コード": 203, "所在地": "秋田県横手市雄物川町今宿今宿１０", "緯度": 39.288881, "経度": 140.427598, "url": "https://www.iryou.teikyouseido.mhlw.go.jp/znk-web/juminkanja/S2430/initialize?prefCd=05&kikanCd=5052800480&kikanKbn=nan", "url2": null, "内容": "キンネン薬局0秋田県横手市雄物川町今宿今宿１０" }, "geometry": { "type": "Point", "coordinates": [ 140.427598, 39.288881 ] } },
{ "type": "Feature", "properties": { "ID": 555052800490, "正式名称": "大森調剤薬局", "機関区分": 5, "都道府県コード": 5, "市区町村コード": 203, "所在地": "秋田県横手市大森町袴形字西神成１１７番２号", "緯度": 39.373455, "経度": 140.446453, "url": "https://www.iryou.teikyouseido.mhlw.go.jp/znk-web/juminkanja/S2430/initialize?prefCd=05&kikanCd=5052800490&kikanKbn=nan", "url2": null, "内容": "大森調剤薬局0秋田県横手市大森町袴形字西神成１１７番２号" }, "geometry": { "type": "Point", "coordinates": [ 140.446453, 39.373455 ] } },
{ "type": "Feature", "properties": { "ID": 555052800500, "正式名称": "合名会社　青山薬局", "機関区分": 5, "都道府県コード": 5, "市区町村コード": 203, "所在地": "秋田県横手市十文字町腕越字西原８８－１０", "緯度": 39.223861, "経度": 140.528592, "url": "https://www.iryou.teikyouseido.mhlw.go.jp/znk-web/juminkanja/S2430/initialize?prefCd=05&kikanCd=5052800500&kikanKbn=nan", "url2": "https://aoyama-yakubou.com/", "内容": "合名会社　青山薬局0秋田県横手市十文字町腕越字西原８８－１０" }, "geometry": { "type": "Point", "coordinates": [ 140.528592, 39.223861 ] } },
{ "type": "Feature", "properties": { "ID": 555052800510, "正式名称": "有限会社　にしはら薬局", "機関区分": 5, "都道府県コード": 5, "市区町村コード": 203, "所在地": "秋田県横手市十文字町西原２番町１－５", "緯度": 39.221305, "経度": 140.523871, "url": "https://www.iryou.teikyouseido.mhlw.go.jp/znk-web/juminkanja/S2430/initialize?prefCd=05&kikanCd=5052800510&kikanKbn=nan", "url2": null, "内容": "有限会社　にしはら薬局0秋田県横手市十文字町西原２番町１－５" }, "geometry": { "type": "Point", "coordinates": [ 140.523871, 39.221305 ] } },
{ "type": "Feature", "properties": { "ID": 555052800520, "正式名称": "アクロス調剤薬局", "機関区分": 5, "都道府県コード": 5, "市区町村コード": 203, "所在地": "秋田県横手市十文字町西原１番町４９", "緯度": 39.221305, "経度": 140.523871, "url": "https://www.iryou.teikyouseido.mhlw.go.jp/znk-web/juminkanja/S2430/initialize?prefCd=05&kikanCd=5052800520&kikanKbn=nan", "url2": null, "内容": "アクロス調剤薬局0秋田県横手市十文字町西原１番町４９" }, "geometry": { "type": "Point", "coordinates": [ 140.523871, 39.221305 ] } },
{ "type": "Feature", "properties": { "ID": 555052800530, "正式名称": "有限会社　井上薬局", "機関区分": 5, "都道府県コード": 5, "市区町村コード": 203, "所在地": "秋田県横手市十文字町仁井田字東４８－４", "緯度": 39.219223, "経度": 140.520343, "url": "https://www.iryou.teikyouseido.mhlw.go.jp/znk-web/juminkanja/S2430/initialize?prefCd=05&kikanCd=5052800530&kikanKbn=nan", "url2": null, "内容": "有限会社　井上薬局0秋田県横手市十文字町仁井田字東４８－４" }, "geometry": { "type": "Point", "coordinates": [ 140.520343, 39.219223 ] } },
{ "type": "Feature", "properties": { "ID": 555052800540, "正式名称": "薬局エム", "機関区分": 5, "都道府県コード": 5, "市区町村コード": 203, "所在地": "秋田県横手市増田町増田本町５８－４", "緯度": 39.204753, "経度": 140.541953, "url": "https://www.iryou.teikyouseido.mhlw.go.jp/znk-web/juminkanja/S2430/initialize?prefCd=05&kikanCd=5052800540&kikanKbn=nan", "url2": null, "内容": "薬局エム0秋田県横手市増田町増田本町５８－４" }, "geometry": { "type": "Point", "coordinates": [ 140.541953, 39.204753 ] } },
{ "type": "Feature", "properties": { "ID": 555052800550, "正式名称": "石田薬局", "機関区分": 5, "都道府県コード": 5, "市区町村コード": 203, "所在地": "秋田県横手市増田町増田字本町８０", "緯度": 39.205058, "経度": 140.544786, "url": "https://www.iryou.teikyouseido.mhlw.go.jp/znk-web/juminkanja/S2430/initialize?prefCd=05&kikanCd=5052800550&kikanKbn=nan", "url2": null, "内容": "石田薬局0秋田県横手市増田町増田字本町８０" }, "geometry": { "type": "Point", "coordinates": [ 140.544786, 39.205058 ] } },
{ "type": "Feature", "properties": { "ID": 555052800560, "正式名称": "アムール薬局　十文字店", "機関区分": 5, "都道府県コード": 5, "市区町村コード": 203, "所在地": "秋田県横手市十文字町本町１３－５", "緯度": 39.223222, "経度": 140.522898, "url": "https://www.iryou.teikyouseido.mhlw.go.jp/znk-web/juminkanja/S2430/initialize?prefCd=05&kikanCd=5052800560&kikanKbn=nan", "url2": null, "内容": "アムール薬局　十文字店0秋田県横手市十文字町本町１３－５" }, "geometry": { "type": "Point", "coordinates": [ 140.522898, 39.223222 ] } },
{ "type": "Feature", "properties": { "ID": 555052800570, "正式名称": "クオール薬局横手町店", "機関区分": 5, "都道府県コード": 5, "市区町村コード": 203, "所在地": "秋田県横手市横手町字大関越１７５", "緯度": 39.31838, "経度": 140.550058, "url": "https://www.iryou.teikyouseido.mhlw.go.jp/znk-web/juminkanja/S2430/initialize?prefCd=05&kikanCd=5052800570&kikanKbn=nan", "url2": "http://www.qol-net.co.jp/", "内容": "クオール薬局横手町店0秋田県横手市横手町字大関越１７５" }, "geometry": { "type": "Point", "coordinates": [ 140.550058, 39.31838 ] } },
{ "type": "Feature", "properties": { "ID": 555052800580, "正式名称": "リリィ薬局　横手店", "機関区分": 5, "都道府県コード": 5, "市区町村コード": 203, "所在地": "秋田県横手市婦気大堤字谷地添５番３号", "緯度": 39.308047, "経度": 140.55353, "url": "https://www.iryou.teikyouseido.mhlw.go.jp/znk-web/juminkanja/S2430/initialize?prefCd=05&kikanCd=5052800580&kikanKbn=nan", "url2": "https://ship-ph.co.jp/", "内容": "リリィ薬局　横手店0秋田県横手市婦気大堤字谷地添５番３号" }, "geometry": { "type": "Point", "coordinates": [ 140.55353, 39.308047 ] } },
{ "type": "Feature", "properties": { "ID": 555052800590, "正式名称": "やまな薬局　横手店", "機関区分": 5, "都道府県コード": 5, "市区町村コード": 203, "所在地": "秋田県横手市旭川三丁目３－３５", "緯度": 39.309492, "経度": 140.580584, "url": "https://www.iryou.teikyouseido.mhlw.go.jp/znk-web/juminkanja/S2430/initialize?prefCd=05&kikanCd=5052800590&kikanKbn=nan", "url2": "https://appli.e-classa.net/yamana_yokote/index.html", "内容": "やまな薬局　横手店0秋田県横手市旭川三丁目３－３５" }, "geometry": { "type": "Point", "coordinates": [ 140.580584, 39.309492 ] } },
{ "type": "Feature", "properties": { "ID": 555052800600, "正式名称": "イオン薬局　横手店", "機関区分": 5, "都道府県コード": 5, "市区町村コード": 203, "所在地": "秋田県横手市安田字向田１４７", "緯度": 39.298632, "経度": 140.55367, "url": "https://www.iryou.teikyouseido.mhlw.go.jp/znk-web/juminkanja/S2430/initialize?prefCd=05&kikanCd=5052800600&kikanKbn=nan", "url2": null, "内容": "イオン薬局　横手店0秋田県横手市安田字向田１４７" }, "geometry": { "type": "Point", "coordinates": [ 140.55367, 39.298632 ] } },
{ "type": "Feature", "properties": { "ID": 555052800610, "正式名称": "調剤薬局ツルハドラッグ横手平鹿店", "機関区分": 5, "都道府県コード": 5, "市区町村コード": 203, "所在地": "秋田県横手市平鹿町中吉田字竹原９０－１", "緯度": 39.269773, "経度": 140.496873, "url": "https://www.iryou.teikyouseido.mhlw.go.jp/znk-web/juminkanja/S2430/initialize?prefCd=05&kikanCd=5052800610&kikanKbn=nan", "url2": "https://shop.tsuruha-g.com/1931c", "内容": "調剤薬局ツルハドラッグ横手平鹿店0秋田県横手市平鹿町中吉田字竹原９０－１" }, "geometry": { "type": "Point", "coordinates": [ 140.496873, 39.269773 ] } },
{ "type": "Feature", "properties": { "ID": 555052800640, "正式名称": "グリーン薬局", "機関区分": 5, "都道府県コード": 5, "市区町村コード": 203, "所在地": "秋田県横手市前郷字八ツ口８２番地", "緯度": 39.311276, "経度": 140.550928, "url": "https://www.iryou.teikyouseido.mhlw.go.jp/znk-web/juminkanja/S2430/initialize?prefCd=05&kikanCd=5052800640&kikanKbn=nan", "url2": null, "内容": "グリーン薬局0秋田県横手市前郷字八ツ口８２番地" }, "geometry": { "type": "Point", "coordinates": [ 140.550928, 39.311276 ] } },
{ "type": "Feature", "properties": { "ID": 555052800650, "正式名称": "調剤薬局ツルハドラッグ横手平鹿病院前店", "機関区分": 5, "都道府県コード": 5, "市区町村コード": 203, "所在地": "秋田県横手市横手町字五ノ口２８－１", "緯度": 39.315545, "経度": 140.548033, "url": "https://www.iryou.teikyouseido.mhlw.go.jp/znk-web/juminkanja/S2430/initialize?prefCd=05&kikanCd=5052800650&kikanKbn=nan", "url2": "https://shop.tsuruha-g.com/5040", "内容": "調剤薬局ツルハドラッグ横手平鹿病院前店0秋田県横手市横手町字五ノ口２８－１" }, "geometry": { "type": "Point", "coordinates": [ 140.548033, 39.315545 ] } },
{ "type": "Feature", "properties": { "ID": 555052900020, "正式名称": "おおしま薬局", "機関区分": 5, "都道府県コード": 5, "市区町村コード": 207, "所在地": "秋田県湯沢市大島町８９番地２１", "緯度": 39.177283, "経度": 140.486014, "url": "https://www.iryou.teikyouseido.mhlw.go.jp/znk-web/juminkanja/S2430/initialize?prefCd=05&kikanCd=5052900020&kikanKbn=nan", "url2": null, "内容": "おおしま薬局0秋田県湯沢市大島町８９番地２１" }, "geometry": { "type": "Point", "coordinates": [ 140.486014, 39.177283 ] } },
{ "type": "Feature", "properties": { "ID": 555052900040, "正式名称": "クオール薬局　湯沢西店", "機関区分": 5, "都道府県コード": 5, "市区町村コード": 207, "所在地": "秋田県湯沢市沖鶴１９９－２", "緯度": 39.174394, "経度": 140.476793, "url": "https://www.iryou.teikyouseido.mhlw.go.jp/znk-web/juminkanja/S2430/initialize?prefCd=05&kikanCd=5052900040&kikanKbn=nan", "url2": "http://www.qol-net.co.jp/", "内容": "クオール薬局　湯沢西店0秋田県湯沢市沖鶴１９９－２" }, "geometry": { "type": "Point", "coordinates": [ 140.476793, 39.174394 ] } },
{ "type": "Feature", "properties": { "ID": 555052900050, "正式名称": "クオール薬局　湯沢店", "機関区分": 5, "都道府県コード": 5, "市区町村コード": 207, "所在地": "秋田県湯沢市中野１８０－５", "緯度": 39.1602, "経度": 140.482154, "url": "https://www.iryou.teikyouseido.mhlw.go.jp/znk-web/juminkanja/S2430/initialize?prefCd=05&kikanCd=5052900050&kikanKbn=nan", "url2": "http://www.qol-net.co.jp/", "内容": "クオール薬局　湯沢店0秋田県湯沢市中野１８０－５" }, "geometry": { "type": "Point", "coordinates": [ 140.482154, 39.1602 ] } },
{ "type": "Feature", "properties": { "ID": 555052900060, "正式名称": "ファーマックス雄勝調剤薬局", "機関区分": 5, "都道府県コード": 5, "市区町村コード": 207, "所在地": "秋田県湯沢市山田字勇ケ岡３１", "緯度": 39.144109, "経度": 140.455788, "url": "https://www.iryou.teikyouseido.mhlw.go.jp/znk-web/juminkanja/S2430/initialize?prefCd=05&kikanCd=5052900060&kikanKbn=nan", "url2": "https://www.pharmax.co.jp", "内容": "ファーマックス雄勝調剤薬局0秋田県湯沢市山田字勇ケ岡３１" }, "geometry": { "type": "Point", "coordinates": [ 140.455788, 39.144109 ] } },
{ "type": "Feature", "properties": { "ID": 555052900080, "正式名称": "十文字だいだい薬局", "機関区分": 5, "都道府県コード": 5, "市区町村コード": 203, "所在地": "秋田県横手市十文字町仁井田字東２２－１", "緯度": 39.215418, "経度": 140.528037, "url": "https://www.iryou.teikyouseido.mhlw.go.jp/znk-web/juminkanja/S2430/initialize?prefCd=05&kikanCd=5052900080&kikanKbn=nan", "url2": "https://www.daidaipharmacy.com/", "内容": "十文字だいだい薬局0秋田県横手市十文字町仁井田字東２２－１" }, "geometry": { "type": "Point", "coordinates": [ 140.528037, 39.215418 ] } },
{ "type": "Feature", "properties": { "ID": 555052900090, "正式名称": "至誠堂薬局　稲川支店", "機関区分": 5, "都道府県コード": 5, "市区町村コード": 207, "所在地": "秋田県湯沢市三梨町下宿５９番１", "緯度": 39.144482, "経度": 140.575897, "url": "https://www.iryou.teikyouseido.mhlw.go.jp/znk-web/juminkanja/S2430/initialize?prefCd=05&kikanCd=5052900090&kikanKbn=nan", "url2": null, "内容": "至誠堂薬局　稲川支店0秋田県湯沢市三梨町下宿５９番１" }, "geometry": { "type": "Point", "coordinates": [ 140.575897, 39.144482 ] } },
{ "type": "Feature", "properties": { "ID": 555052900100, "正式名称": "まえもりガーデン薬局", "機関区分": 5, "都道府県コード": 5, "市区町村コード": 207, "所在地": "秋田県湯沢市前森３丁目５番４号", "緯度": 39.170644, "経度": 140.491987, "url": "https://www.iryou.teikyouseido.mhlw.go.jp/znk-web/juminkanja/S2430/initialize?prefCd=05&kikanCd=5052900100&kikanKbn=nan", "url2": null, "内容": "まえもりガーデン薬局0秋田県湯沢市前森３丁目５番４号" }, "geometry": { "type": "Point", "coordinates": [ 140.491987, 39.170644 ] } },
{ "type": "Feature", "properties": { "ID": 555052900110, "正式名称": "有限会社　伊藤薬局", "機関区分": 5, "都道府県コード": 5, "市区町村コード": 207, "所在地": "秋田県湯沢市前森３丁目１－４８", "緯度": 39.169366, "経度": 140.493126, "url": "https://www.iryou.teikyouseido.mhlw.go.jp/znk-web/juminkanja/S2430/initialize?prefCd=05&kikanCd=5052900110&kikanKbn=nan", "url2": null, "内容": "有限会社　伊藤薬局0秋田県湯沢市前森３丁目１－４８" }, "geometry": { "type": "Point", "coordinates": [ 140.493126, 39.169366 ] } },
{ "type": "Feature", "properties": { "ID": 555052900130, "正式名称": "サン薬局", "機関区分": 5, "都道府県コード": 5, "市区町村コード": 207, "所在地": "秋田県湯沢市表町３丁目２番１号", "緯度": 39.167256, "経度": 140.490737, "url": "https://www.iryou.teikyouseido.mhlw.go.jp/znk-web/juminkanja/S2430/initialize?prefCd=05&kikanCd=5052900130&kikanKbn=nan", "url2": "http://bdr-fc.com/", "内容": "サン薬局0秋田県湯沢市表町３丁目２番１号" }, "geometry": { "type": "Point", "coordinates": [ 140.490737, 39.167256 ] } },
{ "type": "Feature", "properties": { "ID": 555052900140, "正式名称": "池田薬局　佐竹通り店", "機関区分": 5, "都道府県コード": 5, "市区町村コード": 207, "所在地": "秋田県湯沢市大町一丁目２９－１", "緯度": 39.1627, "経度": 140.492376, "url": "https://www.iryou.teikyouseido.mhlw.go.jp/znk-web/juminkanja/S2430/initialize?prefCd=05&kikanCd=5052900140&kikanKbn=nan", "url2": "http://www.ikeyaku.co.jp", "内容": "池田薬局　佐竹通り店0秋田県湯沢市大町一丁目２９－１" }, "geometry": { "type": "Point", "coordinates": [ 140.492376, 39.1627 ] } },
{ "type": "Feature", "properties": { "ID": 555052900150, "正式名称": "湯沢ファミリー調剤薬局", "機関区分": 5, "都道府県コード": 5, "市区町村コード": 207, "所在地": "秋田県湯沢市千石町４丁目１－１８", "緯度": 39.156007, "経度": 140.489543, "url": "https://www.iryou.teikyouseido.mhlw.go.jp/znk-web/juminkanja/S2430/initialize?prefCd=05&kikanCd=5052900150&kikanKbn=nan", "url2": null, "内容": "湯沢ファミリー調剤薬局0秋田県湯沢市千石町４丁目１－１８" }, "geometry": { "type": "Point", "coordinates": [ 140.489543, 39.156007 ] } },
{ "type": "Feature", "properties": { "ID": 555052900190, "正式名称": "至誠堂薬局", "機関区分": 5, "都道府県コード": 5, "市区町村コード": 207, "所在地": "秋田県湯沢市小野東堺８７番３", "緯度": 39.06396, "経度": 140.454745, "url": "https://www.iryou.teikyouseido.mhlw.go.jp/znk-web/juminkanja/S2430/initialize?prefCd=05&kikanCd=5052900190&kikanKbn=nan", "url2": null, "内容": "至誠堂薬局0秋田県湯沢市小野東堺８７番３" }, "geometry": { "type": "Point", "coordinates": [ 140.454745, 39.06396 ] } },
{ "type": "Feature", "properties": { "ID": 555052900200, "正式名称": "あおば調剤薬局　羽後店", "機関区分": 5, "都道府県コード": 5, "市区町村コード": 463, "所在地": "秋田県雄勝郡羽後町南西馬音内１７１番地３", "緯度": 39.1957141, "経度": 140.4081793, "url": "https://www.iryou.teikyouseido.mhlw.go.jp/znk-web/juminkanja/S2430/initialize?prefCd=05&kikanCd=5052900200&kikanKbn=nan", "url2": null, "内容": "あおば調剤薬局　羽後店0秋田県雄勝郡羽後町南西馬音内１７１番地３" }, "geometry": { "type": "Point", "coordinates": [ 140.4081793, 39.1957141 ] } },
{ "type": "Feature", "properties": { "ID": 555052900210, "正式名称": "日本調剤　羽後薬局", "機関区分": 5, "都道府県コード": 5, "市区町村コード": 463, "所在地": "秋田県雄勝郡羽後町南西馬音内１６９－３", "緯度": 39.195723, "経度": 140.408269, "url": "https://www.iryou.teikyouseido.mhlw.go.jp/znk-web/juminkanja/S2430/initialize?prefCd=05&kikanCd=5052900210&kikanKbn=nan", "url2": "http://www.nicho.co.jp/tenpo/ugo", "内容": "日本調剤　羽後薬局0秋田県雄勝郡羽後町南西馬音内１６９－３" }, "geometry": { "type": "Point", "coordinates": [ 140.408269, 39.195723 ] } },
{ "type": "Feature", "properties": { "ID": 555052900220, "正式名称": "クオール薬局　うごまち店", "機関区分": 5, "都道府県コード": 5, "市区町村コード": 463, "所在地": "秋田県雄勝郡羽後町稲荷９４－２", "緯度": 39.193057, "経度": 140.438517, "url": "https://www.iryou.teikyouseido.mhlw.go.jp/znk-web/juminkanja/S2430/initialize?prefCd=05&kikanCd=5052900220&kikanKbn=nan", "url2": "http://www.qol-net.co.jp/pharmacy/map/detail.php?id=9", "内容": "クオール薬局　うごまち店0秋田県雄勝郡羽後町稲荷９４－２" }, "geometry": { "type": "Point", "coordinates": [ 140.438517, 39.193057 ] } },
{ "type": "Feature", "properties": { "ID": 555052900230, "正式名称": "ファーマックス羽後調剤薬局", "機関区分": 5, "都道府県コード": 5, "市区町村コード": 463, "所在地": "秋田県雄勝郡羽後町西馬音内字大戸道４４－６", "緯度": 39.196529, "経度": 140.408825, "url": "https://www.iryou.teikyouseido.mhlw.go.jp/znk-web/juminkanja/S2430/initialize?prefCd=05&kikanCd=5052900230&kikanKbn=nan", "url2": "https://www.pharmax.co.jp", "内容": "ファーマックス羽後調剤薬局0秋田県雄勝郡羽後町西馬音内字大戸道４４－６" }, "geometry": { "type": "Point", "coordinates": [ 140.408825, 39.196529 ] } },
{ "type": "Feature", "properties": { "ID": 555052900240, "正式名称": "きむら薬局", "機関区分": 5, "都道府県コード": 5, "市区町村コード": 463, "所在地": "秋田県雄勝郡羽後町西馬音内字本町３０－２", "緯度": 39.199584, "経度": 140.402632, "url": "https://www.iryou.teikyouseido.mhlw.go.jp/znk-web/juminkanja/S2430/initialize?prefCd=05&kikanCd=5052900240&kikanKbn=nan", "url2": "https://r.goope.jp/kimurayakkyoku/", "内容": "きむら薬局0秋田県雄勝郡羽後町西馬音内字本町３０－２" }, "geometry": { "type": "Point", "coordinates": [ 140.402632, 39.199584 ] } },
{ "type": "Feature", "properties": { "ID": 555052900250, "正式名称": "東成瀬調剤薬局", "機関区分": 5, "都道府県コード": 5, "市区町村コード": 464, "所在地": "秋田県雄勝郡東成瀬村田子内字仙人下２４番地７", "緯度": 39.17984, "経度": 140.647917, "url": "https://www.iryou.teikyouseido.mhlw.go.jp/znk-web/juminkanja/S2430/initialize?prefCd=05&kikanCd=5052900250&kikanKbn=nan", "url2": "http://lifelinejapan.co.jp", "内容": "東成瀬調剤薬局0秋田県雄勝郡東成瀬村田子内字仙人下２４番地７" }, "geometry": { "type": "Point", "coordinates": [ 140.647917, 39.17984 ] } },
{ "type": "Feature", "properties": { "ID": 555052900260, "正式名称": "調剤薬局ツルハドラッグ湯沢大町店", "機関区分": 5, "都道府県コード": 5, "市区町村コード": 207, "所在地": "秋田県湯沢市大町二丁目１番１０号", "緯度": 39.1627, "経度": 140.492209, "url": "https://www.iryou.teikyouseido.mhlw.go.jp/znk-web/juminkanja/S2430/initialize?prefCd=05&kikanCd=5052900260&kikanKbn=nan", "url2": "https://shop.tsuruha-g.com/1225", "内容": "調剤薬局ツルハドラッグ湯沢大町店0秋田県湯沢市大町二丁目１番１０号" }, "geometry": { "type": "Point", "coordinates": [ 140.492209, 39.1627 ] } },
{ "type": "Feature", "properties": { "ID": 555052900280, "正式名称": "共創未来土崎みなと薬局", "機関区分": 5, "都道府県コード": 5, "市区町村コード": 201, "所在地": "秋田県秋田市土崎港中央五丁目６番２６号", "緯度": 39.751297, "経度": 140.069189, "url": "https://www.iryou.teikyouseido.mhlw.go.jp/znk-web/juminkanja/S2430/initialize?prefCd=05&kikanCd=5052900280&kikanKbn=nan", "url2": "http://www.phmirai.co.jp", "内容": "共創未来土崎みなと薬局0秋田県秋田市土崎港中央五丁目６番２６号" }, "geometry": { "type": "Point", "coordinates": [ 140.069189, 39.751297 ] } },
{ "type": "Feature", "properties": { "ID": 555052900310, "正式名称": "クオール薬局湯沢表町店", "機関区分": 5, "都道府県コード": 5, "市区町村コード": 207, "所在地": "秋田県湯沢市表町四丁目９番１０", "緯度": 39.1662, "経度": 140.488764, "url": "https://www.iryou.teikyouseido.mhlw.go.jp/znk-web/juminkanja/S2430/initialize?prefCd=05&kikanCd=5052900310&kikanKbn=nan", "url2": "https://www.qol-net.co.jp/", "内容": "クオール薬局湯沢表町店0秋田県湯沢市表町四丁目９番１０" }, "geometry": { "type": "Point", "coordinates": [ 140.488764, 39.1662 ] } },
{ "type": "Feature", "properties": { "ID": 555058550521, "正式名称": "クローバー薬局　片山店", "機関区分": 5, "都道府県コード": 5, "市区町村コード": 204, "所在地": "秋田県大館市住吉町３番１４号", "緯度": 40.272443, "経度": 140.543321, "url": "https://www.iryou.teikyouseido.mhlw.go.jp/znk-web/juminkanja/S2430/initialize?prefCd=05&kikanCd=5058550521&kikanKbn=nan", "url2": "https://clover-pharmacy.co.jp", "内容": "クローバー薬局　片山店0秋田県大館市住吉町３番１４号" }, "geometry": { "type": "Point", "coordinates": [ 140.543321, 40.272443 ] } }
]
}
