{
"type": "FeatureCollection",
"name": "geo_5_3",
"crs": { "type": "name", "properties": { "name": "urn:ogc:def:crs:OGC:1.3:CRS84" } },
"features": [
{ "type": "Feature", "properties": { "ID": 533050100030, "正式名称": "医療法人　谷本歯科医院", "機関区分": 3, "都道府県コード": 5, "市区町村コード": 204, "所在地": "秋田県大館市有浦１丁目６番２３番", "緯度": 40.283638, "経度": 140.562819, "url": "https://www.iryou.teikyouseido.mhlw.go.jp/znk-web/juminkanja/S2430/initialize?prefCd=05&kikanCd=3050100030&kikanKbn=3", "url2": null, "内容": "医療法人　谷本歯科医院【3:歯科】秋田県大館市有浦１丁目６番２３番" }, "geometry": { "type": "Point", "coordinates": [ 140.562819, 40.283638 ] } },
{ "type": "Feature", "properties": { "ID": 533050100040, "正式名称": "神　歯科医院", "機関区分": 3, "都道府県コード": 5, "市区町村コード": 204, "所在地": "秋田県大館市有浦６丁目１－３３", "緯度": 40.280277, "経度": 140.56854, "url": "https://www.iryou.teikyouseido.mhlw.go.jp/znk-web/juminkanja/S2430/initialize?prefCd=05&kikanCd=3050100040&kikanKbn=3", "url2": null, "内容": "神　歯科医院【3:歯科】秋田県大館市有浦６丁目１－３３" }, "geometry": { "type": "Point", "coordinates": [ 140.56854, 40.280277 ] } },
{ "type": "Feature", "properties": { "ID": 533050100050, "正式名称": "ありうら歯科医院", "機関区分": 3, "都道府県コード": 5, "市区町村コード": 204, "所在地": "秋田県大館市有浦３－２－６２", "緯度": 40.280332, "経度": 140.563902, "url": "https://www.iryou.teikyouseido.mhlw.go.jp/znk-web/juminkanja/S2430/initialize?prefCd=05&kikanCd=3050100050&kikanKbn=3", "url2": "https://ariura-dentalclinic.com", "内容": "ありうら歯科医院【3:歯科】秋田県大館市有浦３－２－６２" }, "geometry": { "type": "Point", "coordinates": [ 140.563902, 40.280332 ] } },
{ "type": "Feature", "properties": { "ID": 533050100070, "正式名称": "しん歯科クリニック", "機関区分": 3, "都道府県コード": 5, "市区町村コード": 204, "所在地": "秋田県大館市中道１－１－３", "緯度": 40.285942, "経度": 140.557152, "url": "https://www.iryou.teikyouseido.mhlw.go.jp/znk-web/juminkanja/S2430/initialize?prefCd=05&kikanCd=3050100070&kikanKbn=3", "url2": null, "内容": "しん歯科クリニック【3:歯科】秋田県大館市中道１－１－３" }, "geometry": { "type": "Point", "coordinates": [ 140.557152, 40.285942 ] } },
{ "type": "Feature", "properties": { "ID": 533050100090, "正式名称": "伊藤歯科医院", "機関区分": 3, "都道府県コード": 5, "市区町村コード": 204, "所在地": "秋田県大館市清水１丁目３－３７", "緯度": 40.284193, "経度": 140.551444, "url": "https://www.iryou.teikyouseido.mhlw.go.jp/znk-web/juminkanja/S2430/initialize?prefCd=05&kikanCd=3050100090&kikanKbn=3", "url2": null, "内容": "伊藤歯科医院【3:歯科】秋田県大館市清水１丁目３－３７" }, "geometry": { "type": "Point", "coordinates": [ 140.551444, 40.284193 ] } },
{ "type": "Feature", "properties": { "ID": 533050100100, "正式名称": "ひがしだい歯科クリニック", "機関区分": 3, "都道府県コード": 5, "市区町村コード": 204, "所在地": "秋田県大館市東台４－４－９３", "緯度": 40.269306, "経度": 140.575234, "url": "https://www.iryou.teikyouseido.mhlw.go.jp/znk-web/juminkanja/S2430/initialize?prefCd=05&kikanCd=3050100100&kikanKbn=3", "url2": null, "内容": "ひがしだい歯科クリニック【3:歯科】秋田県大館市東台４－４－９３" }, "geometry": { "type": "Point", "coordinates": [ 140.575234, 40.269306 ] } },
{ "type": "Feature", "properties": { "ID": 533050100140, "正式名称": "神成歯科医院", "機関区分": 3, "都道府県コード": 5, "市区町村コード": 204, "所在地": "秋田県大館市馬喰町２５", "緯度": 40.270667, "経度": 140.561291, "url": "https://www.iryou.teikyouseido.mhlw.go.jp/znk-web/juminkanja/S2430/initialize?prefCd=05&kikanCd=3050100140&kikanKbn=3", "url2": "www.kannaridental.com", "内容": "神成歯科医院【3:歯科】秋田県大館市馬喰町２５" }, "geometry": { "type": "Point", "coordinates": [ 140.561291, 40.270667 ] } },
{ "type": "Feature", "properties": { "ID": 533050100150, "正式名称": "なかまち歯科クリニック", "機関区分": 3, "都道府県コード": 5, "市区町村コード": 204, "所在地": "秋田県大館市中町２８", "緯度": 40.270111, "経度": 140.561652, "url": "https://www.iryou.teikyouseido.mhlw.go.jp/znk-web/juminkanja/S2430/initialize?prefCd=05&kikanCd=3050100150&kikanKbn=3", "url2": null, "内容": "なかまち歯科クリニック【3:歯科】秋田県大館市中町２８" }, "geometry": { "type": "Point", "coordinates": [ 140.561652, 40.270111 ] } },
{ "type": "Feature", "properties": { "ID": 533050100160, "正式名称": "根田歯科医院", "機関区分": 3, "都道府県コード": 5, "市区町村コード": 204, "所在地": "秋田県大館市常盤木町３－１４", "緯度": 40.268056, "経度": 140.558181, "url": "https://www.iryou.teikyouseido.mhlw.go.jp/znk-web/juminkanja/S2430/initialize?prefCd=05&kikanCd=3050100160&kikanKbn=3", "url2": "http://neta-dental.jp/", "内容": "根田歯科医院【3:歯科】秋田県大館市常盤木町３－１４" }, "geometry": { "type": "Point", "coordinates": [ 140.558181, 40.268056 ] } },
{ "type": "Feature", "properties": { "ID": 533050100170, "正式名称": "医療法人　こう歯科", "機関区分": 3, "都道府県コード": 5, "市区町村コード": 204, "所在地": "秋田県大館市片山町３丁目２－３３", "緯度": 40.275586, "経度": 140.534702, "url": "https://www.iryou.teikyouseido.mhlw.go.jp/znk-web/juminkanja/S2430/initialize?prefCd=05&kikanCd=3050100170&kikanKbn=3", "url2": "http://www.dental-service.jp/kodental/", "内容": "医療法人　こう歯科【3:歯科】秋田県大館市片山町３丁目２－３３" }, "geometry": { "type": "Point", "coordinates": [ 140.534702, 40.275586 ] } },
{ "type": "Feature", "properties": { "ID": 533050100180, "正式名称": "佐藤歯科医院", "機関区分": 3, "都道府県コード": 5, "市区町村コード": 204, "所在地": "秋田県大館市美園町５－５６", "緯度": 40.27236, "経度": 140.547264, "url": "https://www.iryou.teikyouseido.mhlw.go.jp/znk-web/juminkanja/S2430/initialize?prefCd=05&kikanCd=3050100180&kikanKbn=3", "url2": null, "内容": "佐藤歯科医院【3:歯科】秋田県大館市美園町５－５６" }, "geometry": { "type": "Point", "coordinates": [ 140.547264, 40.27236 ] } },
{ "type": "Feature", "properties": { "ID": 533050100190, "正式名称": "とだ歯科医院", "機関区分": 3, "都道府県コード": 5, "市区町村コード": 204, "所在地": "秋田県大館市長木川南１６－６", "緯度": 40.274443, "経度": 140.560041, "url": "https://www.iryou.teikyouseido.mhlw.go.jp/znk-web/juminkanja/S2430/initialize?prefCd=05&kikanCd=3050100190&kikanKbn=3", "url2": null, "内容": "とだ歯科医院【3:歯科】秋田県大館市長木川南１６－６" }, "geometry": { "type": "Point", "coordinates": [ 140.560041, 40.274443 ] } },
{ "type": "Feature", "properties": { "ID": 533050100200, "正式名称": "わたなべ歯科医院", "機関区分": 3, "都道府県コード": 5, "市区町村コード": 204, "所在地": "秋田県大館市豊町９－３２", "緯度": 40.274249, "経度": 140.552097, "url": "https://www.iryou.teikyouseido.mhlw.go.jp/znk-web/juminkanja/S2430/initialize?prefCd=05&kikanCd=3050100200&kikanKbn=3", "url2": null, "内容": "わたなべ歯科医院【3:歯科】秋田県大館市豊町９－３２" }, "geometry": { "type": "Point", "coordinates": [ 140.552097, 40.274249 ] } },
{ "type": "Feature", "properties": { "ID": 533050100220, "正式名称": "医療法人歯友会　佐藤歯科桂城診療所", "機関区分": 3, "都道府県コード": 5, "市区町村コード": 204, "所在地": "秋田県大館市桂城８－２３", "緯度": 40.271611, "経度": 140.563207, "url": "https://www.iryou.teikyouseido.mhlw.go.jp/znk-web/juminkanja/S2430/initialize?prefCd=05&kikanCd=3050100220&kikanKbn=3", "url2": null, "内容": "医療法人歯友会　佐藤歯科桂城診療所【3:歯科】秋田県大館市桂城８－２３" }, "geometry": { "type": "Point", "coordinates": [ 140.563207, 40.271611 ] } },
{ "type": "Feature", "properties": { "ID": 533050100260, "正式名称": "医療法人　Ｓｍｉｌｅ　Ｐｒｏｄｕｃｔｓ　小笠原歯科・矯正歯科", "機関区分": 3, "都道府県コード": 5, "市区町村コード": 204, "所在地": "秋田県大館市三ノ丸３０番地１", "緯度": 40.273833, "経度": 140.566346, "url": "https://www.iryou.teikyouseido.mhlw.go.jp/znk-web/juminkanja/S2430/initialize?prefCd=05&kikanCd=3050100260&kikanKbn=3", "url2": "http://ogadental.com", "内容": "医療法人　Ｓｍｉｌｅ　Ｐｒｏｄｕｃｔｓ　小笠原歯科・矯正歯科【3:歯科】秋田県大館市三ノ丸３０番地１" }, "geometry": { "type": "Point", "coordinates": [ 140.566346, 40.273833 ] } },
{ "type": "Feature", "properties": { "ID": 533050100280, "正式名称": "やまお歯科医院", "機関区分": 3, "都道府県コード": 5, "市区町村コード": 204, "所在地": "秋田県大館市早口深沢岱４０－２２", "緯度": 40.279698, "経度": 140.451459, "url": "https://www.iryou.teikyouseido.mhlw.go.jp/znk-web/juminkanja/S2430/initialize?prefCd=05&kikanCd=3050100280&kikanKbn=3", "url2": null, "内容": "やまお歯科医院【3:歯科】秋田県大館市早口深沢岱４０－２２" }, "geometry": { "type": "Point", "coordinates": [ 140.451459, 40.279698 ] } },
{ "type": "Feature", "properties": { "ID": 533050100290, "正式名称": "ながぬまけんこう歯科", "機関区分": 3, "都道府県コード": 5, "市区町村コード": 204, "所在地": "秋田県大館市曲田字曲田６－１", "緯度": 40.215924, "経度": 140.627316, "url": "https://www.iryou.teikyouseido.mhlw.go.jp/znk-web/juminkanja/S2430/initialize?prefCd=05&kikanCd=3050100290&kikanKbn=3", "url2": null, "内容": "ながぬまけんこう歯科【3:歯科】秋田県大館市曲田字曲田６－１" }, "geometry": { "type": "Point", "coordinates": [ 140.627316, 40.215924 ] } },
{ "type": "Feature", "properties": { "ID": 533050100310, "正式名称": "比内根田歯科医院", "機関区分": 3, "都道府県コード": 5, "市区町村コード": 204, "所在地": "秋田県大館市比内町扇田長岡下１４－１１", "緯度": 40.221173, "経度": 140.587541, "url": "https://www.iryou.teikyouseido.mhlw.go.jp/znk-web/juminkanja/S2430/initialize?prefCd=05&kikanCd=3050100310&kikanKbn=3", "url2": "www.hinaineta.jp", "内容": "比内根田歯科医院【3:歯科】秋田県大館市比内町扇田長岡下１４－１１" }, "geometry": { "type": "Point", "coordinates": [ 140.587541, 40.221173 ] } },
{ "type": "Feature", "properties": { "ID": 533050100320, "正式名称": "折戸歯科医院", "機関区分": 3, "都道府県コード": 5, "市区町村コード": 209, "所在地": "秋田県鹿角市花輪堰向５５", "緯度": 40.188846, "経度": 140.788637, "url": "https://www.iryou.teikyouseido.mhlw.go.jp/znk-web/juminkanja/S2430/initialize?prefCd=05&kikanCd=3050100320&kikanKbn=3", "url2": null, "内容": "折戸歯科医院【3:歯科】秋田県鹿角市花輪堰向５５" }, "geometry": { "type": "Point", "coordinates": [ 140.788637, 40.188846 ] } },
{ "type": "Feature", "properties": { "ID": 533050100340, "正式名称": "花のまち歯科医院", "機関区分": 3, "都道府県コード": 5, "市区町村コード": 209, "所在地": "秋田県鹿角市花輪蒼前平７２－１", "緯度": 40.211927, "経度": 140.79083, "url": "https://www.iryou.teikyouseido.mhlw.go.jp/znk-web/juminkanja/S2430/initialize?prefCd=05&kikanCd=3050100340&kikanKbn=3", "url2": "http://www.6408.jp", "内容": "花のまち歯科医院【3:歯科】秋田県鹿角市花輪蒼前平７２－１" }, "geometry": { "type": "Point", "coordinates": [ 140.79083, 40.211927 ] } },
{ "type": "Feature", "properties": { "ID": 533050100350, "正式名称": "昆歯科医院", "機関区分": 3, "都道府県コード": 5, "市区町村コード": 209, "所在地": "秋田県鹿角市花輪上中島１３４－１", "緯度": 40.186346, "経度": 140.784721, "url": "https://www.iryou.teikyouseido.mhlw.go.jp/znk-web/juminkanja/S2430/initialize?prefCd=05&kikanCd=3050100350&kikanKbn=3", "url2": null, "内容": "昆歯科医院【3:歯科】秋田県鹿角市花輪上中島１３４－１" }, "geometry": { "type": "Point", "coordinates": [ 140.784721, 40.186346 ] } },
{ "type": "Feature", "properties": { "ID": 533050100400, "正式名称": "あんどう歯科医院", "機関区分": 3, "都道府県コード": 5, "市区町村コード": 209, "所在地": "秋田県鹿角市花輪八正寺７－２", "緯度": 40.192262, "経度": 140.78897, "url": "https://www.iryou.teikyouseido.mhlw.go.jp/znk-web/juminkanja/S2430/initialize?prefCd=05&kikanCd=3050100400&kikanKbn=3", "url2": null, "内容": "あんどう歯科医院【3:歯科】秋田県鹿角市花輪八正寺７－２" }, "geometry": { "type": "Point", "coordinates": [ 140.78897, 40.192262 ] } },
{ "type": "Feature", "properties": { "ID": 533050100410, "正式名称": "オーラルクリニックかづの", "機関区分": 3, "都道府県コード": 5, "市区町村コード": 209, "所在地": "秋田県鹿角市花輪新田町２５－８", "緯度": 40.182467, "経度": 140.786838, "url": "https://www.iryou.teikyouseido.mhlw.go.jp/znk-web/juminkanja/S2430/initialize?prefCd=05&kikanCd=3050100410&kikanKbn=3", "url2": null, "内容": "オーラルクリニックかづの【3:歯科】秋田県鹿角市花輪新田町２５－８" }, "geometry": { "type": "Point", "coordinates": [ 140.786838, 40.182467 ] } },
{ "type": "Feature", "properties": { "ID": 533050100420, "正式名称": "ちゃこ歯科クリニック", "機関区分": 3, "都道府県コード": 5, "市区町村コード": 209, "所在地": "秋田県鹿角市十和田毛馬内上寄熊１５－１", "緯度": 40.268198, "経度": 140.776301, "url": "https://www.iryou.teikyouseido.mhlw.go.jp/znk-web/juminkanja/S2430/initialize?prefCd=05&kikanCd=3050100420&kikanKbn=3", "url2": null, "内容": "ちゃこ歯科クリニック【3:歯科】秋田県鹿角市十和田毛馬内上寄熊１５－１" }, "geometry": { "type": "Point", "coordinates": [ 140.776301, 40.268198 ] } },
{ "type": "Feature", "properties": { "ID": 533050100430, "正式名称": "小野寺歯科クリニック", "機関区分": 3, "都道府県コード": 5, "市区町村コード": 209, "所在地": "秋田県鹿角市十和田毛馬内字南陣場１８番３", "緯度": 40.263349, "経度": 140.768309, "url": "https://www.iryou.teikyouseido.mhlw.go.jp/znk-web/juminkanja/S2430/initialize?prefCd=05&kikanCd=3050100430&kikanKbn=3", "url2": "https://www.onodera-shikacl.com/", "内容": "小野寺歯科クリニック【3:歯科】秋田県鹿角市十和田毛馬内字南陣場１８番３" }, "geometry": { "type": "Point", "coordinates": [ 140.768309, 40.263349 ] } },
{ "type": "Feature", "properties": { "ID": 533050100450, "正式名称": "八幡歯科医院", "機関区分": 3, "都道府県コード": 5, "市区町村コード": 209, "所在地": "秋田県鹿角市十和田毛馬内下タ道１９－２２", "緯度": 40.278809, "経度": 140.765552, "url": "https://www.iryou.teikyouseido.mhlw.go.jp/znk-web/juminkanja/S2430/initialize?prefCd=05&kikanCd=3050100450&kikanKbn=3", "url2": null, "内容": "八幡歯科医院【3:歯科】秋田県鹿角市十和田毛馬内下タ道１９－２２" }, "geometry": { "type": "Point", "coordinates": [ 140.765552, 40.278809 ] } },
{ "type": "Feature", "properties": { "ID": 533050100460, "正式名称": "なら歯科医院", "機関区分": 3, "都道府県コード": 5, "市区町村コード": 209, "所在地": "秋田県鹿角市十和田大湯川原の湯１３－９", "緯度": 40.294363, "経度": 140.826018, "url": "https://www.iryou.teikyouseido.mhlw.go.jp/znk-web/juminkanja/S2430/initialize?prefCd=05&kikanCd=3050100460&kikanKbn=3", "url2": null, "内容": "なら歯科医院【3:歯科】秋田県鹿角市十和田大湯川原の湯１３－９" }, "geometry": { "type": "Point", "coordinates": [ 140.826018, 40.294363 ] } },
{ "type": "Feature", "properties": { "ID": 533050100470, "正式名称": "かづの大湯歯科診療所", "機関区分": 3, "都道府県コード": 5, "市区町村コード": 209, "所在地": "秋田県鹿角市十和田大湯上の湯５６－３", "緯度": 40.294946, "経度": 140.829323, "url": "https://www.iryou.teikyouseido.mhlw.go.jp/znk-web/juminkanja/S2430/initialize?prefCd=05&kikanCd=3050100470&kikanKbn=3", "url2": null, "内容": "かづの大湯歯科診療所【3:歯科】秋田県鹿角市十和田大湯上の湯５６－３" }, "geometry": { "type": "Point", "coordinates": [ 140.829323, 40.294946 ] } },
{ "type": "Feature", "properties": { "ID": 533050100480, "正式名称": "小坂町立歯科診療所", "機関区分": 3, "都道府県コード": 5, "市区町村コード": 303, "所在地": "秋田県鹿角郡小坂町小坂鉱山字松ノ下８－２", "緯度": 40.325053, "経度": 140.745551, "url": "https://www.iryou.teikyouseido.mhlw.go.jp/znk-web/juminkanja/S2430/initialize?prefCd=05&kikanCd=3050100480&kikanKbn=3", "url2": "https://www.town.kosaka.akita.jp/kurashi_gyosei/kenko_fukushi/choritsushikashinryojo/index.html", "内容": "小坂町立歯科診療所【3:歯科】秋田県鹿角郡小坂町小坂鉱山字松ノ下８－２" }, "geometry": { "type": "Point", "coordinates": [ 140.745551, 40.325053 ] } },
{ "type": "Feature", "properties": { "ID": 533050100490, "正式名称": "谷本歯科クリニック", "機関区分": 3, "都道府県コード": 5, "市区町村コード": 303, "所在地": "秋田県鹿角郡小坂町小坂鉱山栗平１９－１４", "緯度": 40.329969, "経度": 140.739628, "url": "https://www.iryou.teikyouseido.mhlw.go.jp/znk-web/juminkanja/S2430/initialize?prefCd=05&kikanCd=3050100490&kikanKbn=3", "url2": null, "内容": "谷本歯科クリニック【3:歯科】秋田県鹿角郡小坂町小坂鉱山栗平１９－１４" }, "geometry": { "type": "Point", "coordinates": [ 140.739628, 40.329969 ] } },
{ "type": "Feature", "properties": { "ID": 533050100500, "正式名称": "ながはしデンタルクリニック", "機関区分": 3, "都道府県コード": 5, "市区町村コード": 204, "所在地": "秋田県大館市大田面３９３－１", "緯度": 40.284125, "経度": 140.574131, "url": "https://www.iryou.teikyouseido.mhlw.go.jp/znk-web/juminkanja/S2430/initialize?prefCd=05&kikanCd=3050100500&kikanKbn=3", "url2": "www.nagahashi-dc.com", "内容": "ながはしデンタルクリニック【3:歯科】秋田県大館市大田面３９３－１" }, "geometry": { "type": "Point", "coordinates": [ 140.574131, 40.284125 ] } },
{ "type": "Feature", "properties": { "ID": 533050200010, "正式名称": "たかのす歯科クリニック", "機関区分": 3, "都道府県コード": 5, "市区町村コード": 213, "所在地": "秋田県北秋田市栄字前綱６９", "緯度": 40.22939, "経度": 140.374503, "url": "https://www.iryou.teikyouseido.mhlw.go.jp/znk-web/juminkanja/S2430/initialize?prefCd=05&kikanCd=3050200010&kikanKbn=3", "url2": "https://takanosu-dental.com/", "内容": "たかのす歯科クリニック【3:歯科】秋田県北秋田市栄字前綱６９" }, "geometry": { "type": "Point", "coordinates": [ 140.374503, 40.22939 ] } },
{ "type": "Feature", "properties": { "ID": 533050200020, "正式名称": "加賀谷歯科医院", "機関区分": 3, "都道府県コード": 5, "市区町村コード": 213, "所在地": "秋田県北秋田市花園町４－２６－１", "緯度": 40.22889, "経度": 140.371781, "url": "https://www.iryou.teikyouseido.mhlw.go.jp/znk-web/juminkanja/S2430/initialize?prefCd=05&kikanCd=3050200020&kikanKbn=3", "url2": null, "内容": "加賀谷歯科医院【3:歯科】秋田県北秋田市花園町４－２６－１" }, "geometry": { "type": "Point", "coordinates": [ 140.371781, 40.22889 ] } },
{ "type": "Feature", "properties": { "ID": 533050200030, "正式名称": "おおた歯科医院", "機関区分": 3, "都道府県コード": 5, "市区町村コード": 213, "所在地": "秋田県北秋田市宮前町１－３", "緯度": 40.22476, "経度": 140.372223, "url": "https://www.iryou.teikyouseido.mhlw.go.jp/znk-web/juminkanja/S2430/initialize?prefCd=05&kikanCd=3050200030&kikanKbn=3", "url2": null, "内容": "おおた歯科医院【3:歯科】秋田県北秋田市宮前町１－３" }, "geometry": { "type": "Point", "coordinates": [ 140.372223, 40.22476 ] } },
{ "type": "Feature", "properties": { "ID": 533050200040, "正式名称": "森川歯科医院", "機関区分": 3, "都道府県コード": 5, "市区町村コード": 213, "所在地": "秋田県北秋田市東横町４－２７", "緯度": 40.225112, "経度": 140.370864, "url": "https://www.iryou.teikyouseido.mhlw.go.jp/znk-web/juminkanja/S2430/initialize?prefCd=05&kikanCd=3050200040&kikanKbn=3", "url2": null, "内容": "森川歯科医院【3:歯科】秋田県北秋田市東横町４－２７" }, "geometry": { "type": "Point", "coordinates": [ 140.370864, 40.225112 ] } },
{ "type": "Feature", "properties": { "ID": 533050200050, "正式名称": "医療法人明正会　佐藤歯科医院", "機関区分": 3, "都道府県コード": 5, "市区町村コード": 213, "所在地": "秋田県北秋田市松葉町１０－１１", "緯度": 40.230057, "経度": 140.369642, "url": "https://www.iryou.teikyouseido.mhlw.go.jp/znk-web/juminkanja/S2430/initialize?prefCd=05&kikanCd=3050200050&kikanKbn=3", "url2": "http://www.satodental.org", "内容": "医療法人明正会　佐藤歯科医院【3:歯科】秋田県北秋田市松葉町１０－１１" }, "geometry": { "type": "Point", "coordinates": [ 140.369642, 40.230057 ] } },
{ "type": "Feature", "properties": { "ID": 533050200080, "正式名称": "あじみね歯科医院", "機関区分": 3, "都道府県コード": 5, "市区町村コード": 213, "所在地": "秋田県北秋田市脇神字高村岱１６７－３", "緯度": 40.209697, "経度": 140.380975, "url": "https://www.iryou.teikyouseido.mhlw.go.jp/znk-web/juminkanja/S2430/initialize?prefCd=05&kikanCd=3050200080&kikanKbn=3", "url2": null, "内容": "あじみね歯科医院【3:歯科】秋田県北秋田市脇神字高村岱１６７－３" }, "geometry": { "type": "Point", "coordinates": [ 140.380975, 40.209697 ] } },
{ "type": "Feature", "properties": { "ID": 533050200110, "正式名称": "合川歯科医院", "機関区分": 3, "都道府県コード": 5, "市区町村コード": 213, "所在地": "秋田県北秋田市李岱字上悪外２１－３", "緯度": 40.156008, "経度": 140.313567, "url": "https://www.iryou.teikyouseido.mhlw.go.jp/znk-web/juminkanja/S2430/initialize?prefCd=05&kikanCd=3050200110&kikanKbn=3", "url2": null, "内容": "合川歯科医院【3:歯科】秋田県北秋田市李岱字上悪外２１－３" }, "geometry": { "type": "Point", "coordinates": [ 140.313567, 40.156008 ] } },
{ "type": "Feature", "properties": { "ID": 533050200120, "正式名称": "くるみ歯科医院", "機関区分": 3, "都道府県コード": 5, "市区町村コード": 213, "所在地": "秋田県北秋田市米内沢字薬師下８６－１", "緯度": 40.11993, "経度": 140.368869, "url": "https://www.iryou.teikyouseido.mhlw.go.jp/znk-web/juminkanja/S2430/initialize?prefCd=05&kikanCd=3050200120&kikanKbn=3", "url2": "http://www.kurumi.dentalmall.jp", "内容": "くるみ歯科医院【3:歯科】秋田県北秋田市米内沢字薬師下８６－１" }, "geometry": { "type": "Point", "coordinates": [ 140.368869, 40.11993 ] } },
{ "type": "Feature", "properties": { "ID": 533050200130, "正式名称": "米内沢歯科医院", "機関区分": 3, "都道府県コード": 5, "市区町村コード": 213, "所在地": "秋田県北秋田市米内沢字諏訪岱３１の２", "緯度": 40.119902, "経度": 140.376064, "url": "https://www.iryou.teikyouseido.mhlw.go.jp/znk-web/juminkanja/S2430/initialize?prefCd=05&kikanCd=3050200130&kikanKbn=3", "url2": null, "内容": "米内沢歯科医院【3:歯科】秋田県北秋田市米内沢字諏訪岱３１の２" }, "geometry": { "type": "Point", "coordinates": [ 140.376064, 40.119902 ] } },
{ "type": "Feature", "properties": { "ID": 533050200140, "正式名称": "奈良歯科医院", "機関区分": 3, "都道府県コード": 5, "市区町村コード": 213, "所在地": "秋田県北秋田市元町１１番１５－３号", "緯度": 40.227279, "経度": 140.365837, "url": "https://www.iryou.teikyouseido.mhlw.go.jp/znk-web/juminkanja/S2430/initialize?prefCd=05&kikanCd=3050200140&kikanKbn=3", "url2": null, "内容": "奈良歯科医院【3:歯科】秋田県北秋田市元町１１番１５－３号" }, "geometry": { "type": "Point", "coordinates": [ 140.365837, 40.227279 ] } },
{ "type": "Feature", "properties": { "ID": 533050300010, "正式名称": "医療法人　さとう歯科医院", "機関区分": 3, "都道府県コード": 5, "市区町村コード": 202, "所在地": "秋田県能代市向能代上野１３８", "緯度": 40.220468, "経度": 140.031199, "url": "https://www.iryou.teikyouseido.mhlw.go.jp/znk-web/juminkanja/S2430/initialize?prefCd=05&kikanCd=3050300010&kikanKbn=3", "url2": "http://stshika.biz/", "内容": "医療法人　さとう歯科医院【3:歯科】秋田県能代市向能代上野１３８" }, "geometry": { "type": "Point", "coordinates": [ 140.031199, 40.220468 ] } },
{ "type": "Feature", "properties": { "ID": 533050300020, "正式名称": "医療法人恵徳会　森田歯科医院", "機関区分": 3, "都道府県コード": 5, "市区町村コード": 202, "所在地": "秋田県能代市落合上前田１４１", "緯度": 40.227301, "経度": 140.026949, "url": "https://www.iryou.teikyouseido.mhlw.go.jp/znk-web/juminkanja/S2430/initialize?prefCd=05&kikanCd=3050300020&kikanKbn=3", "url2": null, "内容": "医療法人恵徳会　森田歯科医院【3:歯科】秋田県能代市落合上前田１４１" }, "geometry": { "type": "Point", "coordinates": [ 140.026949, 40.227301 ] } },
{ "type": "Feature", "properties": { "ID": 533050300030, "正式名称": "医療法人　佳聖会", "機関区分": 3, "都道府県コード": 5, "市区町村コード": 202, "所在地": "秋田県能代市河戸川大須賀５２－３", "緯度": 40.178611, "経度": 140.019979, "url": "https://www.iryou.teikyouseido.mhlw.go.jp/znk-web/juminkanja/S2430/initialize?prefCd=05&kikanCd=3050300030&kikanKbn=3", "url2": "http://www.minami-shika.com", "内容": "医療法人　佳聖会【3:歯科】秋田県能代市河戸川大須賀５２－３" }, "geometry": { "type": "Point", "coordinates": [ 140.019979, 40.178611 ] } },
{ "type": "Feature", "properties": { "ID": 533050300040, "正式名称": "医療法人宏明会　大山歯科クリニック", "機関区分": 3, "都道府県コード": 5, "市区町村コード": 202, "所在地": "秋田県能代市下瀬３３－４", "緯度": 40.188, "経度": 140.037921, "url": "https://www.iryou.teikyouseido.mhlw.go.jp/znk-web/juminkanja/S2430/initialize?prefCd=05&kikanCd=3050300040&kikanKbn=3", "url2": null, "内容": "医療法人宏明会　大山歯科クリニック【3:歯科】秋田県能代市下瀬３３－４" }, "geometry": { "type": "Point", "coordinates": [ 140.037921, 40.188 ] } },
{ "type": "Feature", "properties": { "ID": 533050300050, "正式名称": "平沢歯科医院", "機関区分": 3, "都道府県コード": 5, "市区町村コード": 202, "所在地": "秋田県能代市大町１－２５", "緯度": 40.212914, "経度": 140.026199, "url": "https://www.iryou.teikyouseido.mhlw.go.jp/znk-web/juminkanja/S2430/initialize?prefCd=05&kikanCd=3050300050&kikanKbn=3", "url2": "https://hirasawa-dc.amebaownd.com/", "内容": "平沢歯科医院【3:歯科】秋田県能代市大町１－２５" }, "geometry": { "type": "Point", "coordinates": [ 140.026199, 40.212914 ] } },
{ "type": "Feature", "properties": { "ID": 533050300060, "正式名称": "松野歯科医院", "機関区分": 3, "都道府県コード": 5, "市区町村コード": 202, "所在地": "秋田県能代市大手町１－７", "緯度": 40.212219, "経度": 140.024588, "url": "https://www.iryou.teikyouseido.mhlw.go.jp/znk-web/juminkanja/S2430/initialize?prefCd=05&kikanCd=3050300060&kikanKbn=3", "url2": null, "内容": "松野歯科医院【3:歯科】秋田県能代市大手町１－７" }, "geometry": { "type": "Point", "coordinates": [ 140.024588, 40.212219 ] } },
{ "type": "Feature", "properties": { "ID": 533050300070, "正式名称": "横山歯科医院", "機関区分": 3, "都道府県コード": 5, "市区町村コード": 202, "所在地": "秋田県能代市富町８－２４", "緯度": 40.210219, "経度": 140.030032, "url": "https://www.iryou.teikyouseido.mhlw.go.jp/znk-web/juminkanja/S2430/initialize?prefCd=05&kikanCd=3050300070&kikanKbn=3", "url2": null, "内容": "横山歯科医院【3:歯科】秋田県能代市富町８－２４" }, "geometry": { "type": "Point", "coordinates": [ 140.030032, 40.210219 ] } },
{ "type": "Feature", "properties": { "ID": 533050300080, "正式名称": "鈴木歯科医院", "機関区分": 3, "都道府県コード": 5, "市区町村コード": 202, "所在地": "秋田県能代市上町１０－２３", "緯度": 40.212025, "経度": 140.03031, "url": "https://www.iryou.teikyouseido.mhlw.go.jp/znk-web/juminkanja/S2430/initialize?prefCd=05&kikanCd=3050300080&kikanKbn=3", "url2": "http://www.dental-suzuki.net/", "内容": "鈴木歯科医院【3:歯科】秋田県能代市上町１０－２３" }, "geometry": { "type": "Point", "coordinates": [ 140.03031, 40.212025 ] } },
{ "type": "Feature", "properties": { "ID": 533050300090, "正式名称": "医療法人　能登歯科医院", "機関区分": 3, "都道府県コード": 5, "市区町村コード": 202, "所在地": "秋田県能代市上町８－２２", "緯度": 40.21283, "経度": 140.029088, "url": "https://www.iryou.teikyouseido.mhlw.go.jp/znk-web/juminkanja/S2430/initialize?prefCd=05&kikanCd=3050300090&kikanKbn=3", "url2": null, "内容": "医療法人　能登歯科医院【3:歯科】秋田県能代市上町８－２２" }, "geometry": { "type": "Point", "coordinates": [ 140.029088, 40.21283 ] } },
{ "type": "Feature", "properties": { "ID": 533050300100, "正式名称": "織田歯科医院", "機関区分": 3, "都道府県コード": 5, "市区町村コード": 202, "所在地": "秋田県能代市畠町８－８", "緯度": 40.207914, "経度": 140.030199, "url": "https://www.iryou.teikyouseido.mhlw.go.jp/znk-web/juminkanja/S2430/initialize?prefCd=05&kikanCd=3050300100&kikanKbn=3", "url2": "https://odadental.amebaownd", "内容": "織田歯科医院【3:歯科】秋田県能代市畠町８－８" }, "geometry": { "type": "Point", "coordinates": [ 140.030199, 40.207914 ] } },
{ "type": "Feature", "properties": { "ID": 533050300120, "正式名称": "医療法人　南小林歯科医院", "機関区分": 3, "都道府県コード": 5, "市区町村コード": 202, "所在地": "秋田県能代市西赤沼３６－５", "緯度": 40.190999, "経度": 140.038032, "url": "https://www.iryou.teikyouseido.mhlw.go.jp/znk-web/juminkanja/S2430/initialize?prefCd=05&kikanCd=3050300120&kikanKbn=3", "url2": null, "内容": "医療法人　南小林歯科医院【3:歯科】秋田県能代市西赤沼３６－５" }, "geometry": { "type": "Point", "coordinates": [ 140.038032, 40.190999 ] } },
{ "type": "Feature", "properties": { "ID": 533050300140, "正式名称": "医療法人　梅田歯科医院", "機関区分": 3, "都道府県コード": 5, "市区町村コード": 202, "所在地": "秋田県能代市花園町２７－１７", "緯度": 40.197692, "経度": 140.023311, "url": "https://www.iryou.teikyouseido.mhlw.go.jp/znk-web/juminkanja/S2430/initialize?prefCd=05&kikanCd=3050300140&kikanKbn=3", "url2": "http://www.umeta-dental.com/", "内容": "医療法人　梅田歯科医院【3:歯科】秋田県能代市花園町２７－１７" }, "geometry": { "type": "Point", "coordinates": [ 140.023311, 40.197692 ] } },
{ "type": "Feature", "properties": { "ID": 533050300150, "正式名称": "医療法人　みどり歯科医院", "機関区分": 3, "都道府県コード": 5, "市区町村コード": 202, "所在地": "秋田県能代市緑町２番３５号", "緯度": 40.19797, "経度": 140.031561, "url": "https://www.iryou.teikyouseido.mhlw.go.jp/znk-web/juminkanja/S2430/initialize?prefCd=05&kikanCd=3050300150&kikanKbn=3", "url2": "http://midorishika.com", "内容": "医療法人　みどり歯科医院【3:歯科】秋田県能代市緑町２番３５号" }, "geometry": { "type": "Point", "coordinates": [ 140.031561, 40.19797 ] } },
{ "type": "Feature", "properties": { "ID": 533050300160, "正式名称": "医療法人　中和歯科医院", "機関区分": 3, "都道府県コード": 5, "市区町村コード": 202, "所在地": "秋田県能代市豊祥岱１－４３", "緯度": 40.194318, "経度": 140.029811, "url": "https://www.iryou.teikyouseido.mhlw.go.jp/znk-web/juminkanja/S2430/initialize?prefCd=05&kikanCd=3050300160&kikanKbn=3", "url2": null, "内容": "医療法人　中和歯科医院【3:歯科】秋田県能代市豊祥岱１－４３" }, "geometry": { "type": "Point", "coordinates": [ 140.029811, 40.194318 ] } },
{ "type": "Feature", "properties": { "ID": 533050300170, "正式名称": "医療法人　ももデンタルクリニック", "機関区分": 3, "都道府県コード": 5, "市区町村コード": 202, "所在地": "秋田県能代市藤山３４－１", "緯度": 40.187658, "経度": 140.029611, "url": "https://www.iryou.teikyouseido.mhlw.go.jp/znk-web/juminkanja/S2430/initialize?prefCd=05&kikanCd=3050300170&kikanKbn=3", "url2": "http://momodental.com", "内容": "医療法人　ももデンタルクリニック【3:歯科】秋田県能代市藤山３４－１" }, "geometry": { "type": "Point", "coordinates": [ 140.029611, 40.187658 ] } },
{ "type": "Feature", "properties": { "ID": 533050300180, "正式名称": "よつじ歯科医院", "機関区分": 3, "都道府県コード": 5, "市区町村コード": 202, "所在地": "秋田県能代市昇平岱２４－１　能代オフィスビル２Ｆ", "緯度": 40.191055, "経度": 140.021562, "url": "https://www.iryou.teikyouseido.mhlw.go.jp/znk-web/juminkanja/S2430/initialize?prefCd=05&kikanCd=3050300180&kikanKbn=3", "url2": "http://www.shirakami.or.jp/~yotsuji/", "内容": "よつじ歯科医院【3:歯科】秋田県能代市昇平岱２４－１　能代オフィスビル２Ｆ" }, "geometry": { "type": "Point", "coordinates": [ 140.021562, 40.191055 ] } },
{ "type": "Feature", "properties": { "ID": 533050300230, "正式名称": "藤里町営歯科診療所", "機関区分": 3, "都道府県コード": 5, "市区町村コード": 346, "所在地": "秋田県山本郡藤里町藤琴家の後３３－３０", "緯度": 40.2783, "経度": 140.264926, "url": "https://www.iryou.teikyouseido.mhlw.go.jp/znk-web/juminkanja/S2430/initialize?prefCd=05&kikanCd=3050300230&kikanKbn=3", "url2": null, "内容": "藤里町営歯科診療所【3:歯科】秋田県山本郡藤里町藤琴家の後３３－３０" }, "geometry": { "type": "Point", "coordinates": [ 140.264926, 40.2783 ] } },
{ "type": "Feature", "properties": { "ID": 533050300240, "正式名称": "佐藤歯科医院", "機関区分": 3, "都道府県コード": 5, "市区町村コード": 348, "所在地": "秋田県山本郡三種町鹿渡字片カリ橋６２", "緯度": 40.042627, "経度": 140.079786, "url": "https://www.iryou.teikyouseido.mhlw.go.jp/znk-web/juminkanja/S2430/initialize?prefCd=05&kikanCd=3050300240&kikanKbn=3", "url2": null, "内容": "佐藤歯科医院【3:歯科】秋田県山本郡三種町鹿渡字片カリ橋６２" }, "geometry": { "type": "Point", "coordinates": [ 140.079786, 40.042627 ] } },
{ "type": "Feature", "properties": { "ID": 533050300250, "正式名称": "ことおか歯科", "機関区分": 3, "都道府県コード": 5, "市区町村コード": 348, "所在地": "秋田県山本郡三種町鹿渡西小瀬川１７１", "緯度": 40.033461, "経度": 140.079536, "url": "https://www.iryou.teikyouseido.mhlw.go.jp/znk-web/juminkanja/S2430/initialize?prefCd=05&kikanCd=3050300250&kikanKbn=3", "url2": null, "内容": "ことおか歯科【3:歯科】秋田県山本郡三種町鹿渡西小瀬川１７１" }, "geometry": { "type": "Point", "coordinates": [ 140.079536, 40.033461 ] } },
{ "type": "Feature", "properties": { "ID": 533050300260, "正式名称": "医療法人歯優会　嶋田歯科医院", "機関区分": 3, "都道府県コード": 5, "市区町村コード": 348, "所在地": "秋田県山本郡三種町森岳小狭間１５５", "緯度": 40.100371, "経度": 140.07309, "url": "https://www.iryou.teikyouseido.mhlw.go.jp/znk-web/juminkanja/S2430/initialize?prefCd=05&kikanCd=3050300260&kikanKbn=3", "url2": null, "内容": "医療法人歯優会　嶋田歯科医院【3:歯科】秋田県山本郡三種町森岳小狭間１５５" }, "geometry": { "type": "Point", "coordinates": [ 140.07309, 40.100371 ] } },
{ "type": "Feature", "properties": { "ID": 533050300270, "正式名称": "八竜歯科医院", "機関区分": 3, "都道府県コード": 5, "市区町村コード": 348, "所在地": "秋田県山本郡三種町鵜川西家の下４の３", "緯度": 40.102425, "経度": 140.004345, "url": "https://www.iryou.teikyouseido.mhlw.go.jp/znk-web/juminkanja/S2430/initialize?prefCd=05&kikanCd=3050300270&kikanKbn=3", "url2": null, "内容": "八竜歯科医院【3:歯科】秋田県山本郡三種町鵜川西家の下４の３" }, "geometry": { "type": "Point", "coordinates": [ 140.004345, 40.102425 ] } },
{ "type": "Feature", "properties": { "ID": 533050300280, "正式名称": "たむら歯科", "機関区分": 3, "都道府県コード": 5, "市区町村コード": 349, "所在地": "秋田県山本郡八峰町八森中家後４－６", "緯度": 40.333986, "経度": 140.03174, "url": "https://www.iryou.teikyouseido.mhlw.go.jp/znk-web/juminkanja/S2430/initialize?prefCd=05&kikanCd=3050300280&kikanKbn=3", "url2": null, "内容": "たむら歯科【3:歯科】秋田県山本郡八峰町八森中家後４－６" }, "geometry": { "type": "Point", "coordinates": [ 140.03174, 40.333986 ] } },
{ "type": "Feature", "properties": { "ID": 533050300290, "正式名称": "わかオーラルヘルスケアクリニック", "機関区分": 3, "都道府県コード": 5, "市区町村コード": 202, "所在地": "秋田県能代市藤山１１０", "緯度": 40.189777, "経度": 140.030589, "url": "https://www.iryou.teikyouseido.mhlw.go.jp/znk-web/juminkanja/S2430/initialize?prefCd=05&kikanCd=3050300290&kikanKbn=3", "url2": "http://www.waka-oral.com/", "内容": "わかオーラルヘルスケアクリニック【3:歯科】秋田県能代市藤山１１０" }, "geometry": { "type": "Point", "coordinates": [ 140.030589, 40.189777 ] } },
{ "type": "Feature", "properties": { "ID": 533050300300, "正式名称": "八峰町営歯科診療所", "機関区分": 3, "都道府県コード": 5, "市区町村コード": 349, "所在地": "秋田県山本郡八峰町峰浜水沢稲荷堂後１１６番地１", "緯度": 40.298102, "経度": 140.03948, "url": "https://www.iryou.teikyouseido.mhlw.go.jp/znk-web/juminkanja/S2430/initialize?prefCd=05&kikanCd=3050300300&kikanKbn=3", "url2": null, "内容": "八峰町営歯科診療所【3:歯科】秋田県山本郡八峰町峰浜水沢稲荷堂後１１６番地１" }, "geometry": { "type": "Point", "coordinates": [ 140.03948, 40.298102 ] } },
{ "type": "Feature", "properties": { "ID": 533050300310, "正式名称": "まもる歯科クリニック", "機関区分": 3, "都道府県コード": 5, "市区町村コード": 202, "所在地": "秋田県能代市西通町２－４４", "緯度": 40.209219, "経度": 140.023144, "url": "https://www.iryou.teikyouseido.mhlw.go.jp/znk-web/juminkanja/S2430/initialize?prefCd=05&kikanCd=3050300310&kikanKbn=3", "url2": "http://www.mamorushika.info/", "内容": "まもる歯科クリニック【3:歯科】秋田県能代市西通町２－４４" }, "geometry": { "type": "Point", "coordinates": [ 140.023144, 40.209219 ] } },
{ "type": "Feature", "properties": { "ID": 533050300320, "正式名称": "大倉訪問歯科クリニック", "機関区分": 3, "都道府県コード": 5, "市区町村コード": 202, "所在地": "秋田県能代市長崎１９４－５８", "緯度": 40.18786, "経度": 140.02287, "url": "https://www.iryou.teikyouseido.mhlw.go.jp/znk-web/juminkanja/S2430/initialize?prefCd=05&kikanCd=3050300320&kikanKbn=3", "url2": null, "内容": "大倉訪問歯科クリニック【3:歯科】秋田県能代市長崎１９４－５８" }, "geometry": { "type": "Point", "coordinates": [ 140.02287, 40.18786 ] } },
{ "type": "Feature", "properties": { "ID": 533050300330, "正式名称": "むらおか歯科", "機関区分": 3, "都道府県コード": 5, "市区町村コード": 202, "所在地": "秋田県能代市景林町１３－１", "緯度": 40.206114, "経度": 140.020203, "url": "https://www.iryou.teikyouseido.mhlw.go.jp/znk-web/juminkanja/S2430/initialize?prefCd=05&kikanCd=3050300330&kikanKbn=3", "url2": "https://www.muraoka-dent.com", "内容": "むらおか歯科【3:歯科】秋田県能代市景林町１３－１" }, "geometry": { "type": "Point", "coordinates": [ 140.020203, 40.206114 ] } },
{ "type": "Feature", "properties": { "ID": 533050400010, "正式名称": "医療法人　清水歯科医院", "機関区分": 3, "都道府県コード": 5, "市区町村コード": 206, "所在地": "秋田県男鹿市船越本町１－２９", "緯度": 39.904389, "経度": 139.946303, "url": "https://www.iryou.teikyouseido.mhlw.go.jp/znk-web/juminkanja/S2430/initialize?prefCd=05&kikanCd=3050400010&kikanKbn=3", "url2": "http://www.shimizu-dc.net", "内容": "医療法人　清水歯科医院【3:歯科】秋田県男鹿市船越本町１－２９" }, "geometry": { "type": "Point", "coordinates": [ 139.946303, 39.904389 ] } },
{ "type": "Feature", "properties": { "ID": 533050400020, "正式名称": "児玉歯科医院", "機関区分": 3, "都道府県コード": 5, "市区町村コード": 206, "所在地": "秋田県男鹿市船越前野９８－９０", "緯度": 39.906278, "経度": 139.931415, "url": "https://www.iryou.teikyouseido.mhlw.go.jp/znk-web/juminkanja/S2430/initialize?prefCd=05&kikanCd=3050400020&kikanKbn=3", "url2": null, "内容": "児玉歯科医院【3:歯科】秋田県男鹿市船越前野９８－９０" }, "geometry": { "type": "Point", "coordinates": [ 139.931415, 39.906278 ] } },
{ "type": "Feature", "properties": { "ID": 533050400040, "正式名称": "わきもと歯科医院", "機関区分": 3, "都道府県コード": 5, "市区町村コード": 206, "所在地": "秋田県男鹿市脇本脇本石舘３１－１", "緯度": 39.909555, "経度": 139.907667, "url": "https://www.iryou.teikyouseido.mhlw.go.jp/znk-web/juminkanja/S2430/initialize?prefCd=05&kikanCd=3050400040&kikanKbn=3", "url2": null, "内容": "わきもと歯科医院【3:歯科】秋田県男鹿市脇本脇本石舘３１－１" }, "geometry": { "type": "Point", "coordinates": [ 139.907667, 39.909555 ] } },
{ "type": "Feature", "properties": { "ID": 533050400050, "正式名称": "もりやま歯科医院", "機関区分": 3, "都道府県コード": 5, "市区町村コード": 206, "所在地": "秋田県男鹿市脇本富永野田１２の２", "緯度": 39.913138, "経度": 139.906084, "url": "https://www.iryou.teikyouseido.mhlw.go.jp/znk-web/juminkanja/S2430/initialize?prefCd=05&kikanCd=3050400050&kikanKbn=3", "url2": "http://www.moriyama-dent.com/", "内容": "もりやま歯科医院【3:歯科】秋田県男鹿市脇本富永野田１２の２" }, "geometry": { "type": "Point", "coordinates": [ 139.906084, 39.913138 ] } },
{ "type": "Feature", "properties": { "ID": 533050400060, "正式名称": "医療法人わかみ歯科クリニック", "機関区分": 3, "都道府県コード": 5, "市区町村コード": 206, "所在地": "秋田県男鹿市角間崎百目木４８－１", "緯度": 39.959522, "経度": 139.913831, "url": "https://www.iryou.teikyouseido.mhlw.go.jp/znk-web/juminkanja/S2430/initialize?prefCd=05&kikanCd=3050400060&kikanKbn=3", "url2": "http://www.wakami-dental.jp", "内容": "医療法人わかみ歯科クリニック【3:歯科】秋田県男鹿市角間崎百目木４８－１" }, "geometry": { "type": "Point", "coordinates": [ 139.913831, 39.959522 ] } },
{ "type": "Feature", "properties": { "ID": 533050400070, "正式名称": "医療法人豊和会　志田歯科医院", "機関区分": 3, "都道府県コード": 5, "市区町村コード": 206, "所在地": "秋田県男鹿市船川港金川字金川台１番地２", "緯度": 39.897777, "経度": 139.859172, "url": "https://www.iryou.teikyouseido.mhlw.go.jp/znk-web/juminkanja/S2430/initialize?prefCd=05&kikanCd=3050400070&kikanKbn=3", "url2": null, "内容": "医療法人豊和会　志田歯科医院【3:歯科】秋田県男鹿市船川港金川字金川台１番地２" }, "geometry": { "type": "Point", "coordinates": [ 139.859172, 39.897777 ] } },
{ "type": "Feature", "properties": { "ID": 533050400110, "正式名称": "小林歯科医院", "機関区分": 3, "都道府県コード": 5, "市区町村コード": 206, "所在地": "秋田県男鹿市北浦北浦栄町３－１", "緯度": 39.962158, "経度": 139.784592, "url": "https://www.iryou.teikyouseido.mhlw.go.jp/znk-web/juminkanja/S2430/initialize?prefCd=05&kikanCd=3050400110&kikanKbn=3", "url2": null, "内容": "小林歯科医院【3:歯科】秋田県男鹿市北浦北浦栄町３－１" }, "geometry": { "type": "Point", "coordinates": [ 139.784592, 39.962158 ] } },
{ "type": "Feature", "properties": { "ID": 533050400120, "正式名称": "医療法人南秋会　わかばデンタルクリニック", "機関区分": 3, "都道府県コード": 5, "市区町村コード": 211, "所在地": "秋田県潟上市天王字上北野６０－１", "緯度": 39.821086, "経度": 140.038793, "url": "https://www.iryou.teikyouseido.mhlw.go.jp/znk-web/juminkanja/S2430/initialize?prefCd=05&kikanCd=3050400120&kikanKbn=3", "url2": "http://wakaba.nanshu.jp/", "内容": "医療法人南秋会　わかばデンタルクリニック【3:歯科】秋田県潟上市天王字上北野６０－１" }, "geometry": { "type": "Point", "coordinates": [ 140.038793, 39.821086 ] } },
{ "type": "Feature", "properties": { "ID": 533050400130, "正式名称": "医療法人　石井歯科クリニック", "機関区分": 3, "都道府県コード": 5, "市区町村コード": 211, "所在地": "秋田県潟上市天王長沼４０－１４", "緯度": 39.880449, "経度": 139.996717, "url": "https://www.iryou.teikyouseido.mhlw.go.jp/znk-web/juminkanja/S2430/initialize?prefCd=05&kikanCd=3050400130&kikanKbn=3", "url2": "https://ishii-shika.net", "内容": "医療法人　石井歯科クリニック【3:歯科】秋田県潟上市天王長沼４０－１４" }, "geometry": { "type": "Point", "coordinates": [ 139.996717, 39.880449 ] } },
{ "type": "Feature", "properties": { "ID": 533050400160, "正式名称": "でとまち歯科クリニック", "機関区分": 3, "都道府県コード": 5, "市区町村コード": 211, "所在地": "秋田県潟上市天王字北野２２３－２４４", "緯度": 39.880449, "経度": 139.996717, "url": "https://www.iryou.teikyouseido.mhlw.go.jp/znk-web/juminkanja/S2430/initialize?prefCd=05&kikanCd=3050400160&kikanKbn=3", "url2": null, "内容": "でとまち歯科クリニック【3:歯科】秋田県潟上市天王字北野２２３－２４４" }, "geometry": { "type": "Point", "coordinates": [ 139.996717, 39.880449 ] } },
{ "type": "Feature", "properties": { "ID": 533050400170, "正式名称": "よねざわ歯科医院", "機関区分": 3, "都道府県コード": 5, "市区町村コード": 211, "所在地": "秋田県潟上市天王上江川４７－３４２", "緯度": 39.898085, "経度": 139.960441, "url": "https://www.iryou.teikyouseido.mhlw.go.jp/znk-web/juminkanja/S2430/initialize?prefCd=05&kikanCd=3050400170&kikanKbn=3", "url2": null, "内容": "よねざわ歯科医院【3:歯科】秋田県潟上市天王上江川４７－３４２" }, "geometry": { "type": "Point", "coordinates": [ 139.960441, 39.898085 ] } },
{ "type": "Feature", "properties": { "ID": 533050400190, "正式名称": "社会医療法人　正和会　おおくぼ歯科診療所", "機関区分": 3, "都道府県コード": 5, "市区町村コード": 211, "所在地": "秋田県潟上市昭和大久保街道下９６の３", "緯度": 39.869645, "経度": 140.061712, "url": "https://www.iryou.teikyouseido.mhlw.go.jp/znk-web/juminkanja/S2430/initialize?prefCd=05&kikanCd=3050400190&kikanKbn=3", "url2": "https://med.akita-seiwakai.jp/ookubodc/", "内容": "社会医療法人　正和会　おおくぼ歯科診療所【3:歯科】秋田県潟上市昭和大久保街道下９６の３" }, "geometry": { "type": "Point", "coordinates": [ 140.061712, 39.869645 ] } },
{ "type": "Feature", "properties": { "ID": 533050400210, "正式名称": "高橋歯科医院", "機関区分": 3, "都道府県コード": 5, "市区町村コード": 211, "所在地": "秋田県潟上市飯田川下虻川屋敷１２９－３", "緯度": 39.876839, "経度": 140.068794, "url": "https://www.iryou.teikyouseido.mhlw.go.jp/znk-web/juminkanja/S2430/initialize?prefCd=05&kikanCd=3050400210&kikanKbn=3", "url2": null, "内容": "高橋歯科医院【3:歯科】秋田県潟上市飯田川下虻川屋敷１２９－３" }, "geometry": { "type": "Point", "coordinates": [ 140.068794, 39.876839 ] } },
{ "type": "Feature", "properties": { "ID": 533050400220, "正式名称": "田口歯科医院", "機関区分": 3, "都道府県コード": 5, "市区町村コード": 361, "所在地": "秋田県南秋田郡五城目町七倉１１５－１", "緯度": 39.94523, "経度": 140.118694, "url": "https://www.iryou.teikyouseido.mhlw.go.jp/znk-web/juminkanja/S2430/initialize?prefCd=05&kikanCd=3050400220&kikanKbn=3", "url2": null, "内容": "田口歯科医院【3:歯科】秋田県南秋田郡五城目町七倉１１５－１" }, "geometry": { "type": "Point", "coordinates": [ 140.118694, 39.94523 ] } },
{ "type": "Feature", "properties": { "ID": 533050400240, "正式名称": "医療法人　晴功会　わしや歯科医院", "機関区分": 3, "都道府県コード": 5, "市区町村コード": 361, "所在地": "秋田県南秋田郡五城目町西磯ノ目一丁目２－１０", "緯度": 39.942106, "経度": 140.11175, "url": "https://www.iryou.teikyouseido.mhlw.go.jp/znk-web/juminkanja/S2430/initialize?prefCd=05&kikanCd=3050400240&kikanKbn=3", "url2": "http://washiya-dentalclinic.com/", "内容": "医療法人　晴功会　わしや歯科医院【3:歯科】秋田県南秋田郡五城目町西磯ノ目一丁目２－１０" }, "geometry": { "type": "Point", "coordinates": [ 140.11175, 39.942106 ] } },
{ "type": "Feature", "properties": { "ID": 533050400250, "正式名称": "医療法人哲風会　ちづ歯科クリニック", "機関区分": 3, "都道府県コード": 5, "市区町村コード": 363, "所在地": "秋田県南秋田郡八郎潟町川崎昼寝２３３－１", "緯度": 39.943221, "経度": 140.083512, "url": "https://www.iryou.teikyouseido.mhlw.go.jp/znk-web/juminkanja/S2430/initialize?prefCd=05&kikanCd=3050400250&kikanKbn=3", "url2": null, "内容": "医療法人哲風会　ちづ歯科クリニック【3:歯科】秋田県南秋田郡八郎潟町川崎昼寝２３３－１" }, "geometry": { "type": "Point", "coordinates": [ 140.083512, 39.943221 ] } },
{ "type": "Feature", "properties": { "ID": 533050400290, "正式名称": "橋本歯科医院", "機関区分": 3, "都道府県コード": 5, "市区町村コード": 366, "所在地": "秋田県南秋田郡井川町浜井川土樋１６５－１", "緯度": 39.906808, "経度": 140.077459, "url": "https://www.iryou.teikyouseido.mhlw.go.jp/znk-web/juminkanja/S2430/initialize?prefCd=05&kikanCd=3050400290&kikanKbn=3", "url2": "http://hashy2808byoinnavi.jp", "内容": "橋本歯科医院【3:歯科】秋田県南秋田郡井川町浜井川土樋１６５－１" }, "geometry": { "type": "Point", "coordinates": [ 140.077459, 39.906808 ] } },
{ "type": "Feature", "properties": { "ID": 533050400310, "正式名称": "医療法人守徳会　かわた歯科医院", "機関区分": 3, "都道府県コード": 5, "市区町村コード": 368, "所在地": "秋田県南秋田郡大潟村中央１－３４", "緯度": 40.019405, "経度": 139.959353, "url": "https://www.iryou.teikyouseido.mhlw.go.jp/znk-web/juminkanja/S2430/initialize?prefCd=05&kikanCd=3050400310&kikanKbn=3", "url2": null, "内容": "医療法人守徳会　かわた歯科医院【3:歯科】秋田県南秋田郡大潟村中央１－３４" }, "geometry": { "type": "Point", "coordinates": [ 139.959353, 40.019405 ] } },
{ "type": "Feature", "properties": { "ID": 533050400330, "正式名称": "まきた歯科医院", "機関区分": 3, "都道府県コード": 5, "市区町村コード": 206, "所在地": "秋田県男鹿市船越字内子２２４－７３", "緯度": 39.90225, "経度": 139.939193, "url": "https://www.iryou.teikyouseido.mhlw.go.jp/znk-web/juminkanja/S2430/initialize?prefCd=05&kikanCd=3050400330&kikanKbn=3", "url2": null, "内容": "まきた歯科医院【3:歯科】秋田県男鹿市船越字内子２２４－７３" }, "geometry": { "type": "Point", "coordinates": [ 139.939193, 39.90225 ] } },
{ "type": "Feature", "properties": { "ID": 533050500010, "正式名称": "医療法人信康会　キャッスル歯科", "機関区分": 3, "都道府県コード": 5, "市区町村コード": 201, "所在地": "秋田県秋田市中通１－３－５　秋田キャッスルホテル２Ｆ", "緯度": 39.717801, "経度": 140.120436, "url": "https://www.iryou.teikyouseido.mhlw.go.jp/znk-web/juminkanja/S2430/initialize?prefCd=05&kikanCd=3050500010&kikanKbn=3", "url2": "https://castlesika.jimdo.com/", "内容": "医療法人信康会　キャッスル歯科【3:歯科】秋田県秋田市中通１－３－５　秋田キャッスルホテル２Ｆ" }, "geometry": { "type": "Point", "coordinates": [ 140.120436, 39.717801 ] } },
{ "type": "Feature", "properties": { "ID": 533050500020, "正式名称": "医療法人信康会　ホワイトエッセンス　秋田店", "機関区分": 3, "都道府県コード": 5, "市区町村コード": 201, "所在地": "秋田県秋田市中通一丁目３－５　秋田キャッスルホテル２Ｆ", "緯度": 39.717801, "経度": 140.120436, "url": "https://www.iryou.teikyouseido.mhlw.go.jp/znk-web/juminkanja/S2430/initialize?prefCd=05&kikanCd=3050500020&kikanKbn=3", "url2": "http://www.whiteessence.com", "内容": "医療法人信康会　ホワイトエッセンス　秋田店【3:歯科】秋田県秋田市中通一丁目３－５　秋田キャッスルホテル２Ｆ" }, "geometry": { "type": "Point", "coordinates": [ 140.120436, 39.717801 ] } },
{ "type": "Feature", "properties": { "ID": 533050500030, "正式名称": "医療法人ＡＢＥ　安倍歯科医院", "機関区分": 3, "都道府県コード": 5, "市区町村コード": 201, "所在地": "秋田県秋田市中通三丁目３番２８号", "緯度": 39.715002, "経度": 140.1202, "url": "https://www.iryou.teikyouseido.mhlw.go.jp/znk-web/juminkanja/S2430/initialize?prefCd=05&kikanCd=3050500030&kikanKbn=3", "url2": "http://www.abedent.net/", "内容": "医療法人ＡＢＥ　安倍歯科医院【3:歯科】秋田県秋田市中通三丁目３番２８号" }, "geometry": { "type": "Point", "coordinates": [ 140.1202, 39.715002 ] } },
{ "type": "Feature", "properties": { "ID": 533050500050, "正式名称": "日興歯科医院", "機関区分": 3, "都道府県コード": 5, "市区町村コード": 201, "所在地": "秋田県秋田市中通６丁目１３－２５", "緯度": 39.712302, "経度": 140.125269, "url": "https://www.iryou.teikyouseido.mhlw.go.jp/znk-web/juminkanja/S2430/initialize?prefCd=05&kikanCd=3050500050&kikanKbn=3", "url2": null, "内容": "日興歯科医院【3:歯科】秋田県秋田市中通６丁目１３－２５" }, "geometry": { "type": "Point", "coordinates": [ 140.125269, 39.712302 ] } },
{ "type": "Feature", "properties": { "ID": 533050500060, "正式名称": "大淵歯科医院", "機関区分": 3, "都道府県コード": 5, "市区町村コード": 201, "所在地": "秋田県秋田市中通４丁目７－３５", "緯度": 39.715191, "経度": 140.125381, "url": "https://www.iryou.teikyouseido.mhlw.go.jp/znk-web/juminkanja/S2430/initialize?prefCd=05&kikanCd=3050500060&kikanKbn=3", "url2": "https://ohbuchi-dental.jp", "内容": "大淵歯科医院【3:歯科】秋田県秋田市中通４丁目７－３５" }, "geometry": { "type": "Point", "coordinates": [ 140.125381, 39.715191 ] } },
{ "type": "Feature", "properties": { "ID": 533050500070, "正式名称": "医療法人千成会　遠藤歯科クリニック", "機関区分": 3, "都道府県コード": 5, "市区町村コード": 201, "所在地": "秋田県秋田市中通二丁目８番１号　フォンテＡＫＩＴＡ　４Ｆ", "緯度": 39.716358, "経度": 140.127631, "url": "https://www.iryou.teikyouseido.mhlw.go.jp/znk-web/juminkanja/S2430/initialize?prefCd=05&kikanCd=3050500070&kikanKbn=3", "url2": "http://www.endo-dent.jp", "内容": "医療法人千成会　遠藤歯科クリニック【3:歯科】秋田県秋田市中通二丁目８番１号　フォンテＡＫＩＴＡ　４Ｆ" }, "geometry": { "type": "Point", "coordinates": [ 140.127631, 39.716358 ] } },
{ "type": "Feature", "properties": { "ID": 533050500080, "正式名称": "社会医療法人　明和会　中通歯科診療所", "機関区分": 3, "都道府県コード": 5, "市区町村コード": 201, "所在地": "秋田県秋田市中通六丁目１－５８", "緯度": 39.713496, "経度": 140.122158, "url": "https://www.iryou.teikyouseido.mhlw.go.jp/znk-web/juminkanja/S2430/initialize?prefCd=05&kikanCd=3050500080&kikanKbn=3", "url2": "http://www.meiwakai.or.jp/", "内容": "社会医療法人　明和会　中通歯科診療所【3:歯科】秋田県秋田市中通六丁目１－５８" }, "geometry": { "type": "Point", "coordinates": [ 140.122158, 39.713496 ] } },
{ "type": "Feature", "properties": { "ID": 533050500090, "正式名称": "医療法人　山内歯科・矯正歯科", "機関区分": 3, "都道府県コード": 5, "市区町村コード": 201, "所在地": "秋田県秋田市中通３丁目１－７", "緯度": 39.716301, "経度": 140.118715, "url": "https://www.iryou.teikyouseido.mhlw.go.jp/znk-web/juminkanja/S2430/initialize?prefCd=05&kikanCd=3050500090&kikanKbn=3", "url2": "http://www.yama-ortho.info/", "内容": "医療法人　山内歯科・矯正歯科【3:歯科】秋田県秋田市中通３丁目１－７" }, "geometry": { "type": "Point", "coordinates": [ 140.118715, 39.716301 ] } },
{ "type": "Feature", "properties": { "ID": 533050500100, "正式名称": "アルヴェたかのはし歯科", "機関区分": 3, "都道府県コード": 5, "市区町村コード": 201, "所在地": "秋田県秋田市東通仲町４－１　秋田拠点センターアルヴェ４Ｆ４－６", "緯度": 39.71583, "経度": 140.131463, "url": "https://www.iryou.teikyouseido.mhlw.go.jp/znk-web/juminkanja/S2430/initialize?prefCd=05&kikanCd=3050500100&kikanKbn=3", "url2": "http://takanohashi.com", "内容": "アルヴェたかのはし歯科【3:歯科】秋田県秋田市東通仲町４－１　秋田拠点センターアルヴェ４Ｆ４－６" }, "geometry": { "type": "Point", "coordinates": [ 140.131463, 39.71583 ] } },
{ "type": "Feature", "properties": { "ID": 533050500110, "正式名称": "明田歯科医院", "機関区分": 3, "都道府県コード": 5, "市区町村コード": 201, "所在地": "秋田県秋田市東通仲町２－１１", "緯度": 39.715941, "経度": 140.133435, "url": "https://www.iryou.teikyouseido.mhlw.go.jp/znk-web/juminkanja/S2430/initialize?prefCd=05&kikanCd=3050500110&kikanKbn=3", "url2": null, "内容": "明田歯科医院【3:歯科】秋田県秋田市東通仲町２－１１" }, "geometry": { "type": "Point", "coordinates": [ 140.133435, 39.715941 ] } },
{ "type": "Feature", "properties": { "ID": 533050500120, "正式名称": "医療法人社団　宝樹会　城東歯科クリニック", "機関区分": 3, "都道府県コード": 5, "市区町村コード": 201, "所在地": "秋田県秋田市東通５－８－３３", "緯度": 39.71268, "経度": 140.139016, "url": "https://www.iryou.teikyouseido.mhlw.go.jp/znk-web/juminkanja/S2430/initialize?prefCd=05&kikanCd=3050500120&kikanKbn=3", "url2": "http://www.joto-dental.com", "内容": "医療法人社団　宝樹会　城東歯科クリニック【3:歯科】秋田県秋田市東通５－８－３３" }, "geometry": { "type": "Point", "coordinates": [ 140.139016, 39.71268 ] } },
{ "type": "Feature", "properties": { "ID": 533050500130, "正式名称": "安井歯科クリニック", "機関区分": 3, "都道府県コード": 5, "市区町村コード": 201, "所在地": "秋田県秋田市東通２－１０－４５", "緯度": 39.714647, "経度": 140.13808, "url": "https://www.iryou.teikyouseido.mhlw.go.jp/znk-web/juminkanja/S2430/initialize?prefCd=05&kikanCd=3050500130&kikanKbn=3", "url2": null, "内容": "安井歯科クリニック【3:歯科】秋田県秋田市東通２－１０－４５" }, "geometry": { "type": "Point", "coordinates": [ 140.13808, 39.714647 ] } },
{ "type": "Feature", "properties": { "ID": 533050500140, "正式名称": "ひがしとおり歯科医院", "機関区分": 3, "都道府県コード": 5, "市区町村コード": 201, "所在地": "秋田県秋田市東通３－１０－１５", "緯度": 39.715191, "経度": 140.142935, "url": "https://www.iryou.teikyouseido.mhlw.go.jp/znk-web/juminkanja/S2430/initialize?prefCd=05&kikanCd=3050500140&kikanKbn=3", "url2": "https://www.hahappy.com", "内容": "ひがしとおり歯科医院【3:歯科】秋田県秋田市東通３－１０－１５" }, "geometry": { "type": "Point", "coordinates": [ 140.142935, 39.715191 ] } },
{ "type": "Feature", "properties": { "ID": 533050500150, "正式名称": "医療法人Ｓａｃｒｅｄ　Ａｒｔｓ　あんどう矯正歯科クリニック", "機関区分": 3, "都道府県コード": 5, "市区町村コード": 201, "所在地": "秋田県秋田市東通４丁目４－１８", "緯度": 39.713807, "経度": 140.14305, "url": "https://www.iryou.teikyouseido.mhlw.go.jp/znk-web/juminkanja/S2430/initialize?prefCd=05&kikanCd=3050500150&kikanKbn=3", "url2": "http://ando-dc.or.jp/", "内容": "医療法人Ｓａｃｒｅｄ　Ａｒｔｓ　あんどう矯正歯科クリニック【3:歯科】秋田県秋田市東通４丁目４－１８" }, "geometry": { "type": "Point", "coordinates": [ 140.14305, 39.713807 ] } },
{ "type": "Feature", "properties": { "ID": 533050500160, "正式名称": "東京歯科クリニック", "機関区分": 3, "都道府県コード": 5, "市区町村コード": 201, "所在地": "秋田県秋田市東通１丁目１２の６", "緯度": 39.716663, "経度": 140.135546, "url": "https://www.iryou.teikyouseido.mhlw.go.jp/znk-web/juminkanja/S2430/initialize?prefCd=05&kikanCd=3050500160&kikanKbn=3", "url2": "http://ookubo-michiko.com", "内容": "東京歯科クリニック【3:歯科】秋田県秋田市東通１丁目１２の６" }, "geometry": { "type": "Point", "coordinates": [ 140.135546, 39.716663 ] } },
{ "type": "Feature", "properties": { "ID": 533050500170, "正式名称": "石田歯科医院", "機関区分": 3, "都道府県コード": 5, "市区町村コード": 201, "所在地": "秋田県秋田市南通亀の町５－７", "緯度": 39.712246, "経度": 140.117632, "url": "https://www.iryou.teikyouseido.mhlw.go.jp/znk-web/juminkanja/S2430/initialize?prefCd=05&kikanCd=3050500170&kikanKbn=3", "url2": "ishidashika-akita.com", "内容": "石田歯科医院【3:歯科】秋田県秋田市南通亀の町５－７" }, "geometry": { "type": "Point", "coordinates": [ 140.117632, 39.712246 ] } },
{ "type": "Feature", "properties": { "ID": 533050500200, "正式名称": "南浦歯科クリニック", "機関区分": 3, "都道府県コード": 5, "市区町村コード": 201, "所在地": "秋田県秋田市南通宮田１－３", "緯度": 39.711969, "経度": 140.128464, "url": "https://www.iryou.teikyouseido.mhlw.go.jp/znk-web/juminkanja/S2430/initialize?prefCd=05&kikanCd=3050500200&kikanKbn=3", "url2": "http://www.minamiura-dc.jp", "内容": "南浦歯科クリニック【3:歯科】秋田県秋田市南通宮田１－３" }, "geometry": { "type": "Point", "coordinates": [ 140.128464, 39.711969 ] } },
{ "type": "Feature", "properties": { "ID": 533050500210, "正式名称": "大村矯正歯科", "機関区分": 3, "都道府県コード": 5, "市区町村コード": 201, "所在地": "秋田県秋田市楢山登町２－３３", "緯度": 39.708736, "経度": 140.115911, "url": "https://www.iryou.teikyouseido.mhlw.go.jp/znk-web/juminkanja/S2430/initialize?prefCd=05&kikanCd=3050500210&kikanKbn=3", "url2": "http://www.oomura-ortho.com", "内容": "大村矯正歯科【3:歯科】秋田県秋田市楢山登町２－３３" }, "geometry": { "type": "Point", "coordinates": [ 140.115911, 39.708736 ] } },
{ "type": "Feature", "properties": { "ID": 533050500220, "正式名称": "河原田歯科医院", "機関区分": 3, "都道府県コード": 5, "市区町村コード": 201, "所在地": "秋田県秋田市楢山南中町２番５号", "緯度": 39.708368, "経度": 140.119265, "url": "https://www.iryou.teikyouseido.mhlw.go.jp/znk-web/juminkanja/S2430/initialize?prefCd=05&kikanCd=3050500220&kikanKbn=3", "url2": null, "内容": "河原田歯科医院【3:歯科】秋田県秋田市楢山南中町２番５号" }, "geometry": { "type": "Point", "coordinates": [ 140.119265, 39.708368 ] } },
{ "type": "Feature", "properties": { "ID": 533050500230, "正式名称": "立花歯科医院", "機関区分": 3, "都道府県コード": 5, "市区町村コード": 201, "所在地": "秋田県秋田市楢山南中町９－２２", "緯度": 39.704359, "経度": 140.116326, "url": "https://www.iryou.teikyouseido.mhlw.go.jp/znk-web/juminkanja/S2430/initialize?prefCd=05&kikanCd=3050500230&kikanKbn=3", "url2": null, "内容": "立花歯科医院【3:歯科】秋田県秋田市楢山南中町９－２２" }, "geometry": { "type": "Point", "coordinates": [ 140.116326, 39.704359 ] } },
{ "type": "Feature", "properties": { "ID": 533050500240, "正式名称": "神田歯科医院", "機関区分": 3, "都道府県コード": 5, "市区町村コード": 201, "所在地": "秋田県秋田市楢山本町３－１４", "緯度": 39.707163, "経度": 140.12202, "url": "https://www.iryou.teikyouseido.mhlw.go.jp/znk-web/juminkanja/S2430/initialize?prefCd=05&kikanCd=3050500240&kikanKbn=3", "url2": null, "内容": "神田歯科医院【3:歯科】秋田県秋田市楢山本町３－１４" }, "geometry": { "type": "Point", "coordinates": [ 140.12202, 39.707163 ] } },
{ "type": "Feature", "properties": { "ID": 533050500250, "正式名称": "佐藤歯科医院", "機関区分": 3, "都道府県コード": 5, "市区町村コード": 201, "所在地": "秋田県秋田市楢山共和町２－３", "緯度": 39.704303, "経度": 140.115243, "url": "https://www.iryou.teikyouseido.mhlw.go.jp/znk-web/juminkanja/S2430/initialize?prefCd=05&kikanCd=3050500250&kikanKbn=3", "url2": null, "内容": "佐藤歯科医院【3:歯科】秋田県秋田市楢山共和町２－３" }, "geometry": { "type": "Point", "coordinates": [ 140.115243, 39.704303 ] } },
{ "type": "Feature", "properties": { "ID": 533050500270, "正式名称": "柏木歯科", "機関区分": 3, "都道府県コード": 5, "市区町村コード": 201, "所在地": "秋田県秋田市広面土手下４１－１", "緯度": 39.725273, "経度": 140.14599, "url": "https://www.iryou.teikyouseido.mhlw.go.jp/znk-web/juminkanja/S2430/initialize?prefCd=05&kikanCd=3050500270&kikanKbn=3", "url2": "http://www.kashiwagi-dental.com", "内容": "柏木歯科【3:歯科】秋田県秋田市広面土手下４１－１" }, "geometry": { "type": "Point", "coordinates": [ 140.14599, 39.725273 ] } },
{ "type": "Feature", "properties": { "ID": 533050500280, "正式名称": "医療法人ケーディーシィー　カネウチ歯科医院", "機関区分": 3, "都道府県コード": 5, "市区町村コード": 201, "所在地": "秋田県秋田市広面谷地沖４－３", "緯度": 39.723357, "経度": 140.148323, "url": "https://www.iryou.teikyouseido.mhlw.go.jp/znk-web/juminkanja/S2430/initialize?prefCd=05&kikanCd=3050500280&kikanKbn=3", "url2": null, "内容": "医療法人ケーディーシィー　カネウチ歯科医院【3:歯科】秋田県秋田市広面谷地沖４－３" }, "geometry": { "type": "Point", "coordinates": [ 140.148323, 39.723357 ] } },
{ "type": "Feature", "properties": { "ID": 533050500300, "正式名称": "わかさ歯科クリニック", "機関区分": 3, "都道府県コード": 5, "市区町村コード": 201, "所在地": "秋田県秋田市広面谷地田８３－３", "緯度": 39.718941, "経度": 140.145184, "url": "https://www.iryou.teikyouseido.mhlw.go.jp/znk-web/juminkanja/S2430/initialize?prefCd=05&kikanCd=3050500300&kikanKbn=3", "url2": null, "内容": "わかさ歯科クリニック【3:歯科】秋田県秋田市広面谷地田８３－３" }, "geometry": { "type": "Point", "coordinates": [ 140.145184, 39.718941 ] } },
{ "type": "Feature", "properties": { "ID": 533050500320, "正式名称": "はぁと歯科クリニック", "機関区分": 3, "都道府県コード": 5, "市区町村コード": 201, "所在地": "秋田県秋田市広面字樋口１０１－１１", "緯度": 39.720635, "経度": 140.150601, "url": "https://www.iryou.teikyouseido.mhlw.go.jp/znk-web/juminkanja/S2430/initialize?prefCd=05&kikanCd=3050500320&kikanKbn=3", "url2": "http://www.haato-dentalclinic.com/", "内容": "はぁと歯科クリニック【3:歯科】秋田県秋田市広面字樋口１０１－１１" }, "geometry": { "type": "Point", "coordinates": [ 140.150601, 39.720635 ] } },
{ "type": "Feature", "properties": { "ID": 533050500330, "正式名称": "スウェーデン歯科クリニック", "機関区分": 3, "都道府県コード": 5, "市区町村コード": 201, "所在地": "秋田県秋田市広面字近藤堰越３３－１", "緯度": 39.727937, "経度": 140.146242, "url": "https://www.iryou.teikyouseido.mhlw.go.jp/znk-web/juminkanja/S2430/initialize?prefCd=05&kikanCd=3050500330&kikanKbn=3", "url2": "http://www.satou-shika.net/", "内容": "スウェーデン歯科クリニック【3:歯科】秋田県秋田市広面字近藤堰越３３－１" }, "geometry": { "type": "Point", "coordinates": [ 140.146242, 39.727937 ] } },
{ "type": "Feature", "properties": { "ID": 533050500340, "正式名称": "いしかわ歯科・矯正歯科", "機関区分": 3, "都道府県コード": 5, "市区町村コード": 201, "所在地": "秋田県秋田市広面野添１８１", "緯度": 39.710746, "経度": 140.134518, "url": "https://www.iryou.teikyouseido.mhlw.go.jp/znk-web/juminkanja/S2430/initialize?prefCd=05&kikanCd=3050500340&kikanKbn=3", "url2": "https://www.ishikawa-shika-kyoseishika.com", "内容": "いしかわ歯科・矯正歯科【3:歯科】秋田県秋田市広面野添１８１" }, "geometry": { "type": "Point", "coordinates": [ 140.134518, 39.710746 ] } },
{ "type": "Feature", "properties": { "ID": 533050500360, "正式名称": "ささき歯科クリニック", "機関区分": 3, "都道府県コード": 5, "市区町村コード": 201, "所在地": "秋田県秋田市広面大袋３８－１", "緯度": 39.711135, "経度": 140.141518, "url": "https://www.iryou.teikyouseido.mhlw.go.jp/znk-web/juminkanja/S2430/initialize?prefCd=05&kikanCd=3050500360&kikanKbn=3", "url2": "https://sasaki-dental-akita.com/", "内容": "ささき歯科クリニック【3:歯科】秋田県秋田市広面大袋３８－１" }, "geometry": { "type": "Point", "coordinates": [ 140.141518, 39.711135 ] } },
{ "type": "Feature", "properties": { "ID": 533050500390, "正式名称": "桜歯科クリニック", "機関区分": 3, "都道府県コード": 5, "市区町村コード": 201, "所在地": "秋田県秋田市横森５丁目２０－２５", "緯度": 39.708247, "経度": 140.144991, "url": "https://www.iryou.teikyouseido.mhlw.go.jp/znk-web/juminkanja/S2430/initialize?prefCd=05&kikanCd=3050500390&kikanKbn=3", "url2": null, "内容": "桜歯科クリニック【3:歯科】秋田県秋田市横森５丁目２０－２５" }, "geometry": { "type": "Point", "coordinates": [ 140.144991, 39.708247 ] } },
{ "type": "Feature", "properties": { "ID": 533050500400, "正式名称": "下北手かねた歯科クリニック", "機関区分": 3, "都道府県コード": 5, "市区町村コード": 201, "所在地": "秋田県秋田市下北手松崎家の前１８２－３", "緯度": 39.725662, "経度": 140.157016, "url": "https://www.iryou.teikyouseido.mhlw.go.jp/znk-web/juminkanja/S2430/initialize?prefCd=05&kikanCd=3050500400&kikanKbn=3", "url2": "http://www.kaneta-dc.com/", "内容": "下北手かねた歯科クリニック【3:歯科】秋田県秋田市下北手松崎家の前１８２－３" }, "geometry": { "type": "Point", "coordinates": [ 140.157016, 39.725662 ] } },
{ "type": "Feature", "properties": { "ID": 533050500410, "正式名称": "ハピネス歯科クリニック", "機関区分": 3, "都道府県コード": 5, "市区町村コード": 201, "所在地": "秋田県秋田市牛島東７丁目１０－１", "緯度": 39.696332, "経度": 140.129215, "url": "https://www.iryou.teikyouseido.mhlw.go.jp/znk-web/juminkanja/S2430/initialize?prefCd=05&kikanCd=3050500410&kikanKbn=3", "url2": "http://www.happiness12.com", "内容": "ハピネス歯科クリニック【3:歯科】秋田県秋田市牛島東７丁目１０－１" }, "geometry": { "type": "Point", "coordinates": [ 140.129215, 39.696332 ] } },
{ "type": "Feature", "properties": { "ID": 533050500440, "正式名称": "せき歯科クリニック", "機関区分": 3, "都道府県コード": 5, "市区町村コード": 201, "所在地": "秋田県秋田市牛島西３丁目６－１６", "緯度": 39.692332, "経度": 140.108994, "url": "https://www.iryou.teikyouseido.mhlw.go.jp/znk-web/juminkanja/S2430/initialize?prefCd=05&kikanCd=3050500440&kikanKbn=3", "url2": null, "内容": "せき歯科クリニック【3:歯科】秋田県秋田市牛島西３丁目６－１６" }, "geometry": { "type": "Point", "coordinates": [ 140.108994, 39.692332 ] } },
{ "type": "Feature", "properties": { "ID": 533050500450, "正式名称": "大住鈴木歯科医院", "機関区分": 3, "都道府県コード": 5, "市区町村コード": 201, "所在地": "秋田県秋田市牛島西３丁目２－３２", "緯度": 39.691304, "経度": 140.113438, "url": "https://www.iryou.teikyouseido.mhlw.go.jp/znk-web/juminkanja/S2430/initialize?prefCd=05&kikanCd=3050500450&kikanKbn=3", "url2": null, "内容": "大住鈴木歯科医院【3:歯科】秋田県秋田市牛島西３丁目２－３２" }, "geometry": { "type": "Point", "coordinates": [ 140.113438, 39.691304 ] } },
{ "type": "Feature", "properties": { "ID": 533050500460, "正式名称": "医療法人　晃千会　バラジマ歯科クリニック", "機関区分": 3, "都道府県コード": 5, "市区町村コード": 201, "所在地": "秋田県秋田市茨島六丁目１０－１３", "緯度": 39.694636, "経度": 140.096495, "url": "https://www.iryou.teikyouseido.mhlw.go.jp/znk-web/juminkanja/S2430/initialize?prefCd=05&kikanCd=3050500460&kikanKbn=3", "url2": "http://barajima-dental.com/", "内容": "医療法人　晃千会　バラジマ歯科クリニック【3:歯科】秋田県秋田市茨島六丁目１０－１３" }, "geometry": { "type": "Point", "coordinates": [ 140.096495, 39.694636 ] } },
{ "type": "Feature", "properties": { "ID": 533050500470, "正式名称": "江畑歯科医院", "機関区分": 3, "都道府県コード": 5, "市区町村コード": 201, "所在地": "秋田県秋田市茨島４丁目６－４４", "緯度": 39.695192, "経度": 140.104689, "url": "https://www.iryou.teikyouseido.mhlw.go.jp/znk-web/juminkanja/S2430/initialize?prefCd=05&kikanCd=3050500470&kikanKbn=3", "url2": null, "内容": "江畑歯科医院【3:歯科】秋田県秋田市茨島４丁目６－４４" }, "geometry": { "type": "Point", "coordinates": [ 140.104689, 39.695192 ] } },
{ "type": "Feature", "properties": { "ID": 533050500480, "正式名称": "医療法人　興仁会", "機関区分": 3, "都道府県コード": 5, "市区町村コード": 201, "所在地": "秋田県秋田市茨島２－３－２", "緯度": 39.702775, "経度": 140.104994, "url": "https://www.iryou.teikyouseido.mhlw.go.jp/znk-web/juminkanja/S2430/initialize?prefCd=05&kikanCd=3050500480&kikanKbn=3", "url2": "http://www.aibadental.com/", "内容": "医療法人　興仁会【3:歯科】秋田県秋田市茨島２－３－２" }, "geometry": { "type": "Point", "coordinates": [ 140.104994, 39.702775 ] } },
{ "type": "Feature", "properties": { "ID": 533050500490, "正式名称": "追分歯科医院", "機関区分": 3, "都道府県コード": 5, "市区町村コード": 201, "所在地": "秋田県秋田市金足小泉潟向３－２", "緯度": 39.815346, "経度": 140.061132, "url": "https://www.iryou.teikyouseido.mhlw.go.jp/znk-web/juminkanja/S2430/initialize?prefCd=05&kikanCd=3050500490&kikanKbn=3", "url2": "www.oiwakedc.com", "内容": "追分歯科医院【3:歯科】秋田県秋田市金足小泉潟向３－２" }, "geometry": { "type": "Point", "coordinates": [ 140.061132, 39.815346 ] } },
{ "type": "Feature", "properties": { "ID": 533050500500, "正式名称": "医療法人恒心会　追分佐藤歯科医院", "機関区分": 3, "都道府県コード": 5, "市区町村コード": 201, "所在地": "秋田県秋田市金足追分海老穴２６２番地３", "緯度": 39.809707, "経度": 140.055937, "url": "https://www.iryou.teikyouseido.mhlw.go.jp/znk-web/juminkanja/S2430/initialize?prefCd=05&kikanCd=3050500500&kikanKbn=3", "url2": "www.a-satodent.com", "内容": "医療法人恒心会　追分佐藤歯科医院【3:歯科】秋田県秋田市金足追分海老穴２６２番地３" }, "geometry": { "type": "Point", "coordinates": [ 140.055937, 39.809707 ] } },
{ "type": "Feature", "properties": { "ID": 533050500520, "正式名称": "北インター歯科クリニック", "機関区分": 3, "都道府県コード": 5, "市区町村コード": 201, "所在地": "秋田県秋田市外旭川小谷地４－１", "緯度": 39.751603, "経度": 140.097104, "url": "https://www.iryou.teikyouseido.mhlw.go.jp/znk-web/juminkanja/S2430/initialize?prefCd=05&kikanCd=3050500520&kikanKbn=3", "url2": "http://kitaintershika.com/", "内容": "北インター歯科クリニック【3:歯科】秋田県秋田市外旭川小谷地４－１" }, "geometry": { "type": "Point", "coordinates": [ 140.097104, 39.751603 ] } },
{ "type": "Feature", "properties": { "ID": 533050500530, "正式名称": "はまなす歯科クリニック", "機関区分": 3, "都道府県コード": 5, "市区町村コード": 201, "所在地": "秋田県秋田市外旭川前谷地４１－１", "緯度": 39.756346, "経度": 140.092803, "url": "https://www.iryou.teikyouseido.mhlw.go.jp/znk-web/juminkanja/S2430/initialize?prefCd=05&kikanCd=3050500530&kikanKbn=3", "url2": null, "内容": "はまなす歯科クリニック【3:歯科】秋田県秋田市外旭川前谷地４１－１" }, "geometry": { "type": "Point", "coordinates": [ 140.092803, 39.756346 ] } },
{ "type": "Feature", "properties": { "ID": 533050500540, "正式名称": "医療法人孝豊会　とおる歯科医院", "機関区分": 3, "都道府県コード": 5, "市区町村コード": 201, "所在地": "秋田県秋田市外旭川字八幡田２１０", "緯度": 39.742105, "経度": 140.110992, "url": "https://www.iryou.teikyouseido.mhlw.go.jp/znk-web/juminkanja/S2430/initialize?prefCd=05&kikanCd=3050500540&kikanKbn=3", "url2": "http://www.8469.net", "内容": "医療法人孝豊会　とおる歯科医院【3:歯科】秋田県秋田市外旭川字八幡田２１０" }, "geometry": { "type": "Point", "coordinates": [ 140.110992, 39.742105 ] } },
{ "type": "Feature", "properties": { "ID": 533050500550, "正式名称": "たんぽぽ歯科クリニック", "機関区分": 3, "都道府県コード": 5, "市区町村コード": 201, "所在地": "秋田県秋田市外旭川八幡田（丁目）１丁目１１－３７", "緯度": 39.745576, "経度": 140.106214, "url": "https://www.iryou.teikyouseido.mhlw.go.jp/znk-web/juminkanja/S2430/initialize?prefCd=05&kikanCd=3050500550&kikanKbn=3", "url2": "https://www.tanpopo-dent.net", "内容": "たんぽぽ歯科クリニック【3:歯科】秋田県秋田市外旭川八幡田（丁目）１丁目１１－３７" }, "geometry": { "type": "Point", "coordinates": [ 140.106214, 39.745576 ] } },
{ "type": "Feature", "properties": { "ID": 533050500560, "正式名称": "石成歯科医院", "機関区分": 3, "都道府県コード": 5, "市区町村コード": 201, "所在地": "秋田県秋田市泉三嶽根２－２７", "緯度": 39.736014, "経度": 140.12401, "url": "https://www.iryou.teikyouseido.mhlw.go.jp/znk-web/juminkanja/S2430/initialize?prefCd=05&kikanCd=3050500560&kikanKbn=3", "url2": null, "内容": "石成歯科医院【3:歯科】秋田県秋田市泉三嶽根２－２７" }, "geometry": { "type": "Point", "coordinates": [ 140.12401, 39.736014 ] } },
{ "type": "Feature", "properties": { "ID": 533050500580, "正式名称": "添川あおば歯科", "機関区分": 3, "都道府県コード": 5, "市区町村コード": 201, "所在地": "秋田県秋田市添川地ノ内１７５－５", "緯度": 39.74491, "経度": 140.131267, "url": "https://www.iryou.teikyouseido.mhlw.go.jp/znk-web/juminkanja/S2430/initialize?prefCd=05&kikanCd=3050500580&kikanKbn=3", "url2": "http://www.s-aoba.jp/", "内容": "添川あおば歯科【3:歯科】秋田県秋田市添川地ノ内１７５－５" }, "geometry": { "type": "Point", "coordinates": [ 140.131267, 39.74491 ] } },
{ "type": "Feature", "properties": { "ID": 533050500590, "正式名称": "あさひかわ歯科医院", "機関区分": 3, "都道府県コード": 5, "市区町村コード": 201, "所在地": "秋田県秋田市旭川南町１２－２３", "緯度": 39.737577, "経度": 140.129602, "url": "https://www.iryou.teikyouseido.mhlw.go.jp/znk-web/juminkanja/S2430/initialize?prefCd=05&kikanCd=3050500590&kikanKbn=3", "url2": null, "内容": "あさひかわ歯科医院【3:歯科】秋田県秋田市旭川南町１２－２３" }, "geometry": { "type": "Point", "coordinates": [ 140.129602, 39.737577 ] } },
{ "type": "Feature", "properties": { "ID": 533050500600, "正式名称": "小柳歯科医院", "機関区分": 3, "都道府県コード": 5, "市区町村コード": 201, "所在地": "秋田県秋田市手形十七流４１９", "緯度": 39.717524, "経度": 140.138018, "url": "https://www.iryou.teikyouseido.mhlw.go.jp/znk-web/juminkanja/S2430/initialize?prefCd=05&kikanCd=3050500600&kikanKbn=3", "url2": null, "内容": "小柳歯科医院【3:歯科】秋田県秋田市手形十七流４１９" }, "geometry": { "type": "Point", "coordinates": [ 140.138018, 39.717524 ] } },
{ "type": "Feature", "properties": { "ID": 533050500610, "正式名称": "酒樹歯科医院", "機関区分": 3, "都道府県コード": 5, "市区町村コード": 201, "所在地": "秋田県秋田市手形十七流３２－４", "緯度": 39.720745, "経度": 140.140629, "url": "https://www.iryou.teikyouseido.mhlw.go.jp/znk-web/juminkanja/S2430/initialize?prefCd=05&kikanCd=3050500610&kikanKbn=3", "url2": "http://www.sakaki-dc.com/", "内容": "酒樹歯科医院【3:歯科】秋田県秋田市手形十七流３２－４" }, "geometry": { "type": "Point", "coordinates": [ 140.140629, 39.720745 ] } },
{ "type": "Feature", "properties": { "ID": 533050500620, "正式名称": "医療法人ＦＯＯ　ふじた矯正歯科", "機関区分": 3, "都道府県コード": 5, "市区町村コード": 201, "所在地": "秋田県秋田市手形山崎町４－２２", "緯度": 39.723829, "経度": 140.131991, "url": "https://www.iryou.teikyouseido.mhlw.go.jp/znk-web/juminkanja/S2430/initialize?prefCd=05&kikanCd=3050500620&kikanKbn=3", "url2": "http://www.fujita-oo.com", "内容": "医療法人ＦＯＯ　ふじた矯正歯科【3:歯科】秋田県秋田市手形山崎町４－２２" }, "geometry": { "type": "Point", "coordinates": [ 140.131991, 39.723829 ] } },
{ "type": "Feature", "properties": { "ID": 533050500630, "正式名称": "手形歯科診療所", "機関区分": 3, "都道府県コード": 5, "市区町村コード": 201, "所在地": "秋田県秋田市手形からみでん３－６７", "緯度": 39.731439, "経度": 140.12788, "url": "https://www.iryou.teikyouseido.mhlw.go.jp/znk-web/juminkanja/S2430/initialize?prefCd=05&kikanCd=3050500630&kikanKbn=3", "url2": null, "内容": "手形歯科診療所【3:歯科】秋田県秋田市手形からみでん３－６７" }, "geometry": { "type": "Point", "coordinates": [ 140.12788, 39.731439 ] } },
{ "type": "Feature", "properties": { "ID": 533050500640, "正式名称": "パール歯科クリニック", "機関区分": 3, "都道府県コード": 5, "市区町村コード": 201, "所在地": "秋田県秋田市手形田中１２－３７", "緯度": 39.733026, "経度": 140.132005, "url": "https://www.iryou.teikyouseido.mhlw.go.jp/znk-web/juminkanja/S2430/initialize?prefCd=05&kikanCd=3050500640&kikanKbn=3", "url2": "http://www.pearl-dc.cihp2.jp", "内容": "パール歯科クリニック【3:歯科】秋田県秋田市手形田中１２－３７" }, "geometry": { "type": "Point", "coordinates": [ 140.132005, 39.733026 ] } },
{ "type": "Feature", "properties": { "ID": 533050500670, "正式名称": "歯科明徳町クリニック", "機関区分": 3, "都道府県コード": 5, "市区町村コード": 201, "所在地": "秋田県秋田市千秋明徳町３－４８", "緯度": 39.718107, "経度": 140.125269, "url": "https://www.iryou.teikyouseido.mhlw.go.jp/znk-web/juminkanja/S2430/initialize?prefCd=05&kikanCd=3050500670&kikanKbn=3", "url2": "https://meitokucho-dental.com", "内容": "歯科明徳町クリニック【3:歯科】秋田県秋田市千秋明徳町３－４８" }, "geometry": { "type": "Point", "coordinates": [ 140.125269, 39.718107 ] } },
{ "type": "Feature", "properties": { "ID": 533050500680, "正式名称": "武田歯科医院", "機関区分": 3, "都道府県コード": 5, "市区町村コード": 201, "所在地": "秋田県秋田市千秋公園１番２３号", "緯度": 39.722995, "経度": 140.126658, "url": "https://www.iryou.teikyouseido.mhlw.go.jp/znk-web/juminkanja/S2430/initialize?prefCd=05&kikanCd=3050500680&kikanKbn=3", "url2": null, "内容": "武田歯科医院【3:歯科】秋田県秋田市千秋公園１番２３号" }, "geometry": { "type": "Point", "coordinates": [ 140.126658, 39.722995 ] } },
{ "type": "Feature", "properties": { "ID": 533050500690, "正式名称": "医療法人社団山の丘よつば会　ＣＬＯＶＥＲ　ＤＥＮＴＡＬ", "機関区分": 3, "都道府県コード": 5, "市区町村コード": 201, "所在地": "秋田県秋田市千秋矢留町６－３０　トーカンマンション千秋鷹匠橋１Ｆ", "緯度": 39.724079, "経度": 140.120436, "url": "https://www.iryou.teikyouseido.mhlw.go.jp/znk-web/juminkanja/S2430/initialize?prefCd=05&kikanCd=3050500690&kikanKbn=3", "url2": "http://www.cloverdental.com/", "内容": "医療法人社団山の丘よつば会　ＣＬＯＶＥＲ　ＤＥＮＴＡＬ【3:歯科】秋田県秋田市千秋矢留町６－３０　トーカンマンション千秋鷹匠橋１Ｆ" }, "geometry": { "type": "Point", "coordinates": [ 140.120436, 39.724079 ] } },
{ "type": "Feature", "properties": { "ID": 533050500710, "正式名称": "医療法人　晴功会　ほどの歯科クリニック", "機関区分": 3, "都道府県コード": 5, "市区町村コード": 201, "所在地": "秋田県秋田市保戸野桜町１９－３", "緯度": 39.733161, "経度": 140.117714, "url": "https://www.iryou.teikyouseido.mhlw.go.jp/znk-web/juminkanja/S2430/initialize?prefCd=05&kikanCd=3050500710&kikanKbn=3", "url2": "http://washiya-dentalclinic.com/", "内容": "医療法人　晴功会　ほどの歯科クリニック【3:歯科】秋田県秋田市保戸野桜町１９－３" }, "geometry": { "type": "Point", "coordinates": [ 140.117714, 39.733161 ] } },
{ "type": "Feature", "properties": { "ID": 533050500730, "正式名称": "医療法人哲風会　むさしデンタルオフィス", "機関区分": 3, "都道府県コード": 5, "市区町村コード": 201, "所在地": "秋田県秋田市保戸野通町４－８", "緯度": 39.721634, "経度": 140.116797, "url": "https://www.iryou.teikyouseido.mhlw.go.jp/znk-web/juminkanja/S2430/initialize?prefCd=05&kikanCd=3050500730&kikanKbn=3", "url2": "http://www.musashi-dent.jp/", "内容": "医療法人哲風会　むさしデンタルオフィス【3:歯科】秋田県秋田市保戸野通町４－８" }, "geometry": { "type": "Point", "coordinates": [ 140.116797, 39.721634 ] } },
{ "type": "Feature", "properties": { "ID": 533050500760, "正式名称": "清水歯科クリニック", "機関区分": 3, "都道府県コード": 5, "市区町村コード": 201, "所在地": "秋田県秋田市保戸野千代田町２－４１", "緯度": 39.725522, "経度": 140.111465, "url": "https://www.iryou.teikyouseido.mhlw.go.jp/znk-web/juminkanja/S2430/initialize?prefCd=05&kikanCd=3050500760&kikanKbn=3", "url2": null, "内容": "清水歯科クリニック【3:歯科】秋田県秋田市保戸野千代田町２－４１" }, "geometry": { "type": "Point", "coordinates": [ 140.111465, 39.725522 ] } },
{ "type": "Feature", "properties": { "ID": 533050500790, "正式名称": "水上歯科医院", "機関区分": 3, "都道府県コード": 5, "市区町村コード": 201, "所在地": "秋田県秋田市泉北１－８－９", "緯度": 39.736852, "経度": 140.10231, "url": "https://www.iryou.teikyouseido.mhlw.go.jp/znk-web/juminkanja/S2430/initialize?prefCd=05&kikanCd=3050500790&kikanKbn=3", "url2": "http://www.mizukami-detal.jp", "内容": "水上歯科医院【3:歯科】秋田県秋田市泉北１－８－９" }, "geometry": { "type": "Point", "coordinates": [ 140.10231, 39.736852 ] } },
{ "type": "Feature", "properties": { "ID": 533050500800, "正式名称": "医療法人あおば　とし歯科クリニック", "機関区分": 3, "都道府県コード": 5, "市区町村コード": 201, "所在地": "秋田県秋田市泉中央３丁目１０－２４", "緯度": 39.732772, "経度": 140.111131, "url": "https://www.iryou.teikyouseido.mhlw.go.jp/znk-web/juminkanja/S2430/initialize?prefCd=05&kikanCd=3050500800&kikanKbn=3", "url2": "http://www.toshi-dental.com/", "内容": "医療法人あおば　とし歯科クリニック【3:歯科】秋田県秋田市泉中央３丁目１０－２４" }, "geometry": { "type": "Point", "coordinates": [ 140.111131, 39.732772 ] } },
{ "type": "Feature", "properties": { "ID": 533050500810, "正式名称": "海塩歯科医院", "機関区分": 3, "都道府県コード": 5, "市区町村コード": 201, "所在地": "秋田県秋田市泉中央３丁目４－１５", "緯度": 39.734355, "経度": 140.108576, "url": "https://www.iryou.teikyouseido.mhlw.go.jp/znk-web/juminkanja/S2430/initialize?prefCd=05&kikanCd=3050500810&kikanKbn=3", "url2": null, "内容": "海塩歯科医院【3:歯科】秋田県秋田市泉中央３丁目４－１５" }, "geometry": { "type": "Point", "coordinates": [ 140.108576, 39.734355 ] } },
{ "type": "Feature", "properties": { "ID": 533050500830, "正式名称": "松田歯科医院", "機関区分": 3, "都道府県コード": 5, "市区町村コード": 201, "所在地": "秋田県秋田市泉中央２丁目６－１２", "緯度": 39.733938, "経度": 140.10352, "url": "https://www.iryou.teikyouseido.mhlw.go.jp/znk-web/juminkanja/S2430/initialize?prefCd=05&kikanCd=3050500830&kikanKbn=3", "url2": "http://www.matsuda-shikaiin.jp/", "内容": "松田歯科医院【3:歯科】秋田県秋田市泉中央２丁目６－１２" }, "geometry": { "type": "Point", "coordinates": [ 140.10352, 39.733938 ] } },
{ "type": "Feature", "properties": { "ID": 533050500840, "正式名称": "医療法人恭栄会　泉南デンタルクリニック", "機関区分": 3, "都道府県コード": 5, "市区町村コード": 201, "所在地": "秋田県秋田市泉南１丁目２番２号", "緯度": 39.729022, "経度": 140.104854, "url": "https://www.iryou.teikyouseido.mhlw.go.jp/znk-web/juminkanja/S2430/initialize?prefCd=05&kikanCd=3050500840&kikanKbn=3", "url2": "http://izumiminami-dental.com/", "内容": "医療法人恭栄会　泉南デンタルクリニック【3:歯科】秋田県秋田市泉南１丁目２番２号" }, "geometry": { "type": "Point", "coordinates": [ 140.104854, 39.729022 ] } },
{ "type": "Feature", "properties": { "ID": 533050500850, "正式名称": "原歯科医院", "機関区分": 3, "都道府県コード": 5, "市区町村コード": 201, "所在地": "秋田県秋田市泉南三丁目４－１６", "緯度": 39.730494, "経度": 140.112103, "url": "https://www.iryou.teikyouseido.mhlw.go.jp/znk-web/juminkanja/S2430/initialize?prefCd=05&kikanCd=3050500850&kikanKbn=3", "url2": null, "内容": "原歯科医院【3:歯科】秋田県秋田市泉南三丁目４－１６" }, "geometry": { "type": "Point", "coordinates": [ 140.112103, 39.730494 ] } },
{ "type": "Feature", "properties": { "ID": 533050500860, "正式名称": "ながい歯科医院", "機関区分": 3, "都道府県コード": 5, "市区町村コード": 201, "所在地": "秋田県秋田市泉南３－２５－１", "緯度": 39.728845, "経度": 140.113631, "url": "https://www.iryou.teikyouseido.mhlw.go.jp/znk-web/juminkanja/S2430/initialize?prefCd=05&kikanCd=3050500860&kikanKbn=3", "url2": "http://www.nagaidental.com/", "内容": "ながい歯科医院【3:歯科】秋田県秋田市泉南３－２５－１" }, "geometry": { "type": "Point", "coordinates": [ 140.113631, 39.728845 ] } },
{ "type": "Feature", "properties": { "ID": 533050500880, "正式名称": "石田歯科医院", "機関区分": 3, "都道府県コード": 5, "市区町村コード": 201, "所在地": "秋田県秋田市大町１丁目３番３３号", "緯度": 39.720162, "経度": 140.117047, "url": "https://www.iryou.teikyouseido.mhlw.go.jp/znk-web/juminkanja/S2430/initialize?prefCd=05&kikanCd=3050500880&kikanKbn=3", "url2": null, "内容": "石田歯科医院【3:歯科】秋田県秋田市大町１丁目３番３３号" }, "geometry": { "type": "Point", "coordinates": [ 140.117047, 39.720162 ] } },
{ "type": "Feature", "properties": { "ID": 533050500890, "正式名称": "白根歯科医院", "機関区分": 3, "都道府県コード": 5, "市区町村コード": 201, "所在地": "秋田県秋田市旭北栄町５－３３", "緯度": 39.721245, "経度": 140.109826, "url": "https://www.iryou.teikyouseido.mhlw.go.jp/znk-web/juminkanja/S2430/initialize?prefCd=05&kikanCd=3050500890&kikanKbn=3", "url2": null, "内容": "白根歯科医院【3:歯科】秋田県秋田市旭北栄町５－３３" }, "geometry": { "type": "Point", "coordinates": [ 140.109826, 39.721245 ] } },
{ "type": "Feature", "properties": { "ID": 533050500900, "正式名称": "医療法人千成会　旭北歯科医院", "機関区分": 3, "都道府県コード": 5, "市区町村コード": 201, "所在地": "秋田県秋田市旭北栄町１番４号", "緯度": 39.719884, "経度": 140.108604, "url": "https://www.iryou.teikyouseido.mhlw.go.jp/znk-web/juminkanja/S2430/initialize?prefCd=05&kikanCd=3050500900&kikanKbn=3", "url2": "http://www.senseikai.net/", "内容": "医療法人千成会　旭北歯科医院【3:歯科】秋田県秋田市旭北栄町１番４号" }, "geometry": { "type": "Point", "coordinates": [ 140.108604, 39.719884 ] } },
{ "type": "Feature", "properties": { "ID": 533050500910, "正式名称": "エンパイア歯科医院", "機関区分": 3, "都道府県コード": 5, "市区町村コード": 201, "所在地": "秋田県秋田市旭北栄町５－１０", "緯度": 39.72144, "経度": 140.109576, "url": "https://www.iryou.teikyouseido.mhlw.go.jp/znk-web/juminkanja/S2430/initialize?prefCd=05&kikanCd=3050500910&kikanKbn=3", "url2": null, "内容": "エンパイア歯科医院【3:歯科】秋田県秋田市旭北栄町５－１０" }, "geometry": { "type": "Point", "coordinates": [ 140.109576, 39.72144 ] } },
{ "type": "Feature", "properties": { "ID": 533050500930, "正式名称": "医療法人　玉木歯科医院", "機関区分": 3, "都道府県コード": 5, "市区町村コード": 201, "所在地": "秋田県秋田市旭南３－８－３", "緯度": 39.706469, "経度": 140.106494, "url": "https://www.iryou.teikyouseido.mhlw.go.jp/znk-web/juminkanja/S2430/initialize?prefCd=05&kikanCd=3050500930&kikanKbn=3", "url2": "http://tamaki-dc.jp/", "内容": "医療法人　玉木歯科医院【3:歯科】秋田県秋田市旭南３－８－３" }, "geometry": { "type": "Point", "coordinates": [ 140.106494, 39.706469 ] } },
{ "type": "Feature", "properties": { "ID": 533050500940, "正式名称": "岡部歯科医院", "機関区分": 3, "都道府県コード": 5, "市区町村コード": 201, "所在地": "秋田県秋田市旭南三丁目３番１３号", "緯度": 39.70833, "経度": 140.110049, "url": "https://www.iryou.teikyouseido.mhlw.go.jp/znk-web/juminkanja/S2430/initialize?prefCd=05&kikanCd=3050500940&kikanKbn=3", "url2": null, "内容": "岡部歯科医院【3:歯科】秋田県秋田市旭南三丁目３番１３号" }, "geometry": { "type": "Point", "coordinates": [ 140.110049, 39.70833 ] } },
{ "type": "Feature", "properties": { "ID": 533050500950, "正式名称": "医療法人デッグ　高山歯科医院", "機関区分": 3, "都道府県コード": 5, "市区町村コード": 201, "所在地": "秋田県秋田市旭南二丁目１－３８", "緯度": 39.71033, "経度": 140.111604, "url": "https://www.iryou.teikyouseido.mhlw.go.jp/znk-web/juminkanja/S2430/initialize?prefCd=05&kikanCd=3050500950&kikanKbn=3", "url2": null, "内容": "医療法人デッグ　高山歯科医院【3:歯科】秋田県秋田市旭南二丁目１－３８" }, "geometry": { "type": "Point", "coordinates": [ 140.111604, 39.71033 ] } },
{ "type": "Feature", "properties": { "ID": 533050500960, "正式名称": "ひろはた歯科医院", "機関区分": 3, "都道府県コード": 5, "市区町村コード": 201, "所在地": "秋田県秋田市川元山下町２－１", "緯度": 39.713829, "経度": 140.104771, "url": "https://www.iryou.teikyouseido.mhlw.go.jp/znk-web/juminkanja/S2430/initialize?prefCd=05&kikanCd=3050500960&kikanKbn=3", "url2": "http://hirohata-dc.ftw.jp/u33506.html", "内容": "ひろはた歯科医院【3:歯科】秋田県秋田市川元山下町２－１" }, "geometry": { "type": "Point", "coordinates": [ 140.104771, 39.713829 ] } },
{ "type": "Feature", "properties": { "ID": 533050500980, "正式名称": "船木歯科クリニック", "機関区分": 3, "都道府県コード": 5, "市区町村コード": 201, "所在地": "秋田県秋田市川尻大川町１－４０", "緯度": 39.713357, "経度": 140.092995, "url": "https://www.iryou.teikyouseido.mhlw.go.jp/znk-web/juminkanja/S2430/initialize?prefCd=05&kikanCd=3050500980&kikanKbn=3", "url2": null, "内容": "船木歯科クリニック【3:歯科】秋田県秋田市川尻大川町１－４０" }, "geometry": { "type": "Point", "coordinates": [ 140.092995, 39.713357 ] } },
{ "type": "Feature", "properties": { "ID": 533050500990, "正式名称": "真宮歯科医院", "機関区分": 3, "都道府県コード": 5, "市区町村コード": 201, "所在地": "秋田県秋田市川尻みよし町１３－３２", "緯度": 39.709496, "経度": 140.097189, "url": "https://www.iryou.teikyouseido.mhlw.go.jp/znk-web/juminkanja/S2430/initialize?prefCd=05&kikanCd=3050500990&kikanKbn=3", "url2": "http://mamiya-dental.com", "内容": "真宮歯科医院【3:歯科】秋田県秋田市川尻みよし町１３－３２" }, "geometry": { "type": "Point", "coordinates": [ 140.097189, 39.709496 ] } },
{ "type": "Feature", "properties": { "ID": 533050501000, "正式名称": "医療法人聖山会杉山歯科クリニック", "機関区分": 3, "都道府県コード": 5, "市区町村コード": 201, "所在地": "秋田県秋田市山王３丁目５番１５号", "緯度": 39.716023, "経度": 140.10727, "url": "https://www.iryou.teikyouseido.mhlw.go.jp/znk-web/juminkanja/S2430/initialize?prefCd=05&kikanCd=3050501000&kikanKbn=3", "url2": "http://su-dc.com", "内容": "医療法人聖山会杉山歯科クリニック【3:歯科】秋田県秋田市山王３丁目５番１５号" }, "geometry": { "type": "Point", "coordinates": [ 140.10727, 39.716023 ] } },
{ "type": "Feature", "properties": { "ID": 533050501010, "正式名称": "歯科アキタクリニック", "機関区分": 3, "都道府県コード": 5, "市区町村コード": 201, "所在地": "秋田県秋田市山王１－９－１０", "緯度": 39.721968, "経度": 140.102327, "url": "https://www.iryou.teikyouseido.mhlw.go.jp/znk-web/juminkanja/S2430/initialize?prefCd=05&kikanCd=3050501010&kikanKbn=3", "url2": null, "内容": "歯科アキタクリニック【3:歯科】秋田県秋田市山王１－９－１０" }, "geometry": { "type": "Point", "coordinates": [ 140.102327, 39.721968 ] } },
{ "type": "Feature", "properties": { "ID": 533050501020, "正式名称": "こまはし歯科医院", "機関区分": 3, "都道府県コード": 5, "市区町村コード": 201, "所在地": "秋田県秋田市山王２－６－１", "緯度": 39.720572, "経度": 140.106642, "url": "https://www.iryou.teikyouseido.mhlw.go.jp/znk-web/juminkanja/S2430/initialize?prefCd=05&kikanCd=3050501020&kikanKbn=3", "url2": null, "内容": "こまはし歯科医院【3:歯科】秋田県秋田市山王２－６－１" }, "geometry": { "type": "Point", "coordinates": [ 140.106642, 39.720572 ] } },
{ "type": "Feature", "properties": { "ID": 533050501050, "正式名称": "いとう歯科医院", "機関区分": 3, "都道府県コード": 5, "市区町村コード": 201, "所在地": "秋田県秋田市山王５丁目１－１５　朝日プラザ欅通１０１", "緯度": 39.71544, "経度": 140.102883, "url": "https://www.iryou.teikyouseido.mhlw.go.jp/znk-web/juminkanja/S2430/initialize?prefCd=05&kikanCd=3050501050&kikanKbn=3", "url2": null, "内容": "いとう歯科医院【3:歯科】秋田県秋田市山王５丁目１－１５　朝日プラザ欅通１０１" }, "geometry": { "type": "Point", "coordinates": [ 140.102883, 39.71544 ] } },
{ "type": "Feature", "properties": { "ID": 533050501060, "正式名称": "Ｄｅｎｔａｌ　Ｃａｒｅ　オリーブ歯科クリニック", "機関区分": 3, "都道府県コード": 5, "市区町村コード": 201, "所在地": "秋田県秋田市山王中島町２－２５", "緯度": 39.715912, "経度": 140.092661, "url": "https://www.iryou.teikyouseido.mhlw.go.jp/znk-web/juminkanja/S2430/initialize?prefCd=05&kikanCd=3050501060&kikanKbn=3", "url2": null, "内容": "Ｄｅｎｔａｌ　Ｃａｒｅ　オリーブ歯科クリニック【3:歯科】秋田県秋田市山王中島町２－２５" }, "geometry": { "type": "Point", "coordinates": [ 140.092661, 39.715912 ] } },
{ "type": "Feature", "properties": { "ID": 533050501090, "正式名称": "すのうち歯科医院", "機関区分": 3, "都道府県コード": 5, "市区町村コード": 201, "所在地": "秋田県秋田市八橋新川向９－２１", "緯度": 39.728689, "経度": 140.103409, "url": "https://www.iryou.teikyouseido.mhlw.go.jp/znk-web/juminkanja/S2430/initialize?prefCd=05&kikanCd=3050501090&kikanKbn=3", "url2": null, "内容": "すのうち歯科医院【3:歯科】秋田県秋田市八橋新川向９－２１" }, "geometry": { "type": "Point", "coordinates": [ 140.103409, 39.728689 ] } },
{ "type": "Feature", "properties": { "ID": 533050501100, "正式名称": "木田歯科医院", "機関区分": 3, "都道府県コード": 5, "市区町村コード": 201, "所在地": "秋田県秋田市八橋三和町１９－１９", "緯度": 39.730439, "経度": 140.100048, "url": "https://www.iryou.teikyouseido.mhlw.go.jp/znk-web/juminkanja/S2430/initialize?prefCd=05&kikanCd=3050501100&kikanKbn=3", "url2": null, "内容": "木田歯科医院【3:歯科】秋田県秋田市八橋三和町１９－１９" }, "geometry": { "type": "Point", "coordinates": [ 140.100048, 39.730439 ] } },
{ "type": "Feature", "properties": { "ID": 533050501110, "正式名称": "医療法人　忠智会　おみ歯科クリニック", "機関区分": 3, "都道府県コード": 5, "市区町村コード": 201, "所在地": "秋田県秋田市八橋田五郎１－２－７", "緯度": 39.727356, "経度": 140.096716, "url": "https://www.iryou.teikyouseido.mhlw.go.jp/znk-web/juminkanja/S2430/initialize?prefCd=05&kikanCd=3050501110&kikanKbn=3", "url2": "https://www.omishika.net", "内容": "医療法人　忠智会　おみ歯科クリニック【3:歯科】秋田県秋田市八橋田五郎１－２－７" }, "geometry": { "type": "Point", "coordinates": [ 140.096716, 39.727356 ] } },
{ "type": "Feature", "properties": { "ID": 533050501120, "正式名称": "けやき通り歯科医院", "機関区分": 3, "都道府県コード": 5, "市区町村コード": 201, "所在地": "秋田県秋田市八橋本町３丁目１４－１４", "緯度": 39.7263, "経度": 140.10066, "url": "https://www.iryou.teikyouseido.mhlw.go.jp/znk-web/juminkanja/S2430/initialize?prefCd=05&kikanCd=3050501120&kikanKbn=3", "url2": null, "内容": "けやき通り歯科医院【3:歯科】秋田県秋田市八橋本町３丁目１４－１４" }, "geometry": { "type": "Point", "coordinates": [ 140.10066, 39.7263 ] } },
{ "type": "Feature", "properties": { "ID": 533050501130, "正式名称": "たつやデンタルクリニック", "機関区分": 3, "都道府県コード": 5, "市区町村コード": 201, "所在地": "秋田県秋田市八橋本町二丁目１１番の８", "緯度": 39.723328, "経度": 140.093466, "url": "https://www.iryou.teikyouseido.mhlw.go.jp/znk-web/juminkanja/S2430/initialize?prefCd=05&kikanCd=3050501130&kikanKbn=3", "url2": null, "内容": "たつやデンタルクリニック【3:歯科】秋田県秋田市八橋本町二丁目１１番の８" }, "geometry": { "type": "Point", "coordinates": [ 140.093466, 39.723328 ] } },
{ "type": "Feature", "properties": { "ID": 533050501150, "正式名称": "いがらし歯科医院", "機関区分": 3, "都道府県コード": 5, "市区町村コード": 201, "所在地": "秋田県秋田市雄和妙法字上大部１７－３", "緯度": 39.589372, "経度": 140.170049, "url": "https://www.iryou.teikyouseido.mhlw.go.jp/znk-web/juminkanja/S2430/initialize?prefCd=05&kikanCd=3050501150&kikanKbn=3", "url2": null, "内容": "いがらし歯科医院【3:歯科】秋田県秋田市雄和妙法字上大部１７－３" }, "geometry": { "type": "Point", "coordinates": [ 140.170049, 39.589372 ] } },
{ "type": "Feature", "properties": { "ID": 533050501170, "正式名称": "いしばし歯科医院", "機関区分": 3, "都道府県コード": 5, "市区町村コード": 201, "所在地": "秋田県秋田市御所野元町五丁目１２－３", "緯度": 39.660197, "経度": 140.169407, "url": "https://www.iryou.teikyouseido.mhlw.go.jp/znk-web/juminkanja/S2430/initialize?prefCd=05&kikanCd=3050501170&kikanKbn=3", "url2": "http://www.ishibashi-dc.jp/", "内容": "いしばし歯科医院【3:歯科】秋田県秋田市御所野元町五丁目１２－３" }, "geometry": { "type": "Point", "coordinates": [ 140.169407, 39.660197 ] } },
{ "type": "Feature", "properties": { "ID": 533050501180, "正式名称": "平塚歯科医院", "機関区分": 3, "都道府県コード": 5, "市区町村コード": 201, "所在地": "秋田県秋田市御所野元町２－１２－１", "緯度": 39.664864, "経度": 140.166991, "url": "https://www.iryou.teikyouseido.mhlw.go.jp/znk-web/juminkanja/S2430/initialize?prefCd=05&kikanCd=3050501180&kikanKbn=3", "url2": "http://www.hiratsuka-dc.jp", "内容": "平塚歯科医院【3:歯科】秋田県秋田市御所野元町２－１２－１" }, "geometry": { "type": "Point", "coordinates": [ 140.166991, 39.664864 ] } },
{ "type": "Feature", "properties": { "ID": 533050501190, "正式名称": "医療法人　三浦歯科クリニック", "機関区分": 3, "都道府県コード": 5, "市区町村コード": 201, "所在地": "秋田県秋田市仁井田本町５丁目１－２５", "緯度": 39.6765, "経度": 140.127716, "url": "https://www.iryou.teikyouseido.mhlw.go.jp/znk-web/juminkanja/S2430/initialize?prefCd=05&kikanCd=3050501190&kikanKbn=3", "url2": null, "内容": "医療法人　三浦歯科クリニック【3:歯科】秋田県秋田市仁井田本町５丁目１－２５" }, "geometry": { "type": "Point", "coordinates": [ 140.127716, 39.6765 ] } },
{ "type": "Feature", "properties": { "ID": 533050501200, "正式名称": "神田歯科医院", "機関区分": 3, "都道府県コード": 5, "市区町村コード": 201, "所在地": "秋田県秋田市仁井田本町４丁目１３－２", "緯度": 39.678473, "経度": 140.130159, "url": "https://www.iryou.teikyouseido.mhlw.go.jp/znk-web/juminkanja/S2430/initialize?prefCd=05&kikanCd=3050501200&kikanKbn=3", "url2": null, "内容": "神田歯科医院【3:歯科】秋田県秋田市仁井田本町４丁目１３－２" }, "geometry": { "type": "Point", "coordinates": [ 140.130159, 39.678473 ] } },
{ "type": "Feature", "properties": { "ID": 533050501220, "正式名称": "おのば歯科クリニック", "機関区分": 3, "都道府県コード": 5, "市区町村コード": 201, "所在地": "秋田県秋田市仁井田中新田７５", "緯度": 39.677695, "経度": 140.123577, "url": "https://www.iryou.teikyouseido.mhlw.go.jp/znk-web/juminkanja/S2430/initialize?prefCd=05&kikanCd=3050501220&kikanKbn=3", "url2": "http://onoba-dc.com/", "内容": "おのば歯科クリニック【3:歯科】秋田県秋田市仁井田中新田７５" }, "geometry": { "type": "Point", "coordinates": [ 140.123577, 39.677695 ] } },
{ "type": "Feature", "properties": { "ID": 533050501230, "正式名称": "医療法人清勝会　こばやし歯科クリニック", "機関区分": 3, "都道府県コード": 5, "市区町村コード": 201, "所在地": "秋田県秋田市御野場８丁目７－１", "緯度": 39.666279, "経度": 140.128883, "url": "https://www.iryou.teikyouseido.mhlw.go.jp/znk-web/juminkanja/S2430/initialize?prefCd=05&kikanCd=3050501230&kikanKbn=3", "url2": "https://www.kobayasisika-akita.net", "内容": "医療法人清勝会　こばやし歯科クリニック【3:歯科】秋田県秋田市御野場８丁目７－１" }, "geometry": { "type": "Point", "coordinates": [ 140.128883, 39.666279 ] } },
{ "type": "Feature", "properties": { "ID": 533050501240, "正式名称": "京谷歯科医院", "機関区分": 3, "都道府県コード": 5, "市区町村コード": 201, "所在地": "秋田県秋田市御野場４－３－３", "緯度": 39.672556, "経度": 140.13277, "url": "https://www.iryou.teikyouseido.mhlw.go.jp/znk-web/juminkanja/S2430/initialize?prefCd=05&kikanCd=3050501240&kikanKbn=3", "url2": null, "内容": "京谷歯科医院【3:歯科】秋田県秋田市御野場４－３－３" }, "geometry": { "type": "Point", "coordinates": [ 140.13277, 39.672556 ] } },
{ "type": "Feature", "properties": { "ID": 533050501250, "正式名称": "西野歯科医院", "機関区分": 3, "都道府県コード": 5, "市区町村コード": 201, "所在地": "秋田県秋田市御野場新町四丁目１－１", "緯度": 39.669613, "経度": 140.12341, "url": "https://www.iryou.teikyouseido.mhlw.go.jp/znk-web/juminkanja/S2430/initialize?prefCd=05&kikanCd=3050501250&kikanKbn=3", "url2": null, "内容": "西野歯科医院【3:歯科】秋田県秋田市御野場新町四丁目１－１" }, "geometry": { "type": "Point", "coordinates": [ 140.12341, 39.669613 ] } },
{ "type": "Feature", "properties": { "ID": 533050501260, "正式名称": "医療法人　おおすみ歯科医院", "機関区分": 3, "都道府県コード": 5, "市区町村コード": 201, "所在地": "秋田県秋田市大住３－３－５３", "緯度": 39.690304, "経度": 140.118577, "url": "https://www.iryou.teikyouseido.mhlw.go.jp/znk-web/juminkanja/S2430/initialize?prefCd=05&kikanCd=3050501260&kikanKbn=3", "url2": "http://www.oosumi-shika.com/", "内容": "医療法人　おおすみ歯科医院【3:歯科】秋田県秋田市大住３－３－５３" }, "geometry": { "type": "Point", "coordinates": [ 140.118577, 39.690304 ] } },
{ "type": "Feature", "properties": { "ID": 533050501300, "正式名称": "堀川歯科クリニック", "機関区分": 3, "都道府県コード": 5, "市区町村コード": 201, "所在地": "秋田県秋田市新屋豊町７－２９", "緯度": 39.703524, "経度": 140.089523, "url": "https://www.iryou.teikyouseido.mhlw.go.jp/znk-web/juminkanja/S2430/initialize?prefCd=05&kikanCd=3050501300&kikanKbn=3", "url2": null, "内容": "堀川歯科クリニック【3:歯科】秋田県秋田市新屋豊町７－２９" }, "geometry": { "type": "Point", "coordinates": [ 140.089523, 39.703524 ] } },
{ "type": "Feature", "properties": { "ID": 533050501340, "正式名称": "もとまち歯科医院", "機関区分": 3, "都道府県コード": 5, "市区町村コード": 201, "所在地": "秋田県秋田市新屋元町５－３８", "緯度": 39.687193, "経度": 140.083636, "url": "https://www.iryou.teikyouseido.mhlw.go.jp/znk-web/juminkanja/S2430/initialize?prefCd=05&kikanCd=3050501340&kikanKbn=3", "url2": "https://www.motomachishika.com/", "内容": "もとまち歯科医院【3:歯科】秋田県秋田市新屋元町５－３８" }, "geometry": { "type": "Point", "coordinates": [ 140.083636, 39.687193 ] } },
{ "type": "Feature", "properties": { "ID": 533050501350, "正式名称": "三浦歯科医院", "機関区分": 3, "都道府県コード": 5, "市区町村コード": 201, "所在地": "秋田県秋田市新屋元町２２－３４", "緯度": 39.683693, "経度": 140.084163, "url": "https://www.iryou.teikyouseido.mhlw.go.jp/znk-web/juminkanja/S2430/initialize?prefCd=05&kikanCd=3050501350&kikanKbn=3", "url2": null, "内容": "三浦歯科医院【3:歯科】秋田県秋田市新屋元町２２－３４" }, "geometry": { "type": "Point", "coordinates": [ 140.084163, 39.683693 ] } },
{ "type": "Feature", "properties": { "ID": 533050501360, "正式名称": "とりき町歯科クリニック", "機関区分": 3, "都道府県コード": 5, "市区町村コード": 201, "所在地": "秋田県秋田市新屋鳥木町４－４７", "緯度": 39.674166, "経度": 140.091691, "url": "https://www.iryou.teikyouseido.mhlw.go.jp/znk-web/juminkanja/S2430/initialize?prefCd=05&kikanCd=3050501360&kikanKbn=3", "url2": null, "内容": "とりき町歯科クリニック【3:歯科】秋田県秋田市新屋鳥木町４－４７" }, "geometry": { "type": "Point", "coordinates": [ 140.091691, 39.674166 ] } },
{ "type": "Feature", "properties": { "ID": 533050501370, "正式名称": "堀部歯科医院", "機関区分": 3, "都道府県コード": 5, "市区町村コード": 201, "所在地": "秋田県秋田市新屋表町１１－３", "緯度": 39.679444, "経度": 140.084386, "url": "https://www.iryou.teikyouseido.mhlw.go.jp/znk-web/juminkanja/S2430/initialize?prefCd=05&kikanCd=3050501370&kikanKbn=3", "url2": null, "内容": "堀部歯科医院【3:歯科】秋田県秋田市新屋表町１１－３" }, "geometry": { "type": "Point", "coordinates": [ 140.084386, 39.679444 ] } },
{ "type": "Feature", "properties": { "ID": 533050501380, "正式名称": "ＴＡＫＵ歯科クリニック", "機関区分": 3, "都道府県コード": 5, "市区町村コード": 201, "所在地": "秋田県秋田市寺内三千刈３２５－３", "緯度": 39.740437, "経度": 140.09702, "url": "https://www.iryou.teikyouseido.mhlw.go.jp/znk-web/juminkanja/S2430/initialize?prefCd=05&kikanCd=3050501380&kikanKbn=3", "url2": null, "内容": "ＴＡＫＵ歯科クリニック【3:歯科】秋田県秋田市寺内三千刈３２５－３" }, "geometry": { "type": "Point", "coordinates": [ 140.09702, 39.740437 ] } },
{ "type": "Feature", "properties": { "ID": 533050501390, "正式名称": "寺内歯科医院", "機関区分": 3, "都道府県コード": 5, "市区町村コード": 201, "所在地": "秋田県秋田市寺内油田二丁目５－２１", "緯度": 39.731049, "経度": 140.090494, "url": "https://www.iryou.teikyouseido.mhlw.go.jp/znk-web/juminkanja/S2430/initialize?prefCd=05&kikanCd=3050501390&kikanKbn=3", "url2": null, "内容": "寺内歯科医院【3:歯科】秋田県秋田市寺内油田二丁目５－２１" }, "geometry": { "type": "Point", "coordinates": [ 140.090494, 39.731049 ] } },
{ "type": "Feature", "properties": { "ID": 533050501400, "正式名称": "田中歯科医院", "機関区分": 3, "都道府県コード": 5, "市区町村コード": 201, "所在地": "秋田県秋田市寺内油田３－１５－３", "緯度": 39.732355, "経度": 140.085495, "url": "https://www.iryou.teikyouseido.mhlw.go.jp/znk-web/juminkanja/S2430/initialize?prefCd=05&kikanCd=3050501400&kikanKbn=3", "url2": "http://tanaka-dental.jp", "内容": "田中歯科医院【3:歯科】秋田県秋田市寺内油田３－１５－３" }, "geometry": { "type": "Point", "coordinates": [ 140.085495, 39.732355 ] } },
{ "type": "Feature", "properties": { "ID": 533050501410, "正式名称": "医療法南秋会　そらいろデンタルクリニック", "機関区分": 3, "都道府県コード": 5, "市区町村コード": 201, "所在地": "秋田県秋田市飯島堀川１０", "緯度": 39.792764, "経度": 140.061771, "url": "https://www.iryou.teikyouseido.mhlw.go.jp/znk-web/juminkanja/S2430/initialize?prefCd=05&kikanCd=3050501410&kikanKbn=3", "url2": "http://wakaba.nanshu.jp/", "内容": "医療法南秋会　そらいろデンタルクリニック【3:歯科】秋田県秋田市飯島堀川１０" }, "geometry": { "type": "Point", "coordinates": [ 140.061771, 39.792764 ] } },
{ "type": "Feature", "properties": { "ID": 533050501420, "正式名称": "白石歯科医院", "機関区分": 3, "都道府県コード": 5, "市区町村コード": 201, "所在地": "秋田県秋田市飯島道東２丁目１２－４３", "緯度": 39.780016, "経度": 140.067383, "url": "https://www.iryou.teikyouseido.mhlw.go.jp/znk-web/juminkanja/S2430/initialize?prefCd=05&kikanCd=3050501420&kikanKbn=3", "url2": null, "内容": "白石歯科医院【3:歯科】秋田県秋田市飯島道東２丁目１２－４３" }, "geometry": { "type": "Point", "coordinates": [ 140.067383, 39.780016 ] } },
{ "type": "Feature", "properties": { "ID": 533050501440, "正式名称": "田北歯科医院", "機関区分": 3, "都道府県コード": 5, "市区町村コード": 201, "所在地": "秋田県秋田市将軍野青山町１２－３０", "緯度": 39.76199, "経度": 140.090715, "url": "https://www.iryou.teikyouseido.mhlw.go.jp/znk-web/juminkanja/S2430/initialize?prefCd=05&kikanCd=3050501440&kikanKbn=3", "url2": null, "内容": "田北歯科医院【3:歯科】秋田県秋田市将軍野青山町１２－３０" }, "geometry": { "type": "Point", "coordinates": [ 140.090715, 39.76199 ] } },
{ "type": "Feature", "properties": { "ID": 533050501450, "正式名称": "Ｄｅｎｔａｌ　Ａｒｔ　Ｏｆｆｉｃｅ", "機関区分": 3, "都道府県コード": 5, "市区町村コード": 201, "所在地": "秋田県秋田市将軍野向山１３－４６", "緯度": 39.750297, "経度": 140.090965, "url": "https://www.iryou.teikyouseido.mhlw.go.jp/znk-web/juminkanja/S2430/initialize?prefCd=05&kikanCd=3050501450&kikanKbn=3", "url2": null, "内容": "Ｄｅｎｔａｌ　Ａｒｔ　Ｏｆｆｉｃｅ【3:歯科】秋田県秋田市将軍野向山１３－４６" }, "geometry": { "type": "Point", "coordinates": [ 140.090965, 39.750297 ] } },
{ "type": "Feature", "properties": { "ID": 533050501460, "正式名称": "将軍野歯科診療所", "機関区分": 3, "都道府県コード": 5, "市区町村コード": 201, "所在地": "秋田県秋田市将軍野南１丁目１０－５２", "緯度": 39.74713, "経度": 140.080021, "url": "https://www.iryou.teikyouseido.mhlw.go.jp/znk-web/juminkanja/S2430/initialize?prefCd=05&kikanCd=3050501460&kikanKbn=3", "url2": "http://s-dc.jp/", "内容": "将軍野歯科診療所【3:歯科】秋田県秋田市将軍野南１丁目１０－５２" }, "geometry": { "type": "Point", "coordinates": [ 140.080021, 39.74713 ] } },
{ "type": "Feature", "properties": { "ID": 533050501500, "正式名称": "医療法人恒心会　佐藤歯科医院", "機関区分": 3, "都道府県コード": 5, "市区町村コード": 201, "所在地": "秋田県秋田市土崎港北３丁目３番５１号", "緯度": 39.766823, "経度": 140.078854, "url": "https://www.iryou.teikyouseido.mhlw.go.jp/znk-web/juminkanja/S2430/initialize?prefCd=05&kikanCd=3050501500&kikanKbn=3", "url2": "www.a-satodent.com", "内容": "医療法人恒心会　佐藤歯科医院【3:歯科】秋田県秋田市土崎港北３丁目３番５１号" }, "geometry": { "type": "Point", "coordinates": [ 140.078854, 39.766823 ] } },
{ "type": "Feature", "properties": { "ID": 533050501510, "正式名称": "こまつ歯科医院", "機関区分": 3, "都道府県コード": 5, "市区町村コード": 201, "所在地": "秋田県秋田市土崎港北７丁目７－２１", "緯度": 39.772429, "経度": 140.070195, "url": "https://www.iryou.teikyouseido.mhlw.go.jp/znk-web/juminkanja/S2430/initialize?prefCd=05&kikanCd=3050501510&kikanKbn=3", "url2": null, "内容": "こまつ歯科医院【3:歯科】秋田県秋田市土崎港北７丁目７－２１" }, "geometry": { "type": "Point", "coordinates": [ 140.070195, 39.772429 ] } },
{ "type": "Feature", "properties": { "ID": 533050501530, "正式名称": "ひゃくすい歯科", "機関区分": 3, "都道府県コード": 5, "市区町村コード": 201, "所在地": "秋田県秋田市土崎港東四丁目６－４７", "緯度": 39.758657, "経度": 140.083409, "url": "https://www.iryou.teikyouseido.mhlw.go.jp/znk-web/juminkanja/S2430/initialize?prefCd=05&kikanCd=3050501530&kikanKbn=3", "url2": null, "内容": "ひゃくすい歯科【3:歯科】秋田県秋田市土崎港東四丁目６－４７" }, "geometry": { "type": "Point", "coordinates": [ 140.083409, 39.758657 ] } },
{ "type": "Feature", "properties": { "ID": 533050501540, "正式名称": "すま歯科医院", "機関区分": 3, "都道府県コード": 5, "市区町村コード": 201, "所在地": "秋田県秋田市土崎港南一丁目１４－９", "緯度": 39.748408, "経度": 140.069522, "url": "https://www.iryou.teikyouseido.mhlw.go.jp/znk-web/juminkanja/S2430/initialize?prefCd=05&kikanCd=3050501540&kikanKbn=3", "url2": null, "内容": "すま歯科医院【3:歯科】秋田県秋田市土崎港南一丁目１４－９" }, "geometry": { "type": "Point", "coordinates": [ 140.069522, 39.748408 ] } },
{ "type": "Feature", "properties": { "ID": 533050501570, "正式名称": "医療法人　豊盛会　豊間歯科医院", "機関区分": 3, "都道府県コード": 5, "市区町村コード": 201, "所在地": "秋田県秋田市土崎港中央２－５－２４", "緯度": 39.750158, "経度": 140.073995, "url": "https://www.iryou.teikyouseido.mhlw.go.jp/znk-web/juminkanja/S2430/initialize?prefCd=05&kikanCd=3050501570&kikanKbn=3", "url2": null, "内容": "医療法人　豊盛会　豊間歯科医院【3:歯科】秋田県秋田市土崎港中央２－５－２４" }, "geometry": { "type": "Point", "coordinates": [ 140.073995, 39.750158 ] } },
{ "type": "Feature", "properties": { "ID": 533050501590, "正式名称": "伊藤歯科医院", "機関区分": 3, "都道府県コード": 5, "市区町村コード": 201, "所在地": "秋田県秋田市土崎港中央１丁目１８－７", "緯度": 39.752874, "経度": 140.069546, "url": "https://www.iryou.teikyouseido.mhlw.go.jp/znk-web/juminkanja/S2430/initialize?prefCd=05&kikanCd=3050501590&kikanKbn=3", "url2": null, "内容": "伊藤歯科医院【3:歯科】秋田県秋田市土崎港中央１丁目１８－７" }, "geometry": { "type": "Point", "coordinates": [ 140.069546, 39.752874 ] } },
{ "type": "Feature", "properties": { "ID": 533050501610, "正式名称": "竹中歯科クリニック", "機関区分": 3, "都道府県コード": 5, "市区町村コード": 201, "所在地": "秋田県秋田市土崎港中央５－８－３", "緯度": 39.758268, "経度": 140.072466, "url": "https://www.iryou.teikyouseido.mhlw.go.jp/znk-web/juminkanja/S2430/initialize?prefCd=05&kikanCd=3050501610&kikanKbn=3", "url2": null, "内容": "竹中歯科クリニック【3:歯科】秋田県秋田市土崎港中央５－８－３" }, "geometry": { "type": "Point", "coordinates": [ 140.072466, 39.758268 ] } },
{ "type": "Feature", "properties": { "ID": 533050501620, "正式名称": "中道歯科医院", "機関区分": 3, "都道府県コード": 5, "市区町村コード": 201, "所在地": "秋田県秋田市土崎港中央６－１２－１５", "緯度": 39.756102, "経度": 140.072467, "url": "https://www.iryou.teikyouseido.mhlw.go.jp/znk-web/juminkanja/S2430/initialize?prefCd=05&kikanCd=3050501620&kikanKbn=3", "url2": "http://nttbj.itp.ne.jp/0188468181/", "内容": "中道歯科医院【3:歯科】秋田県秋田市土崎港中央６－１２－１５" }, "geometry": { "type": "Point", "coordinates": [ 140.072467, 39.756102 ] } },
{ "type": "Feature", "properties": { "ID": 533050501630, "正式名称": "小澤歯科医院", "機関区分": 3, "都道府県コード": 5, "市区町村コード": 201, "所在地": "秋田県秋田市土崎港中央５丁目１０の１４", "緯度": 39.759824, "経度": 140.06955, "url": "https://www.iryou.teikyouseido.mhlw.go.jp/znk-web/juminkanja/S2430/initialize?prefCd=05&kikanCd=3050501630&kikanKbn=3", "url2": "http://www.ozawa-dentalclinic.jp", "内容": "小澤歯科医院【3:歯科】秋田県秋田市土崎港中央５丁目１０の１４" }, "geometry": { "type": "Point", "coordinates": [ 140.06955, 39.759824 ] } },
{ "type": "Feature", "properties": { "ID": 533050501640, "正式名称": "医療法人　東京堂　港町歯科クリニック", "機関区分": 3, "都道府県コード": 5, "市区町村コード": 201, "所在地": "秋田県秋田市土崎港中央３丁目５－４０", "緯度": 39.755879, "経度": 140.068245, "url": "https://www.iryou.teikyouseido.mhlw.go.jp/znk-web/juminkanja/S2430/initialize?prefCd=05&kikanCd=3050501640&kikanKbn=3", "url2": "https://www.minatomachi-dc.jp/", "内容": "医療法人　東京堂　港町歯科クリニック【3:歯科】秋田県秋田市土崎港中央３丁目５－４０" }, "geometry": { "type": "Point", "coordinates": [ 140.068245, 39.755879 ] } },
{ "type": "Feature", "properties": { "ID": 533050501650, "正式名称": "小澤歯科医院", "機関区分": 3, "都道府県コード": 5, "市区町村コード": 201, "所在地": "秋田県秋田市土崎港中央４丁目５－５３", "緯度": 39.752325, "経度": 140.073939, "url": "https://www.iryou.teikyouseido.mhlw.go.jp/znk-web/juminkanja/S2430/initialize?prefCd=05&kikanCd=3050501650&kikanKbn=3", "url2": null, "内容": "小澤歯科医院【3:歯科】秋田県秋田市土崎港中央４丁目５－５３" }, "geometry": { "type": "Point", "coordinates": [ 140.073939, 39.752325 ] } },
{ "type": "Feature", "properties": { "ID": 533050501660, "正式名称": "大山歯科医院", "機関区分": 3, "都道府県コード": 5, "市区町村コード": 201, "所在地": "秋田県秋田市土崎港中央５－２－１１", "緯度": 39.757824, "経度": 140.069578, "url": "https://www.iryou.teikyouseido.mhlw.go.jp/znk-web/juminkanja/S2430/initialize?prefCd=05&kikanCd=3050501660&kikanKbn=3", "url2": null, "内容": "大山歯科医院【3:歯科】秋田県秋田市土崎港中央５－２－１１" }, "geometry": { "type": "Point", "coordinates": [ 140.069578, 39.757824 ] } },
{ "type": "Feature", "properties": { "ID": 533050501670, "正式名称": "又井歯科クリニック", "機関区分": 3, "都道府県コード": 5, "市区町村コード": 201, "所在地": "秋田県秋田市飯島西袋二丁目１６番１号", "緯度": 39.768934, "経度": 140.091908, "url": "https://www.iryou.teikyouseido.mhlw.go.jp/znk-web/juminkanja/S2430/initialize?prefCd=05&kikanCd=3050501670&kikanKbn=3", "url2": null, "内容": "又井歯科クリニック【3:歯科】秋田県秋田市飯島西袋二丁目１６番１号" }, "geometry": { "type": "Point", "coordinates": [ 140.091908, 39.768934 ] } },
{ "type": "Feature", "properties": { "ID": 533050501680, "正式名称": "医療法人　石塚歯科医院", "機関区分": 3, "都道府県コード": 5, "市区町村コード": 201, "所在地": "秋田県秋田市河辺和田上中野４０１－６", "緯度": 39.651699, "経度": 140.215376, "url": "https://www.iryou.teikyouseido.mhlw.go.jp/znk-web/juminkanja/S2430/initialize?prefCd=05&kikanCd=3050501680&kikanKbn=3", "url2": null, "内容": "医療法人　石塚歯科医院【3:歯科】秋田県秋田市河辺和田上中野４０１－６" }, "geometry": { "type": "Point", "coordinates": [ 140.215376, 39.651699 ] } },
{ "type": "Feature", "properties": { "ID": 533050501700, "正式名称": "かず歯科クリニック", "機関区分": 3, "都道府県コード": 5, "市区町村コード": 201, "所在地": "秋田県秋田市広面字昼寝２３－２", "緯度": 39.723799, "経度": 140.142943, "url": "https://www.iryou.teikyouseido.mhlw.go.jp/znk-web/juminkanja/S2430/initialize?prefCd=05&kikanCd=3050501700&kikanKbn=3", "url2": "www.kazusikaclinic.jp", "内容": "かず歯科クリニック【3:歯科】秋田県秋田市広面字昼寝２３－２" }, "geometry": { "type": "Point", "coordinates": [ 140.142943, 39.723799 ] } },
{ "type": "Feature", "properties": { "ID": 533050501710, "正式名称": "秋田アクアデンタルクリニック", "機関区分": 3, "都道府県コード": 5, "市区町村コード": 201, "所在地": "秋田県秋田市南通築地１１―２６", "緯度": 39.708769, "経度": 140.126128, "url": "https://www.iryou.teikyouseido.mhlw.go.jp/znk-web/juminkanja/S2430/initialize?prefCd=05&kikanCd=3050501710&kikanKbn=3", "url2": "http://www.akita-aquadental.com/", "内容": "秋田アクアデンタルクリニック【3:歯科】秋田県秋田市南通築地１１―２６" }, "geometry": { "type": "Point", "coordinates": [ 140.126128, 39.708769 ] } },
{ "type": "Feature", "properties": { "ID": 533050501720, "正式名称": "たかはし歯科クリニック", "機関区分": 3, "都道府県コード": 5, "市区町村コード": 201, "所在地": "秋田県秋田市外旭川字三後田２２－１", "緯度": 39.748659, "経度": 140.097493, "url": "https://www.iryou.teikyouseido.mhlw.go.jp/znk-web/juminkanja/S2430/initialize?prefCd=05&kikanCd=3050501720&kikanKbn=3", "url2": "http://takahashi-shikacl.com/", "内容": "たかはし歯科クリニック【3:歯科】秋田県秋田市外旭川字三後田２２－１" }, "geometry": { "type": "Point", "coordinates": [ 140.097493, 39.748659 ] } },
{ "type": "Feature", "properties": { "ID": 533050501740, "正式名称": "おやすみ通り歯科医院", "機関区分": 3, "都道府県コード": 5, "市区町村コード": 201, "所在地": "秋田県秋田市川尻御休町１－１９", "緯度": 39.713579, "経度": 140.099188, "url": "https://www.iryou.teikyouseido.mhlw.go.jp/znk-web/juminkanja/S2430/initialize?prefCd=05&kikanCd=3050501740&kikanKbn=3", "url2": "http://www.oyasumidc.jp/", "内容": "おやすみ通り歯科医院【3:歯科】秋田県秋田市川尻御休町１－１９" }, "geometry": { "type": "Point", "coordinates": [ 140.099188, 39.713579 ] } },
{ "type": "Feature", "properties": { "ID": 533050501750, "正式名称": "すずの木歯科クリニック", "機関区分": 3, "都道府県コード": 5, "市区町村コード": 201, "所在地": "秋田県秋田市八橋大畑二丁目２－８", "緯度": 39.733882, "経度": 140.096605, "url": "https://www.iryou.teikyouseido.mhlw.go.jp/znk-web/juminkanja/S2430/initialize?prefCd=05&kikanCd=3050501750&kikanKbn=3", "url2": "http://www.suzunoki-dc.jp/", "内容": "すずの木歯科クリニック【3:歯科】秋田県秋田市八橋大畑二丁目２－８" }, "geometry": { "type": "Point", "coordinates": [ 140.096605, 39.733882 ] } },
{ "type": "Feature", "properties": { "ID": 533050501760, "正式名称": "さくらのもり歯科医院", "機関区分": 3, "都道府県コード": 5, "市区町村コード": 201, "所在地": "秋田県秋田市桜二丁目２５－３", "緯度": 39.70747, "経度": 140.149045, "url": "https://www.iryou.teikyouseido.mhlw.go.jp/znk-web/juminkanja/S2430/initialize?prefCd=05&kikanCd=3050501760&kikanKbn=3", "url2": "http://www.sakuranomori-dental.com/", "内容": "さくらのもり歯科医院【3:歯科】秋田県秋田市桜二丁目２５－３" }, "geometry": { "type": "Point", "coordinates": [ 140.149045, 39.70747 ] } },
{ "type": "Feature", "properties": { "ID": 533050501770, "正式名称": "つね歯科クリニック", "機関区分": 3, "都道府県コード": 5, "市区町村コード": 201, "所在地": "秋田県秋田市飯島新町三丁目６－１", "緯度": 39.771739, "経度": 140.083826, "url": "https://www.iryou.teikyouseido.mhlw.go.jp/znk-web/juminkanja/S2430/initialize?prefCd=05&kikanCd=3050501770&kikanKbn=3", "url2": "http://tsune-dental.com/", "内容": "つね歯科クリニック【3:歯科】秋田県秋田市飯島新町三丁目６－１" }, "geometry": { "type": "Point", "coordinates": [ 140.083826, 39.771739 ] } },
{ "type": "Feature", "properties": { "ID": 533050501780, "正式名称": "みやがた駅東歯科", "機関区分": 3, "都道府県コード": 5, "市区町村コード": 201, "所在地": "秋田県秋田市手形字西谷地１８２－３", "緯度": 39.718912, "経度": 140.133241, "url": "https://www.iryou.teikyouseido.mhlw.go.jp/znk-web/juminkanja/S2430/initialize?prefCd=05&kikanCd=3050501780&kikanKbn=3", "url2": "http://miyagata-dc.com/", "内容": "みやがた駅東歯科【3:歯科】秋田県秋田市手形字西谷地１８２－３" }, "geometry": { "type": "Point", "coordinates": [ 140.133241, 39.718912 ] } },
{ "type": "Feature", "properties": { "ID": 533050501800, "正式名称": "玉木デンタルクリニック", "機関区分": 3, "都道府県コード": 5, "市区町村コード": 201, "所在地": "秋田県秋田市旭南３－２－７３", "緯度": 39.708135, "経度": 140.107077, "url": "https://www.iryou.teikyouseido.mhlw.go.jp/znk-web/juminkanja/S2430/initialize?prefCd=05&kikanCd=3050501800&kikanKbn=3", "url2": "http://tamaki-d.com/", "内容": "玉木デンタルクリニック【3:歯科】秋田県秋田市旭南３－２－７３" }, "geometry": { "type": "Point", "coordinates": [ 140.107077, 39.708135 ] } },
{ "type": "Feature", "properties": { "ID": 533050501820, "正式名称": "医療法人社団ＪＵＫＩ　いわやスマイル歯科クリニック", "機関区分": 3, "都道府県コード": 5, "市区町村コード": 201, "所在地": "秋田県秋田市寺内字三千刈３７１番地１", "緯度": 39.739826, "経度": 140.092549, "url": "https://www.iryou.teikyouseido.mhlw.go.jp/znk-web/juminkanja/S2430/initialize?prefCd=05&kikanCd=3050501820&kikanKbn=3", "url2": "http://www.iwayasmile-dc.com/", "内容": "医療法人社団ＪＵＫＩ　いわやスマイル歯科クリニック【3:歯科】秋田県秋田市寺内字三千刈３７１番地１" }, "geometry": { "type": "Point", "coordinates": [ 140.092549, 39.739826 ] } },
{ "type": "Feature", "properties": { "ID": 533050501830, "正式名称": "山王大通り歯科", "機関区分": 3, "都道府県コード": 5, "市区町村コード": 201, "所在地": "秋田県秋田市山王２－１－５３　秋田山王２１ビル２０２号室", "緯度": 39.719551, "経度": 140.105132, "url": "https://www.iryou.teikyouseido.mhlw.go.jp/znk-web/juminkanja/S2430/initialize?prefCd=05&kikanCd=3050501830&kikanKbn=3", "url2": "sanno-odourishika.com", "内容": "山王大通り歯科【3:歯科】秋田県秋田市山王２－１－５３　秋田山王２１ビル２０２号室" }, "geometry": { "type": "Point", "coordinates": [ 140.105132, 39.719551 ] } },
{ "type": "Feature", "properties": { "ID": 533050501840, "正式名称": "ひまわり歯科医院", "機関区分": 3, "都道府県コード": 5, "市区町村コード": 201, "所在地": "秋田県秋田市外旭川字野村２０１番地　ア－バンティ加賀屋Ａ号室", "緯度": 39.743159, "経度": 140.092965, "url": "https://www.iryou.teikyouseido.mhlw.go.jp/znk-web/juminkanja/S2430/initialize?prefCd=05&kikanCd=3050501840&kikanKbn=3", "url2": null, "内容": "ひまわり歯科医院【3:歯科】秋田県秋田市外旭川字野村２０１番地　ア－バンティ加賀屋Ａ号室" }, "geometry": { "type": "Point", "coordinates": [ 140.092965, 39.743159 ] } },
{ "type": "Feature", "properties": { "ID": 533050501850, "正式名称": "ごとう歯科クリニック", "機関区分": 3, "都道府県コード": 5, "市区町村コード": 201, "所在地": "秋田県秋田市保戸野通町２番３０号", "緯度": 39.720678, "経度": 140.118306, "url": "https://www.iryou.teikyouseido.mhlw.go.jp/znk-web/juminkanja/S2430/initialize?prefCd=05&kikanCd=3050501850&kikanKbn=3", "url2": "torimachi-gdc.com", "内容": "ごとう歯科クリニック【3:歯科】秋田県秋田市保戸野通町２番３０号" }, "geometry": { "type": "Point", "coordinates": [ 140.118306, 39.720678 ] } },
{ "type": "Feature", "properties": { "ID": 533050501870, "正式名称": "秋田センター歯科広幡歯科", "機関区分": 3, "都道府県コード": 5, "市区町村コード": 201, "所在地": "秋田県秋田市中通六丁目１３－８", "緯度": 39.714608, "経度": 140.126492, "url": "https://www.iryou.teikyouseido.mhlw.go.jp/znk-web/juminkanja/S2430/initialize?prefCd=05&kikanCd=3050501870&kikanKbn=3", "url2": "https://hirohatasika.jimdofree.com/", "内容": "秋田センター歯科広幡歯科【3:歯科】秋田県秋田市中通六丁目１３－８" }, "geometry": { "type": "Point", "coordinates": [ 140.126492, 39.714608 ] } },
{ "type": "Feature", "properties": { "ID": 533050501890, "正式名称": "社会医療法人　明和会　港北中通診療所", "機関区分": 3, "都道府県コード": 5, "市区町村コード": 201, "所在地": "秋田県秋田市土崎港北六丁目１番５号", "緯度": 39.765601, "経度": 140.075549, "url": "https://www.iryou.teikyouseido.mhlw.go.jp/znk-web/juminkanja/S2430/initialize?prefCd=05&kikanCd=3050501890&kikanKbn=3", "url2": "http://www.meiwakai.or.jp/kouhoku/", "内容": "社会医療法人　明和会　港北中通診療所【3:歯科】秋田県秋田市土崎港北六丁目１番５号" }, "geometry": { "type": "Point", "coordinates": [ 140.075549, 39.765601 ] } },
{ "type": "Feature", "properties": { "ID": 533050501900, "正式名称": "あらやクレール歯科クリニック", "機関区分": 3, "都道府県コード": 5, "市区町村コード": 201, "所在地": "秋田県秋田市新屋町字田尻沢１３１番地８", "緯度": 39.669223, "経度": 140.092663, "url": "https://www.iryou.teikyouseido.mhlw.go.jp/znk-web/juminkanja/S2430/initialize?prefCd=05&kikanCd=3050501900&kikanKbn=3", "url2": "araya-clair.com", "内容": "あらやクレール歯科クリニック【3:歯科】秋田県秋田市新屋町字田尻沢１３１番地８" }, "geometry": { "type": "Point", "coordinates": [ 140.092663, 39.669223 ] } },
{ "type": "Feature", "properties": { "ID": 533050501910, "正式名称": "広面さくらい歯科", "機関区分": 3, "都道府県コード": 5, "市区町村コード": 201, "所在地": "秋田県秋田市広面字昼寝４４番地２", "緯度": 39.72394, "経度": 140.141712, "url": "https://www.iryou.teikyouseido.mhlw.go.jp/znk-web/juminkanja/S2430/initialize?prefCd=05&kikanCd=3050501910&kikanKbn=3", "url2": "https://hiroomote-sakurai-shika.jp/", "内容": "広面さくらい歯科【3:歯科】秋田県秋田市広面字昼寝４４番地２" }, "geometry": { "type": "Point", "coordinates": [ 140.141712, 39.72394 ] } },
{ "type": "Feature", "properties": { "ID": 533050501930, "正式名称": "深川歯科医院", "機関区分": 3, "都道府県コード": 5, "市区町村コード": 201, "所在地": "秋田県秋田市中通二丁目５番１号　クロッセ秋田４階", "緯度": 39.716654, "経度": 140.125699, "url": "https://www.iryou.teikyouseido.mhlw.go.jp/znk-web/juminkanja/S2430/initialize?prefCd=05&kikanCd=3050501930&kikanKbn=3", "url2": "https://www.fukagawadentaloffice.jp/", "内容": "深川歯科医院【3:歯科】秋田県秋田市中通二丁目５番１号　クロッセ秋田４階" }, "geometry": { "type": "Point", "coordinates": [ 140.125699, 39.716654 ] } },
{ "type": "Feature", "properties": { "ID": 533050501940, "正式名称": "医療法人ＧＲＩＴ　稲葉歯科医院", "機関区分": 3, "都道府県コード": 5, "市区町村コード": 201, "所在地": "秋田県秋田市川元開和町１０－２０", "緯度": 39.709966, "経度": 140.106579, "url": "https://www.iryou.teikyouseido.mhlw.go.jp/znk-web/juminkanja/S2430/initialize?prefCd=05&kikanCd=3050501940&kikanKbn=3", "url2": null, "内容": "医療法人ＧＲＩＴ　稲葉歯科医院【3:歯科】秋田県秋田市川元開和町１０－２０" }, "geometry": { "type": "Point", "coordinates": [ 140.106579, 39.709966 ] } },
{ "type": "Feature", "properties": { "ID": 533050600010, "正式名称": "医療法人　大坂歯科医院", "機関区分": 3, "都道府県コード": 5, "市区町村コード": 210, "所在地": "秋田県由利本荘市石脇田尻野２２－３１", "緯度": 39.39514, "経度": 140.03157, "url": "https://www.iryou.teikyouseido.mhlw.go.jp/znk-web/juminkanja/S2430/initialize?prefCd=05&kikanCd=3050600010&kikanKbn=3", "url2": null, "内容": "医療法人　大坂歯科医院【3:歯科】秋田県由利本荘市石脇田尻野２２－３１" }, "geometry": { "type": "Point", "coordinates": [ 140.03157, 39.39514 ] } },
{ "type": "Feature", "properties": { "ID": 533050600020, "正式名称": "鈴木歯科クリニック", "機関区分": 3, "都道府県コード": 5, "市区町村コード": 210, "所在地": "秋田県由利本荘市石脇（山ノ神）１１－１１１５", "緯度": 39.406, "経度": 140.032875, "url": "https://www.iryou.teikyouseido.mhlw.go.jp/znk-web/juminkanja/S2430/initialize?prefCd=05&kikanCd=3050600020&kikanKbn=3", "url2": null, "内容": "鈴木歯科クリニック【3:歯科】秋田県由利本荘市石脇（山ノ神）１１－１１１５" }, "geometry": { "type": "Point", "coordinates": [ 140.032875, 39.406 ] } },
{ "type": "Feature", "properties": { "ID": 533050600030, "正式名称": "藤原歯科医院", "機関区分": 3, "都道府県コード": 5, "市区町村コード": 210, "所在地": "秋田県由利本荘市大浦字八走１２４－１", "緯度": 39.402112, "経度": 140.054039, "url": "https://www.iryou.teikyouseido.mhlw.go.jp/znk-web/juminkanja/S2430/initialize?prefCd=05&kikanCd=3050600030&kikanKbn=3", "url2": "https://www.jda.or.jp/search/detail_48427.html", "内容": "藤原歯科医院【3:歯科】秋田県由利本荘市大浦字八走１２４－１" }, "geometry": { "type": "Point", "coordinates": [ 140.054039, 39.402112 ] } },
{ "type": "Feature", "properties": { "ID": 533050600040, "正式名称": "ほかり歯科医院", "機関区分": 3, "都道府県コード": 5, "市区町村コード": 210, "所在地": "秋田県由利本荘市矢島町七日町栩木田１－２１", "緯度": 39.228715, "経度": 140.141568, "url": "https://www.iryou.teikyouseido.mhlw.go.jp/znk-web/juminkanja/S2430/initialize?prefCd=05&kikanCd=3050600040&kikanKbn=3", "url2": null, "内容": "ほかり歯科医院【3:歯科】秋田県由利本荘市矢島町七日町栩木田１－２１" }, "geometry": { "type": "Point", "coordinates": [ 140.141568, 39.228715 ] } },
{ "type": "Feature", "properties": { "ID": 533050600050, "正式名称": "東京ホワイト歯科", "機関区分": 3, "都道府県コード": 5, "市区町村コード": 210, "所在地": "秋田県由利本荘市川口八幡前２５２－１", "緯度": 39.399735, "経度": 140.061272, "url": "https://www.iryou.teikyouseido.mhlw.go.jp/znk-web/juminkanja/S2430/initialize?prefCd=05&kikanCd=3050600050&kikanKbn=3", "url2": null, "内容": "東京ホワイト歯科【3:歯科】秋田県由利本荘市川口八幡前２５２－１" }, "geometry": { "type": "Point", "coordinates": [ 140.061272, 39.399735 ] } },
{ "type": "Feature", "properties": { "ID": 533050600060, "正式名称": "五味デンタルクリニック", "機関区分": 3, "都道府県コード": 5, "市区町村コード": 210, "所在地": "秋田県由利本荘市川口家後７９－１", "緯度": 39.405167, "経度": 140.063205, "url": "https://www.iryou.teikyouseido.mhlw.go.jp/znk-web/juminkanja/S2430/initialize?prefCd=05&kikanCd=3050600060&kikanKbn=3", "url2": null, "内容": "五味デンタルクリニック【3:歯科】秋田県由利本荘市川口家後７９－１" }, "geometry": { "type": "Point", "coordinates": [ 140.063205, 39.405167 ] } },
{ "type": "Feature", "properties": { "ID": 533050600070, "正式名称": "あらまち歯科医院", "機関区分": 3, "都道府県コード": 5, "市区町村コード": 210, "所在地": "秋田県由利本荘市荒町改６５－１", "緯度": 39.351709, "経度": 140.077199, "url": "https://www.iryou.teikyouseido.mhlw.go.jp/znk-web/juminkanja/S2430/initialize?prefCd=05&kikanCd=3050600070&kikanKbn=3", "url2": null, "内容": "あらまち歯科医院【3:歯科】秋田県由利本荘市荒町改６５－１" }, "geometry": { "type": "Point", "coordinates": [ 140.077199, 39.351709 ] } },
{ "type": "Feature", "properties": { "ID": 533050600080, "正式名称": "医療法人瑞雲会　工藤歯科医院", "機関区分": 3, "都道府県コード": 5, "市区町村コード": 210, "所在地": "秋田県由利本荘市裏尾崎町１０－２", "緯度": 39.388051, "経度": 140.047323, "url": "https://www.iryou.teikyouseido.mhlw.go.jp/znk-web/juminkanja/S2430/initialize?prefCd=05&kikanCd=3050600080&kikanKbn=3", "url2": null, "内容": "医療法人瑞雲会　工藤歯科医院【3:歯科】秋田県由利本荘市裏尾崎町１０－２" }, "geometry": { "type": "Point", "coordinates": [ 140.047323, 39.388051 ] } },
{ "type": "Feature", "properties": { "ID": 533050600100, "正式名称": "志村歯科医院", "機関区分": 3, "都道府県コード": 5, "市区町村コード": 210, "所在地": "秋田県由利本荘市花畑町１－４", "緯度": 39.384586, "経度": 140.055846, "url": "https://www.iryou.teikyouseido.mhlw.go.jp/znk-web/juminkanja/S2430/initialize?prefCd=05&kikanCd=3050600100&kikanKbn=3", "url2": null, "内容": "志村歯科医院【3:歯科】秋田県由利本荘市花畑町１－４" }, "geometry": { "type": "Point", "coordinates": [ 140.055846, 39.384586 ] } },
{ "type": "Feature", "properties": { "ID": 533050600120, "正式名称": "医療法人　小松歯科医院", "機関区分": 3, "都道府県コード": 5, "市区町村コード": 210, "所在地": "秋田県由利本荘市東由利舘合字館前２３－２", "緯度": 39.286794, "経度": 140.282554, "url": "https://www.iryou.teikyouseido.mhlw.go.jp/znk-web/juminkanja/S2430/initialize?prefCd=05&kikanCd=3050600120&kikanKbn=3", "url2": null, "内容": "医療法人　小松歯科医院【3:歯科】秋田県由利本荘市東由利舘合字館前２３－２" }, "geometry": { "type": "Point", "coordinates": [ 140.282554, 39.286794 ] } },
{ "type": "Feature", "properties": { "ID": 533050600140, "正式名称": "いしだ歯科診療所", "機関区分": 3, "都道府県コード": 5, "市区町村コード": 210, "所在地": "秋田県由利本荘市鳥海町伏見字山添７５の５", "緯度": 39.197608, "経度": 140.192482, "url": "https://www.iryou.teikyouseido.mhlw.go.jp/znk-web/juminkanja/S2430/initialize?prefCd=05&kikanCd=3050600140&kikanKbn=3", "url2": null, "内容": "いしだ歯科診療所【3:歯科】秋田県由利本荘市鳥海町伏見字山添７５の５" }, "geometry": { "type": "Point", "coordinates": [ 140.192482, 39.197608 ] } },
{ "type": "Feature", "properties": { "ID": 533050600150, "正式名称": "医療法人　歯仁会　斎藤歯科診療所", "機関区分": 3, "都道府県コード": 5, "市区町村コード": 210, "所在地": "秋田県由利本荘市美倉町４７－１", "緯度": 39.390029, "経度": 140.052318, "url": "https://www.iryou.teikyouseido.mhlw.go.jp/znk-web/juminkanja/S2430/initialize?prefCd=05&kikanCd=3050600150&kikanKbn=3", "url2": "https://www.saitoshika4182.com/", "内容": "医療法人　歯仁会　斎藤歯科診療所【3:歯科】秋田県由利本荘市美倉町４７－１" }, "geometry": { "type": "Point", "coordinates": [ 140.052318, 39.390029 ] } },
{ "type": "Feature", "properties": { "ID": 533050600170, "正式名称": "藤丸歯科クリニック", "機関区分": 3, "都道府県コード": 5, "市区町村コード": 210, "所在地": "秋田県由利本荘市中竪町１８－１", "緯度": 39.388613, "経度": 140.049068, "url": "https://www.iryou.teikyouseido.mhlw.go.jp/znk-web/juminkanja/S2430/initialize?prefCd=05&kikanCd=3050600170&kikanKbn=3", "url2": null, "内容": "藤丸歯科クリニック【3:歯科】秋田県由利本荘市中竪町１８－１" }, "geometry": { "type": "Point", "coordinates": [ 140.049068, 39.388613 ] } },
{ "type": "Feature", "properties": { "ID": 533050600190, "正式名称": "武田歯科医院", "機関区分": 3, "都道府県コード": 5, "市区町村コード": 210, "所在地": "秋田県由利本荘市桶屋町１２４", "緯度": 39.392474, "経度": 140.047652, "url": "https://www.iryou.teikyouseido.mhlw.go.jp/znk-web/juminkanja/S2430/initialize?prefCd=05&kikanCd=3050600190&kikanKbn=3", "url2": "https://www.takedas-dental.com", "内容": "武田歯科医院【3:歯科】秋田県由利本荘市桶屋町１２４" }, "geometry": { "type": "Point", "coordinates": [ 140.047652, 39.392474 ] } },
{ "type": "Feature", "properties": { "ID": 533050600200, "正式名称": "おおくま歯科クリニック", "機関区分": 3, "都道府県コード": 5, "市区町村コード": 210, "所在地": "秋田県由利本荘市赤沼下４２３－１", "緯度": 39.391891, "経度": 140.057318, "url": "https://www.iryou.teikyouseido.mhlw.go.jp/znk-web/juminkanja/S2430/initialize?prefCd=05&kikanCd=3050600200&kikanKbn=3", "url2": "www.okuma-shika.jp", "内容": "おおくま歯科クリニック【3:歯科】秋田県由利本荘市赤沼下４２３－１" }, "geometry": { "type": "Point", "coordinates": [ 140.057318, 39.391891 ] } },
{ "type": "Feature", "properties": { "ID": 533050600210, "正式名称": "しんどう歯科クリニック", "機関区分": 3, "都道府県コード": 5, "市区町村コード": 210, "所在地": "秋田県由利本荘市砂子下７－３", "緯度": 39.388252, "経度": 140.039208, "url": "https://www.iryou.teikyouseido.mhlw.go.jp/znk-web/juminkanja/S2430/initialize?prefCd=05&kikanCd=3050600210&kikanKbn=3", "url2": "http://nttbj.itp.ne.jp/0184281123/", "内容": "しんどう歯科クリニック【3:歯科】秋田県由利本荘市砂子下７－３" }, "geometry": { "type": "Point", "coordinates": [ 140.039208, 39.388252 ] } },
{ "type": "Feature", "properties": { "ID": 533050600220, "正式名称": "さはら歯科クリニック", "機関区分": 3, "都道府県コード": 5, "市区町村コード": 210, "所在地": "秋田県由利本荘市中梵天１００－１", "緯度": 39.385892, "経度": 140.061373, "url": "https://www.iryou.teikyouseido.mhlw.go.jp/znk-web/juminkanja/S2430/initialize?prefCd=05&kikanCd=3050600220&kikanKbn=3", "url2": null, "内容": "さはら歯科クリニック【3:歯科】秋田県由利本荘市中梵天１００－１" }, "geometry": { "type": "Point", "coordinates": [ 140.061373, 39.385892 ] } },
{ "type": "Feature", "properties": { "ID": 533050600230, "正式名称": "金子歯科医院", "機関区分": 3, "都道府県コード": 5, "市区町村コード": 210, "所在地": "秋田県由利本荘市御門２２４－２", "緯度": 39.382086, "経度": 140.049791, "url": "https://www.iryou.teikyouseido.mhlw.go.jp/znk-web/juminkanja/S2430/initialize?prefCd=05&kikanCd=3050600230&kikanKbn=3", "url2": "https://www.kaneko-sika.jp/", "内容": "金子歯科医院【3:歯科】秋田県由利本荘市御門２２４－２" }, "geometry": { "type": "Point", "coordinates": [ 140.049791, 39.382086 ] } },
{ "type": "Feature", "properties": { "ID": 533050600240, "正式名称": "あいば歯科クリニック", "機関区分": 3, "都道府県コード": 5, "市区町村コード": 210, "所在地": "秋田県由利本荘市西目町沼田弁天前４０－３１７", "緯度": 39.349256, "経度": 140.018518, "url": "https://www.iryou.teikyouseido.mhlw.go.jp/znk-web/juminkanja/S2430/initialize?prefCd=05&kikanCd=3050600240&kikanKbn=3", "url2": "http://aiba-dc.art.coocan.jp/", "内容": "あいば歯科クリニック【3:歯科】秋田県由利本荘市西目町沼田弁天前４０－３１７" }, "geometry": { "type": "Point", "coordinates": [ 140.018518, 39.349256 ] } },
{ "type": "Feature", "properties": { "ID": 533050600250, "正式名称": "医療法人　ケーディーシィー　金内歯科医院", "機関区分": 3, "都道府県コード": 5, "市区町村コード": 210, "所在地": "秋田県由利本荘市岩谷町日渡２５２", "緯度": 39.440498, "経度": 140.093951, "url": "https://www.iryou.teikyouseido.mhlw.go.jp/znk-web/juminkanja/S2430/initialize?prefCd=05&kikanCd=3050600250&kikanKbn=3", "url2": "http://www.kaneuchishika.com/", "内容": "医療法人　ケーディーシィー　金内歯科医院【3:歯科】秋田県由利本荘市岩谷町日渡２５２" }, "geometry": { "type": "Point", "coordinates": [ 140.093951, 39.440498 ] } },
{ "type": "Feature", "properties": { "ID": 533050600260, "正式名称": "医療法人　大内会　鈴木歯科診療所", "機関区分": 3, "都道府県コード": 5, "市区町村コード": 210, "所在地": "秋田県由利本荘市大内三川白山田８６－１", "緯度": 39.445136, "経度": 140.112977, "url": "https://www.iryou.teikyouseido.mhlw.go.jp/znk-web/juminkanja/S2430/initialize?prefCd=05&kikanCd=3050600260&kikanKbn=3", "url2": null, "内容": "医療法人　大内会　鈴木歯科診療所【3:歯科】秋田県由利本荘市大内三川白山田８６－１" }, "geometry": { "type": "Point", "coordinates": [ 140.112977, 39.445136 ] } },
{ "type": "Feature", "properties": { "ID": 533050600270, "正式名称": "蔵小路歯科クリニック", "機関区分": 3, "都道府県コード": 5, "市区町村コード": 210, "所在地": "秋田県由利本荘市岩城亀田大町蔵小路１１", "緯度": 39.501574, "経度": 140.081699, "url": "https://www.iryou.teikyouseido.mhlw.go.jp/znk-web/juminkanja/S2430/initialize?prefCd=05&kikanCd=3050600270&kikanKbn=3", "url2": null, "内容": "蔵小路歯科クリニック【3:歯科】秋田県由利本荘市岩城亀田大町蔵小路１１" }, "geometry": { "type": "Point", "coordinates": [ 140.081699, 39.501574 ] } },
{ "type": "Feature", "properties": { "ID": 533050600280, "正式名称": "医療法人恭栄会　いわきＳｕｎ歯科クリニック", "機関区分": 3, "都道府県コード": 5, "市区町村コード": 210, "所在地": "秋田県由利本荘市岩城内道川新鶴潟３－８", "緯度": 39.542291, "経度": 140.055617, "url": "https://www.iryou.teikyouseido.mhlw.go.jp/znk-web/juminkanja/S2430/initialize?prefCd=05&kikanCd=3050600280&kikanKbn=3", "url2": "http://izumiminami-dental.com/iwaki/index.html", "内容": "医療法人恭栄会　いわきＳｕｎ歯科クリニック【3:歯科】秋田県由利本荘市岩城内道川新鶴潟３－８" }, "geometry": { "type": "Point", "coordinates": [ 140.055617, 39.542291 ] } },
{ "type": "Feature", "properties": { "ID": 533050600290, "正式名称": "医療法人富士琶会　古田歯科医院", "機関区分": 3, "都道府県コード": 5, "市区町村コード": 214, "所在地": "秋田県にかほ市象潟町浜山５２－１", "緯度": 39.200956, "経度": 139.904285, "url": "https://www.iryou.teikyouseido.mhlw.go.jp/znk-web/juminkanja/S2430/initialize?prefCd=05&kikanCd=3050600290&kikanKbn=3", "url2": null, "内容": "医療法人富士琶会　古田歯科医院【3:歯科】秋田県にかほ市象潟町浜山５２－１" }, "geometry": { "type": "Point", "coordinates": [ 139.904285, 39.200956 ] } },
{ "type": "Feature", "properties": { "ID": 533050600300, "正式名称": "スマイル歯科", "機関区分": 3, "都道府県コード": 5, "市区町村コード": 214, "所在地": "秋田県にかほ市象潟町４丁目塩越２９１－２", "緯度": 39.203685, "経度": 139.899311, "url": "https://www.iryou.teikyouseido.mhlw.go.jp/znk-web/juminkanja/S2430/initialize?prefCd=05&kikanCd=3050600300&kikanKbn=3", "url2": null, "内容": "スマイル歯科【3:歯科】秋田県にかほ市象潟町４丁目塩越２９１－２" }, "geometry": { "type": "Point", "coordinates": [ 139.899311, 39.203685 ] } },
{ "type": "Feature", "properties": { "ID": 533050600310, "正式名称": "かんざか歯科医院", "機関区分": 3, "都道府県コード": 5, "市区町村コード": 214, "所在地": "秋田県にかほ市象潟町４丁目塩越２４４－１", "緯度": 39.205352, "経度": 139.897784, "url": "https://www.iryou.teikyouseido.mhlw.go.jp/znk-web/juminkanja/S2430/initialize?prefCd=05&kikanCd=3050600310&kikanKbn=3", "url2": null, "内容": "かんざか歯科医院【3:歯科】秋田県にかほ市象潟町４丁目塩越２４４－１" }, "geometry": { "type": "Point", "coordinates": [ 139.897784, 39.205352 ] } },
{ "type": "Feature", "properties": { "ID": 533050600320, "正式名称": "さとう歯科クリニック", "機関区分": 3, "都道府県コード": 5, "市区町村コード": 214, "所在地": "秋田県にかほ市金浦十二林３３－３", "緯度": 39.255708, "経度": 139.919669, "url": "https://www.iryou.teikyouseido.mhlw.go.jp/znk-web/juminkanja/S2430/initialize?prefCd=05&kikanCd=3050600320&kikanKbn=3", "url2": null, "内容": "さとう歯科クリニック【3:歯科】秋田県にかほ市金浦十二林３３－３" }, "geometry": { "type": "Point", "coordinates": [ 139.919669, 39.255708 ] } },
{ "type": "Feature", "properties": { "ID": 533050600340, "正式名称": "医療法人　すずき歯科医院", "機関区分": 3, "都道府県コード": 5, "市区町村コード": 214, "所在地": "秋田県にかほ市平沢清水尻１３６－１", "緯度": 39.286456, "経度": 139.969386, "url": "https://www.iryou.teikyouseido.mhlw.go.jp/znk-web/juminkanja/S2430/initialize?prefCd=05&kikanCd=3050600340&kikanKbn=3", "url2": null, "内容": "医療法人　すずき歯科医院【3:歯科】秋田県にかほ市平沢清水尻１３６－１" }, "geometry": { "type": "Point", "coordinates": [ 139.969386, 39.286456 ] } },
{ "type": "Feature", "properties": { "ID": 533050600350, "正式名称": "小松歯科医院", "機関区分": 3, "都道府県コード": 5, "市区町村コード": 214, "所在地": "秋田県にかほ市平沢八森２４－３", "緯度": 39.285401, "経度": 139.96258, "url": "https://www.iryou.teikyouseido.mhlw.go.jp/znk-web/juminkanja/S2430/initialize?prefCd=05&kikanCd=3050600350&kikanKbn=3", "url2": null, "内容": "小松歯科医院【3:歯科】秋田県にかほ市平沢八森２４－３" }, "geometry": { "type": "Point", "coordinates": [ 139.96258, 39.285401 ] } },
{ "type": "Feature", "properties": { "ID": 533050600370, "正式名称": "医療法人　信康会　西目はまなす歯科", "機関区分": 3, "都道府県コード": 5, "市区町村コード": 210, "所在地": "秋田県由利本荘市西目町沼田字新道下２－１９", "緯度": 39.346506, "経度": 140.015545, "url": "https://www.iryou.teikyouseido.mhlw.go.jp/znk-web/juminkanja/S2430/initialize?prefCd=05&kikanCd=3050600370&kikanKbn=3", "url2": null, "内容": "医療法人　信康会　西目はまなす歯科【3:歯科】秋田県由利本荘市西目町沼田字新道下２－１９" }, "geometry": { "type": "Point", "coordinates": [ 140.015545, 39.346506 ] } },
{ "type": "Feature", "properties": { "ID": 533050600380, "正式名称": "医療法人敬慶会　御門歯科クリニック", "機関区分": 3, "都道府県コード": 5, "市区町村コード": 210, "所在地": "秋田県由利本荘市本田仲町７２番地", "緯度": 39.382419, "経度": 140.051874, "url": "https://www.iryou.teikyouseido.mhlw.go.jp/znk-web/juminkanja/S2430/initialize?prefCd=05&kikanCd=3050600380&kikanKbn=3", "url2": null, "内容": "医療法人敬慶会　御門歯科クリニック【3:歯科】秋田県由利本荘市本田仲町７２番地" }, "geometry": { "type": "Point", "coordinates": [ 140.051874, 39.382419 ] } },
{ "type": "Feature", "properties": { "ID": 533050600390, "正式名称": "さいとうデンタル　クリニック", "機関区分": 3, "都道府県コード": 5, "市区町村コード": 210, "所在地": "秋田県由利本荘市東梵天１９０－１", "緯度": 39.38534, "経度": 140.06373, "url": "https://www.iryou.teikyouseido.mhlw.go.jp/znk-web/juminkanja/S2430/initialize?prefCd=05&kikanCd=3050600390&kikanKbn=3", "url2": "http:://sdc-yurihonjo.com", "内容": "さいとうデンタル　クリニック【3:歯科】秋田県由利本荘市東梵天１９０－１" }, "geometry": { "type": "Point", "coordinates": [ 140.06373, 39.38534 ] } },
{ "type": "Feature", "properties": { "ID": 533050600400, "正式名称": "二古歯科診療所", "機関区分": 3, "都道府県コード": 5, "市区町村コード": 210, "所在地": "秋田県由利本荘市岩城二古字横砂子１－６７", "緯度": 39.537348, "経度": 140.057645, "url": "https://www.iryou.teikyouseido.mhlw.go.jp/znk-web/juminkanja/S2430/initialize?prefCd=05&kikanCd=3050600400&kikanKbn=3", "url2": null, "内容": "二古歯科診療所【3:歯科】秋田県由利本荘市岩城二古字横砂子１－６７" }, "geometry": { "type": "Point", "coordinates": [ 140.057645, 39.537348 ] } },
{ "type": "Feature", "properties": { "ID": 533050700010, "正式名称": "井関歯科医院", "機関区分": 3, "都道府県コード": 5, "市区町村コード": 212, "所在地": "秋田県大仙市朝日町４－１４", "緯度": 39.468167, "経度": 140.475363, "url": "https://www.iryou.teikyouseido.mhlw.go.jp/znk-web/juminkanja/S2430/initialize?prefCd=05&kikanCd=3050700010&kikanKbn=3", "url2": null, "内容": "井関歯科医院【3:歯科】秋田県大仙市朝日町４－１４" }, "geometry": { "type": "Point", "coordinates": [ 140.475363, 39.468167 ] } },
{ "type": "Feature", "properties": { "ID": 533050700030, "正式名称": "嶋村歯科クリニック", "機関区分": 3, "都道府県コード": 5, "市区町村コード": 212, "所在地": "秋田県大仙市大曲中通町８－３２", "緯度": 39.463141, "経度": 140.47789, "url": "https://www.iryou.teikyouseido.mhlw.go.jp/znk-web/juminkanja/S2430/initialize?prefCd=05&kikanCd=3050700030&kikanKbn=3", "url2": null, "内容": "嶋村歯科クリニック【3:歯科】秋田県大仙市大曲中通町８－３２" }, "geometry": { "type": "Point", "coordinates": [ 140.47789, 39.463141 ] } },
{ "type": "Feature", "properties": { "ID": 533050700040, "正式名称": "船木歯科医院", "機関区分": 3, "都道府県コード": 5, "市区町村コード": 212, "所在地": "秋田県大仙市大曲中通町２番１７号", "緯度": 39.460807, "経度": 140.479918, "url": "https://www.iryou.teikyouseido.mhlw.go.jp/znk-web/juminkanja/S2430/initialize?prefCd=05&kikanCd=3050700040&kikanKbn=3", "url2": null, "内容": "船木歯科医院【3:歯科】秋田県大仙市大曲中通町２番１７号" }, "geometry": { "type": "Point", "coordinates": [ 140.479918, 39.460807 ] } },
{ "type": "Feature", "properties": { "ID": 533050700060, "正式名称": "金子歯科クリニック", "機関区分": 3, "都道府県コード": 5, "市区町村コード": 212, "所在地": "秋田県大仙市大曲丸子町７－３１", "緯度": 39.460779, "経度": 140.48914, "url": "https://www.iryou.teikyouseido.mhlw.go.jp/znk-web/juminkanja/S2430/initialize?prefCd=05&kikanCd=3050700060&kikanKbn=3", "url2": "http://www.dental-k.info", "内容": "金子歯科クリニック【3:歯科】秋田県大仙市大曲丸子町７－３１" }, "geometry": { "type": "Point", "coordinates": [ 140.48914, 39.460779 ] } },
{ "type": "Feature", "properties": { "ID": 533050700070, "正式名称": "田口歯科医院", "機関区分": 3, "都道府県コード": 5, "市区町村コード": 212, "所在地": "秋田県大仙市大曲田町２８－３０", "緯度": 39.450947, "経度": 140.485001, "url": "https://www.iryou.teikyouseido.mhlw.go.jp/znk-web/juminkanja/S2430/initialize?prefCd=05&kikanCd=3050700070&kikanKbn=3", "url2": null, "内容": "田口歯科医院【3:歯科】秋田県大仙市大曲田町２８－３０" }, "geometry": { "type": "Point", "coordinates": [ 140.485001, 39.450947 ] } },
{ "type": "Feature", "properties": { "ID": 533050700080, "正式名称": "高橋ひろし歯科医院", "機関区分": 3, "都道府県コード": 5, "市区町村コード": 212, "所在地": "秋田県大仙市大曲田町１２－２０", "緯度": 39.453197, "経度": 140.482057, "url": "https://www.iryou.teikyouseido.mhlw.go.jp/znk-web/juminkanja/S2430/initialize?prefCd=05&kikanCd=3050700080&kikanKbn=3", "url2": "https://takahashi-hiroshi-dental-clinic.com", "内容": "高橋ひろし歯科医院【3:歯科】秋田県大仙市大曲田町１２－２０" }, "geometry": { "type": "Point", "coordinates": [ 140.482057, 39.453197 ] } },
{ "type": "Feature", "properties": { "ID": 533050700100, "正式名称": "畠山歯科医院", "機関区分": 3, "都道府県コード": 5, "市区町村コード": 212, "所在地": "秋田県大仙市大曲浜町２－３", "緯度": 39.457918, "経度": 140.474864, "url": "https://www.iryou.teikyouseido.mhlw.go.jp/znk-web/juminkanja/S2430/initialize?prefCd=05&kikanCd=3050700100&kikanKbn=3", "url2": null, "内容": "畠山歯科医院【3:歯科】秋田県大仙市大曲浜町２－３" }, "geometry": { "type": "Point", "coordinates": [ 140.474864, 39.457918 ] } },
{ "type": "Feature", "properties": { "ID": 533050700120, "正式名称": "社会医療法人明和会　大曲中通歯科診療所", "機関区分": 3, "都道府県コード": 5, "市区町村コード": 212, "所在地": "秋田県大仙市大曲上栄町４－３", "緯度": 39.451392, "経度": 140.475836, "url": "https://www.iryou.teikyouseido.mhlw.go.jp/znk-web/juminkanja/S2430/initialize?prefCd=05&kikanCd=3050700120&kikanKbn=3", "url2": "http://www.meiwakai.or.jp/", "内容": "社会医療法人明和会　大曲中通歯科診療所【3:歯科】秋田県大仙市大曲上栄町４－３" }, "geometry": { "type": "Point", "coordinates": [ 140.475836, 39.451392 ] } },
{ "type": "Feature", "properties": { "ID": 533050700130, "正式名称": "ホワイト歯科医院", "機関区分": 3, "都道府県コード": 5, "市区町村コード": 212, "所在地": "秋田県大仙市大曲日の出町２丁目４番１６号", "緯度": 39.44442, "経度": 140.480641, "url": "https://www.iryou.teikyouseido.mhlw.go.jp/znk-web/juminkanja/S2430/initialize?prefCd=05&kikanCd=3050700130&kikanKbn=3", "url2": null, "内容": "ホワイト歯科医院【3:歯科】秋田県大仙市大曲日の出町２丁目４番１６号" }, "geometry": { "type": "Point", "coordinates": [ 140.480641, 39.44442 ] } },
{ "type": "Feature", "properties": { "ID": 533050700140, "正式名称": "医療法人ヒロ・デンタル・プロデュース　タケダ歯科秋田インプラントクリニック", "機関区分": 3, "都道府県コード": 5, "市区町村コード": 212, "所在地": "秋田県大仙市飯田大道端３－１", "緯度": 39.429561, "経度": 140.48703, "url": "https://www.iryou.teikyouseido.mhlw.go.jp/znk-web/juminkanja/S2430/initialize?prefCd=05&kikanCd=3050700140&kikanKbn=3", "url2": "http://www.hiro418.net", "内容": "医療法人ヒロ・デンタル・プロデュース　タケダ歯科秋田インプラントクリニック【3:歯科】秋田県大仙市飯田大道端３－１" }, "geometry": { "type": "Point", "coordinates": [ 140.48703, 39.429561 ] } },
{ "type": "Feature", "properties": { "ID": 533050700150, "正式名称": "岩田歯科医院", "機関区分": 3, "都道府県コード": 5, "市区町村コード": 212, "所在地": "秋田県大仙市四ツ屋字下古道４２－１", "緯度": 39.493193, "経度": 140.498554, "url": "https://www.iryou.teikyouseido.mhlw.go.jp/znk-web/juminkanja/S2430/initialize?prefCd=05&kikanCd=3050700150&kikanKbn=3", "url2": "http://www.myclinic.ne.jp/iwatashika/", "内容": "岩田歯科医院【3:歯科】秋田県大仙市四ツ屋字下古道４２－１" }, "geometry": { "type": "Point", "coordinates": [ 140.498554, 39.493193 ] } },
{ "type": "Feature", "properties": { "ID": 533050700170, "正式名称": "ながさか歯科医院", "機関区分": 3, "都道府県コード": 5, "市区町村コード": 212, "所在地": "秋田県大仙市北長野字茶畑５５－１", "緯度": 39.545521, "経度": 140.546131, "url": "https://www.iryou.teikyouseido.mhlw.go.jp/znk-web/juminkanja/S2430/initialize?prefCd=05&kikanCd=3050700170&kikanKbn=3", "url2": null, "内容": "ながさか歯科医院【3:歯科】秋田県大仙市北長野字茶畑５５－１" }, "geometry": { "type": "Point", "coordinates": [ 140.546131, 39.545521 ] } },
{ "type": "Feature", "properties": { "ID": 533050700190, "正式名称": "米澤歯科医院", "機関区分": 3, "都道府県コード": 5, "市区町村コード": 212, "所在地": "秋田県大仙市長野六日町６８", "緯度": 39.542021, "経度": 140.534271, "url": "https://www.iryou.teikyouseido.mhlw.go.jp/znk-web/juminkanja/S2430/initialize?prefCd=05&kikanCd=3050700190&kikanKbn=3", "url2": null, "内容": "米澤歯科医院【3:歯科】秋田県大仙市長野六日町６８" }, "geometry": { "type": "Point", "coordinates": [ 140.534271, 39.542021 ] } },
{ "type": "Feature", "properties": { "ID": 533050700200, "正式名称": "たかはし歯科クリニック", "機関区分": 3, "都道府県コード": 5, "市区町村コード": 212, "所在地": "秋田県大仙市高梨田茂木８４", "緯度": 39.461252, "経度": 140.505111, "url": "https://www.iryou.teikyouseido.mhlw.go.jp/znk-web/juminkanja/S2430/initialize?prefCd=05&kikanCd=3050700200&kikanKbn=3", "url2": null, "内容": "たかはし歯科クリニック【3:歯科】秋田県大仙市高梨田茂木８４" }, "geometry": { "type": "Point", "coordinates": [ 140.505111, 39.461252 ] } },
{ "type": "Feature", "properties": { "ID": 533050700210, "正式名称": "高橋歯科医院", "機関区分": 3, "都道府県コード": 5, "市区町村コード": 212, "所在地": "秋田県大仙市角間川町字西本町２", "緯度": 39.406952, "経度": 140.480532, "url": "https://www.iryou.teikyouseido.mhlw.go.jp/znk-web/juminkanja/S2430/initialize?prefCd=05&kikanCd=3050700210&kikanKbn=3", "url2": null, "内容": "高橋歯科医院【3:歯科】秋田県大仙市角間川町字西本町２" }, "geometry": { "type": "Point", "coordinates": [ 140.480532, 39.406952 ] } },
{ "type": "Feature", "properties": { "ID": 533050700220, "正式名称": "角間川歯科医院", "機関区分": 3, "都道府県コード": 5, "市区町村コード": 212, "所在地": "秋田県大仙市角間川町中前田１１", "緯度": 39.39862, "経度": 140.48131, "url": "https://www.iryou.teikyouseido.mhlw.go.jp/znk-web/juminkanja/S2430/initialize?prefCd=05&kikanCd=3050700220&kikanKbn=3", "url2": null, "内容": "角間川歯科医院【3:歯科】秋田県大仙市角間川町中前田１１" }, "geometry": { "type": "Point", "coordinates": [ 140.48131, 39.39862 ] } },
{ "type": "Feature", "properties": { "ID": 533050700230, "正式名称": "おやしき歯科クリニック", "機関区分": 3, "都道府県コード": 5, "市区町村コード": 212, "所在地": "秋田県大仙市角間川町東本町６", "緯度": 39.408785, "経度": 140.481866, "url": "https://www.iryou.teikyouseido.mhlw.go.jp/znk-web/juminkanja/S2430/initialize?prefCd=05&kikanCd=3050700230&kikanKbn=3", "url2": null, "内容": "おやしき歯科クリニック【3:歯科】秋田県大仙市角間川町東本町６" }, "geometry": { "type": "Point", "coordinates": [ 140.481866, 39.408785 ] } },
{ "type": "Feature", "properties": { "ID": 533050700250, "正式名称": "冨岡歯科医院", "機関区分": 3, "都道府県コード": 5, "市区町村コード": 212, "所在地": "秋田県大仙市太田町中里二十町１３２", "緯度": 39.499666, "経度": 140.594074, "url": "https://www.iryou.teikyouseido.mhlw.go.jp/znk-web/juminkanja/S2430/initialize?prefCd=05&kikanCd=3050700250&kikanKbn=3", "url2": null, "内容": "冨岡歯科医院【3:歯科】秋田県大仙市太田町中里二十町１３２" }, "geometry": { "type": "Point", "coordinates": [ 140.594074, 39.499666 ] } },
{ "type": "Feature", "properties": { "ID": 533050700260, "正式名称": "船木歯科医院", "機関区分": 3, "都道府県コード": 5, "市区町村コード": 212, "所在地": "秋田県大仙市神宮寺本郷野２２－４", "緯度": 39.49472, "経度": 140.426143, "url": "https://www.iryou.teikyouseido.mhlw.go.jp/znk-web/juminkanja/S2430/initialize?prefCd=05&kikanCd=3050700260&kikanKbn=3", "url2": null, "内容": "船木歯科医院【3:歯科】秋田県大仙市神宮寺本郷野２２－４" }, "geometry": { "type": "Point", "coordinates": [ 140.426143, 39.49472 ] } },
{ "type": "Feature", "properties": { "ID": 533050700270, "正式名称": "神岡歯科診療所", "機関区分": 3, "都道府県コード": 5, "市区町村コード": 212, "所在地": "秋田県大仙市神宮寺本郷下２６－２", "緯度": 39.490025, "経度": 140.421478, "url": "https://www.iryou.teikyouseido.mhlw.go.jp/znk-web/juminkanja/S2430/initialize?prefCd=05&kikanCd=3050700270&kikanKbn=3", "url2": null, "内容": "神岡歯科診療所【3:歯科】秋田県大仙市神宮寺本郷下２６－２" }, "geometry": { "type": "Point", "coordinates": [ 140.421478, 39.490025 ] } },
{ "type": "Feature", "properties": { "ID": 533050700280, "正式名称": "高橋歯科医院", "機関区分": 3, "都道府県コード": 5, "市区町村コード": 212, "所在地": "秋田県大仙市神宮寺本郷野１２５－９", "緯度": 39.493775, "経度": 140.423588, "url": "https://www.iryou.teikyouseido.mhlw.go.jp/znk-web/juminkanja/S2430/initialize?prefCd=05&kikanCd=3050700280&kikanKbn=3", "url2": null, "内容": "高橋歯科医院【3:歯科】秋田県大仙市神宮寺本郷野１２５－９" }, "geometry": { "type": "Point", "coordinates": [ 140.423588, 39.493775 ] } },
{ "type": "Feature", "properties": { "ID": 533050700290, "正式名称": "畠山歯科医院", "機関区分": 3, "都道府県コード": 5, "市区町村コード": 212, "所在地": "秋田県大仙市南外落合２４番地３", "緯度": 39.452973, "経度": 140.363011, "url": "https://www.iryou.teikyouseido.mhlw.go.jp/znk-web/juminkanja/S2430/initialize?prefCd=05&kikanCd=3050700290&kikanKbn=3", "url2": null, "内容": "畠山歯科医院【3:歯科】秋田県大仙市南外落合２４番地３" }, "geometry": { "type": "Point", "coordinates": [ 140.363011, 39.452973 ] } },
{ "type": "Feature", "properties": { "ID": 533050700300, "正式名称": "小坂歯科医院", "機関区分": 3, "都道府県コード": 5, "市区町村コード": 212, "所在地": "秋田県大仙市刈和野愛宕町２５", "緯度": 39.545018, "経度": 140.370285, "url": "https://www.iryou.teikyouseido.mhlw.go.jp/znk-web/juminkanja/S2430/initialize?prefCd=05&kikanCd=3050700300&kikanKbn=3", "url2": null, "内容": "小坂歯科医院【3:歯科】秋田県大仙市刈和野愛宕町２５" }, "geometry": { "type": "Point", "coordinates": [ 140.370285, 39.545018 ] } },
{ "type": "Feature", "properties": { "ID": 533050700310, "正式名称": "冨塚歯科医院", "機関区分": 3, "都道府県コード": 5, "市区町村コード": 212, "所在地": "秋田県大仙市刈和野字川原田２－２８", "緯度": 39.548991, "経度": 140.369812, "url": "https://www.iryou.teikyouseido.mhlw.go.jp/znk-web/juminkanja/S2430/initialize?prefCd=05&kikanCd=3050700310&kikanKbn=3", "url2": null, "内容": "冨塚歯科医院【3:歯科】秋田県大仙市刈和野字川原田２－２８" }, "geometry": { "type": "Point", "coordinates": [ 140.369812, 39.548991 ] } },
{ "type": "Feature", "properties": { "ID": 533050700330, "正式名称": "協和町歯科診療所", "機関区分": 3, "都道府県コード": 5, "市区町村コード": 212, "所在地": "秋田県大仙市協和境野田２１－３", "緯度": 39.615622, "経度": 140.321563, "url": "https://www.iryou.teikyouseido.mhlw.go.jp/znk-web/juminkanja/S2430/initialize?prefCd=05&kikanCd=3050700330&kikanKbn=3", "url2": null, "内容": "協和町歯科診療所【3:歯科】秋田県大仙市協和境野田２１－３" }, "geometry": { "type": "Point", "coordinates": [ 140.321563, 39.615622 ] } },
{ "type": "Feature", "properties": { "ID": 533050700340, "正式名称": "山本歯科医院", "機関区分": 3, "都道府県コード": 5, "市区町村コード": 215, "所在地": "秋田県仙北市角館町田町上丁５０－２", "緯度": 39.593484, "経度": 140.566366, "url": "https://www.iryou.teikyouseido.mhlw.go.jp/znk-web/juminkanja/S2430/initialize?prefCd=05&kikanCd=3050700340&kikanKbn=3", "url2": "https://www.yama-dent.jp/", "内容": "山本歯科医院【3:歯科】秋田県仙北市角館町田町上丁５０－２" }, "geometry": { "type": "Point", "coordinates": [ 140.566366, 39.593484 ] } },
{ "type": "Feature", "properties": { "ID": 533050700350, "正式名称": "さとうデンタルクリニック", "機関区分": 3, "都道府県コード": 5, "市区町村コード": 215, "所在地": "秋田県仙北市角館町田町下丁１１－１", "緯度": 39.590267, "経度": 140.565294, "url": "https://www.iryou.teikyouseido.mhlw.go.jp/znk-web/juminkanja/S2430/initialize?prefCd=05&kikanCd=3050700350&kikanKbn=3", "url2": "http://www.satoh-dc.jp", "内容": "さとうデンタルクリニック【3:歯科】秋田県仙北市角館町田町下丁１１－１" }, "geometry": { "type": "Point", "coordinates": [ 140.565294, 39.590267 ] } },
{ "type": "Feature", "properties": { "ID": 533050700380, "正式名称": "城南堂歯科医院", "機関区分": 3, "都道府県コード": 5, "市区町村コード": 215, "所在地": "秋田県仙北市角館町西勝楽町２０", "緯度": 39.592905, "経度": 140.561072, "url": "https://www.iryou.teikyouseido.mhlw.go.jp/znk-web/juminkanja/S2430/initialize?prefCd=05&kikanCd=3050700380&kikanKbn=3", "url2": null, "内容": "城南堂歯科医院【3:歯科】秋田県仙北市角館町西勝楽町２０" }, "geometry": { "type": "Point", "coordinates": [ 140.561072, 39.592905 ] } },
{ "type": "Feature", "properties": { "ID": 533050700390, "正式名称": "医療法人社団祐生堂　祐生堂医院歯科", "機関区分": 3, "都道府県コード": 5, "市区町村コード": 215, "所在地": "秋田県仙北市角館町竹原町２６", "緯度": 39.594739, "経度": 140.56785, "url": "https://www.iryou.teikyouseido.mhlw.go.jp/znk-web/juminkanja/S2430/initialize?prefCd=05&kikanCd=3050700390&kikanKbn=3", "url2": null, "内容": "医療法人社団祐生堂　祐生堂医院歯科【3:歯科】秋田県仙北市角館町竹原町２６" }, "geometry": { "type": "Point", "coordinates": [ 140.56785, 39.594739 ] } },
{ "type": "Feature", "properties": { "ID": 533050700400, "正式名称": "カワラダ歯科医院", "機関区分": 3, "都道府県コード": 5, "市区町村コード": 215, "所在地": "秋田県仙北市角館町上菅沢１６４－２", "緯度": 39.595905, "経度": 140.57496, "url": "https://www.iryou.teikyouseido.mhlw.go.jp/znk-web/juminkanja/S2430/initialize?prefCd=05&kikanCd=3050700400&kikanKbn=3", "url2": null, "内容": "カワラダ歯科医院【3:歯科】秋田県仙北市角館町上菅沢１６４－２" }, "geometry": { "type": "Point", "coordinates": [ 140.57496, 39.595905 ] } },
{ "type": "Feature", "properties": { "ID": 533050700410, "正式名称": "医療法人社団　ＢＬＥＳＳ　さくら歯科医院", "機関区分": 3, "都道府県コード": 5, "市区町村コード": 215, "所在地": "秋田県仙北市角館町小館２８－１８", "緯度": 39.591434, "経度": 140.560378, "url": "https://www.iryou.teikyouseido.mhlw.go.jp/znk-web/juminkanja/S2430/initialize?prefCd=05&kikanCd=3050700410&kikanKbn=3", "url2": null, "内容": "医療法人社団　ＢＬＥＳＳ　さくら歯科医院【3:歯科】秋田県仙北市角館町小館２８－１８" }, "geometry": { "type": "Point", "coordinates": [ 140.560378, 39.591434 ] } },
{ "type": "Feature", "properties": { "ID": 533050700420, "正式名称": "にしき歯科クリニック", "機関区分": 3, "都道府県コード": 5, "市区町村コード": 215, "所在地": "秋田県仙北市西木町門屋道目木３１９－２", "緯度": 39.660204, "経度": 140.567708, "url": "https://www.iryou.teikyouseido.mhlw.go.jp/znk-web/juminkanja/S2430/initialize?prefCd=05&kikanCd=3050700420&kikanKbn=3", "url2": null, "内容": "にしき歯科クリニック【3:歯科】秋田県仙北市西木町門屋道目木３１９－２" }, "geometry": { "type": "Point", "coordinates": [ 140.567708, 39.660204 ] } },
{ "type": "Feature", "properties": { "ID": 533050700440, "正式名称": "仙北市田沢湖歯科診療所", "機関区分": 3, "都道府県コード": 5, "市区町村コード": 215, "所在地": "秋田県仙北市田沢湖生保内字浮世坂１７－１", "緯度": 39.69862, "経度": 140.721443, "url": "https://www.iryou.teikyouseido.mhlw.go.jp/znk-web/juminkanja/S2430/initialize?prefCd=05&kikanCd=3050700440&kikanKbn=3", "url2": null, "内容": "仙北市田沢湖歯科診療所【3:歯科】秋田県仙北市田沢湖生保内字浮世坂１７－１" }, "geometry": { "type": "Point", "coordinates": [ 140.721443, 39.69862 ] } },
{ "type": "Feature", "properties": { "ID": 533050700460, "正式名称": "くぼた歯科医院", "機関区分": 3, "都道府県コード": 5, "市区町村コード": 215, "所在地": "秋田県仙北市田沢湖生保内字街道ノ上４２－１", "緯度": 39.701925, "経度": 140.726693, "url": "https://www.iryou.teikyouseido.mhlw.go.jp/znk-web/juminkanja/S2430/initialize?prefCd=05&kikanCd=3050700460&kikanKbn=3", "url2": "https://kubota-dental-tazawalake.com", "内容": "くぼた歯科医院【3:歯科】秋田県仙北市田沢湖生保内字街道ノ上４２－１" }, "geometry": { "type": "Point", "coordinates": [ 140.726693, 39.701925 ] } },
{ "type": "Feature", "properties": { "ID": 533050700470, "正式名称": "田口歯科クリニック", "機関区分": 3, "都道府県コード": 5, "市区町村コード": 215, "所在地": "秋田県仙北市角館町竹原町３９", "緯度": 39.595128, "経度": 140.569044, "url": "https://www.iryou.teikyouseido.mhlw.go.jp/znk-web/juminkanja/S2430/initialize?prefCd=05&kikanCd=3050700470&kikanKbn=3", "url2": null, "内容": "田口歯科クリニック【3:歯科】秋田県仙北市角館町竹原町３９" }, "geometry": { "type": "Point", "coordinates": [ 140.569044, 39.595128 ] } },
{ "type": "Feature", "properties": { "ID": 533050700490, "正式名称": "小西歯科医院", "機関区分": 3, "都道府県コード": 5, "市区町村コード": 434, "所在地": "秋田県仙北郡美郷町六郷字荒町６", "緯度": 39.420341, "経度": 140.545915, "url": "https://www.iryou.teikyouseido.mhlw.go.jp/znk-web/juminkanja/S2430/initialize?prefCd=05&kikanCd=3050700490&kikanKbn=3", "url2": null, "内容": "小西歯科医院【3:歯科】秋田県仙北郡美郷町六郷字荒町６" }, "geometry": { "type": "Point", "coordinates": [ 140.545915, 39.420341 ] } },
{ "type": "Feature", "properties": { "ID": 533050700500, "正式名称": "富永歯科医院", "機関区分": 3, "都道府県コード": 5, "市区町村コード": 434, "所在地": "秋田県仙北郡美郷町六郷字荒町１１７－５", "緯度": 39.42073, "経度": 140.546693, "url": "https://www.iryou.teikyouseido.mhlw.go.jp/znk-web/juminkanja/S2430/initialize?prefCd=05&kikanCd=3050700500&kikanKbn=3", "url2": null, "内容": "富永歯科医院【3:歯科】秋田県仙北郡美郷町六郷字荒町１１７－５" }, "geometry": { "type": "Point", "coordinates": [ 140.546693, 39.42073 ] } },
{ "type": "Feature", "properties": { "ID": 533050700510, "正式名称": "岡田歯科医院", "機関区分": 3, "都道府県コード": 5, "市区町村コード": 434, "所在地": "秋田県仙北郡美郷町六郷馬町１２", "緯度": 39.422646, "経度": 140.547386, "url": "https://www.iryou.teikyouseido.mhlw.go.jp/znk-web/juminkanja/S2430/initialize?prefCd=05&kikanCd=3050700510&kikanKbn=3", "url2": "https://www.okadashikaiin.info", "内容": "岡田歯科医院【3:歯科】秋田県仙北郡美郷町六郷馬町１２" }, "geometry": { "type": "Point", "coordinates": [ 140.547386, 39.422646 ] } },
{ "type": "Feature", "properties": { "ID": 533050700520, "正式名称": "医療法人　凛風会　高山歯科医院", "機関区分": 3, "都道府県コード": 5, "市区町村コード": 434, "所在地": "秋田県仙北郡美郷町土崎上野２３６－４", "緯度": 39.461531, "経度": 140.58066, "url": "https://www.iryou.teikyouseido.mhlw.go.jp/znk-web/juminkanja/S2430/initialize?prefCd=05&kikanCd=3050700520&kikanKbn=3", "url2": "http;//takayama-sika.cihp.jp/", "内容": "医療法人　凛風会　高山歯科医院【3:歯科】秋田県仙北郡美郷町土崎上野２３６－４" }, "geometry": { "type": "Point", "coordinates": [ 140.58066, 39.461531 ] } },
{ "type": "Feature", "properties": { "ID": 533050700530, "正式名称": "歯１９やすこ歯科クリニック", "機関区分": 3, "都道府県コード": 5, "市区町村コード": 212, "所在地": "秋田県大仙市大曲上栄町１－１８", "緯度": 39.452392, "経度": 140.476114, "url": "https://www.iryou.teikyouseido.mhlw.go.jp/znk-web/juminkanja/S2430/initialize?prefCd=05&kikanCd=3050700530&kikanKbn=3", "url2": null, "内容": "歯１９やすこ歯科クリニック【3:歯科】秋田県大仙市大曲上栄町１－１８" }, "geometry": { "type": "Point", "coordinates": [ 140.476114, 39.452392 ] } },
{ "type": "Feature", "properties": { "ID": 533050700540, "正式名称": "医療法人榮貴会　山下歯科医院", "機関区分": 3, "都道府県コード": 5, "市区町村コード": 212, "所在地": "秋田県大仙市大曲黒瀬町３－４５－２階", "緯度": 39.461613, "経度": 140.481807, "url": "https://www.iryou.teikyouseido.mhlw.go.jp/znk-web/juminkanja/S2430/initialize?prefCd=05&kikanCd=3050700540&kikanKbn=3", "url2": "http://yamashita-dc.jp/", "内容": "医療法人榮貴会　山下歯科医院【3:歯科】秋田県大仙市大曲黒瀬町３－４５－２階" }, "geometry": { "type": "Point", "coordinates": [ 140.481807, 39.461613 ] } },
{ "type": "Feature", "properties": { "ID": 533050700550, "正式名称": "佐藤歯科クリニック", "機関区分": 3, "都道府県コード": 5, "市区町村コード": 212, "所在地": "秋田県大仙市太田町横沢字久保関北７３１", "緯度": 39.510721, "経度": 140.594517, "url": "https://www.iryou.teikyouseido.mhlw.go.jp/znk-web/juminkanja/S2430/initialize?prefCd=05&kikanCd=3050700550&kikanKbn=3", "url2": null, "内容": "佐藤歯科クリニック【3:歯科】秋田県大仙市太田町横沢字久保関北７３１" }, "geometry": { "type": "Point", "coordinates": [ 140.594517, 39.510721 ] } },
{ "type": "Feature", "properties": { "ID": 533050700560, "正式名称": "はら歯科医院", "機関区分": 3, "都道府県コード": 5, "市区町村コード": 212, "所在地": "秋田県大仙市大花町１２番３－１１号", "緯度": 39.466806, "経度": 140.480446, "url": "https://www.iryou.teikyouseido.mhlw.go.jp/znk-web/juminkanja/S2430/initialize?prefCd=05&kikanCd=3050700560&kikanKbn=3", "url2": "http://haradental-clinic.com/", "内容": "はら歯科医院【3:歯科】秋田県大仙市大花町１２番３－１１号" }, "geometry": { "type": "Point", "coordinates": [ 140.480446, 39.466806 ] } },
{ "type": "Feature", "properties": { "ID": 533050700570, "正式名称": "大曲歯科クリニック", "機関区分": 3, "都道府県コード": 5, "市区町村コード": 212, "所在地": "秋田県大仙市和合坪立１７７　イオンモール大曲店内", "緯度": 39.43806, "経度": 140.508945, "url": "https://www.iryou.teikyouseido.mhlw.go.jp/znk-web/juminkanja/S2430/initialize?prefCd=05&kikanCd=3050700570&kikanKbn=3", "url2": "https://omagari-dc.com", "内容": "大曲歯科クリニック【3:歯科】秋田県大仙市和合坪立１７７　イオンモール大曲店内" }, "geometry": { "type": "Point", "coordinates": [ 140.508945, 39.43806 ] } },
{ "type": "Feature", "properties": { "ID": 533050700580, "正式名称": "大仙ファミリー歯科・矯正歯科", "機関区分": 3, "都道府県コード": 5, "市区町村コード": 212, "所在地": "秋田県大仙市福田町２２－２３－７　イオンタウン大曲福田ショッピングセンター内", "緯度": 39.469973, "経度": 140.483446, "url": "https://www.iryou.teikyouseido.mhlw.go.jp/znk-web/juminkanja/S2430/initialize?prefCd=05&kikanCd=3050700580&kikanKbn=3", "url2": "https:daisen-f-dental.com", "内容": "大仙ファミリー歯科・矯正歯科【3:歯科】秋田県大仙市福田町２２－２３－７　イオンタウン大曲福田ショッピングセンター内" }, "geometry": { "type": "Point", "coordinates": [ 140.483446, 39.469973 ] } },
{ "type": "Feature", "properties": { "ID": 533050800010, "正式名称": "小川歯科医院", "機関区分": 3, "都道府県コード": 5, "市区町村コード": 203, "所在地": "秋田県横手市大町７－１９", "緯度": 39.313519, "経度": 140.569501, "url": "https://www.iryou.teikyouseido.mhlw.go.jp/znk-web/juminkanja/S2430/initialize?prefCd=05&kikanCd=3050800010&kikanKbn=3", "url2": "http://www.myclinic.ne.jp/ogawasika/", "内容": "小川歯科医院【3:歯科】秋田県横手市大町７－１９" }, "geometry": { "type": "Point", "coordinates": [ 140.569501, 39.313519 ] } },
{ "type": "Feature", "properties": { "ID": 533050800020, "正式名称": "医療法人　小坂歯科医院", "機関区分": 3, "都道府県コード": 5, "市区町村コード": 203, "所在地": "秋田県横手市四日町６－２", "緯度": 39.314074, "経度": 140.567446, "url": "https://www.iryou.teikyouseido.mhlw.go.jp/znk-web/juminkanja/S2430/initialize?prefCd=05&kikanCd=3050800020&kikanKbn=3", "url2": "http://kosaka-dc.com/", "内容": "医療法人　小坂歯科医院【3:歯科】秋田県横手市四日町６－２" }, "geometry": { "type": "Point", "coordinates": [ 140.567446, 39.314074 ] } },
{ "type": "Feature", "properties": { "ID": 533050800030, "正式名称": "鈴木歯科", "機関区分": 3, "都道府県コード": 5, "市区町村コード": 203, "所在地": "秋田県横手市四日町４－８", "緯度": 39.316046, "経度": 140.566974, "url": "https://www.iryou.teikyouseido.mhlw.go.jp/znk-web/juminkanja/S2430/initialize?prefCd=05&kikanCd=3050800030&kikanKbn=3", "url2": null, "内容": "鈴木歯科【3:歯科】秋田県横手市四日町４－８" }, "geometry": { "type": "Point", "coordinates": [ 140.566974, 39.316046 ] } },
{ "type": "Feature", "properties": { "ID": 533050800040, "正式名称": "医療法人　社団　星和会　ほしの歯科医院", "機関区分": 3, "都道府県コード": 5, "市区町村コード": 203, "所在地": "秋田県横手市田中町４－３４", "緯度": 39.312574, "経度": 140.566974, "url": "https://www.iryou.teikyouseido.mhlw.go.jp/znk-web/juminkanja/S2430/initialize?prefCd=05&kikanCd=3050800040&kikanKbn=3", "url2": "http://www.hoshino-dc.com", "内容": "医療法人　社団　星和会　ほしの歯科医院【3:歯科】秋田県横手市田中町４－３４" }, "geometry": { "type": "Point", "coordinates": [ 140.566974, 39.312574 ] } },
{ "type": "Feature", "properties": { "ID": 533050800050, "正式名称": "石田歯科医院", "機関区分": 3, "都道府県コード": 5, "市区町村コード": 203, "所在地": "秋田県横手市寿町３－２", "緯度": 39.312908, "経度": 140.563918, "url": "https://www.iryou.teikyouseido.mhlw.go.jp/znk-web/juminkanja/S2430/initialize?prefCd=05&kikanCd=3050800050&kikanKbn=3", "url2": null, "内容": "石田歯科医院【3:歯科】秋田県横手市寿町３－２" }, "geometry": { "type": "Point", "coordinates": [ 140.563918, 39.312908 ] } },
{ "type": "Feature", "properties": { "ID": 533050800070, "正式名称": "医療法人陽明会　旭川歯科クリニック", "機関区分": 3, "都道府県コード": 5, "市区町村コード": 203, "所在地": "秋田県横手市旭川２－３－３１", "緯度": 39.309325, "経度": 140.578112, "url": "https://www.iryou.teikyouseido.mhlw.go.jp/znk-web/juminkanja/S2430/initialize?prefCd=05&kikanCd=3050800070&kikanKbn=3", "url2": null, "内容": "医療法人陽明会　旭川歯科クリニック【3:歯科】秋田県横手市旭川２－３－３１" }, "geometry": { "type": "Point", "coordinates": [ 140.578112, 39.309325 ] } },
{ "type": "Feature", "properties": { "ID": 533050800080, "正式名称": "ＤＥＮＴＡＬ　ＣＬＩＮＩＣ　田島歯科", "機関区分": 3, "都道府県コード": 5, "市区町村コード": 203, "所在地": "秋田県横手市平和町２－１", "緯度": 39.309214, "経度": 140.568307, "url": "https://www.iryou.teikyouseido.mhlw.go.jp/znk-web/juminkanja/S2430/initialize?prefCd=05&kikanCd=3050800080&kikanKbn=3", "url2": null, "内容": "ＤＥＮＴＡＬ　ＣＬＩＮＩＣ　田島歯科【3:歯科】秋田県横手市平和町２－１" }, "geometry": { "type": "Point", "coordinates": [ 140.568307, 39.309214 ] } },
{ "type": "Feature", "properties": { "ID": 533050800090, "正式名称": "熊谷歯科クリニック", "機関区分": 3, "都道府県コード": 5, "市区町村コード": 203, "所在地": "秋田県横手市駅前町８番３号", "緯度": 39.308631, "経度": 140.562557, "url": "https://www.iryou.teikyouseido.mhlw.go.jp/znk-web/juminkanja/S2430/initialize?prefCd=05&kikanCd=3050800090&kikanKbn=3", "url2": null, "内容": "熊谷歯科クリニック【3:歯科】秋田県横手市駅前町８番３号" }, "geometry": { "type": "Point", "coordinates": [ 140.562557, 39.308631 ] } },
{ "type": "Feature", "properties": { "ID": 533050800100, "正式名称": "横手駅前歯科医院", "機関区分": 3, "都道府県コード": 5, "市区町村コード": 203, "所在地": "秋田県横手市駅前町３－１４", "緯度": 39.310936, "経度": 140.561224, "url": "https://www.iryou.teikyouseido.mhlw.go.jp/znk-web/juminkanja/S2430/initialize?prefCd=05&kikanCd=3050800100&kikanKbn=3", "url2": null, "内容": "横手駅前歯科医院【3:歯科】秋田県横手市駅前町３－１４" }, "geometry": { "type": "Point", "coordinates": [ 140.561224, 39.310936 ] } },
{ "type": "Feature", "properties": { "ID": 533050800110, "正式名称": "藤田歯科クリニック", "機関区分": 3, "都道府県コード": 5, "市区町村コード": 203, "所在地": "秋田県横手市前郷大乗院塚４５－３", "緯度": 39.303353, "経度": 140.57064, "url": "https://www.iryou.teikyouseido.mhlw.go.jp/znk-web/juminkanja/S2430/initialize?prefCd=05&kikanCd=3050800110&kikanKbn=3", "url2": null, "内容": "藤田歯科クリニック【3:歯科】秋田県横手市前郷大乗院塚４５－３" }, "geometry": { "type": "Point", "coordinates": [ 140.57064, 39.303353 ] } },
{ "type": "Feature", "properties": { "ID": 533050800120, "正式名称": "吉川歯科クリニック", "機関区分": 3, "都道府県コード": 5, "市区町村コード": 203, "所在地": "秋田県横手市駅南３－４－２", "緯度": 39.305575, "経度": 140.55903, "url": "https://www.iryou.teikyouseido.mhlw.go.jp/znk-web/juminkanja/S2430/initialize?prefCd=05&kikanCd=3050800120&kikanKbn=3", "url2": "http://www.kikkawa-dentalclinic.com", "内容": "吉川歯科クリニック【3:歯科】秋田県横手市駅南３－４－２" }, "geometry": { "type": "Point", "coordinates": [ 140.55903, 39.305575 ] } },
{ "type": "Feature", "properties": { "ID": 533050800130, "正式名称": "高橋デンタルクリニック", "機関区分": 3, "都道府県コード": 5, "市区町村コード": 203, "所在地": "秋田県横手市婦気大堤字谷地添６９－２", "緯度": 39.30777, "経度": 140.55253, "url": "https://www.iryou.teikyouseido.mhlw.go.jp/znk-web/juminkanja/S2430/initialize?prefCd=05&kikanCd=3050800130&kikanKbn=3", "url2": "https://tdc-yokote.jp/", "内容": "高橋デンタルクリニック【3:歯科】秋田県横手市婦気大堤字谷地添６９－２" }, "geometry": { "type": "Point", "coordinates": [ 140.55253, 39.30777 ] } },
{ "type": "Feature", "properties": { "ID": 533050800140, "正式名称": "歯科ヨコテクリニック", "機関区分": 3, "都道府県コード": 5, "市区町村コード": 203, "所在地": "秋田県横手市神明町１３－１７", "緯度": 39.306214, "経度": 140.564501, "url": "https://www.iryou.teikyouseido.mhlw.go.jp/znk-web/juminkanja/S2430/initialize?prefCd=05&kikanCd=3050800140&kikanKbn=3", "url2": "https://www.shikayokote.com/", "内容": "歯科ヨコテクリニック【3:歯科】秋田県横手市神明町１３－１７" }, "geometry": { "type": "Point", "coordinates": [ 140.564501, 39.306214 ] } },
{ "type": "Feature", "properties": { "ID": 533050800150, "正式名称": "朝日が丘歯科医院", "機関区分": 3, "都道府県コード": 5, "市区町村コード": 203, "所在地": "秋田県横手市朝日が丘３－１－１", "緯度": 39.298686, "経度": 140.535449, "url": "https://www.iryou.teikyouseido.mhlw.go.jp/znk-web/juminkanja/S2430/initialize?prefCd=05&kikanCd=3050800150&kikanKbn=3", "url2": null, "内容": "朝日が丘歯科医院【3:歯科】秋田県横手市朝日が丘３－１－１" }, "geometry": { "type": "Point", "coordinates": [ 140.535449, 39.298686 ] } },
{ "type": "Feature", "properties": { "ID": 533050800160, "正式名称": "ほそや歯科医院", "機関区分": 3, "都道府県コード": 5, "市区町村コード": 203, "所在地": "秋田県横手市条里二丁目３番１４号", "緯度": 39.313935, "経度": 140.553558, "url": "https://www.iryou.teikyouseido.mhlw.go.jp/znk-web/juminkanja/S2430/initialize?prefCd=05&kikanCd=3050800160&kikanKbn=3", "url2": null, "内容": "ほそや歯科医院【3:歯科】秋田県横手市条里二丁目３番１４号" }, "geometry": { "type": "Point", "coordinates": [ 140.553558, 39.313935 ] } },
{ "type": "Feature", "properties": { "ID": 533050800170, "正式名称": "さくら歯科　河原田矯正歯科", "機関区分": 3, "都道府県コード": 5, "市区町村コード": 203, "所在地": "秋田県横手市条里１－１７－１", "緯度": 39.309908, "経度": 140.551836, "url": "https://www.iryou.teikyouseido.mhlw.go.jp/znk-web/juminkanja/S2430/initialize?prefCd=05&kikanCd=3050800170&kikanKbn=3", "url2": "http://www.kawarada-kyousei.com/", "内容": "さくら歯科　河原田矯正歯科【3:歯科】秋田県横手市条里１－１７－１" }, "geometry": { "type": "Point", "coordinates": [ 140.551836, 39.309908 ] } },
{ "type": "Feature", "properties": { "ID": 533050800180, "正式名称": "横手みなみ歯科", "機関区分": 3, "都道府県コード": 5, "市区町村コード": 203, "所在地": "秋田県横手市婦気大堤字婦気前２４４－６", "緯度": 39.302159, "経度": 140.550809, "url": "https://www.iryou.teikyouseido.mhlw.go.jp/znk-web/juminkanja/S2430/initialize?prefCd=05&kikanCd=3050800180&kikanKbn=3", "url2": null, "内容": "横手みなみ歯科【3:歯科】秋田県横手市婦気大堤字婦気前２４４－６" }, "geometry": { "type": "Point", "coordinates": [ 140.550809, 39.302159 ] } },
{ "type": "Feature", "properties": { "ID": 533050800190, "正式名称": "照井歯科医院", "機関区分": 3, "都道府県コード": 5, "市区町村コード": 203, "所在地": "秋田県横手市赤坂字大道向１４－２", "緯度": 39.303159, "経度": 140.54617, "url": "https://www.iryou.teikyouseido.mhlw.go.jp/znk-web/juminkanja/S2430/initialize?prefCd=05&kikanCd=3050800190&kikanKbn=3", "url2": null, "内容": "照井歯科医院【3:歯科】秋田県横手市赤坂字大道向１４－２" }, "geometry": { "type": "Point", "coordinates": [ 140.54617, 39.303159 ] } },
{ "type": "Feature", "properties": { "ID": 533050800200, "正式名称": "医療法人　ささき歯科医院", "機関区分": 3, "都道府県コード": 5, "市区町村コード": 203, "所在地": "秋田県横手市三本柳寺田１９７", "緯度": 39.319684, "経度": 140.546502, "url": "https://www.iryou.teikyouseido.mhlw.go.jp/znk-web/juminkanja/S2430/initialize?prefCd=05&kikanCd=3050800200&kikanKbn=3", "url2": "htttp://www.sasakishikaiin.com/", "内容": "医療法人　ささき歯科医院【3:歯科】秋田県横手市三本柳寺田１９７" }, "geometry": { "type": "Point", "coordinates": [ 140.546502, 39.319684 ] } },
{ "type": "Feature", "properties": { "ID": 533050800220, "正式名称": "佐藤歯科診療所", "機関区分": 3, "都道府県コード": 5, "市区町村コード": 203, "所在地": "秋田県横手市平鹿町浅舞字浅舞３８３", "緯度": 39.264169, "経度": 140.488976, "url": "https://www.iryou.teikyouseido.mhlw.go.jp/znk-web/juminkanja/S2430/initialize?prefCd=05&kikanCd=3050800220&kikanKbn=3", "url2": null, "内容": "佐藤歯科診療所【3:歯科】秋田県横手市平鹿町浅舞字浅舞３８３" }, "geometry": { "type": "Point", "coordinates": [ 140.488976, 39.264169 ] } },
{ "type": "Feature", "properties": { "ID": 533050800230, "正式名称": "医療法人　浅舞歯科クリニック", "機関区分": 3, "都道府県コード": 5, "市区町村コード": 203, "所在地": "秋田県横手市平鹿町中吉田字竹原８９－１", "緯度": 39.270523, "経度": 140.497704, "url": "https://www.iryou.teikyouseido.mhlw.go.jp/znk-web/juminkanja/S2430/initialize?prefCd=05&kikanCd=3050800230&kikanKbn=3", "url2": null, "内容": "医療法人　浅舞歯科クリニック【3:歯科】秋田県横手市平鹿町中吉田字竹原８９－１" }, "geometry": { "type": "Point", "coordinates": [ 140.497704, 39.270523 ] } },
{ "type": "Feature", "properties": { "ID": 533050800240, "正式名称": "小野歯科医院", "機関区分": 3, "都道府県コード": 5, "市区町村コード": 203, "所在地": "秋田県横手市雄物川町今宿今宿７５", "緯度": 39.292185, "経度": 140.427986, "url": "https://www.iryou.teikyouseido.mhlw.go.jp/znk-web/juminkanja/S2430/initialize?prefCd=05&kikanCd=3050800240&kikanKbn=3", "url2": null, "内容": "小野歯科医院【3:歯科】秋田県横手市雄物川町今宿今宿７５" }, "geometry": { "type": "Point", "coordinates": [ 140.427986, 39.292185 ] } },
{ "type": "Feature", "properties": { "ID": 533050800260, "正式名称": "ノレーブ歯科クリニック", "機関区分": 3, "都道府県コード": 5, "市区町村コード": 203, "所在地": "秋田県横手市大森町湯ノ島２４３－１", "緯度": 39.344319, "経度": 140.435177, "url": "https://www.iryou.teikyouseido.mhlw.go.jp/znk-web/juminkanja/S2430/initialize?prefCd=05&kikanCd=3050800260&kikanKbn=3", "url2": null, "内容": "ノレーブ歯科クリニック【3:歯科】秋田県横手市大森町湯ノ島２４３－１" }, "geometry": { "type": "Point", "coordinates": [ 140.435177, 39.344319 ] } },
{ "type": "Feature", "properties": { "ID": 533050800270, "正式名称": "医療法人　石成歯科医院", "機関区分": 3, "都道府県コード": 5, "市区町村コード": 203, "所在地": "秋田県横手市大森町大中島５２０－１", "緯度": 39.340653, "経度": 140.429123, "url": "https://www.iryou.teikyouseido.mhlw.go.jp/znk-web/juminkanja/S2430/initialize?prefCd=05&kikanCd=3050800270&kikanKbn=3", "url2": null, "内容": "医療法人　石成歯科医院【3:歯科】秋田県横手市大森町大中島５２０－１" }, "geometry": { "type": "Point", "coordinates": [ 140.429123, 39.340653 ] } },
{ "type": "Feature", "properties": { "ID": 533050800280, "正式名称": "渡部歯科医院", "機関区分": 3, "都道府県コード": 5, "市区町村コード": 203, "所在地": "秋田県横手市金沢本町本町４", "緯度": 39.377902, "経度": 140.573497, "url": "https://www.iryou.teikyouseido.mhlw.go.jp/znk-web/juminkanja/S2430/initialize?prefCd=05&kikanCd=3050800280&kikanKbn=3", "url2": null, "内容": "渡部歯科医院【3:歯科】秋田県横手市金沢本町本町４" }, "geometry": { "type": "Point", "coordinates": [ 140.573497, 39.377902 ] } },
{ "type": "Feature", "properties": { "ID": 533050800290, "正式名称": "小原歯科医院", "機関区分": 3, "都道府県コード": 5, "市区町村コード": 203, "所在地": "秋田県横手市十文字町西原１番町５０号", "緯度": 39.221305, "経度": 140.523871, "url": "https://www.iryou.teikyouseido.mhlw.go.jp/znk-web/juminkanja/S2430/initialize?prefCd=05&kikanCd=3050800290&kikanKbn=3", "url2": null, "内容": "小原歯科医院【3:歯科】秋田県横手市十文字町西原１番町５０号" }, "geometry": { "type": "Point", "coordinates": [ 140.523871, 39.221305 ] } },
{ "type": "Feature", "properties": { "ID": 533050800310, "正式名称": "十文字歯科クリニック", "機関区分": 3, "都道府県コード": 5, "市区町村コード": 203, "所在地": "秋田県横手市十文字町本町６－５", "緯度": 39.222639, "経度": 140.522482, "url": "https://www.iryou.teikyouseido.mhlw.go.jp/znk-web/juminkanja/S2430/initialize?prefCd=05&kikanCd=3050800310&kikanKbn=3", "url2": null, "内容": "十文字歯科クリニック【3:歯科】秋田県横手市十文字町本町６－５" }, "geometry": { "type": "Point", "coordinates": [ 140.522482, 39.222639 ] } },
{ "type": "Feature", "properties": { "ID": 533050800320, "正式名称": "医療法人よつば会　松野歯科医院", "機関区分": 3, "都道府県コード": 5, "市区町村コード": 203, "所在地": "秋田県横手市十文字町仁井田東１６－１", "緯度": 39.217334, "経度": 140.520259, "url": "https://www.iryou.teikyouseido.mhlw.go.jp/znk-web/juminkanja/S2430/initialize?prefCd=05&kikanCd=3050800320&kikanKbn=3", "url2": null, "内容": "医療法人よつば会　松野歯科医院【3:歯科】秋田県横手市十文字町仁井田東１６－１" }, "geometry": { "type": "Point", "coordinates": [ 140.520259, 39.217334 ] } },
{ "type": "Feature", "properties": { "ID": 533050800330, "正式名称": "梨木歯科医院", "機関区分": 3, "都道府県コード": 5, "市区町村コード": 203, "所在地": "秋田県横手市十文字町梨木羽場下１４－９", "緯度": 39.235266, "経度": 140.528746, "url": "https://www.iryou.teikyouseido.mhlw.go.jp/znk-web/juminkanja/S2430/initialize?prefCd=05&kikanCd=3050800330&kikanKbn=3", "url2": null, "内容": "梨木歯科医院【3:歯科】秋田県横手市十文字町梨木羽場下１４－９" }, "geometry": { "type": "Point", "coordinates": [ 140.528746, 39.235266 ] } },
{ "type": "Feature", "properties": { "ID": 533050800340, "正式名称": "太田歯科医院", "機関区分": 3, "都道府県コード": 5, "市区町村コード": 203, "所在地": "秋田県横手市十文字町本町２３－４", "緯度": 39.223139, "経度": 140.523982, "url": "https://www.iryou.teikyouseido.mhlw.go.jp/znk-web/juminkanja/S2430/initialize?prefCd=05&kikanCd=3050800340&kikanKbn=3", "url2": null, "内容": "太田歯科医院【3:歯科】秋田県横手市十文字町本町２３－４" }, "geometry": { "type": "Point", "coordinates": [ 140.523982, 39.223139 ] } },
{ "type": "Feature", "properties": { "ID": 533050800360, "正式名称": "石川歯科医院", "機関区分": 3, "都道府県コード": 5, "市区町村コード": 203, "所在地": "秋田県横手市十文字町大道東５５－５", "緯度": 39.220723, "経度": 140.524537, "url": "https://www.iryou.teikyouseido.mhlw.go.jp/znk-web/juminkanja/S2430/initialize?prefCd=05&kikanCd=3050800360&kikanKbn=3", "url2": "http://www015.upp.so-net.ne.jp/ishihide21/", "内容": "石川歯科医院【3:歯科】秋田県横手市十文字町大道東５５－５" }, "geometry": { "type": "Point", "coordinates": [ 140.524537, 39.220723 ] } },
{ "type": "Feature", "properties": { "ID": 533050800370, "正式名称": "パール歯科", "機関区分": 3, "都道府県コード": 5, "市区町村コード": 203, "所在地": "秋田県横手市十文字町海道下３３－１５　ライフ高橋１Ｆ", "緯度": 39.225833, "経度": 140.520621, "url": "https://www.iryou.teikyouseido.mhlw.go.jp/znk-web/juminkanja/S2430/initialize?prefCd=05&kikanCd=3050800370&kikanKbn=3", "url2": null, "内容": "パール歯科【3:歯科】秋田県横手市十文字町海道下３３－１５　ライフ高橋１Ｆ" }, "geometry": { "type": "Point", "coordinates": [ 140.520621, 39.225833 ] } },
{ "type": "Feature", "properties": { "ID": 533050800380, "正式名称": "赤沢歯科医院", "機関区分": 3, "都道府県コード": 5, "市区町村コード": 203, "所在地": "秋田県横手市増田町増田字本町３番地", "緯度": 39.205336, "経度": 140.545453, "url": "https://www.iryou.teikyouseido.mhlw.go.jp/znk-web/juminkanja/S2430/initialize?prefCd=05&kikanCd=3050800380&kikanKbn=3", "url2": null, "内容": "赤沢歯科医院【3:歯科】秋田県横手市増田町増田字本町３番地" }, "geometry": { "type": "Point", "coordinates": [ 140.545453, 39.205336 ] } },
{ "type": "Feature", "properties": { "ID": 533050800390, "正式名称": "後藤歯科医院", "機関区分": 3, "都道府県コード": 5, "市区町村コード": 203, "所在地": "秋田県横手市増田町増田月山西１３－４", "緯度": 39.199586, "経度": 140.541147, "url": "https://www.iryou.teikyouseido.mhlw.go.jp/znk-web/juminkanja/S2430/initialize?prefCd=05&kikanCd=3050800390&kikanKbn=3", "url2": "http://gotou-dental-clinic.com/", "内容": "後藤歯科医院【3:歯科】秋田県横手市増田町増田月山西１３－４" }, "geometry": { "type": "Point", "coordinates": [ 140.541147, 39.199586 ] } },
{ "type": "Feature", "properties": { "ID": 533050800400, "正式名称": "鴻斗歯科医院", "機関区分": 3, "都道府県コード": 5, "市区町村コード": 203, "所在地": "秋田県横手市増田町増田七日町１２８", "緯度": 39.202751, "経度": 140.546543, "url": "https://www.iryou.teikyouseido.mhlw.go.jp/znk-web/juminkanja/S2430/initialize?prefCd=05&kikanCd=3050800400&kikanKbn=3", "url2": null, "内容": "鴻斗歯科医院【3:歯科】秋田県横手市増田町増田七日町１２８" }, "geometry": { "type": "Point", "coordinates": [ 140.546543, 39.202751 ] } },
{ "type": "Feature", "properties": { "ID": 533050800410, "正式名称": "医療法人ヒロ・デンタル・プロデュース　あいのの歯科クリニック", "機関区分": 3, "都道府県コード": 5, "市区町村コード": 203, "所在地": "秋田県横手市山内土渕中島８９－１", "緯度": 39.277607, "経度": 140.618943, "url": "https://www.iryou.teikyouseido.mhlw.go.jp/znk-web/juminkanja/S2430/initialize?prefCd=05&kikanCd=3050800410&kikanKbn=3", "url2": "http://www.hiro418.net", "内容": "医療法人ヒロ・デンタル・プロデュース　あいのの歯科クリニック【3:歯科】秋田県横手市山内土渕中島８９－１" }, "geometry": { "type": "Point", "coordinates": [ 140.618943, 39.277607 ] } },
{ "type": "Feature", "properties": { "ID": 533050800420, "正式名称": "医療法人　十薬会　さかえ歯科医院", "機関区分": 3, "都道府県コード": 5, "市区町村コード": 203, "所在地": "秋田県横手市大屋新町字新町１６６－５", "緯度": 39.277412, "経度": 140.557615, "url": "https://www.iryou.teikyouseido.mhlw.go.jp/znk-web/juminkanja/S2430/initialize?prefCd=05&kikanCd=3050800420&kikanKbn=3", "url2": "http://sakae-dental.blog.jp/", "内容": "医療法人　十薬会　さかえ歯科医院【3:歯科】秋田県横手市大屋新町字新町１６６－５" }, "geometry": { "type": "Point", "coordinates": [ 140.557615, 39.277412 ] } },
{ "type": "Feature", "properties": { "ID": 533050800430, "正式名称": "医療法人社団恵信会　すえひろ歯科医院", "機関区分": 3, "都道府県コード": 5, "市区町村コード": 203, "所在地": "秋田県横手市十文字町仁井田字八萩９９－４", "緯度": 39.216056, "経度": 140.519287, "url": "https://www.iryou.teikyouseido.mhlw.go.jp/znk-web/juminkanja/S2430/initialize?prefCd=05&kikanCd=3050800430&kikanKbn=3", "url2": "http://www.suehiro-dent.com", "内容": "医療法人社団恵信会　すえひろ歯科医院【3:歯科】秋田県横手市十文字町仁井田字八萩９９－４" }, "geometry": { "type": "Point", "coordinates": [ 140.519287, 39.216056 ] } },
{ "type": "Feature", "properties": { "ID": 533050800900, "正式名称": "わたなべ歯科医院", "機関区分": 3, "都道府県コード": 5, "市区町村コード": 203, "所在地": "秋田県横手市大雄田根森東９４－３", "緯度": 39.332671, "経度": 140.488444, "url": "https://www.iryou.teikyouseido.mhlw.go.jp/znk-web/juminkanja/S2430/initialize?prefCd=05&kikanCd=3050800900&kikanKbn=3", "url2": null, "内容": "わたなべ歯科医院【3:歯科】秋田県横手市大雄田根森東９４－３" }, "geometry": { "type": "Point", "coordinates": [ 140.488444, 39.332671 ] } },
{ "type": "Feature", "properties": { "ID": 533050800910, "正式名称": "医療法人　よこて矯正歯科", "機関区分": 3, "都道府県コード": 5, "市区町村コード": 203, "所在地": "秋田県横手市横手町五ノ口３３－６", "緯度": 39.314338, "経度": 140.547504, "url": "https://www.iryou.teikyouseido.mhlw.go.jp/znk-web/juminkanja/S2430/initialize?prefCd=05&kikanCd=3050800910&kikanKbn=3", "url2": "https://yokotekyousei.com", "内容": "医療法人　よこて矯正歯科【3:歯科】秋田県横手市横手町五ノ口３３－６" }, "geometry": { "type": "Point", "coordinates": [ 140.547504, 39.314338 ] } },
{ "type": "Feature", "properties": { "ID": 533050900020, "正式名称": "佐野歯科医院", "機関区分": 3, "都道府県コード": 5, "市区町村コード": 207, "所在地": "秋田県湯沢市倉内布川５－４", "緯度": 39.175144, "経度": 140.473404, "url": "https://www.iryou.teikyouseido.mhlw.go.jp/znk-web/juminkanja/S2430/initialize?prefCd=05&kikanCd=3050900020&kikanKbn=3", "url2": null, "内容": "佐野歯科医院【3:歯科】秋田県湯沢市倉内布川５－４" }, "geometry": { "type": "Point", "coordinates": [ 140.473404, 39.175144 ] } },
{ "type": "Feature", "properties": { "ID": 533050900030, "正式名称": "杉村歯科医院", "機関区分": 3, "都道府県コード": 5, "市区町村コード": 207, "所在地": "秋田県湯沢市字両神１３８－１", "緯度": 39.173255, "経度": 140.476571, "url": "https://www.iryou.teikyouseido.mhlw.go.jp/znk-web/juminkanja/S2430/initialize?prefCd=05&kikanCd=3050900030&kikanKbn=3", "url2": "https://www.jda.or.jp/search/detail_54443.html", "内容": "杉村歯科医院【3:歯科】秋田県湯沢市字両神１３８－１" }, "geometry": { "type": "Point", "coordinates": [ 140.476571, 39.173255 ] } },
{ "type": "Feature", "properties": { "ID": 533050900040, "正式名称": "川連歯科医院", "機関区分": 3, "都道府県コード": 5, "市区町村コード": 207, "所在地": "秋田県湯沢市川連町大舘上山王１７－１０", "緯度": 39.148426, "経度": 140.56712, "url": "https://www.iryou.teikyouseido.mhlw.go.jp/znk-web/juminkanja/S2430/initialize?prefCd=05&kikanCd=3050900040&kikanKbn=3", "url2": null, "内容": "川連歯科医院【3:歯科】秋田県湯沢市川連町大舘上山王１７－１０" }, "geometry": { "type": "Point", "coordinates": [ 140.56712, 39.148426 ] } },
{ "type": "Feature", "properties": { "ID": 533050900060, "正式名称": "新山歯科医院", "機関区分": 3, "都道府県コード": 5, "市区町村コード": 207, "所在地": "秋田県湯沢市皆瀬下菅生１４－１", "緯度": 39.077104, "経度": 140.5888, "url": "https://www.iryou.teikyouseido.mhlw.go.jp/znk-web/juminkanja/S2430/initialize?prefCd=05&kikanCd=3050900060&kikanKbn=3", "url2": null, "内容": "新山歯科医院【3:歯科】秋田県湯沢市皆瀬下菅生１４－１" }, "geometry": { "type": "Point", "coordinates": [ 140.5888, 39.077104 ] } },
{ "type": "Feature", "properties": { "ID": 533050900070, "正式名称": "医療法人　里仁会　高橋歯科医院", "機関区分": 3, "都道府県コード": 5, "市区町村コード": 207, "所在地": "秋田県湯沢市岩崎岩崎７１", "緯度": 39.204391, "経度": 140.51101, "url": "https://www.iryou.teikyouseido.mhlw.go.jp/znk-web/juminkanja/S2430/initialize?prefCd=05&kikanCd=3050900070&kikanKbn=3", "url2": null, "内容": "医療法人　里仁会　高橋歯科医院【3:歯科】秋田県湯沢市岩崎岩崎７１" }, "geometry": { "type": "Point", "coordinates": [ 140.51101, 39.204391 ] } },
{ "type": "Feature", "properties": { "ID": 533050900080, "正式名称": "石田歯科医院", "機関区分": 3, "都道府県コード": 5, "市区町村コード": 207, "所在地": "秋田県湯沢市杉沢新所頭首沢１６－２", "緯度": 39.178255, "経度": 140.495402, "url": "https://www.iryou.teikyouseido.mhlw.go.jp/znk-web/juminkanja/S2430/initialize?prefCd=05&kikanCd=3050900080&kikanKbn=3", "url2": null, "内容": "石田歯科医院【3:歯科】秋田県湯沢市杉沢新所頭首沢１６－２" }, "geometry": { "type": "Point", "coordinates": [ 140.495402, 39.178255 ] } },
{ "type": "Feature", "properties": { "ID": 533050900090, "正式名称": "佐藤歯科医院", "機関区分": 3, "都道府県コード": 5, "市区町村コード": 207, "所在地": "秋田県湯沢市前森１－２－１１", "緯度": 39.168339, "経度": 140.493459, "url": "https://www.iryou.teikyouseido.mhlw.go.jp/znk-web/juminkanja/S2430/initialize?prefCd=05&kikanCd=3050900090&kikanKbn=3", "url2": null, "内容": "佐藤歯科医院【3:歯科】秋田県湯沢市前森１－２－１１" }, "geometry": { "type": "Point", "coordinates": [ 140.493459, 39.168339 ] } },
{ "type": "Feature", "properties": { "ID": 533050900100, "正式名称": "芳賀歯科医院", "機関区分": 3, "都道府県コード": 5, "市区町村コード": 207, "所在地": "秋田県湯沢市大工町２－２９", "緯度": 39.166923, "経度": 140.496347, "url": "https://www.iryou.teikyouseido.mhlw.go.jp/znk-web/juminkanja/S2430/initialize?prefCd=05&kikanCd=3050900100&kikanKbn=3", "url2": null, "内容": "芳賀歯科医院【3:歯科】秋田県湯沢市大工町２－２９" }, "geometry": { "type": "Point", "coordinates": [ 140.496347, 39.166923 ] } },
{ "type": "Feature", "properties": { "ID": 533050900110, "正式名称": "守口歯科クリニック", "機関区分": 3, "都道府県コード": 5, "市区町村コード": 207, "所在地": "秋田県湯沢市佐竹町７－３０", "緯度": 39.164983, "経度": 140.495612, "url": "https://www.iryou.teikyouseido.mhlw.go.jp/znk-web/juminkanja/S2430/initialize?prefCd=05&kikanCd=3050900110&kikanKbn=3", "url2": "http://www.moriguchidc.jp/", "内容": "守口歯科クリニック【3:歯科】秋田県湯沢市佐竹町７－３０" }, "geometry": { "type": "Point", "coordinates": [ 140.495612, 39.164983 ] } },
{ "type": "Feature", "properties": { "ID": 533050900120, "正式名称": "小番歯科医院", "機関区分": 3, "都道府県コード": 5, "市区町村コード": 207, "所在地": "秋田県湯沢市佐竹町９－３４", "緯度": 39.165615, "経度": 140.495735, "url": "https://www.iryou.teikyouseido.mhlw.go.jp/znk-web/juminkanja/S2430/initialize?prefCd=05&kikanCd=3050900120&kikanKbn=3", "url2": null, "内容": "小番歯科医院【3:歯科】秋田県湯沢市佐竹町９－３４" }, "geometry": { "type": "Point", "coordinates": [ 140.495735, 39.165615 ] } },
{ "type": "Feature", "properties": { "ID": 533050900140, "正式名称": "湯沢歯科クリニック", "機関区分": 3, "都道府県コード": 5, "市区町村コード": 207, "所在地": "秋田県湯沢市表町２丁目７－３３", "緯度": 39.165082, "経度": 140.487623, "url": "https://www.iryou.teikyouseido.mhlw.go.jp/znk-web/juminkanja/S2430/initialize?prefCd=05&kikanCd=3050900140&kikanKbn=3", "url2": "http://yuzawashika.com/", "内容": "湯沢歯科クリニック【3:歯科】秋田県湯沢市表町２丁目７－３３" }, "geometry": { "type": "Point", "coordinates": [ 140.487623, 39.165082 ] } },
{ "type": "Feature", "properties": { "ID": 533050900150, "正式名称": "田中歯科医院", "機関区分": 3, "都道府県コード": 5, "市区町村コード": 207, "所在地": "秋田県湯沢市大町１－２－３５", "緯度": 39.16245, "経度": 140.492098, "url": "https://www.iryou.teikyouseido.mhlw.go.jp/znk-web/juminkanja/S2430/initialize?prefCd=05&kikanCd=3050900150&kikanKbn=3", "url2": null, "内容": "田中歯科医院【3:歯科】秋田県湯沢市大町１－２－３５" }, "geometry": { "type": "Point", "coordinates": [ 140.492098, 39.16245 ] } },
{ "type": "Feature", "properties": { "ID": 533050900160, "正式名称": "田尻歯科医院", "機関区分": 3, "都道府県コード": 5, "市区町村コード": 207, "所在地": "秋田県湯沢市田町２－５－３５", "緯度": 39.157868, "経度": 140.491292, "url": "https://www.iryou.teikyouseido.mhlw.go.jp/znk-web/juminkanja/S2430/initialize?prefCd=05&kikanCd=3050900160&kikanKbn=3", "url2": null, "内容": "田尻歯科医院【3:歯科】秋田県湯沢市田町２－５－３５" }, "geometry": { "type": "Point", "coordinates": [ 140.491292, 39.157868 ] } },
{ "type": "Feature", "properties": { "ID": 533050900170, "正式名称": "大友歯科医院", "機関区分": 3, "都道府県コード": 5, "市区町村コード": 207, "所在地": "秋田県湯沢市材木町１丁目２－３６", "緯度": 39.16188, "経度": 140.489475, "url": "https://www.iryou.teikyouseido.mhlw.go.jp/znk-web/juminkanja/S2430/initialize?prefCd=05&kikanCd=3050900170&kikanKbn=3", "url2": null, "内容": "大友歯科医院【3:歯科】秋田県湯沢市材木町１丁目２－３６" }, "geometry": { "type": "Point", "coordinates": [ 140.489475, 39.16188 ] } },
{ "type": "Feature", "properties": { "ID": 533050900180, "正式名称": "山本歯科医院", "機関区分": 3, "都道府県コード": 5, "市区町村コード": 207, "所在地": "秋田県湯沢市千石町４－１－２０", "緯度": 39.156146, "経度": 140.489681, "url": "https://www.iryou.teikyouseido.mhlw.go.jp/znk-web/juminkanja/S2430/initialize?prefCd=05&kikanCd=3050900180&kikanKbn=3", "url2": "http://yamamoto-shika.jp/", "内容": "山本歯科医院【3:歯科】秋田県湯沢市千石町４－１－２０" }, "geometry": { "type": "Point", "coordinates": [ 140.489681, 39.156146 ] } },
{ "type": "Feature", "properties": { "ID": 533050900190, "正式名称": "愛宕歯科クリニック", "機関区分": 3, "都道府県コード": 5, "市区町村コード": 207, "所在地": "秋田県湯沢市西愛宕町５－１２", "緯度": 39.148119, "経度": 140.488238, "url": "https://www.iryou.teikyouseido.mhlw.go.jp/znk-web/juminkanja/S2430/initialize?prefCd=05&kikanCd=3050900190&kikanKbn=3", "url2": null, "内容": "愛宕歯科クリニック【3:歯科】秋田県湯沢市西愛宕町５－１２" }, "geometry": { "type": "Point", "coordinates": [ 140.488238, 39.148119 ] } },
{ "type": "Feature", "properties": { "ID": 533050900200, "正式名称": "秋野歯科医院", "機関区分": 3, "都道府県コード": 5, "市区町村コード": 207, "所在地": "秋田県湯沢市横堀字旭町３７", "緯度": 39.060127, "経度": 140.449272, "url": "https://www.iryou.teikyouseido.mhlw.go.jp/znk-web/juminkanja/S2430/initialize?prefCd=05&kikanCd=3050900200&kikanKbn=3", "url2": null, "内容": "秋野歯科医院【3:歯科】秋田県湯沢市横堀字旭町３７" }, "geometry": { "type": "Point", "coordinates": [ 140.449272, 39.060127 ] } },
{ "type": "Feature", "properties": { "ID": 533050900210, "正式名称": "姉崎歯科医院", "機関区分": 3, "都道府県コード": 5, "市区町村コード": 207, "所在地": "秋田県湯沢市小野字西堺９１－３", "緯度": 39.064905, "経度": 140.45205, "url": "https://www.iryou.teikyouseido.mhlw.go.jp/znk-web/juminkanja/S2430/initialize?prefCd=05&kikanCd=3050900210&kikanKbn=3", "url2": null, "内容": "姉崎歯科医院【3:歯科】秋田県湯沢市小野字西堺９１－３" }, "geometry": { "type": "Point", "coordinates": [ 140.45205, 39.064905 ] } },
{ "type": "Feature", "properties": { "ID": 533050900230, "正式名称": "にしもないながさわ歯科医院", "機関区分": 3, "都道府県コード": 5, "市区町村コード": 463, "所在地": "秋田県雄勝郡羽後町南西馬音内１８９－４", "緯度": 39.195947, "経度": 140.409371, "url": "https://www.iryou.teikyouseido.mhlw.go.jp/znk-web/juminkanja/S2430/initialize?prefCd=05&kikanCd=3050900230&kikanKbn=3", "url2": null, "内容": "にしもないながさわ歯科医院【3:歯科】秋田県雄勝郡羽後町南西馬音内１８９－４" }, "geometry": { "type": "Point", "coordinates": [ 140.409371, 39.195947 ] } },
{ "type": "Feature", "properties": { "ID": 533050900240, "正式名称": "荘司歯科医院", "機関区分": 3, "都道府県コード": 5, "市区町村コード": 463, "所在地": "秋田県雄勝郡羽後町貝沢雀田１３－２", "緯度": 39.194002, "経度": 140.43874, "url": "https://www.iryou.teikyouseido.mhlw.go.jp/znk-web/juminkanja/S2430/initialize?prefCd=05&kikanCd=3050900240&kikanKbn=3", "url2": null, "内容": "荘司歯科医院【3:歯科】秋田県雄勝郡羽後町貝沢雀田１３－２" }, "geometry": { "type": "Point", "coordinates": [ 140.43874, 39.194002 ] } },
{ "type": "Feature", "properties": { "ID": 533050900250, "正式名称": "高橋歯科クリニック", "機関区分": 3, "都道府県コード": 5, "市区町村コード": 463, "所在地": "秋田県雄勝郡羽後町西馬音内本町８２－１", "緯度": 39.198834, "経度": 140.405382, "url": "https://www.iryou.teikyouseido.mhlw.go.jp/znk-web/juminkanja/S2430/initialize?prefCd=05&kikanCd=3050900250&kikanKbn=3", "url2": null, "内容": "高橋歯科クリニック【3:歯科】秋田県雄勝郡羽後町西馬音内本町８２－１" }, "geometry": { "type": "Point", "coordinates": [ 140.405382, 39.198834 ] } },
{ "type": "Feature", "properties": { "ID": 533050900260, "正式名称": "医療法人　湊幸会　柴田歯科医院", "機関区分": 3, "都道府県コード": 5, "市区町村コード": 463, "所在地": "秋田県雄勝郡羽後町字川原田３１", "緯度": 39.198056, "経度": 140.408269, "url": "https://www.iryou.teikyouseido.mhlw.go.jp/znk-web/juminkanja/S2430/initialize?prefCd=05&kikanCd=3050900260&kikanKbn=3", "url2": "shibata-dental.jp", "内容": "医療法人　湊幸会　柴田歯科医院【3:歯科】秋田県雄勝郡羽後町字川原田３１" }, "geometry": { "type": "Point", "coordinates": [ 140.408269, 39.198056 ] } },
{ "type": "Feature", "properties": { "ID": 533050900270, "正式名称": "志水歯科医院", "機関区分": 3, "都道府県コード": 5, "市区町村コード": 463, "所在地": "秋田県雄勝郡羽後町南西馬音内３１４", "緯度": 39.196584, "経度": 140.412269, "url": "https://www.iryou.teikyouseido.mhlw.go.jp/znk-web/juminkanja/S2430/initialize?prefCd=05&kikanCd=3050900270&kikanKbn=3", "url2": null, "内容": "志水歯科医院【3:歯科】秋田県雄勝郡羽後町南西馬音内３１４" }, "geometry": { "type": "Point", "coordinates": [ 140.412269, 39.196584 ] } },
{ "type": "Feature", "properties": { "ID": 533050900280, "正式名称": "ジュネスデンタルクリニック", "機関区分": 3, "都道府県コード": 5, "市区町村コード": 464, "所在地": "秋田県雄勝郡東成瀬村田子内字田子内５１", "緯度": 39.180785, "経度": 140.645112, "url": "https://www.iryou.teikyouseido.mhlw.go.jp/znk-web/juminkanja/S2430/initialize?prefCd=05&kikanCd=3050900280&kikanKbn=3", "url2": null, "内容": "ジュネスデンタルクリニック【3:歯科】秋田県雄勝郡東成瀬村田子内字田子内５１" }, "geometry": { "type": "Point", "coordinates": [ 140.645112, 39.180785 ] } },
{ "type": "Feature", "properties": { "ID": 533050900290, "正式名称": "こまちデンタルクリニック", "機関区分": 3, "都道府県コード": 5, "市区町村コード": 207, "所在地": "秋田県湯沢市三梨町字烏帽子橋７１番２", "緯度": 39.146176, "経度": 140.574425, "url": "https://www.iryou.teikyouseido.mhlw.go.jp/znk-web/juminkanja/S2430/initialize?prefCd=05&kikanCd=3050900290&kikanKbn=3", "url2": "http://komadc.com", "内容": "こまちデンタルクリニック【3:歯科】秋田県湯沢市三梨町字烏帽子橋７１番２" }, "geometry": { "type": "Point", "coordinates": [ 140.574425, 39.146176 ] } }
]
}
