{
  "type": "FeatureCollection",
  "features": [
    {
      "type": "Feature",
      "geometry": {
        "type": "Point",
        "coordinates": [
          140.2915207,
          39.1094456
        ]
      },
      "properties": {
        "内容": "バス停: 名称不明バス停",
        "name": "名称不明バス停",
        "operator": "事業者不明",
        "ref": "",
        "url": "",
        "url2": ""
      }
    },
    {
      "type": "Feature",
      "geometry": {
        "type": "Point",
        "coordinates": [
          140.2909378,
          39.105036
        ]
      },
      "properties": {
        "内容": "バス停: 名称不明バス停",
        "name": "名称不明バス停",
        "operator": "事業者不明",
        "ref": "",
        "url": "",
        "url2": ""
      }
    },
    {
      "type": "Feature",
      "geometry": {
        "type": "Point",
        "coordinates": [
          140.1385264,
          39.2303357
        ]
      },
      "properties": {
        "内容": "バス停: 名称不明バス停",
        "name": "名称不明バス停",
        "operator": "事業者不明",
        "ref": "",
        "url": "",
        "url2": ""
      }
    },
    {
      "type": "Feature",
      "geometry": {
        "type": "Point",
        "coordinates": [
          140.1499636,
          39.2293573
        ]
      },
      "properties": {
        "内容": "バス停: 新ら町",
        "name": "新ら町",
        "operator": "事業者不明",
        "ref": "",
        "url": "",
        "url2": ""
      }
    },
    {
      "type": "Feature",
      "geometry": {
        "type": "Point",
        "coordinates": [
          140.1909971,
          39.2058632
        ]
      },
      "properties": {
        "内容": "バス停: 鐙ヶ平",
        "name": "鐙ヶ平",
        "operator": "事業者不明",
        "ref": "",
        "url": "",
        "url2": ""
      }
    },
    {
      "type": "Feature",
      "geometry": {
        "type": "Point",
        "coordinates": [
          140.188092,
          39.2142656
        ]
      },
      "properties": {
        "内容": "バス停: 矢ノ本",
        "name": "矢ノ本",
        "operator": "事業者不明",
        "ref": "",
        "url": "",
        "url2": ""
      }
    },
    {
      "type": "Feature",
      "geometry": {
        "type": "Point",
        "coordinates": [
          140.1941205,
          39.1846686
        ]
      },
      "properties": {
        "内容": "バス停: 伏見沢",
        "name": "伏見沢",
        "operator": "事業者不明",
        "ref": "",
        "url": "",
        "url2": ""
      }
    },
    {
      "type": "Feature",
      "geometry": {
        "type": "Point",
        "coordinates": [
          140.1992804,
          39.1828598
        ]
      },
      "properties": {
        "内容": "バス停: 堤鍋 (Sagenabe)",
        "name": "堤鍋 (Sagenabe)",
        "operator": "事業者不明",
        "ref": "",
        "url": "",
        "url2": ""
      }
    },
    {
      "type": "Feature",
      "geometry": {
        "type": "Point",
        "coordinates": [
          140.2421498,
          39.1572391
        ]
      },
      "properties": {
        "内容": "バス停: 小川",
        "name": "小川",
        "operator": "事業者不明",
        "ref": "",
        "url": "",
        "url2": ""
      }
    },
    {
      "type": "Feature",
      "geometry": {
        "type": "Point",
        "coordinates": [
          140.2335967,
          39.1600671
        ]
      },
      "properties": {
        "内容": "バス停: 楢木平",
        "name": "楢木平",
        "operator": "事業者不明",
        "ref": "",
        "url": "",
        "url2": ""
      }
    },
    {
      "type": "Feature",
      "geometry": {
        "type": "Point",
        "coordinates": [
          140.2680718,
          39.1374519
        ]
      },
      "properties": {
        "内容": "バス停: 根子",
        "name": "根子",
        "operator": "事業者不明",
        "ref": "",
        "url": "",
        "url2": ""
      }
    },
    {
      "type": "Feature",
      "geometry": {
        "type": "Point",
        "coordinates": [
          140.2492018,
          39.1517315
        ]
      },
      "properties": {
        "内容": "バス停: 男鹿内",
        "name": "男鹿内",
        "operator": "事業者不明",
        "ref": "",
        "url": "",
        "url2": ""
      }
    },
    {
      "type": "Feature",
      "geometry": {
        "type": "Point",
        "coordinates": [
          140.2531183,
          39.1477042
        ]
      },
      "properties": {
        "内容": "バス停: 峠",
        "name": "峠",
        "operator": "事業者不明",
        "ref": "",
        "url": "",
        "url2": ""
      }
    },
    {
      "type": "Feature",
      "geometry": {
        "type": "Point",
        "coordinates": [
          140.2623357,
          39.1414827
        ]
      },
      "properties": {
        "内容": "バス停: 下根子",
        "name": "下根子",
        "operator": "事業者不明",
        "ref": "",
        "url": "",
        "url2": ""
      }
    },
    {
      "type": "Feature",
      "geometry": {
        "type": "Point",
        "coordinates": [
          140.1462284,
          39.2294709
        ]
      },
      "properties": {
        "内容": "バス停: 名称不明バス停",
        "name": "名称不明バス停",
        "operator": "事業者不明",
        "ref": "",
        "url": "",
        "url2": ""
      }
    },
    {
      "type": "Feature",
      "geometry": {
        "type": "Point",
        "coordinates": [
          140.1551348,
          39.2273376
        ]
      },
      "properties": {
        "内容": "バス停: 新所",
        "name": "新所",
        "operator": "事業者不明",
        "ref": "",
        "url": "",
        "url2": ""
      }
    },
    {
      "type": "Feature",
      "geometry": {
        "type": "Point",
        "coordinates": [
          140.1584408,
          39.2259366
        ]
      },
      "properties": {
        "内容": "バス停: 上新所 (羽後交通)",
        "name": "上新所",
        "operator": "羽後交通",
        "ref": "",
        "url": "",
        "url2": ""
      }
    },
    {
      "type": "Feature",
      "geometry": {
        "type": "Point",
        "coordinates": [
          140.1432887,
          39.2292095
        ]
      },
      "properties": {
        "内容": "バス停: 名称不明バス停",
        "name": "名称不明バス停",
        "operator": "事業者不明",
        "ref": "",
        "url": "",
        "url2": ""
      }
    },
    {
      "type": "Feature",
      "geometry": {
        "type": "Point",
        "coordinates": [
          140.1646599,
          39.2231736
        ]
      },
      "properties": {
        "内容": "バス停: 郷内 (羽後交通)",
        "name": "郷内",
        "operator": "羽後交通",
        "ref": "",
        "url": "",
        "url2": ""
      }
    },
    {
      "type": "Feature",
      "geometry": {
        "type": "Point",
        "coordinates": [
          140.1910836,
          39.194369
        ]
      },
      "properties": {
        "内容": "バス停: 鳥海診療所前",
        "name": "鳥海診療所前",
        "operator": "事業者不明",
        "ref": "",
        "url": "",
        "url2": ""
      }
    },
    {
      "type": "Feature",
      "geometry": {
        "type": "Point",
        "coordinates": [
          140.1913467,
          39.1938077
        ]
      },
      "properties": {
        "内容": "バス停: 鳥海診療所前",
        "name": "鳥海診療所前",
        "operator": "事業者不明",
        "ref": "",
        "url": "",
        "url2": ""
      }
    },
    {
      "type": "Feature",
      "geometry": {
        "type": "Point",
        "coordinates": [
          140.1697819,
          39.2202596
        ]
      },
      "properties": {
        "内容": "バス停: 道仏坂",
        "name": "道仏坂",
        "operator": "事業者不明",
        "ref": "",
        "url": "",
        "url2": ""
      }
    },
    {
      "type": "Feature",
      "geometry": {
        "type": "Point",
        "coordinates": [
          140.2801531,
          39.124989
        ]
      },
      "properties": {
        "内容": "バス停: 瀬目 (Seme)",
        "name": "瀬目 (Seme)",
        "operator": "事業者不明",
        "ref": "",
        "url": "",
        "url2": ""
      }
    },
    {
      "type": "Feature",
      "geometry": {
        "type": "Point",
        "coordinates": [
          140.2851219,
          39.1201699
        ]
      },
      "properties": {
        "内容": "バス停: 本屋敷 (Motoyashiki)",
        "name": "本屋敷 (Motoyashiki)",
        "operator": "事業者不明",
        "ref": "",
        "url": "",
        "url2": ""
      }
    },
    {
      "type": "Feature",
      "geometry": {
        "type": "Point",
        "coordinates": [
          140.2766052,
          39.1311102
        ]
      },
      "properties": {
        "内容": "バス停: 三ノ坪",
        "name": "三ノ坪",
        "operator": "事業者不明",
        "ref": "",
        "url": "",
        "url2": ""
      }
    },
    {
      "type": "Feature",
      "geometry": {
        "type": "Point",
        "coordinates": [
          140.1186522,
          39.2528579
        ]
      },
      "properties": {
        "内容": "バス停: 名称不明バス停",
        "name": "名称不明バス停",
        "operator": "事業者不明",
        "ref": "",
        "url": "",
        "url2": ""
      }
    },
    {
      "type": "Feature",
      "geometry": {
        "type": "Point",
        "coordinates": [
          140.0479887,
          39.3652187
        ]
      },
      "properties": {
        "内容": "バス停: 名称不明バス停",
        "name": "名称不明バス停",
        "operator": "事業者不明",
        "ref": "",
        "url": "",
        "url2": ""
      }
    },
    {
      "type": "Feature",
      "geometry": {
        "type": "Point",
        "coordinates": [
          140.0816575,
          39.3262169
        ]
      },
      "properties": {
        "内容": "バス停: 名称不明バス停",
        "name": "名称不明バス停",
        "operator": "事業者不明",
        "ref": "",
        "url": "",
        "url2": ""
      }
    },
    {
      "type": "Feature",
      "geometry": {
        "type": "Point",
        "coordinates": [
          140.0597289,
          39.3509969
        ]
      },
      "properties": {
        "内容": "バス停: 名称不明バス停",
        "name": "名称不明バス停",
        "operator": "事業者不明",
        "ref": "",
        "url": "",
        "url2": ""
      }
    },
    {
      "type": "Feature",
      "geometry": {
        "type": "Point",
        "coordinates": [
          140.0488521,
          39.3677738
        ]
      },
      "properties": {
        "内容": "バス停: 名称不明バス停",
        "name": "名称不明バス停",
        "operator": "事業者不明",
        "ref": "",
        "url": "",
        "url2": ""
      }
    },
    {
      "type": "Feature",
      "geometry": {
        "type": "Point",
        "coordinates": [
          140.0156615,
          39.3605484
        ]
      },
      "properties": {
        "内容": "バス停: 名称不明バス停",
        "name": "名称不明バス停",
        "operator": "事業者不明",
        "ref": "",
        "url": "",
        "url2": ""
      }
    },
    {
      "type": "Feature",
      "geometry": {
        "type": "Point",
        "coordinates": [
          140.0159579,
          39.3626774
        ]
      },
      "properties": {
        "内容": "バス停: 名称不明バス停",
        "name": "名称不明バス停",
        "operator": "事業者不明",
        "ref": "",
        "url": "",
        "url2": ""
      }
    },
    {
      "type": "Feature",
      "geometry": {
        "type": "Point",
        "coordinates": [
          140.0306058,
          39.383731
        ]
      },
      "properties": {
        "内容": "バス停: 名称不明バス停",
        "name": "名称不明バス停",
        "operator": "事業者不明",
        "ref": "",
        "url": "",
        "url2": ""
      }
    },
    {
      "type": "Feature",
      "geometry": {
        "type": "Point",
        "coordinates": [
          140.0163718,
          39.3658119
        ]
      },
      "properties": {
        "内容": "バス停: 名称不明バス停",
        "name": "名称不明バス停",
        "operator": "事業者不明",
        "ref": "",
        "url": "",
        "url2": ""
      }
    },
    {
      "type": "Feature",
      "geometry": {
        "type": "Point",
        "coordinates": [
          140.2662632,
          39.0972051
        ]
      },
      "properties": {
        "内容": "バス停: 名称不明バス停",
        "name": "名称不明バス停",
        "operator": "事業者不明",
        "ref": "",
        "url": "",
        "url2": ""
      }
    },
    {
      "type": "Feature",
      "geometry": {
        "type": "Point",
        "coordinates": [
          140.1090054,
          39.2866646
        ]
      },
      "properties": {
        "内容": "バス停: 名称不明バス停",
        "name": "名称不明バス停",
        "operator": "事業者不明",
        "ref": "",
        "url": "",
        "url2": ""
      }
    },
    {
      "type": "Feature",
      "geometry": {
        "type": "Point",
        "coordinates": [
          140.1027167,
          39.2960764
        ]
      },
      "properties": {
        "内容": "バス停: 名称不明バス停",
        "name": "名称不明バス停",
        "operator": "事業者不明",
        "ref": "",
        "url": "",
        "url2": ""
      }
    },
    {
      "type": "Feature",
      "geometry": {
        "type": "Point",
        "coordinates": [
          140.0599539,
          39.5717618
        ]
      },
      "properties": {
        "内容": "バス停: 名称不明バス停",
        "name": "名称不明バス停",
        "operator": "事業者不明",
        "ref": "",
        "url": "",
        "url2": ""
      }
    },
    {
      "type": "Feature",
      "geometry": {
        "type": "Point",
        "coordinates": [
          140.0911793,
          39.3239927
        ]
      },
      "properties": {
        "内容": "バス停: 名称不明バス停",
        "name": "名称不明バス停",
        "operator": "事業者不明",
        "ref": "",
        "url": "",
        "url2": ""
      }
    },
    {
      "type": "Feature",
      "geometry": {
        "type": "Point",
        "coordinates": [
          140.1050193,
          39.2902903
        ]
      },
      "properties": {
        "内容": "バス停: 名称不明バス停",
        "name": "名称不明バス停",
        "operator": "事業者不明",
        "ref": "",
        "url": "",
        "url2": ""
      }
    },
    {
      "type": "Feature",
      "geometry": {
        "type": "Point",
        "coordinates": [
          140.0566092,
          39.5597371
        ]
      },
      "properties": {
        "内容": "バス停: 名称不明バス停",
        "name": "名称不明バス停",
        "operator": "事業者不明",
        "ref": "",
        "url": "",
        "url2": ""
      }
    },
    {
      "type": "Feature",
      "geometry": {
        "type": "Point",
        "coordinates": [
          140.0707994,
          39.3649566
        ]
      },
      "properties": {
        "内容": "バス停: 名称不明バス停",
        "name": "名称不明バス停",
        "operator": "事業者不明",
        "ref": "",
        "url": "",
        "url2": ""
      }
    },
    {
      "type": "Feature",
      "geometry": {
        "type": "Point",
        "coordinates": [
          140.0943098,
          39.3214946
        ]
      },
      "properties": {
        "内容": "バス停: 名称不明バス停",
        "name": "名称不明バス停",
        "operator": "事業者不明",
        "ref": "",
        "url": "",
        "url2": ""
      }
    },
    {
      "type": "Feature",
      "geometry": {
        "type": "Point",
        "coordinates": [
          140.1196014,
          39.2488712
        ]
      },
      "properties": {
        "内容": "バス停: 名称不明バス停",
        "name": "名称不明バス停",
        "operator": "事業者不明",
        "ref": "",
        "url": "",
        "url2": ""
      }
    },
    {
      "type": "Feature",
      "geometry": {
        "type": "Point",
        "coordinates": [
          140.0608692,
          39.5944927
        ]
      },
      "properties": {
        "内容": "バス停: 名称不明バス停",
        "name": "名称不明バス停",
        "operator": "事業者不明",
        "ref": "",
        "url": "",
        "url2": ""
      }
    },
    {
      "type": "Feature",
      "geometry": {
        "type": "Point",
        "coordinates": [
          140.1024217,
          39.3061151
        ]
      },
      "properties": {
        "内容": "バス停: 名称不明バス停",
        "name": "名称不明バス停",
        "operator": "事業者不明",
        "ref": "",
        "url": "",
        "url2": ""
      }
    },
    {
      "type": "Feature",
      "geometry": {
        "type": "Point",
        "coordinates": [
          140.1213191,
          39.2630324
        ]
      },
      "properties": {
        "内容": "バス停: 名称不明バス停",
        "name": "名称不明バス停",
        "operator": "事業者不明",
        "ref": "",
        "url": "",
        "url2": ""
      }
    },
    {
      "type": "Feature",
      "geometry": {
        "type": "Point",
        "coordinates": [
          140.1134661,
          39.2757466
        ]
      },
      "properties": {
        "内容": "バス停: 名称不明バス停",
        "name": "名称不明バス停",
        "operator": "事業者不明",
        "ref": "",
        "url": "",
        "url2": ""
      }
    },
    {
      "type": "Feature",
      "geometry": {
        "type": "Point",
        "coordinates": [
          140.0639259,
          39.6183115
        ]
      },
      "properties": {
        "内容": "バス停: 名称不明バス停",
        "name": "名称不明バス停",
        "operator": "事業者不明",
        "ref": "",
        "url": "",
        "url2": ""
      }
    },
    {
      "type": "Feature",
      "geometry": {
        "type": "Point",
        "coordinates": [
          140.1171881,
          39.265414
        ]
      },
      "properties": {
        "内容": "バス停: 名称不明バス停",
        "name": "名称不明バス停",
        "operator": "事業者不明",
        "ref": "",
        "url": "",
        "url2": ""
      }
    },
    {
      "type": "Feature",
      "geometry": {
        "type": "Point",
        "coordinates": [
          140.098739,
          39.3170002
        ]
      },
      "properties": {
        "内容": "バス停: 名称不明バス停",
        "name": "名称不明バス停",
        "operator": "事業者不明",
        "ref": "",
        "url": "",
        "url2": ""
      }
    },
    {
      "type": "Feature",
      "geometry": {
        "type": "Point",
        "coordinates": [
          140.1143129,
          39.2822461
        ]
      },
      "properties": {
        "内容": "バス停: 名称不明バス停",
        "name": "名称不明バス停",
        "operator": "事業者不明",
        "ref": "",
        "url": "",
        "url2": ""
      }
    },
    {
      "type": "Feature",
      "geometry": {
        "type": "Point",
        "coordinates": [
          140.0647119,
          39.6119042
        ]
      },
      "properties": {
        "内容": "バス停: 名称不明バス停",
        "name": "名称不明バス停",
        "operator": "事業者不明",
        "ref": "",
        "url": "",
        "url2": ""
      }
    },
    {
      "type": "Feature",
      "geometry": {
        "type": "Point",
        "coordinates": [
          140.0766601,
          39.3592811
        ]
      },
      "properties": {
        "内容": "バス停: 名称不明バス停",
        "name": "名称不明バス停",
        "operator": "事業者不明",
        "ref": "",
        "url": "",
        "url2": ""
      }
    },
    {
      "type": "Feature",
      "geometry": {
        "type": "Point",
        "coordinates": [
          140.0575077,
          39.5651128
        ]
      },
      "properties": {
        "内容": "バス停: 名称不明バス停",
        "name": "名称不明バス停",
        "operator": "事業者不明",
        "ref": "",
        "url": "",
        "url2": ""
      }
    },
    {
      "type": "Feature",
      "geometry": {
        "type": "Point",
        "coordinates": [
          140.1030871,
          39.2925718
        ]
      },
      "properties": {
        "内容": "バス停: 名称不明バス停",
        "name": "名称不明バス停",
        "operator": "事業者不明",
        "ref": "",
        "url": "",
        "url2": ""
      }
    },
    {
      "type": "Feature",
      "geometry": {
        "type": "Point",
        "coordinates": [
          140.0787832,
          39.3572649
        ]
      },
      "properties": {
        "内容": "バス停: 名称不明バス停",
        "name": "名称不明バス停",
        "operator": "事業者不明",
        "ref": "",
        "url": "",
        "url2": ""
      }
    },
    {
      "type": "Feature",
      "geometry": {
        "type": "Point",
        "coordinates": [
          140.0651856,
          39.6286862
        ]
      },
      "properties": {
        "内容": "バス停: 名称不明バス停",
        "name": "名称不明バス停",
        "operator": "事業者不明",
        "ref": "",
        "url": "",
        "url2": ""
      }
    },
    {
      "type": "Feature",
      "geometry": {
        "type": "Point",
        "coordinates": [
          140.0744925,
          39.3373481
        ]
      },
      "properties": {
        "内容": "バス停: 名称不明バス停",
        "name": "名称不明バス停",
        "operator": "事業者不明",
        "ref": "",
        "url": "",
        "url2": ""
      }
    },
    {
      "type": "Feature",
      "geometry": {
        "type": "Point",
        "coordinates": [
          140.0601776,
          39.5811605
        ]
      },
      "properties": {
        "内容": "バス停: 名称不明バス停",
        "name": "名称不明バス停",
        "operator": "事業者不明",
        "ref": "",
        "url": "",
        "url2": ""
      }
    },
    {
      "type": "Feature",
      "geometry": {
        "type": "Point",
        "coordinates": [
          140.0569426,
          39.5541897
        ]
      },
      "properties": {
        "内容": "バス停: 名称不明バス停",
        "name": "名称不明バス停",
        "operator": "事業者不明",
        "ref": "",
        "url": "",
        "url2": ""
      }
    },
    {
      "type": "Feature",
      "geometry": {
        "type": "Point",
        "coordinates": [
          140.0807516,
          39.3554455
        ]
      },
      "properties": {
        "内容": "バス停: 名称不明バス停",
        "name": "名称不明バス停",
        "operator": "事業者不明",
        "ref": "",
        "url": "",
        "url2": ""
      }
    },
    {
      "type": "Feature",
      "geometry": {
        "type": "Point",
        "coordinates": [
          140.0350921,
          39.4550874
        ]
      },
      "properties": {
        "内容": "バス停: 名称不明バス停",
        "name": "名称不明バス停",
        "operator": "事業者不明",
        "ref": "",
        "url": "",
        "url2": ""
      }
    },
    {
      "type": "Feature",
      "geometry": {
        "type": "Point",
        "coordinates": [
          140.0287448,
          39.4172298
        ]
      },
      "properties": {
        "内容": "バス停: 名称不明バス停",
        "name": "名称不明バス停",
        "operator": "事業者不明",
        "ref": "",
        "url": "",
        "url2": ""
      }
    },
    {
      "type": "Feature",
      "geometry": {
        "type": "Point",
        "coordinates": [
          140.0330555,
          39.4449486
        ]
      },
      "properties": {
        "内容": "バス停: 名称不明バス停",
        "name": "名称不明バス停",
        "operator": "事業者不明",
        "ref": "",
        "url": "",
        "url2": ""
      }
    },
    {
      "type": "Feature",
      "geometry": {
        "type": "Point",
        "coordinates": [
          140.0318945,
          39.4405763
        ]
      },
      "properties": {
        "内容": "バス停: 名称不明バス停",
        "name": "名称不明バス停",
        "operator": "事業者不明",
        "ref": "",
        "url": "",
        "url2": ""
      }
    },
    {
      "type": "Feature",
      "geometry": {
        "type": "Point",
        "coordinates": [
          140.0273354,
          39.4228223
        ]
      },
      "properties": {
        "内容": "バス停: 名称不明バス停",
        "name": "名称不明バス停",
        "operator": "事業者不明",
        "ref": "",
        "url": "",
        "url2": ""
      }
    },
    {
      "type": "Feature",
      "geometry": {
        "type": "Point",
        "coordinates": [
          140.0421998,
          39.4791261
        ]
      },
      "properties": {
        "内容": "バス停: 名称不明バス停",
        "name": "名称不明バス停",
        "operator": "事業者不明",
        "ref": "",
        "url": "",
        "url2": ""
      }
    },
    {
      "type": "Feature",
      "geometry": {
        "type": "Point",
        "coordinates": [
          140.0309623,
          39.4095315
        ]
      },
      "properties": {
        "内容": "バス停: 名称不明バス停",
        "name": "名称不明バス停",
        "operator": "事業者不明",
        "ref": "",
        "url": "",
        "url2": ""
      }
    },
    {
      "type": "Feature",
      "geometry": {
        "type": "Point",
        "coordinates": [
          140.0389072,
          39.4675929
        ]
      },
      "properties": {
        "内容": "バス停: 名称不明バス停",
        "name": "名称不明バス停",
        "operator": "事業者不明",
        "ref": "",
        "url": "",
        "url2": ""
      }
    },
    {
      "type": "Feature",
      "geometry": {
        "type": "Point",
        "coordinates": [
          140.030682,
          39.4123479
        ]
      },
      "properties": {
        "内容": "バス停: 名称不明バス停",
        "name": "名称不明バス停",
        "operator": "事業者不明",
        "ref": "",
        "url": "",
        "url2": ""
      }
    },
    {
      "type": "Feature",
      "geometry": {
        "type": "Point",
        "coordinates": [
          140.0370695,
          39.4596889
        ]
      },
      "properties": {
        "内容": "バス停: 名称不明バス停",
        "name": "名称不明バス停",
        "operator": "事業者不明",
        "ref": "",
        "url": "",
        "url2": ""
      }
    },
    {
      "type": "Feature",
      "geometry": {
        "type": "Point",
        "coordinates": [
          140.0299857,
          39.3919082
        ]
      },
      "properties": {
        "内容": "バス停: 名称不明バス停",
        "name": "名称不明バス停",
        "operator": "事業者不明",
        "ref": "",
        "url": "",
        "url2": ""
      }
    },
    {
      "type": "Feature",
      "geometry": {
        "type": "Point",
        "coordinates": [
          140.0310875,
          39.3984946
        ]
      },
      "properties": {
        "内容": "バス停: 名称不明バス停",
        "name": "名称不明バス停",
        "operator": "事業者不明",
        "ref": "",
        "url": "",
        "url2": ""
      }
    },
    {
      "type": "Feature",
      "geometry": {
        "type": "Point",
        "coordinates": [
          140.0317044,
          39.4005184
        ]
      },
      "properties": {
        "内容": "バス停: 名称不明バス停",
        "name": "名称不明バス停",
        "operator": "事業者不明",
        "ref": "",
        "url": "",
        "url2": ""
      }
    },
    {
      "type": "Feature",
      "geometry": {
        "type": "Point",
        "coordinates": [
          140.0553536,
          39.3863625
        ]
      },
      "properties": {
        "内容": "バス停: 名称不明バス停",
        "name": "名称不明バス停",
        "operator": "事業者不明",
        "ref": "",
        "url": "",
        "url2": ""
      }
    },
    {
      "type": "Feature",
      "geometry": {
        "type": "Point",
        "coordinates": [
          140.0554826,
          39.3882069
        ]
      },
      "properties": {
        "内容": "バス停: 名称不明バス停",
        "name": "名称不明バス停",
        "operator": "事業者不明",
        "ref": "",
        "url": "",
        "url2": ""
      }
    },
    {
      "type": "Feature",
      "geometry": {
        "type": "Point",
        "coordinates": [
          140.0591061,
          39.3962288
        ]
      },
      "properties": {
        "内容": "バス停: 名称不明バス停",
        "name": "名称不明バス停",
        "operator": "事業者不明",
        "ref": "",
        "url": "",
        "url2": ""
      }
    },
    {
      "type": "Feature",
      "geometry": {
        "type": "Point",
        "coordinates": [
          140.0522707,
          39.3824953
        ]
      },
      "properties": {
        "内容": "バス停: 名称不明バス停",
        "name": "名称不明バス停",
        "operator": "事業者不明",
        "ref": "",
        "url": "",
        "url2": ""
      }
    },
    {
      "type": "Feature",
      "geometry": {
        "type": "Point",
        "coordinates": [
          140.09099,
          39.3240187
        ]
      },
      "properties": {
        "内容": "バス停: 名称不明バス停",
        "name": "名称不明バス停",
        "operator": "事業者不明",
        "ref": "",
        "url": "",
        "url2": ""
      }
    },
    {
      "type": "Feature",
      "geometry": {
        "type": "Point",
        "coordinates": [
          140.1153831,
          39.2779347
        ]
      },
      "properties": {
        "内容": "バス停: 名称不明バス停",
        "name": "名称不明バス停",
        "operator": "事業者不明",
        "ref": "",
        "url": "",
        "url2": ""
      }
    },
    {
      "type": "Feature",
      "geometry": {
        "type": "Point",
        "coordinates": [
          140.1415031,
          39.2322362
        ]
      },
      "properties": {
        "内容": "バス停: 曲り渕 (羽後交通)",
        "name": "曲り渕",
        "operator": "羽後交通",
        "ref": "",
        "url": "",
        "url2": ""
      }
    },
    {
      "type": "Feature",
      "geometry": {
        "type": "Point",
        "coordinates": [
          140.0524759,
          39.3734455
        ]
      },
      "properties": {
        "内容": "バス停: 名称不明バス停",
        "name": "名称不明バス停",
        "operator": "事業者不明",
        "ref": "",
        "url": "",
        "url2": ""
      }
    },
    {
      "type": "Feature",
      "geometry": {
        "type": "Point",
        "coordinates": [
          140.1089278,
          39.2868494
        ]
      },
      "properties": {
        "内容": "バス停: 名称不明バス停",
        "name": "名称不明バス停",
        "operator": "事業者不明",
        "ref": "",
        "url": "",
        "url2": ""
      }
    },
    {
      "type": "Feature",
      "geometry": {
        "type": "Point",
        "coordinates": [
          140.1114946,
          39.2728958
        ]
      },
      "properties": {
        "内容": "バス停: 名称不明バス停",
        "name": "名称不明バス停",
        "operator": "事業者不明",
        "ref": "",
        "url": "",
        "url2": ""
      }
    },
    {
      "type": "Feature",
      "geometry": {
        "type": "Point",
        "coordinates": [
          140.1211654,
          39.2613672
        ]
      },
      "properties": {
        "内容": "バス停: 名称不明バス停",
        "name": "名称不明バス停",
        "operator": "事業者不明",
        "ref": "",
        "url": "",
        "url2": ""
      }
    },
    {
      "type": "Feature",
      "geometry": {
        "type": "Point",
        "coordinates": [
          140.0595542,
          39.3512675
        ]
      },
      "properties": {
        "内容": "バス停: 名称不明バス停",
        "name": "名称不明バス停",
        "operator": "事業者不明",
        "ref": "",
        "url": "",
        "url2": ""
      }
    },
    {
      "type": "Feature",
      "geometry": {
        "type": "Point",
        "coordinates": [
          140.1011971,
          39.3093866
        ]
      },
      "properties": {
        "内容": "バス停: 名称不明バス停",
        "name": "名称不明バス停",
        "operator": "事業者不明",
        "ref": "",
        "url": "",
        "url2": ""
      }
    },
    {
      "type": "Feature",
      "geometry": {
        "type": "Point",
        "coordinates": [
          140.0477704,
          39.3642392
        ]
      },
      "properties": {
        "内容": "バス停: 名称不明バス停",
        "name": "名称不明バス停",
        "operator": "事業者不明",
        "ref": "",
        "url": "",
        "url2": ""
      }
    },
    {
      "type": "Feature",
      "geometry": {
        "type": "Point",
        "coordinates": [
          140.1280459,
          39.6765726
        ]
      },
      "properties": {
        "内容": "バス停: 仁井田中町",
        "name": "仁井田中町",
        "operator": "事業者不明",
        "ref": "",
        "url": "",
        "url2": ""
      }
    },
    {
      "type": "Feature",
      "geometry": {
        "type": "Point",
        "coordinates": [
          140.1249039,
          39.686113
        ]
      },
      "properties": {
        "内容": "バス停: 名称不明バス停",
        "name": "名称不明バス停",
        "operator": "事業者不明",
        "ref": "",
        "url": "",
        "url2": ""
      }
    },
    {
      "type": "Feature",
      "geometry": {
        "type": "Point",
        "coordinates": [
          140.12489,
          39.6861425
        ]
      },
      "properties": {
        "内容": "バス停: 名称不明バス停",
        "name": "名称不明バス停",
        "operator": "事業者不明",
        "ref": "",
        "url": "",
        "url2": ""
      }
    },
    {
      "type": "Feature",
      "geometry": {
        "type": "Point",
        "coordinates": [
          140.1221684,
          39.6914036
        ]
      },
      "properties": {
        "内容": "バス停: 名称不明バス停",
        "name": "名称不明バス停",
        "operator": "事業者不明",
        "ref": "",
        "url": "",
        "url2": ""
      }
    },
    {
      "type": "Feature",
      "geometry": {
        "type": "Point",
        "coordinates": [
          140.1221252,
          39.6914172
        ]
      },
      "properties": {
        "内容": "バス停: 名称不明バス停",
        "name": "名称不明バス停",
        "operator": "事業者不明",
        "ref": "",
        "url": "",
        "url2": ""
      }
    },
    {
      "type": "Feature",
      "geometry": {
        "type": "Point",
        "coordinates": [
          140.1202378,
          39.6941912
        ]
      },
      "properties": {
        "内容": "バス停: 牛島市営住宅前",
        "name": "牛島市営住宅前",
        "operator": "事業者不明",
        "ref": "",
        "url": "",
        "url2": ""
      }
    },
    {
      "type": "Feature",
      "geometry": {
        "type": "Point",
        "coordinates": [
          140.1113201,
          39.7003984
        ]
      },
      "properties": {
        "内容": "バス停: 卸センター入口",
        "name": "卸センター入口",
        "operator": "事業者不明",
        "ref": "",
        "url": "",
        "url2": ""
      }
    },
    {
      "type": "Feature",
      "geometry": {
        "type": "Point",
        "coordinates": [
          140.0567205,
          39.3868286
        ]
      },
      "properties": {
        "内容": "バス停: 名称不明バス停",
        "name": "名称不明バス停",
        "operator": "事業者不明",
        "ref": "",
        "url": "",
        "url2": ""
      }
    },
    {
      "type": "Feature",
      "geometry": {
        "type": "Point",
        "coordinates": [
          140.1228998,
          39.7178875
        ]
      },
      "properties": {
        "内容": "バス停: 千秋公園入口 (秋田中央交通)",
        "name": "千秋公園入口",
        "operator": "秋田中央交通",
        "ref": "1",
        "url": "",
        "url2": ""
      }
    },
    {
      "type": "Feature",
      "geometry": {
        "type": "Point",
        "coordinates": [
          140.1112687,
          39.7006634
        ]
      },
      "properties": {
        "内容": "バス停: 名称不明バス停",
        "name": "名称不明バス停",
        "operator": "事業者不明",
        "ref": "",
        "url": "",
        "url2": ""
      }
    },
    {
      "type": "Feature",
      "geometry": {
        "type": "Point",
        "coordinates": [
          140.1112363,
          39.7006805
        ]
      },
      "properties": {
        "内容": "バス停: 名称不明バス停",
        "name": "名称不明バス停",
        "operator": "事業者不明",
        "ref": "",
        "url": "",
        "url2": ""
      }
    },
    {
      "type": "Feature",
      "geometry": {
        "type": "Point",
        "coordinates": [
          140.1284651,
          39.6765571
        ]
      },
      "properties": {
        "内容": "バス停: 名称不明バス停",
        "name": "名称不明バス停",
        "operator": "事業者不明",
        "ref": "",
        "url": "",
        "url2": ""
      }
    },
    {
      "type": "Feature",
      "geometry": {
        "type": "Point",
        "coordinates": [
          140.1284295,
          39.6765771
        ]
      },
      "properties": {
        "内容": "バス停: 名称不明バス停",
        "name": "名称不明バス停",
        "operator": "事業者不明",
        "ref": "",
        "url": "",
        "url2": ""
      }
    },
    {
      "type": "Feature",
      "geometry": {
        "type": "Point",
        "coordinates": [
          140.1744649,
          39.6574681
        ]
      },
      "properties": {
        "内容": "バス停: 名称不明バス停",
        "name": "名称不明バス停",
        "operator": "事業者不明",
        "ref": "",
        "url": "",
        "url2": ""
      }
    },
    {
      "type": "Feature",
      "geometry": {
        "type": "Point",
        "coordinates": [
          140.266773,
          39.1379824
        ]
      },
      "properties": {
        "内容": "バス停: 根子",
        "name": "根子",
        "operator": "事業者不明",
        "ref": "",
        "url": "",
        "url2": ""
      }
    },
    {
      "type": "Feature",
      "geometry": {
        "type": "Point",
        "coordinates": [
          140.5831737,
          40.219223
        ]
      },
      "properties": {
        "内容": "バス停: コッコ駅",
        "name": "コッコ駅",
        "operator": "事業者不明",
        "ref": "",
        "url": "",
        "url2": ""
      }
    },
    {
      "type": "Feature",
      "geometry": {
        "type": "Point",
        "coordinates": [
          140.567094,
          39.30962
        ]
      },
      "properties": {
        "内容": "バス停: 平和町角",
        "name": "平和町角",
        "operator": "事業者不明",
        "ref": "",
        "url": "",
        "url2": ""
      }
    },
    {
      "type": "Feature",
      "geometry": {
        "type": "Point",
        "coordinates": [
          140.4792171,
          39.4640362
        ]
      },
      "properties": {
        "内容": "バス停: 花火通り",
        "name": "花火通り",
        "operator": "事業者不明",
        "ref": "",
        "url": "",
        "url2": ""
      }
    },
    {
      "type": "Feature",
      "geometry": {
        "type": "Point",
        "coordinates": [
          140.5685571,
          39.5930334
        ]
      },
      "properties": {
        "内容": "バス停: 駅通り",
        "name": "駅通り",
        "operator": "事業者不明",
        "ref": "",
        "url": "",
        "url2": ""
      }
    },
    {
      "type": "Feature",
      "geometry": {
        "type": "Point",
        "coordinates": [
          140.5685742,
          39.5931659
        ]
      },
      "properties": {
        "内容": "バス停: 駅通り",
        "name": "駅通り",
        "operator": "事業者不明",
        "ref": "",
        "url": "",
        "url2": ""
      }
    },
    {
      "type": "Feature",
      "geometry": {
        "type": "Point",
        "coordinates": [
          140.5684374,
          39.593299
        ]
      },
      "properties": {
        "内容": "バス停: 駅通り",
        "name": "駅通り",
        "operator": "事業者不明",
        "ref": "",
        "url": "",
        "url2": ""
      }
    },
    {
      "type": "Feature",
      "geometry": {
        "type": "Point",
        "coordinates": [
          140.5710487,
          39.592484
        ]
      },
      "properties": {
        "内容": "バス停: びゅうばすのりば",
        "name": "びゅうばすのりば",
        "operator": "事業者不明",
        "ref": "",
        "url": "",
        "url2": ""
      }
    },
    {
      "type": "Feature",
      "geometry": {
        "type": "Point",
        "coordinates": [
          140.5708335,
          39.5924895
        ]
      },
      "properties": {
        "内容": "バス停: 角館駅前",
        "name": "角館駅前",
        "operator": "事業者不明",
        "ref": "",
        "url": "",
        "url2": ""
      }
    },
    {
      "type": "Feature",
      "geometry": {
        "type": "Point",
        "coordinates": [
          140.5710955,
          39.5925415
        ]
      },
      "properties": {
        "内容": "バス停: 角館駅前",
        "name": "角館駅前",
        "operator": "事業者不明",
        "ref": "",
        "url": "",
        "url2": ""
      }
    },
    {
      "type": "Feature",
      "geometry": {
        "type": "Point",
        "coordinates": [
          140.401866,
          40.0006749
        ]
      },
      "properties": {
        "内容": "バス停: 阿仁合駅前",
        "name": "阿仁合駅前",
        "operator": "事業者不明",
        "ref": "",
        "url": "",
        "url2": ""
      }
    },
    {
      "type": "Feature",
      "geometry": {
        "type": "Point",
        "coordinates": [
          140.1021134,
          39.7189781
        ]
      },
      "properties": {
        "内容": "バス停: 県庁市役所前",
        "name": "県庁市役所前",
        "operator": "事業者不明",
        "ref": "",
        "url": "",
        "url2": ""
      }
    },
    {
      "type": "Feature",
      "geometry": {
        "type": "Point",
        "coordinates": [
          140.1036077,
          39.7193335
        ]
      },
      "properties": {
        "内容": "バス停: 県庁市役所前",
        "name": "県庁市役所前",
        "operator": "事業者不明",
        "ref": "",
        "url": "",
        "url2": ""
      }
    },
    {
      "type": "Feature",
      "geometry": {
        "type": "Point",
        "coordinates": [
          140.5618323,
          39.3110858
        ]
      },
      "properties": {
        "内容": "バス停: 名称不明バス停",
        "name": "名称不明バス停",
        "operator": "事業者不明",
        "ref": "",
        "url": "",
        "url2": ""
      }
    },
    {
      "type": "Feature",
      "geometry": {
        "type": "Point",
        "coordinates": [
          140.4771916,
          39.4647547
        ]
      },
      "properties": {
        "内容": "バス停: 羽後交通バスターミナル (羽後交通)",
        "name": "羽後交通バスターミナル",
        "operator": "羽後交通",
        "ref": "",
        "url": "",
        "url2": ""
      }
    },
    {
      "type": "Feature",
      "geometry": {
        "type": "Point",
        "coordinates": [
          140.5698383,
          39.3090369
        ]
      },
      "properties": {
        "内容": "バス停: 平和町",
        "name": "平和町",
        "operator": "事業者不明",
        "ref": "",
        "url": "",
        "url2": ""
      }
    },
    {
      "type": "Feature",
      "geometry": {
        "type": "Point",
        "coordinates": [
          140.5672484,
          39.3097432
        ]
      },
      "properties": {
        "内容": "バス停: 平和町角",
        "name": "平和町角",
        "operator": "事業者不明",
        "ref": "",
        "url": "",
        "url2": ""
      }
    },
    {
      "type": "Feature",
      "geometry": {
        "type": "Point",
        "coordinates": [
          140.564407,
          39.3103665
        ]
      },
      "properties": {
        "内容": "バス停: 前郷二番町",
        "name": "前郷二番町",
        "operator": "事業者不明",
        "ref": "",
        "url": "",
        "url2": ""
      }
    },
    {
      "type": "Feature",
      "geometry": {
        "type": "Point",
        "coordinates": [
          140.8287432,
          40.2945472
        ]
      },
      "properties": {
        "内容": "バス停: 名称不明バス停",
        "name": "名称不明バス停",
        "operator": "事業者不明",
        "ref": "",
        "url": "",
        "url2": ""
      }
    },
    {
      "type": "Feature",
      "geometry": {
        "type": "Point",
        "coordinates": [
          140.8350778,
          40.2961631
        ]
      },
      "properties": {
        "内容": "バス停: 名称不明バス停",
        "name": "名称不明バス停",
        "operator": "事業者不明",
        "ref": "",
        "url": "",
        "url2": ""
      }
    },
    {
      "type": "Feature",
      "geometry": {
        "type": "Point",
        "coordinates": [
          140.8301,
          40.323418
        ]
      },
      "properties": {
        "内容": "バス停: 赤川",
        "name": "赤川",
        "operator": "事業者不明",
        "ref": "",
        "url": "",
        "url2": ""
      }
    },
    {
      "type": "Feature",
      "geometry": {
        "type": "Point",
        "coordinates": [
          140.632221,
          40.290508
        ]
      },
      "properties": {
        "内容": "バス停: 清風荘前 (秋北バス)",
        "name": "清風荘前",
        "operator": "秋北バス",
        "ref": "",
        "url": "",
        "url2": ""
      }
    },
    {
      "type": "Feature",
      "geometry": {
        "type": "Point",
        "coordinates": [
          140.631887,
          40.290522
        ]
      },
      "properties": {
        "内容": "バス停: 清風荘前 (秋北バス)",
        "name": "清風荘前",
        "operator": "秋北バス",
        "ref": "",
        "url": "",
        "url2": ""
      }
    },
    {
      "type": "Feature",
      "geometry": {
        "type": "Point",
        "coordinates": [
          139.974149,
          39.2929225
        ]
      },
      "properties": {
        "内容": "バス停: TDK秋田工場正門",
        "name": "TDK秋田工場正門",
        "operator": "事業者不明",
        "ref": "",
        "url": "",
        "url2": ""
      }
    },
    {
      "type": "Feature",
      "geometry": {
        "type": "Point",
        "coordinates": [
          139.9910602,
          39.1223532
        ]
      },
      "properties": {
        "内容": "バス停: 鉾立口",
        "name": "鉾立口",
        "operator": "事業者不明",
        "ref": "",
        "url": "",
        "url2": ""
      }
    },
    {
      "type": "Feature",
      "geometry": {
        "type": "Point",
        "coordinates": [
          140.817508,
          39.9781451
        ]
      },
      "properties": {
        "内容": "バス停: 蒸の湯温泉",
        "name": "蒸の湯温泉",
        "operator": "事業者不明",
        "ref": "",
        "url": "",
        "url2": ""
      }
    },
    {
      "type": "Feature",
      "geometry": {
        "type": "Point",
        "coordinates": [
          140.7996225,
          39.975062
        ]
      },
      "properties": {
        "内容": "バス停: 後生掛温泉",
        "name": "後生掛温泉",
        "operator": "事業者不明",
        "ref": "",
        "url": "",
        "url2": ""
      }
    },
    {
      "type": "Feature",
      "geometry": {
        "type": "Point",
        "coordinates": [
          140.8002501,
          39.9751966
        ]
      },
      "properties": {
        "内容": "バス停: 後生掛温泉",
        "name": "後生掛温泉",
        "operator": "事業者不明",
        "ref": "",
        "url": "",
        "url2": ""
      }
    },
    {
      "type": "Feature",
      "geometry": {
        "type": "Point",
        "coordinates": [
          140.2302275,
          39.652464
        ]
      },
      "properties": {
        "内容": "バス停: 名称不明バス停",
        "name": "名称不明バス停",
        "operator": "事業者不明",
        "ref": "",
        "url": "",
        "url2": ""
      }
    },
    {
      "type": "Feature",
      "geometry": {
        "type": "Point",
        "coordinates": [
          140.2259463,
          39.6526867
        ]
      },
      "properties": {
        "内容": "バス停: 名称不明バス停",
        "name": "名称不明バス停",
        "operator": "事業者不明",
        "ref": "",
        "url": "",
        "url2": ""
      }
    },
    {
      "type": "Feature",
      "geometry": {
        "type": "Point",
        "coordinates": [
          140.5673387,
          39.3136968
        ]
      },
      "properties": {
        "内容": "バス停: 四日町上丁",
        "name": "四日町上丁",
        "operator": "事業者不明",
        "ref": "",
        "url": "",
        "url2": ""
      }
    },
    {
      "type": "Feature",
      "geometry": {
        "type": "Point",
        "coordinates": [
          140.5664232,
          39.3138646
        ]
      },
      "properties": {
        "内容": "バス停: 横手市役所本庁舎前",
        "name": "横手市役所本庁舎前",
        "operator": "事業者不明",
        "ref": "",
        "url": "",
        "url2": ""
      }
    },
    {
      "type": "Feature",
      "geometry": {
        "type": "Point",
        "coordinates": [
          140.5650085,
          39.3138217
        ]
      },
      "properties": {
        "内容": "バス停: 横手市役所本庁舎前",
        "name": "横手市役所本庁舎前",
        "operator": "事業者不明",
        "ref": "",
        "url": "",
        "url2": ""
      }
    },
    {
      "type": "Feature",
      "geometry": {
        "type": "Point",
        "coordinates": [
          140.3808474,
          39.4703852
        ]
      },
      "properties": {
        "内容": "バス停: 名称不明バス停",
        "name": "名称不明バス停",
        "operator": "事業者不明",
        "ref": "",
        "url": "",
        "url2": ""
      }
    },
    {
      "type": "Feature",
      "geometry": {
        "type": "Point",
        "coordinates": [
          140.3805217,
          39.470238
        ]
      },
      "properties": {
        "内容": "バス停: 名称不明バス停",
        "name": "名称不明バス停",
        "operator": "事業者不明",
        "ref": "",
        "url": "",
        "url2": ""
      }
    },
    {
      "type": "Feature",
      "geometry": {
        "type": "Point",
        "coordinates": [
          140.4754343,
          39.3978835
        ]
      },
      "properties": {
        "内容": "バス停: 角間川",
        "name": "角間川",
        "operator": "事業者不明",
        "ref": "",
        "url": "",
        "url2": ""
      }
    },
    {
      "type": "Feature",
      "geometry": {
        "type": "Point",
        "coordinates": [
          140.5094857,
          39.3300354
        ]
      },
      "properties": {
        "内容": "バス停: 名称不明バス停",
        "name": "名称不明バス停",
        "operator": "事業者不明",
        "ref": "",
        "url": "",
        "url2": ""
      }
    },
    {
      "type": "Feature",
      "geometry": {
        "type": "Point",
        "coordinates": [
          140.5283144,
          39.2893487
        ]
      },
      "properties": {
        "内容": "バス停: 名称不明バス停",
        "name": "名称不明バス停",
        "operator": "事業者不明",
        "ref": "",
        "url": "",
        "url2": ""
      }
    },
    {
      "type": "Feature",
      "geometry": {
        "type": "Point",
        "coordinates": [
          140.5287194,
          39.2891971
        ]
      },
      "properties": {
        "内容": "バス停: 名称不明バス停",
        "name": "名称不明バス停",
        "operator": "事業者不明",
        "ref": "",
        "url": "",
        "url2": ""
      }
    },
    {
      "type": "Feature",
      "geometry": {
        "type": "Point",
        "coordinates": [
          140.7742133,
          39.7906145
        ]
      },
      "properties": {
        "内容": "バス停: 名称不明バス停",
        "name": "名称不明バス停",
        "operator": "事業者不明",
        "ref": "",
        "url": "",
        "url2": ""
      }
    },
    {
      "type": "Feature",
      "geometry": {
        "type": "Point",
        "coordinates": [
          140.0971766,
          39.6725656
        ]
      },
      "properties": {
        "内容": "バス停: 名称不明バス停",
        "name": "名称不明バス停",
        "operator": "事業者不明",
        "ref": "",
        "url": "",
        "url2": ""
      }
    },
    {
      "type": "Feature",
      "geometry": {
        "type": "Point",
        "coordinates": [
          140.1199909,
          39.7181991
        ]
      },
      "properties": {
        "内容": "バス停: 木内前 (秋田中央交通)",
        "name": "木内前",
        "operator": "秋田中央交通",
        "ref": "",
        "url": "",
        "url2": ""
      }
    },
    {
      "type": "Feature",
      "geometry": {
        "type": "Point",
        "coordinates": [
          140.1271114,
          39.7160325
        ]
      },
      "properties": {
        "内容": "バス停: 名称不明バス停 (秋田中央交通)",
        "name": "名称不明バス停",
        "operator": "秋田中央交通",
        "ref": "6",
        "url": "",
        "url2": ""
      }
    },
    {
      "type": "Feature",
      "geometry": {
        "type": "Point",
        "coordinates": [
          140.1271413,
          39.716295
        ]
      },
      "properties": {
        "内容": "バス停: 名称不明バス停 (秋田中央交通)",
        "name": "名称不明バス停",
        "operator": "秋田中央交通",
        "ref": "4",
        "url": "",
        "url2": ""
      }
    },
    {
      "type": "Feature",
      "geometry": {
        "type": "Point",
        "coordinates": [
          140.1267622,
          39.7163758
        ]
      },
      "properties": {
        "内容": "バス停: 名称不明バス停 (秋田中央交通)",
        "name": "名称不明バス停",
        "operator": "秋田中央交通",
        "ref": "3",
        "url": "",
        "url2": ""
      }
    },
    {
      "type": "Feature",
      "geometry": {
        "type": "Point",
        "coordinates": [
          140.1267474,
          39.7162529
        ]
      },
      "properties": {
        "内容": "バス停: 名称不明バス停 (秋田中央交通)",
        "name": "名称不明バス停",
        "operator": "秋田中央交通",
        "ref": "2",
        "url": "",
        "url2": ""
      }
    },
    {
      "type": "Feature",
      "geometry": {
        "type": "Point",
        "coordinates": [
          140.1171103,
          39.7175497
        ]
      },
      "properties": {
        "内容": "バス停: 川反入口 (秋田中央交通)",
        "name": "川反入口",
        "operator": "秋田中央交通",
        "ref": "",
        "url": "",
        "url2": ""
      }
    },
    {
      "type": "Feature",
      "geometry": {
        "type": "Point",
        "coordinates": [
          140.1185895,
          39.7177534
        ]
      },
      "properties": {
        "内容": "バス停: 二丁目橋",
        "name": "二丁目橋",
        "operator": "事業者不明",
        "ref": "",
        "url": "",
        "url2": ""
      }
    },
    {
      "type": "Feature",
      "geometry": {
        "type": "Point",
        "coordinates": [
          140.1187371,
          39.7187948
        ]
      },
      "properties": {
        "内容": "バス停: 秋田中央警察署前",
        "name": "秋田中央警察署前",
        "operator": "事業者不明",
        "ref": "",
        "url": "",
        "url2": ""
      }
    },
    {
      "type": "Feature",
      "geometry": {
        "type": "Point",
        "coordinates": [
          140.1976369,
          39.6262624
        ]
      },
      "properties": {
        "内容": "バス停: AIU",
        "name": "AIU",
        "operator": "事業者不明",
        "ref": "",
        "url": "",
        "url2": ""
      }
    },
    {
      "type": "Feature",
      "geometry": {
        "type": "Point",
        "coordinates": [
          140.3761107,
          40.2299972
        ]
      },
      "properties": {
        "内容": "バス停: あけぼの町",
        "name": "あけぼの町",
        "operator": "事業者不明",
        "ref": "",
        "url": "",
        "url2": ""
      }
    },
    {
      "type": "Feature",
      "geometry": {
        "type": "Point",
        "coordinates": [
          140.3762086,
          40.2300883
        ]
      },
      "properties": {
        "内容": "バス停: あけぼの町",
        "name": "あけぼの町",
        "operator": "事業者不明",
        "ref": "",
        "url": "",
        "url2": ""
      }
    },
    {
      "type": "Feature",
      "geometry": {
        "type": "Point",
        "coordinates": [
          140.3706053,
          40.2293318
        ]
      },
      "properties": {
        "内容": "バス停: 銀座通り",
        "name": "銀座通り",
        "operator": "事業者不明",
        "ref": "",
        "url": "",
        "url2": ""
      }
    },
    {
      "type": "Feature",
      "geometry": {
        "type": "Point",
        "coordinates": [
          140.3705837,
          40.2292577
        ]
      },
      "properties": {
        "内容": "バス停: 銀座通り",
        "name": "銀座通り",
        "operator": "事業者不明",
        "ref": "",
        "url": "",
        "url2": ""
      }
    },
    {
      "type": "Feature",
      "geometry": {
        "type": "Point",
        "coordinates": [
          140.3699383,
          40.231669
        ]
      },
      "properties": {
        "内容": "バス停: 鷹巣駅前",
        "name": "鷹巣駅前",
        "operator": "事業者不明",
        "ref": "",
        "url": "",
        "url2": ""
      }
    },
    {
      "type": "Feature",
      "geometry": {
        "type": "Point",
        "coordinates": [
          140.3663063,
          40.2261212
        ]
      },
      "properties": {
        "内容": "バス停: 大町一丁目",
        "name": "大町一丁目",
        "operator": "事業者不明",
        "ref": "",
        "url": "",
        "url2": ""
      }
    },
    {
      "type": "Feature",
      "geometry": {
        "type": "Point",
        "coordinates": [
          140.3661335,
          40.2263874
        ]
      },
      "properties": {
        "内容": "バス停: 大町一丁目",
        "name": "大町一丁目",
        "operator": "事業者不明",
        "ref": "",
        "url": "",
        "url2": ""
      }
    },
    {
      "type": "Feature",
      "geometry": {
        "type": "Point",
        "coordinates": [
          140.3646643,
          40.2363433
        ]
      },
      "properties": {
        "内容": "バス停: 田中",
        "name": "田中",
        "operator": "事業者不明",
        "ref": "",
        "url": "",
        "url2": ""
      }
    },
    {
      "type": "Feature",
      "geometry": {
        "type": "Point",
        "coordinates": [
          140.3649132,
          40.2366663
        ]
      },
      "properties": {
        "内容": "バス停: 田中",
        "name": "田中",
        "operator": "事業者不明",
        "ref": "",
        "url": "",
        "url2": ""
      }
    },
    {
      "type": "Feature",
      "geometry": {
        "type": "Point",
        "coordinates": [
          140.3671049,
          40.2422944
        ]
      },
      "properties": {
        "内容": "バス停: 南綴子",
        "name": "南綴子",
        "operator": "事業者不明",
        "ref": "",
        "url": "",
        "url2": ""
      }
    },
    {
      "type": "Feature",
      "geometry": {
        "type": "Point",
        "coordinates": [
          140.3670454,
          40.2428567
        ]
      },
      "properties": {
        "内容": "バス停: 南綴子",
        "name": "南綴子",
        "operator": "事業者不明",
        "ref": "",
        "url": "",
        "url2": ""
      }
    },
    {
      "type": "Feature",
      "geometry": {
        "type": "Point",
        "coordinates": [
          140.3684693,
          40.2505147
        ]
      },
      "properties": {
        "内容": "バス停: 綴子",
        "name": "綴子",
        "operator": "事業者不明",
        "ref": "",
        "url": "",
        "url2": ""
      }
    },
    {
      "type": "Feature",
      "geometry": {
        "type": "Point",
        "coordinates": [
          140.3685316,
          40.2504111
        ]
      },
      "properties": {
        "内容": "バス停: 綴子",
        "name": "綴子",
        "operator": "事業者不明",
        "ref": "",
        "url": "",
        "url2": ""
      }
    },
    {
      "type": "Feature",
      "geometry": {
        "type": "Point",
        "coordinates": [
          140.3740906,
          40.2532606
        ]
      },
      "properties": {
        "内容": "バス停: 綴子坂下",
        "name": "綴子坂下",
        "operator": "事業者不明",
        "ref": "",
        "url": "",
        "url2": ""
      }
    },
    {
      "type": "Feature",
      "geometry": {
        "type": "Point",
        "coordinates": [
          140.3739435,
          40.2531413
        ]
      },
      "properties": {
        "内容": "バス停: 綴子坂下",
        "name": "綴子坂下",
        "operator": "事業者不明",
        "ref": "",
        "url": "",
        "url2": ""
      }
    },
    {
      "type": "Feature",
      "geometry": {
        "type": "Point",
        "coordinates": [
          140.3768192,
          40.2531464
        ]
      },
      "properties": {
        "内容": "バス停: 綴子小学校前",
        "name": "綴子小学校前",
        "operator": "事業者不明",
        "ref": "",
        "url": "",
        "url2": ""
      }
    },
    {
      "type": "Feature",
      "geometry": {
        "type": "Point",
        "coordinates": [
          140.3766899,
          40.2531058
        ]
      },
      "properties": {
        "内容": "バス停: 綴子小学校前",
        "name": "綴子小学校前",
        "operator": "事業者不明",
        "ref": "",
        "url": "",
        "url2": ""
      }
    },
    {
      "type": "Feature",
      "geometry": {
        "type": "Point",
        "coordinates": [
          140.3791105,
          40.2526406
        ]
      },
      "properties": {
        "内容": "バス停: 鷹巣技術専門校前",
        "name": "鷹巣技術専門校前",
        "operator": "事業者不明",
        "ref": "",
        "url": "",
        "url2": ""
      }
    },
    {
      "type": "Feature",
      "geometry": {
        "type": "Point",
        "coordinates": [
          140.3801288,
          40.2527318
        ]
      },
      "properties": {
        "内容": "バス停: 鷹巣技術専門校前",
        "name": "鷹巣技術専門校前",
        "operator": "事業者不明",
        "ref": "",
        "url": "",
        "url2": ""
      }
    },
    {
      "type": "Feature",
      "geometry": {
        "type": "Point",
        "coordinates": [
          140.3826009,
          40.253305
        ]
      },
      "properties": {
        "内容": "バス停: 大堤神社前",
        "name": "大堤神社前",
        "operator": "事業者不明",
        "ref": "",
        "url": "",
        "url2": ""
      }
    },
    {
      "type": "Feature",
      "geometry": {
        "type": "Point",
        "coordinates": [
          140.749138,
          39.9905009
        ]
      },
      "properties": {
        "内容": "バス停: 大場谷地湿原",
        "name": "大場谷地湿原",
        "operator": "事業者不明",
        "ref": "",
        "url": "",
        "url2": ""
      }
    },
    {
      "type": "Feature",
      "geometry": {
        "type": "Point",
        "coordinates": [
          140.1302303,
          39.7410389
        ]
      },
      "properties": {
        "内容": "バス停: 新藤田",
        "name": "新藤田",
        "operator": "事業者不明",
        "ref": "",
        "url": "",
        "url2": ""
      }
    },
    {
      "type": "Feature",
      "geometry": {
        "type": "Point",
        "coordinates": [
          140.1300815,
          39.7413029
        ]
      },
      "properties": {
        "内容": "バス停: 新藤田",
        "name": "新藤田",
        "operator": "事業者不明",
        "ref": "",
        "url": "",
        "url2": ""
      }
    },
    {
      "type": "Feature",
      "geometry": {
        "type": "Point",
        "coordinates": [
          140.1300023,
          39.7387455
        ]
      },
      "properties": {
        "内容": "バス停: 旭川小学校前",
        "name": "旭川小学校前",
        "operator": "事業者不明",
        "ref": "",
        "url": "",
        "url2": ""
      }
    },
    {
      "type": "Feature",
      "geometry": {
        "type": "Point",
        "coordinates": [
          140.1298656,
          39.7391611
        ]
      },
      "properties": {
        "内容": "バス停: 旭川小学校前",
        "name": "旭川小学校前",
        "operator": "事業者不明",
        "ref": "",
        "url": "",
        "url2": ""
      }
    },
    {
      "type": "Feature",
      "geometry": {
        "type": "Point",
        "coordinates": [
          140.1412314,
          39.7552716
        ]
      },
      "properties": {
        "内容": "バス停: 添川上丁",
        "name": "添川上丁",
        "operator": "事業者不明",
        "ref": "",
        "url": "",
        "url2": ""
      }
    },
    {
      "type": "Feature",
      "geometry": {
        "type": "Point",
        "coordinates": [
          140.1416834,
          39.7551819
        ]
      },
      "properties": {
        "内容": "バス停: 添川上丁",
        "name": "添川上丁",
        "operator": "事業者不明",
        "ref": "",
        "url": "",
        "url2": ""
      }
    },
    {
      "type": "Feature",
      "geometry": {
        "type": "Point",
        "coordinates": [
          140.3676205,
          40.223806
        ]
      },
      "properties": {
        "内容": "バス停: 横町",
        "name": "横町",
        "operator": "事業者不明",
        "ref": "",
        "url": "",
        "url2": ""
      }
    },
    {
      "type": "Feature",
      "geometry": {
        "type": "Point",
        "coordinates": [
          140.3679332,
          40.2238778
        ]
      },
      "properties": {
        "内容": "バス停: 横町",
        "name": "横町",
        "operator": "事業者不明",
        "ref": "",
        "url": "",
        "url2": ""
      }
    },
    {
      "type": "Feature",
      "geometry": {
        "type": "Point",
        "coordinates": [
          140.3684927,
          40.2208537
        ]
      },
      "properties": {
        "内容": "バス停: 舟見町",
        "name": "舟見町",
        "operator": "事業者不明",
        "ref": "",
        "url": "",
        "url2": ""
      }
    },
    {
      "type": "Feature",
      "geometry": {
        "type": "Point",
        "coordinates": [
          140.3685598,
          40.2211599
        ]
      },
      "properties": {
        "内容": "バス停: 舟見町",
        "name": "舟見町",
        "operator": "事業者不明",
        "ref": "",
        "url": "",
        "url2": ""
      }
    },
    {
      "type": "Feature",
      "geometry": {
        "type": "Point",
        "coordinates": [
          140.3708076,
          40.2161406
        ]
      },
      "properties": {
        "内容": "バス停: 舟場",
        "name": "舟場",
        "operator": "事業者不明",
        "ref": "",
        "url": "",
        "url2": ""
      }
    },
    {
      "type": "Feature",
      "geometry": {
        "type": "Point",
        "coordinates": [
          140.3706289,
          40.2164512
        ]
      },
      "properties": {
        "内容": "バス停: 舟場",
        "name": "舟場",
        "operator": "事業者不明",
        "ref": "",
        "url": "",
        "url2": ""
      }
    },
    {
      "type": "Feature",
      "geometry": {
        "type": "Point",
        "coordinates": [
          140.3662245,
          40.2136915
        ]
      },
      "properties": {
        "内容": "バス停: 温泉前",
        "name": "温泉前",
        "operator": "事業者不明",
        "ref": "",
        "url": "",
        "url2": ""
      }
    },
    {
      "type": "Feature",
      "geometry": {
        "type": "Point",
        "coordinates": [
          140.3663525,
          40.2136721
        ]
      },
      "properties": {
        "内容": "バス停: 温泉前",
        "name": "温泉前",
        "operator": "事業者不明",
        "ref": "",
        "url": "",
        "url2": ""
      }
    },
    {
      "type": "Feature",
      "geometry": {
        "type": "Point",
        "coordinates": [
          140.1204738,
          39.7181387
        ]
      },
      "properties": {
        "内容": "バス停: 木内前 (秋田中央交通)",
        "name": "木内前",
        "operator": "秋田中央交通",
        "ref": "",
        "url": "",
        "url2": ""
      }
    },
    {
      "type": "Feature",
      "geometry": {
        "type": "Point",
        "coordinates": [
          140.123272,
          39.7178452
        ]
      },
      "properties": {
        "内容": "バス停: 千秋公園入口 (秋田中央交通)",
        "name": "千秋公園入口",
        "operator": "秋田中央交通",
        "ref": "2",
        "url": "",
        "url2": ""
      }
    },
    {
      "type": "Feature",
      "geometry": {
        "type": "Point",
        "coordinates": [
          140.1282227,
          39.7169668
        ]
      },
      "properties": {
        "内容": "バス停: 名称不明バス停 (秋田中央交通)",
        "name": "名称不明バス停",
        "operator": "秋田中央交通",
        "ref": "13",
        "url": "",
        "url2": ""
      }
    },
    {
      "type": "Feature",
      "geometry": {
        "type": "Point",
        "coordinates": [
          140.1282053,
          39.7170721
        ]
      },
      "properties": {
        "内容": "バス停: 名称不明バス停 (秋田中央交通)",
        "name": "名称不明バス停",
        "operator": "秋田中央交通",
        "ref": "12",
        "url": "",
        "url2": ""
      }
    },
    {
      "type": "Feature",
      "geometry": {
        "type": "Point",
        "coordinates": [
          140.1281852,
          39.7171814
        ]
      },
      "properties": {
        "内容": "バス停: 名称不明バス停 (秋田中央交通)",
        "name": "名称不明バス停",
        "operator": "秋田中央交通",
        "ref": "11",
        "url": "",
        "url2": ""
      }
    },
    {
      "type": "Feature",
      "geometry": {
        "type": "Point",
        "coordinates": [
          140.1281691,
          39.7172887
        ]
      },
      "properties": {
        "内容": "バス停: 名称不明バス停 (秋田中央交通)",
        "name": "名称不明バス停",
        "operator": "秋田中央交通",
        "ref": "10",
        "url": "",
        "url2": ""
      }
    },
    {
      "type": "Feature",
      "geometry": {
        "type": "Point",
        "coordinates": [
          140.1283246,
          39.7169926
        ]
      },
      "properties": {
        "内容": "バス停: 名称不明バス停 (秋田中央交通)",
        "name": "名称不明バス停",
        "operator": "秋田中央交通",
        "ref": "9",
        "url": "",
        "url2": ""
      }
    },
    {
      "type": "Feature",
      "geometry": {
        "type": "Point",
        "coordinates": [
          140.1283072,
          39.7170896
        ]
      },
      "properties": {
        "内容": "バス停: 名称不明バス停 (秋田中央交通)",
        "name": "名称不明バス停",
        "operator": "秋田中央交通",
        "ref": "8",
        "url": "",
        "url2": ""
      }
    },
    {
      "type": "Feature",
      "geometry": {
        "type": "Point",
        "coordinates": [
          140.1282884,
          39.7171907
        ]
      },
      "properties": {
        "内容": "バス停: 名称不明バス停 (秋田中央交通)",
        "name": "名称不明バス停",
        "operator": "秋田中央交通",
        "ref": "7",
        "url": "",
        "url2": ""
      }
    },
    {
      "type": "Feature",
      "geometry": {
        "type": "Point",
        "coordinates": [
          140.1282737,
          39.7172918
        ]
      },
      "properties": {
        "内容": "バス停: 名称不明バス停 (秋田中央交通)",
        "name": "名称不明バス停",
        "operator": "秋田中央交通",
        "ref": "6",
        "url": "",
        "url2": ""
      }
    },
    {
      "type": "Feature",
      "geometry": {
        "type": "Point",
        "coordinates": [
          140.1284225,
          39.7170927
        ]
      },
      "properties": {
        "内容": "バス停: 名称不明バス停 (秋田中央交通)",
        "name": "名称不明バス停",
        "operator": "秋田中央交通",
        "ref": "4",
        "url": "",
        "url2": ""
      }
    },
    {
      "type": "Feature",
      "geometry": {
        "type": "Point",
        "coordinates": [
          140.1284091,
          39.7171845
        ]
      },
      "properties": {
        "内容": "バス停: 名称不明バス停 (秋田中央交通)",
        "name": "名称不明バス停",
        "operator": "秋田中央交通",
        "ref": "3",
        "url": "",
        "url2": ""
      }
    },
    {
      "type": "Feature",
      "geometry": {
        "type": "Point",
        "coordinates": [
          140.1284386,
          39.717005
        ]
      },
      "properties": {
        "内容": "バス停: 名称不明バス停 (秋田中央交通)",
        "name": "名称不明バス停",
        "operator": "秋田中央交通",
        "ref": "5",
        "url": "",
        "url2": ""
      }
    },
    {
      "type": "Feature",
      "geometry": {
        "type": "Point",
        "coordinates": [
          140.1283957,
          39.7172846
        ]
      },
      "properties": {
        "内容": "バス停: 名称不明バス停 (秋田中央交通)",
        "name": "名称不明バス停",
        "operator": "秋田中央交通",
        "ref": "2",
        "url": "",
        "url2": ""
      }
    },
    {
      "type": "Feature",
      "geometry": {
        "type": "Point",
        "coordinates": [
          140.1285137,
          39.7172712
        ]
      },
      "properties": {
        "内容": "バス停: 名称不明バス停 (秋田中央交通)",
        "name": "名称不明バス停",
        "operator": "秋田中央交通",
        "ref": "1",
        "url": "",
        "url2": ""
      }
    },
    {
      "type": "Feature",
      "geometry": {
        "type": "Point",
        "coordinates": [
          140.1271263,
          39.7161671
        ]
      },
      "properties": {
        "内容": "バス停: 名称不明バス停 (秋田中央交通)",
        "name": "名称不明バス停",
        "operator": "秋田中央交通",
        "ref": "5",
        "url": "",
        "url2": ""
      }
    },
    {
      "type": "Feature",
      "geometry": {
        "type": "Point",
        "coordinates": [
          140.1267314,
          39.7161405
        ]
      },
      "properties": {
        "内容": "バス停: 名称不明バス停 (秋田中央交通)",
        "name": "名称不明バス停",
        "operator": "秋田中央交通",
        "ref": "1",
        "url": "",
        "url2": ""
      }
    },
    {
      "type": "Feature",
      "geometry": {
        "type": "Point",
        "coordinates": [
          140.1226813,
          39.7162076
        ]
      },
      "properties": {
        "内容": "バス停: 中通二丁目 (秋田中央交通)",
        "name": "中通二丁目",
        "operator": "秋田中央交通",
        "ref": "",
        "url": "",
        "url2": ""
      }
    },
    {
      "type": "Feature",
      "geometry": {
        "type": "Point",
        "coordinates": [
          140.119883,
          39.7164526
        ]
      },
      "properties": {
        "内容": "バス停: 中通一丁目 (秋田中央交通)",
        "name": "中通一丁目",
        "operator": "秋田中央交通",
        "ref": "",
        "url": "",
        "url2": ""
      }
    },
    {
      "type": "Feature",
      "geometry": {
        "type": "Point",
        "coordinates": [
          140.1190777,
          39.7196283
        ]
      },
      "properties": {
        "内容": "バス停: 秋田中央警察署前",
        "name": "秋田中央警察署前",
        "operator": "事業者不明",
        "ref": "",
        "url": "",
        "url2": ""
      }
    },
    {
      "type": "Feature",
      "geometry": {
        "type": "Point",
        "coordinates": [
          140.1181926,
          39.7206093
        ]
      },
      "properties": {
        "内容": "バス停: 通町",
        "name": "通町",
        "operator": "事業者不明",
        "ref": "",
        "url": "",
        "url2": ""
      }
    },
    {
      "type": "Feature",
      "geometry": {
        "type": "Point",
        "coordinates": [
          140.1181121,
          39.7204659
        ]
      },
      "properties": {
        "内容": "バス停: 通町",
        "name": "通町",
        "operator": "事業者不明",
        "ref": "",
        "url": "",
        "url2": ""
      }
    },
    {
      "type": "Feature",
      "geometry": {
        "type": "Point",
        "coordinates": [
          140.1157813,
          39.7209435
        ]
      },
      "properties": {
        "内容": "バス停: 通町二区",
        "name": "通町二区",
        "operator": "事業者不明",
        "ref": "",
        "url": "",
        "url2": ""
      }
    },
    {
      "type": "Feature",
      "geometry": {
        "type": "Point",
        "coordinates": [
          140.1158456,
          39.7211013
        ]
      },
      "properties": {
        "内容": "バス停: 通町二区",
        "name": "通町二区",
        "operator": "事業者不明",
        "ref": "",
        "url": "",
        "url2": ""
      }
    },
    {
      "type": "Feature",
      "geometry": {
        "type": "Point",
        "coordinates": [
          140.115391,
          39.7216006
        ]
      },
      "properties": {
        "内容": "バス停: 菊谷小路",
        "name": "菊谷小路",
        "operator": "事業者不明",
        "ref": "",
        "url": "",
        "url2": ""
      }
    },
    {
      "type": "Feature",
      "geometry": {
        "type": "Point",
        "coordinates": [
          140.1152033,
          39.7215212
        ]
      },
      "properties": {
        "内容": "バス停: 菊谷小路",
        "name": "菊谷小路",
        "operator": "事業者不明",
        "ref": "",
        "url": "",
        "url2": ""
      }
    },
    {
      "type": "Feature",
      "geometry": {
        "type": "Point",
        "coordinates": [
          140.1176213,
          39.7245352
        ]
      },
      "properties": {
        "内容": "バス停: すわ町",
        "name": "すわ町",
        "operator": "事業者不明",
        "ref": "",
        "url": "",
        "url2": ""
      }
    },
    {
      "type": "Feature",
      "geometry": {
        "type": "Point",
        "coordinates": [
          140.117341,
          39.7240504
        ]
      },
      "properties": {
        "内容": "バス停: すわ町",
        "name": "すわ町",
        "operator": "事業者不明",
        "ref": "",
        "url": "",
        "url2": ""
      }
    },
    {
      "type": "Feature",
      "geometry": {
        "type": "Point",
        "coordinates": [
          140.1186392,
          39.7248911
        ]
      },
      "properties": {
        "内容": "バス停: すわ町",
        "name": "すわ町",
        "operator": "事業者不明",
        "ref": "",
        "url": "",
        "url2": ""
      }
    },
    {
      "type": "Feature",
      "geometry": {
        "type": "Point",
        "coordinates": [
          140.118717,
          39.7250066
        ]
      },
      "properties": {
        "内容": "バス停: すわ町",
        "name": "すわ町",
        "operator": "事業者不明",
        "ref": "",
        "url": "",
        "url2": ""
      }
    },
    {
      "type": "Feature",
      "geometry": {
        "type": "Point",
        "coordinates": [
          140.1190133,
          39.7260525
        ]
      },
      "properties": {
        "内容": "バス停: 原の町",
        "name": "原の町",
        "operator": "事業者不明",
        "ref": "",
        "url": "",
        "url2": ""
      }
    },
    {
      "type": "Feature",
      "geometry": {
        "type": "Point",
        "coordinates": [
          140.1191327,
          39.7263496
        ]
      },
      "properties": {
        "内容": "バス停: 原の町",
        "name": "原の町",
        "operator": "事業者不明",
        "ref": "",
        "url": "",
        "url2": ""
      }
    },
    {
      "type": "Feature",
      "geometry": {
        "type": "Point",
        "coordinates": [
          140.1171076,
          39.7265548
        ]
      },
      "properties": {
        "内容": "バス停: 原の町",
        "name": "原の町",
        "operator": "事業者不明",
        "ref": "",
        "url": "",
        "url2": ""
      }
    },
    {
      "type": "Feature",
      "geometry": {
        "type": "Point",
        "coordinates": [
          140.1169977,
          39.7262392
        ]
      },
      "properties": {
        "内容": "バス停: 原の町",
        "name": "原の町",
        "operator": "事業者不明",
        "ref": "",
        "url": "",
        "url2": ""
      }
    },
    {
      "type": "Feature",
      "geometry": {
        "type": "Point",
        "coordinates": [
          140.1168743,
          39.7281917
        ]
      },
      "properties": {
        "内容": "バス停: 保戸野八丁",
        "name": "保戸野八丁",
        "operator": "事業者不明",
        "ref": "",
        "url": "",
        "url2": ""
      }
    },
    {
      "type": "Feature",
      "geometry": {
        "type": "Point",
        "coordinates": [
          140.116708,
          39.7281814
        ]
      },
      "properties": {
        "内容": "バス停: 保戸野八丁",
        "name": "保戸野八丁",
        "operator": "事業者不明",
        "ref": "",
        "url": "",
        "url2": ""
      }
    },
    {
      "type": "Feature",
      "geometry": {
        "type": "Point",
        "coordinates": [
          140.1192668,
          39.737312
        ]
      },
      "properties": {
        "内容": "バス停: 天徳寺前",
        "name": "天徳寺前",
        "operator": "事業者不明",
        "ref": "",
        "url": "",
        "url2": ""
      }
    },
    {
      "type": "Feature",
      "geometry": {
        "type": "Point",
        "coordinates": [
          140.1184688,
          39.7373254
        ]
      },
      "properties": {
        "内容": "バス停: 天徳寺前",
        "name": "天徳寺前",
        "operator": "事業者不明",
        "ref": "",
        "url": "",
        "url2": ""
      }
    },
    {
      "type": "Feature",
      "geometry": {
        "type": "Point",
        "coordinates": [
          140.1184192,
          39.7371614
        ]
      },
      "properties": {
        "内容": "バス停: 天徳寺前",
        "name": "天徳寺前",
        "operator": "事業者不明",
        "ref": "",
        "url": "",
        "url2": ""
      }
    },
    {
      "type": "Feature",
      "geometry": {
        "type": "Point",
        "coordinates": [
          140.1177433,
          39.7318851
        ]
      },
      "properties": {
        "内容": "バス停: 桜町",
        "name": "桜町",
        "operator": "事業者不明",
        "ref": "",
        "url": "",
        "url2": ""
      }
    },
    {
      "type": "Feature",
      "geometry": {
        "type": "Point",
        "coordinates": [
          140.1178144,
          39.7319986
        ]
      },
      "properties": {
        "内容": "バス停: 桜町",
        "name": "桜町",
        "operator": "事業者不明",
        "ref": "",
        "url": "",
        "url2": ""
      }
    },
    {
      "type": "Feature",
      "geometry": {
        "type": "Point",
        "coordinates": [
          140.1211175,
          39.7359187
        ]
      },
      "properties": {
        "内容": "バス停: 三嶽根",
        "name": "三嶽根",
        "operator": "事業者不明",
        "ref": "",
        "url": "",
        "url2": ""
      }
    },
    {
      "type": "Feature",
      "geometry": {
        "type": "Point",
        "coordinates": [
          140.1209968,
          39.7361311
        ]
      },
      "properties": {
        "内容": "バス停: 三嶽根",
        "name": "三嶽根",
        "operator": "事業者不明",
        "ref": "",
        "url": "",
        "url2": ""
      }
    },
    {
      "type": "Feature",
      "geometry": {
        "type": "Point",
        "coordinates": [
          140.1234108,
          39.7353236
        ]
      },
      "properties": {
        "内容": "バス停: 泉一ノ坪",
        "name": "泉一ノ坪",
        "operator": "事業者不明",
        "ref": "",
        "url": "",
        "url2": ""
      }
    },
    {
      "type": "Feature",
      "geometry": {
        "type": "Point",
        "coordinates": [
          140.1236039,
          39.7354773
        ]
      },
      "properties": {
        "内容": "バス停: 泉一ノ坪",
        "name": "泉一ノ坪",
        "operator": "事業者不明",
        "ref": "",
        "url": "",
        "url2": ""
      }
    },
    {
      "type": "Feature",
      "geometry": {
        "type": "Point",
        "coordinates": [
          140.1251006,
          39.7363952
        ]
      },
      "properties": {
        "内容": "バス停: 泉上丁",
        "name": "泉上丁",
        "operator": "事業者不明",
        "ref": "",
        "url": "",
        "url2": ""
      }
    },
    {
      "type": "Feature",
      "geometry": {
        "type": "Point",
        "coordinates": [
          140.1249303,
          39.7362477
        ]
      },
      "properties": {
        "内容": "バス停: 泉上丁",
        "name": "泉上丁",
        "operator": "事業者不明",
        "ref": "",
        "url": "",
        "url2": ""
      }
    },
    {
      "type": "Feature",
      "geometry": {
        "type": "Point",
        "coordinates": [
          140.1255432,
          39.7379483
        ]
      },
      "properties": {
        "内容": "バス停: 新藤田入口",
        "name": "新藤田入口",
        "operator": "事業者不明",
        "ref": "",
        "url": "",
        "url2": ""
      }
    },
    {
      "type": "Feature",
      "geometry": {
        "type": "Point",
        "coordinates": [
          140.124312,
          39.7422383
        ]
      },
      "properties": {
        "内容": "バス停: 平和町",
        "name": "平和町",
        "operator": "事業者不明",
        "ref": "",
        "url": "",
        "url2": ""
      }
    },
    {
      "type": "Feature",
      "geometry": {
        "type": "Point",
        "coordinates": [
          140.124186,
          39.7422486
        ]
      },
      "properties": {
        "内容": "バス停: 平和町",
        "name": "平和町",
        "operator": "事業者不明",
        "ref": "",
        "url": "",
        "url2": ""
      }
    },
    {
      "type": "Feature",
      "geometry": {
        "type": "Point",
        "coordinates": [
          140.1255405,
          39.7462032
        ]
      },
      "properties": {
        "内容": "バス停: 青山町",
        "name": "青山町",
        "operator": "事業者不明",
        "ref": "",
        "url": "",
        "url2": ""
      }
    },
    {
      "type": "Feature",
      "geometry": {
        "type": "Point",
        "coordinates": [
          140.1254855,
          39.7463166
        ]
      },
      "properties": {
        "内容": "バス停: 青山町",
        "name": "青山町",
        "operator": "事業者不明",
        "ref": "",
        "url": "",
        "url2": ""
      }
    },
    {
      "type": "Feature",
      "geometry": {
        "type": "Point",
        "coordinates": [
          140.1254466,
          39.7479943
        ]
      },
      "properties": {
        "内容": "バス停: 青山上丁",
        "name": "青山上丁",
        "operator": "事業者不明",
        "ref": "",
        "url": "",
        "url2": ""
      }
    },
    {
      "type": "Feature",
      "geometry": {
        "type": "Point",
        "coordinates": [
          140.1255646,
          39.7481015
        ]
      },
      "properties": {
        "内容": "バス停: 青山上丁",
        "name": "青山上丁",
        "operator": "事業者不明",
        "ref": "",
        "url": "",
        "url2": ""
      }
    },
    {
      "type": "Feature",
      "geometry": {
        "type": "Point",
        "coordinates": [
          140.1270124,
          39.7505787
        ]
      },
      "properties": {
        "内容": "バス停: 濁川下丁",
        "name": "濁川下丁",
        "operator": "事業者不明",
        "ref": "",
        "url": "",
        "url2": ""
      }
    },
    {
      "type": "Feature",
      "geometry": {
        "type": "Point",
        "coordinates": [
          140.1269601,
          39.7506432
        ]
      },
      "properties": {
        "内容": "バス停: 濁川下丁",
        "name": "濁川下丁",
        "operator": "事業者不明",
        "ref": "",
        "url": "",
        "url2": ""
      }
    },
    {
      "type": "Feature",
      "geometry": {
        "type": "Point",
        "coordinates": [
          140.1307172,
          39.752893
        ]
      },
      "properties": {
        "内容": "バス停: 濁川",
        "name": "濁川",
        "operator": "事業者不明",
        "ref": "",
        "url": "",
        "url2": ""
      }
    },
    {
      "type": "Feature",
      "geometry": {
        "type": "Point",
        "coordinates": [
          140.1302277,
          39.7528177
        ]
      },
      "properties": {
        "内容": "バス停: 濁川",
        "name": "濁川",
        "operator": "事業者不明",
        "ref": "",
        "url": "",
        "url2": ""
      }
    },
    {
      "type": "Feature",
      "geometry": {
        "type": "Point",
        "coordinates": [
          140.1328053,
          39.754454
        ]
      },
      "properties": {
        "内容": "バス停: 蟹子沢",
        "name": "蟹子沢",
        "operator": "事業者不明",
        "ref": "",
        "url": "",
        "url2": ""
      }
    },
    {
      "type": "Feature",
      "geometry": {
        "type": "Point",
        "coordinates": [
          140.1325397,
          39.7543828
        ]
      },
      "properties": {
        "内容": "バス停: 蟹子沢",
        "name": "蟹子沢",
        "operator": "事業者不明",
        "ref": "",
        "url": "",
        "url2": ""
      }
    },
    {
      "type": "Feature",
      "geometry": {
        "type": "Point",
        "coordinates": [
          140.1365738,
          39.7558273
        ]
      },
      "properties": {
        "内容": "バス停: 添川下丁",
        "name": "添川下丁",
        "operator": "事業者不明",
        "ref": "",
        "url": "",
        "url2": ""
      }
    },
    {
      "type": "Feature",
      "geometry": {
        "type": "Point",
        "coordinates": [
          140.1365121,
          39.7557572
        ]
      },
      "properties": {
        "内容": "バス停: 添川下丁",
        "name": "添川下丁",
        "operator": "事業者不明",
        "ref": "",
        "url": "",
        "url2": ""
      }
    },
    {
      "type": "Feature",
      "geometry": {
        "type": "Point",
        "coordinates": [
          140.1520568,
          39.758845
        ]
      },
      "properties": {
        "内容": "バス停: 蓮田上丁",
        "name": "蓮田上丁",
        "operator": "事業者不明",
        "ref": "",
        "url": "",
        "url2": ""
      }
    },
    {
      "type": "Feature",
      "geometry": {
        "type": "Point",
        "coordinates": [
          140.1490192,
          39.7573635
        ]
      },
      "properties": {
        "内容": "バス停: 蓮田",
        "name": "蓮田",
        "operator": "事業者不明",
        "ref": "",
        "url": "",
        "url2": ""
      }
    },
    {
      "type": "Feature",
      "geometry": {
        "type": "Point",
        "coordinates": [
          140.1492445,
          39.7575542
        ]
      },
      "properties": {
        "内容": "バス停: 蓮田",
        "name": "蓮田",
        "operator": "事業者不明",
        "ref": "",
        "url": "",
        "url2": ""
      }
    },
    {
      "type": "Feature",
      "geometry": {
        "type": "Point",
        "coordinates": [
          140.1453942,
          39.7557665
        ]
      },
      "properties": {
        "内容": "バス停: 湯沢",
        "name": "湯沢",
        "operator": "事業者不明",
        "ref": "",
        "url": "",
        "url2": ""
      }
    },
    {
      "type": "Feature",
      "geometry": {
        "type": "Point",
        "coordinates": [
          140.1453942,
          39.7558778
        ]
      },
      "properties": {
        "内容": "バス停: 湯沢",
        "name": "湯沢",
        "operator": "事業者不明",
        "ref": "",
        "url": "",
        "url2": ""
      }
    },
    {
      "type": "Feature",
      "geometry": {
        "type": "Point",
        "coordinates": [
          140.138348,
          39.7544406
        ]
      },
      "properties": {
        "内容": "バス停: 添川",
        "name": "添川",
        "operator": "事業者不明",
        "ref": "",
        "url": "",
        "url2": ""
      }
    },
    {
      "type": "Feature",
      "geometry": {
        "type": "Point",
        "coordinates": [
          140.1380959,
          39.7544385
        ]
      },
      "properties": {
        "内容": "バス停: 添川",
        "name": "添川",
        "operator": "事業者不明",
        "ref": "",
        "url": "",
        "url2": ""
      }
    },
    {
      "type": "Feature",
      "geometry": {
        "type": "Point",
        "coordinates": [
          140.125515,
          39.7196242
        ]
      },
      "properties": {
        "内容": "バス停: 千秋久保田町",
        "name": "千秋久保田町",
        "operator": "事業者不明",
        "ref": "",
        "url": "",
        "url2": ""
      }
    },
    {
      "type": "Feature",
      "geometry": {
        "type": "Point",
        "coordinates": [
          140.1256625,
          39.7194932
        ]
      },
      "properties": {
        "内容": "バス停: 千秋久保田町",
        "name": "千秋久保田町",
        "operator": "事業者不明",
        "ref": "",
        "url": "",
        "url2": ""
      }
    },
    {
      "type": "Feature",
      "geometry": {
        "type": "Point",
        "coordinates": [
          140.1143597,
          39.7187112
        ]
      },
      "properties": {
        "内容": "バス停: 大町西交差点",
        "name": "大町西交差点",
        "operator": "事業者不明",
        "ref": "",
        "url": "",
        "url2": ""
      }
    },
    {
      "type": "Feature",
      "geometry": {
        "type": "Point",
        "coordinates": [
          140.113944,
          39.717592
        ]
      },
      "properties": {
        "内容": "バス停: 大町西交差点",
        "name": "大町西交差点",
        "operator": "事業者不明",
        "ref": "",
        "url": "",
        "url2": ""
      }
    },
    {
      "type": "Feature",
      "geometry": {
        "type": "Point",
        "coordinates": [
          140.1141009,
          39.711492
        ]
      },
      "properties": {
        "内容": "バス停: 大町六丁目",
        "name": "大町六丁目",
        "operator": "事業者不明",
        "ref": "",
        "url": "",
        "url2": ""
      }
    },
    {
      "type": "Feature",
      "geometry": {
        "type": "Point",
        "coordinates": [
          140.112623,
          39.7138885
        ]
      },
      "properties": {
        "内容": "バス停: 鹿嶋神社前",
        "name": "鹿嶋神社前",
        "operator": "事業者不明",
        "ref": "",
        "url": "",
        "url2": ""
      }
    },
    {
      "type": "Feature",
      "geometry": {
        "type": "Point",
        "coordinates": [
          140.11361,
          39.7166388
        ]
      },
      "properties": {
        "内容": "バス停: 柳町公民館前",
        "name": "柳町公民館前",
        "operator": "事業者不明",
        "ref": "",
        "url": "",
        "url2": ""
      }
    },
    {
      "type": "Feature",
      "geometry": {
        "type": "Point",
        "coordinates": [
          140.1126391,
          39.7105542
        ]
      },
      "properties": {
        "内容": "バス停: 旭南二丁目",
        "name": "旭南二丁目",
        "operator": "事業者不明",
        "ref": "",
        "url": "",
        "url2": ""
      }
    },
    {
      "type": "Feature",
      "geometry": {
        "type": "Point",
        "coordinates": [
          140.1131527,
          39.7095895
        ]
      },
      "properties": {
        "内容": "バス停: 旭南二丁目",
        "name": "旭南二丁目",
        "operator": "事業者不明",
        "ref": "",
        "url": "",
        "url2": ""
      }
    },
    {
      "type": "Feature",
      "geometry": {
        "type": "Point",
        "coordinates": [
          140.1127101,
          39.7074921
        ]
      },
      "properties": {
        "内容": "バス停: 刈穂橋",
        "name": "刈穂橋",
        "operator": "事業者不明",
        "ref": "",
        "url": "",
        "url2": ""
      }
    },
    {
      "type": "Feature",
      "geometry": {
        "type": "Point",
        "coordinates": [
          140.1147754,
          39.7060074
        ]
      },
      "properties": {
        "内容": "バス停: 登町",
        "name": "登町",
        "operator": "事業者不明",
        "ref": "",
        "url": "",
        "url2": ""
      }
    },
    {
      "type": "Feature",
      "geometry": {
        "type": "Point",
        "coordinates": [
          140.1152415,
          39.7044215
        ]
      },
      "properties": {
        "内容": "バス停: 楢山共和町",
        "name": "楢山共和町",
        "operator": "事業者不明",
        "ref": "",
        "url": "",
        "url2": ""
      }
    },
    {
      "type": "Feature",
      "geometry": {
        "type": "Point",
        "coordinates": [
          140.1167066,
          39.7036983
        ]
      },
      "properties": {
        "内容": "バス停: 牛島橋",
        "name": "牛島橋",
        "operator": "事業者不明",
        "ref": "",
        "url": "",
        "url2": ""
      }
    },
    {
      "type": "Feature",
      "geometry": {
        "type": "Point",
        "coordinates": [
          140.1182596,
          39.7056349
        ]
      },
      "properties": {
        "内容": "バス停: 楢山南中町",
        "name": "楢山南中町",
        "operator": "事業者不明",
        "ref": "",
        "url": "",
        "url2": ""
      }
    },
    {
      "type": "Feature",
      "geometry": {
        "type": "Point",
        "coordinates": [
          140.1195082,
          39.7079759
        ]
      },
      "properties": {
        "内容": "バス停: 楢山広小路",
        "name": "楢山広小路",
        "operator": "事業者不明",
        "ref": "",
        "url": "",
        "url2": ""
      }
    },
    {
      "type": "Feature",
      "geometry": {
        "type": "Point",
        "coordinates": [
          140.122,
          39.7075106
        ]
      },
      "properties": {
        "内容": "バス停: 楢山本町",
        "name": "楢山本町",
        "operator": "事業者不明",
        "ref": "",
        "url": "",
        "url2": ""
      }
    },
    {
      "type": "Feature",
      "geometry": {
        "type": "Point",
        "coordinates": [
          140.1254493,
          39.7072259
        ]
      },
      "properties": {
        "内容": "バス停: 築地下丁",
        "name": "築地下丁",
        "operator": "事業者不明",
        "ref": "",
        "url": "",
        "url2": ""
      }
    },
    {
      "type": "Feature",
      "geometry": {
        "type": "Point",
        "coordinates": [
          140.1254627,
          39.7074694
        ]
      },
      "properties": {
        "内容": "バス停: 築地下丁",
        "name": "築地下丁",
        "operator": "事業者不明",
        "ref": "",
        "url": "",
        "url2": ""
      }
    },
    {
      "type": "Feature",
      "geometry": {
        "type": "Point",
        "coordinates": [
          140.1272115,
          39.7100115
        ]
      },
      "properties": {
        "内容": "バス停: 築地北丁",
        "name": "築地北丁",
        "operator": "事業者不明",
        "ref": "",
        "url": "",
        "url2": ""
      }
    },
    {
      "type": "Feature",
      "geometry": {
        "type": "Point",
        "coordinates": [
          140.1273322,
          39.7100053
        ]
      },
      "properties": {
        "内容": "バス停: 築地北丁",
        "name": "築地北丁",
        "operator": "事業者不明",
        "ref": "",
        "url": "",
        "url2": ""
      }
    },
    {
      "type": "Feature",
      "geometry": {
        "type": "Point",
        "coordinates": [
          140.1282763,
          39.7129002
        ]
      },
      "properties": {
        "内容": "バス停: 明田地下道入口",
        "name": "明田地下道入口",
        "operator": "事業者不明",
        "ref": "",
        "url": "",
        "url2": ""
      }
    },
    {
      "type": "Feature",
      "geometry": {
        "type": "Point",
        "coordinates": [
          140.1284212,
          39.7134717
        ]
      },
      "properties": {
        "内容": "バス停: 明田地下道入口",
        "name": "明田地下道入口",
        "operator": "事業者不明",
        "ref": "",
        "url": "",
        "url2": ""
      }
    },
    {
      "type": "Feature",
      "geometry": {
        "type": "Point",
        "coordinates": [
          140.1258704,
          39.7209631
        ]
      },
      "properties": {
        "内容": "バス停: 明徳小学校入口",
        "name": "明徳小学校入口",
        "operator": "事業者不明",
        "ref": "",
        "url": "",
        "url2": ""
      }
    },
    {
      "type": "Feature",
      "geometry": {
        "type": "Point",
        "coordinates": [
          140.1258253,
          39.7215227
        ]
      },
      "properties": {
        "内容": "バス停: 明徳小学校入口",
        "name": "明徳小学校入口",
        "operator": "事業者不明",
        "ref": "",
        "url": "",
        "url2": ""
      }
    },
    {
      "type": "Feature",
      "geometry": {
        "type": "Point",
        "coordinates": [
          140.1323603,
          39.7231251
        ]
      },
      "properties": {
        "内容": "バス停: 手形山崎",
        "name": "手形山崎",
        "operator": "事業者不明",
        "ref": "",
        "url": "",
        "url2": ""
      }
    },
    {
      "type": "Feature",
      "geometry": {
        "type": "Point",
        "coordinates": [
          140.1321186,
          39.7233191
        ]
      },
      "properties": {
        "内容": "バス停: 手形山崎",
        "name": "手形山崎",
        "operator": "事業者不明",
        "ref": "",
        "url": "",
        "url2": ""
      }
    },
    {
      "type": "Feature",
      "geometry": {
        "type": "Point",
        "coordinates": [
          140.1297328,
          39.7253965
        ]
      },
      "properties": {
        "内容": "バス停: 手形休下町",
        "name": "手形休下町",
        "operator": "事業者不明",
        "ref": "",
        "url": "",
        "url2": ""
      }
    },
    {
      "type": "Feature",
      "geometry": {
        "type": "Point",
        "coordinates": [
          140.129663,
          39.7256688
        ]
      },
      "properties": {
        "内容": "バス停: 手形休下町",
        "name": "手形休下町",
        "operator": "事業者不明",
        "ref": "",
        "url": "",
        "url2": ""
      }
    },
    {
      "type": "Feature",
      "geometry": {
        "type": "Point",
        "coordinates": [
          140.1321803,
          39.7248024
        ]
      },
      "properties": {
        "内容": "バス停: 住吉町",
        "name": "住吉町",
        "operator": "事業者不明",
        "ref": "",
        "url": "",
        "url2": ""
      }
    },
    {
      "type": "Feature",
      "geometry": {
        "type": "Point",
        "coordinates": [
          140.1315594,
          39.7249581
        ]
      },
      "properties": {
        "内容": "バス停: 住吉町",
        "name": "住吉町",
        "operator": "事業者不明",
        "ref": "",
        "url": "",
        "url2": ""
      }
    },
    {
      "type": "Feature",
      "geometry": {
        "type": "Point",
        "coordinates": [
          140.1326483,
          39.7256946
        ]
      },
      "properties": {
        "内容": "バス停: 秋田大学前",
        "name": "秋田大学前",
        "operator": "事業者不明",
        "ref": "",
        "url": "",
        "url2": ""
      }
    },
    {
      "type": "Feature",
      "geometry": {
        "type": "Point",
        "coordinates": [
          140.1325048,
          39.7256203
        ]
      },
      "properties": {
        "内容": "バス停: 秋田大学前",
        "name": "秋田大学前",
        "operator": "事業者不明",
        "ref": "",
        "url": "",
        "url2": ""
      }
    },
    {
      "type": "Feature",
      "geometry": {
        "type": "Point",
        "coordinates": [
          140.1318303,
          39.7263372
        ]
      },
      "properties": {
        "内容": "バス停: 秋田大学前",
        "name": "秋田大学前",
        "operator": "事業者不明",
        "ref": "",
        "url": "",
        "url2": ""
      }
    },
    {
      "type": "Feature",
      "geometry": {
        "type": "Point",
        "coordinates": [
          140.1317954,
          39.7262691
        ]
      },
      "properties": {
        "内容": "バス停: 秋田大学前",
        "name": "秋田大学前",
        "operator": "事業者不明",
        "ref": "",
        "url": "",
        "url2": ""
      }
    },
    {
      "type": "Feature",
      "geometry": {
        "type": "Point",
        "coordinates": [
          140.1305214,
          39.7263918
        ]
      },
      "properties": {
        "内容": "バス停: 明徳コミュニティセンター前",
        "name": "明徳コミュニティセンター前",
        "operator": "事業者不明",
        "ref": "",
        "url": "",
        "url2": ""
      }
    },
    {
      "type": "Feature",
      "geometry": {
        "type": "Point",
        "coordinates": [
          140.1301874,
          39.7263372
        ]
      },
      "properties": {
        "内容": "バス停: 明徳コミュニティセンター前",
        "name": "明徳コミュニティセンター前",
        "operator": "事業者不明",
        "ref": "",
        "url": "",
        "url2": ""
      }
    },
    {
      "type": "Feature",
      "geometry": {
        "type": "Point",
        "coordinates": [
          140.1291494,
          39.7274532
        ]
      },
      "properties": {
        "内容": "バス停: 東中学校前",
        "name": "東中学校前",
        "operator": "事業者不明",
        "ref": "",
        "url": "",
        "url2": ""
      }
    },
    {
      "type": "Feature",
      "geometry": {
        "type": "Point",
        "coordinates": [
          140.1290368,
          39.7275244
        ]
      },
      "properties": {
        "内容": "バス停: 東中学校前",
        "name": "東中学校前",
        "operator": "事業者不明",
        "ref": "",
        "url": "",
        "url2": ""
      }
    },
    {
      "type": "Feature",
      "geometry": {
        "type": "Point",
        "coordinates": [
          140.1265879,
          39.7278348
        ]
      },
      "properties": {
        "内容": "バス停: 北の丸",
        "name": "北の丸",
        "operator": "事業者不明",
        "ref": "",
        "url": "",
        "url2": ""
      }
    },
    {
      "type": "Feature",
      "geometry": {
        "type": "Point",
        "coordinates": [
          140.1263653,
          39.7277461
        ]
      },
      "properties": {
        "内容": "バス停: 北の丸",
        "name": "北の丸",
        "operator": "事業者不明",
        "ref": "",
        "url": "",
        "url2": ""
      }
    },
    {
      "type": "Feature",
      "geometry": {
        "type": "Point",
        "coordinates": [
          140.1243778,
          39.7277307
        ]
      },
      "properties": {
        "内容": "バス停: 千秋中島町",
        "name": "千秋中島町",
        "operator": "事業者不明",
        "ref": "",
        "url": "",
        "url2": ""
      }
    },
    {
      "type": "Feature",
      "geometry": {
        "type": "Point",
        "coordinates": [
          140.1242396,
          39.7276358
        ]
      },
      "properties": {
        "内容": "バス停: 千秋中島町",
        "name": "千秋中島町",
        "operator": "事業者不明",
        "ref": "",
        "url": "",
        "url2": ""
      }
    },
    {
      "type": "Feature",
      "geometry": {
        "type": "Point",
        "coordinates": [
          140.1223111,
          39.7270009
        ]
      },
      "properties": {
        "内容": "バス停: 北高校前",
        "name": "北高校前",
        "operator": "事業者不明",
        "ref": "",
        "url": "",
        "url2": ""
      }
    },
    {
      "type": "Feature",
      "geometry": {
        "type": "Point",
        "coordinates": [
          140.1215487,
          39.726297
        ]
      },
      "properties": {
        "内容": "バス停: 北高校前",
        "name": "北高校前",
        "operator": "事業者不明",
        "ref": "",
        "url": "",
        "url2": ""
      }
    },
    {
      "type": "Feature",
      "geometry": {
        "type": "Point",
        "coordinates": [
          140.5548272,
          39.2977346
        ]
      },
      "properties": {
        "内容": "バス停: 横手インター入口",
        "name": "横手インター入口",
        "operator": "事業者不明",
        "ref": "",
        "url": "",
        "url2": ""
      }
    },
    {
      "type": "Feature",
      "geometry": {
        "type": "Point",
        "coordinates": [
          140.5541031,
          39.2947427
        ]
      },
      "properties": {
        "内容": "バス停: 横手インター入口",
        "name": "横手インター入口",
        "operator": "事業者不明",
        "ref": "",
        "url": "",
        "url2": ""
      }
    },
    {
      "type": "Feature",
      "geometry": {
        "type": "Point",
        "coordinates": [
          140.5515997,
          39.2968954
        ]
      },
      "properties": {
        "内容": "バス停: イオン前 (羽後交通)",
        "name": "イオン前",
        "operator": "羽後交通",
        "ref": "",
        "url": "",
        "url2": ""
      }
    },
    {
      "type": "Feature",
      "geometry": {
        "type": "Point",
        "coordinates": [
          140.5531047,
          39.2970529
        ]
      },
      "properties": {
        "内容": "バス停: イオン前 (羽後交通)",
        "name": "イオン前",
        "operator": "羽後交通",
        "ref": "",
        "url": "",
        "url2": ""
      }
    },
    {
      "type": "Feature",
      "geometry": {
        "type": "Point",
        "coordinates": [
          140.5610561,
          39.3106847
        ]
      },
      "properties": {
        "内容": "バス停: 横手駅東口",
        "name": "横手駅東口",
        "operator": "事業者不明",
        "ref": "",
        "url": "",
        "url2": ""
      }
    },
    {
      "type": "Feature",
      "geometry": {
        "type": "Point",
        "coordinates": [
          140.5612788,
          39.3104689
        ]
      },
      "properties": {
        "内容": "バス停: 横手駅東口",
        "name": "横手駅東口",
        "operator": "事業者不明",
        "ref": "",
        "url": "",
        "url2": ""
      }
    },
    {
      "type": "Feature",
      "geometry": {
        "type": "Point",
        "coordinates": [
          140.5640569,
          39.3127667
        ]
      },
      "properties": {
        "内容": "バス停: 末広町",
        "name": "末広町",
        "operator": "事業者不明",
        "ref": "",
        "url": "",
        "url2": ""
      }
    },
    {
      "type": "Feature",
      "geometry": {
        "type": "Point",
        "coordinates": [
          140.5612949,
          39.3125877
        ]
      },
      "properties": {
        "内容": "バス停: 富士見町",
        "name": "富士見町",
        "operator": "事業者不明",
        "ref": "",
        "url": "",
        "url2": ""
      }
    },
    {
      "type": "Feature",
      "geometry": {
        "type": "Point",
        "coordinates": [
          140.5610414,
          39.3133732
        ]
      },
      "properties": {
        "内容": "バス停: 富士見町",
        "name": "富士見町",
        "operator": "事業者不明",
        "ref": "",
        "url": "",
        "url2": ""
      }
    },
    {
      "type": "Feature",
      "geometry": {
        "type": "Point",
        "coordinates": [
          140.56713,
          39.3136658
        ]
      },
      "properties": {
        "内容": "バス停: 四日町上丁",
        "name": "四日町上丁",
        "operator": "事業者不明",
        "ref": "",
        "url": "",
        "url2": ""
      }
    },
    {
      "type": "Feature",
      "geometry": {
        "type": "Point",
        "coordinates": [
          140.5660732,
          39.3122743
        ]
      },
      "properties": {
        "内容": "バス停: かまくら館前",
        "name": "かまくら館前",
        "operator": "事業者不明",
        "ref": "",
        "url": "",
        "url2": ""
      }
    },
    {
      "type": "Feature",
      "geometry": {
        "type": "Point",
        "coordinates": [
          140.5653772,
          39.3108715
        ]
      },
      "properties": {
        "内容": "バス停: 前郷一番町",
        "name": "前郷一番町",
        "operator": "事業者不明",
        "ref": "",
        "url": "",
        "url2": ""
      }
    },
    {
      "type": "Feature",
      "geometry": {
        "type": "Point",
        "coordinates": [
          140.5594035,
          39.3105349
        ]
      },
      "properties": {
        "内容": "バス停: 横手駅西口",
        "name": "横手駅西口",
        "operator": "事業者不明",
        "ref": "2",
        "url": "",
        "url2": ""
      }
    },
    {
      "type": "Feature",
      "geometry": {
        "type": "Point",
        "coordinates": [
          140.5595928,
          39.3105553
        ]
      },
      "properties": {
        "内容": "バス停: 横手駅西口",
        "name": "横手駅西口",
        "operator": "事業者不明",
        "ref": "1",
        "url": "",
        "url2": ""
      }
    },
    {
      "type": "Feature",
      "geometry": {
        "type": "Point",
        "coordinates": [
          140.5624053,
          39.3106536
        ]
      },
      "properties": {
        "内容": "バス停: 横手バスターミナル 1番線",
        "name": "横手バスターミナル 1番線",
        "operator": "事業者不明",
        "ref": "",
        "url": "",
        "url2": ""
      }
    },
    {
      "type": "Feature",
      "geometry": {
        "type": "Point",
        "coordinates": [
          140.5623852,
          39.3107718
        ]
      },
      "properties": {
        "内容": "バス停: 横手バスターミナル 2番線",
        "name": "横手バスターミナル 2番線",
        "operator": "事業者不明",
        "ref": "",
        "url": "",
        "url2": ""
      }
    },
    {
      "type": "Feature",
      "geometry": {
        "type": "Point",
        "coordinates": [
          140.5623651,
          39.3109088
        ]
      },
      "properties": {
        "内容": "バス停: 横手バスターミナル 3番線",
        "name": "横手バスターミナル 3番線",
        "operator": "事業者不明",
        "ref": "",
        "url": "",
        "url2": ""
      }
    },
    {
      "type": "Feature",
      "geometry": {
        "type": "Point",
        "coordinates": [
          140.5620445,
          39.3111049
        ]
      },
      "properties": {
        "内容": "バス停: 名称不明バス停",
        "name": "名称不明バス停",
        "operator": "事業者不明",
        "ref": "",
        "url": "",
        "url2": ""
      }
    },
    {
      "type": "Feature",
      "geometry": {
        "type": "Point",
        "coordinates": [
          140.5643626,
          39.3102172
        ]
      },
      "properties": {
        "内容": "バス停: 前郷二番町",
        "name": "前郷二番町",
        "operator": "事業者不明",
        "ref": "",
        "url": "",
        "url2": ""
      }
    },
    {
      "type": "Feature",
      "geometry": {
        "type": "Point",
        "coordinates": [
          140.567822,
          39.3118842
        ]
      },
      "properties": {
        "内容": "バス停: 中央通り",
        "name": "中央通り",
        "operator": "事業者不明",
        "ref": "",
        "url": "",
        "url2": ""
      }
    },
    {
      "type": "Feature",
      "geometry": {
        "type": "Point",
        "coordinates": [
          140.5675739,
          39.3121571
        ]
      },
      "properties": {
        "内容": "バス停: 中央通り",
        "name": "中央通り",
        "operator": "事業者不明",
        "ref": "",
        "url": "",
        "url2": ""
      }
    },
    {
      "type": "Feature",
      "geometry": {
        "type": "Point",
        "coordinates": [
          140.5679119,
          39.3100258
        ]
      },
      "properties": {
        "内容": "バス停: 三井寺・九品寺前",
        "name": "三井寺・九品寺前",
        "operator": "事業者不明",
        "ref": "",
        "url": "",
        "url2": ""
      }
    },
    {
      "type": "Feature",
      "geometry": {
        "type": "Point",
        "coordinates": [
          140.5680594,
          39.3103609
        ]
      },
      "properties": {
        "内容": "バス停: 三井寺・九品寺前",
        "name": "三井寺・九品寺前",
        "operator": "事業者不明",
        "ref": "",
        "url": "",
        "url2": ""
      }
    },
    {
      "type": "Feature",
      "geometry": {
        "type": "Point",
        "coordinates": [
          140.5697975,
          39.3157835
        ]
      },
      "properties": {
        "内容": "バス停: 南小学校前",
        "name": "南小学校前",
        "operator": "事業者不明",
        "ref": "",
        "url": "",
        "url2": ""
      }
    },
    {
      "type": "Feature",
      "geometry": {
        "type": "Point",
        "coordinates": [
          140.568905,
          39.3142411
        ]
      },
      "properties": {
        "内容": "バス停: 北都銀行前",
        "name": "北都銀行前",
        "operator": "事業者不明",
        "ref": "",
        "url": "",
        "url2": ""
      }
    },
    {
      "type": "Feature",
      "geometry": {
        "type": "Point",
        "coordinates": [
          140.5688915,
          39.313328
        ]
      },
      "properties": {
        "内容": "バス停: 山田眼科医院前",
        "name": "山田眼科医院前",
        "operator": "事業者不明",
        "ref": "",
        "url": "",
        "url2": ""
      }
    },
    {
      "type": "Feature",
      "geometry": {
        "type": "Point",
        "coordinates": [
          140.5688828,
          39.3132331
        ]
      },
      "properties": {
        "内容": "バス停: 山田眼科医院前",
        "name": "山田眼科医院前",
        "operator": "事業者不明",
        "ref": "",
        "url": "",
        "url2": ""
      }
    },
    {
      "type": "Feature",
      "geometry": {
        "type": "Point",
        "coordinates": [
          140.5699919,
          39.3091624
        ]
      },
      "properties": {
        "内容": "バス停: 平和町",
        "name": "平和町",
        "operator": "事業者不明",
        "ref": "",
        "url": "",
        "url2": ""
      }
    },
    {
      "type": "Feature",
      "geometry": {
        "type": "Point",
        "coordinates": [
          140.5686602,
          39.3125483
        ]
      },
      "properties": {
        "内容": "バス停: 鍛冶町",
        "name": "鍛冶町",
        "operator": "事業者不明",
        "ref": "",
        "url": "",
        "url2": ""
      }
    },
    {
      "type": "Feature",
      "geometry": {
        "type": "Point",
        "coordinates": [
          140.5691021,
          39.310541
        ]
      },
      "properties": {
        "内容": "バス停: 山内道角",
        "name": "山内道角",
        "operator": "事業者不明",
        "ref": "",
        "url": "",
        "url2": ""
      }
    },
    {
      "type": "Feature",
      "geometry": {
        "type": "Point",
        "coordinates": [
          140.5723174,
          39.3089964
        ]
      },
      "properties": {
        "内容": "バス停: 清川町入口",
        "name": "清川町入口",
        "operator": "事業者不明",
        "ref": "",
        "url": "",
        "url2": ""
      }
    },
    {
      "type": "Feature",
      "geometry": {
        "type": "Point",
        "coordinates": [
          140.5719204,
          39.3088387
        ]
      },
      "properties": {
        "内容": "バス停: 清川町入口",
        "name": "清川町入口",
        "operator": "事業者不明",
        "ref": "",
        "url": "",
        "url2": ""
      }
    },
    {
      "type": "Feature",
      "geometry": {
        "type": "Point",
        "coordinates": [
          140.7794092,
          39.8051381
        ]
      },
      "properties": {
        "内容": "バス停: 鶴の湯本陣",
        "name": "鶴の湯本陣",
        "operator": "事業者不明",
        "ref": "",
        "url": "",
        "url2": ""
      }
    },
    {
      "type": "Feature",
      "geometry": {
        "type": "Point",
        "coordinates": [
          140.7212786,
          39.7197743
        ]
      },
      "properties": {
        "内容": "バス停: 名称不明バス停",
        "name": "名称不明バス停",
        "operator": "事業者不明",
        "ref": "",
        "url": "",
        "url2": ""
      }
    },
    {
      "type": "Feature",
      "geometry": {
        "type": "Point",
        "coordinates": [
          140.7583324,
          39.7640264
        ]
      },
      "properties": {
        "内容": "バス停: 名称不明バス停",
        "name": "名称不明バス停",
        "operator": "事業者不明",
        "ref": "",
        "url": "",
        "url2": ""
      }
    },
    {
      "type": "Feature",
      "geometry": {
        "type": "Point",
        "coordinates": [
          140.564726,
          39.595426
        ]
      },
      "properties": {
        "内容": "バス停: 横町",
        "name": "横町",
        "operator": "事業者不明",
        "ref": "",
        "url": "",
        "url2": ""
      }
    },
    {
      "type": "Feature",
      "geometry": {
        "type": "Point",
        "coordinates": [
          140.7221544,
          39.6997508
        ]
      },
      "properties": {
        "内容": "バス停: 田沢湖駅前",
        "name": "田沢湖駅前",
        "operator": "事業者不明",
        "ref": "",
        "url": "",
        "url2": ""
      }
    },
    {
      "type": "Feature",
      "geometry": {
        "type": "Point",
        "coordinates": [
          140.6993823,
          39.7306599
        ]
      },
      "properties": {
        "内容": "バス停: 田沢湖畔",
        "name": "田沢湖畔",
        "operator": "事業者不明",
        "ref": "",
        "url": "",
        "url2": ""
      }
    },
    {
      "type": "Feature",
      "geometry": {
        "type": "Point",
        "coordinates": [
          140.7144177,
          39.7322087
        ]
      },
      "properties": {
        "内容": "バス停: 名称不明バス停",
        "name": "名称不明バス停",
        "operator": "事業者不明",
        "ref": "",
        "url": "",
        "url2": ""
      }
    },
    {
      "type": "Feature",
      "geometry": {
        "type": "Point",
        "coordinates": [
          140.764023,
          39.7774065
        ]
      },
      "properties": {
        "内容": "バス停: アルパこまくさ",
        "name": "アルパこまくさ",
        "operator": "事業者不明",
        "ref": "",
        "url": "",
        "url2": ""
      }
    },
    {
      "type": "Feature",
      "geometry": {
        "type": "Point",
        "coordinates": [
          140.1600596,
          39.7155161
        ]
      },
      "properties": {
        "内容": "バス停: ノースアジア大学 野球場前シャトルバス乗降所 (ノースアジア大学)",
        "name": "ノースアジア大学 野球場前シャトルバス乗降所",
        "operator": "ノースアジア大学",
        "ref": "",
        "url": "",
        "url2": ""
      }
    },
    {
      "type": "Feature",
      "geometry": {
        "type": "Point",
        "coordinates": [
          140.132106,
          39.7162214
        ]
      },
      "properties": {
        "内容": "バス停: ノースアジア大学 秋田駅東口シャトルバス昇降所",
        "name": "ノースアジア大学 秋田駅東口シャトルバス昇降所",
        "operator": "事業者不明",
        "ref": "",
        "url": "",
        "url2": ""
      }
    },
    {
      "type": "Feature",
      "geometry": {
        "type": "Point",
        "coordinates": [
          140.1584962,
          39.7165846
        ]
      },
      "properties": {
        "内容": "バス停: ノースアジア大学 大学正面シャトルバス乗降所",
        "name": "ノースアジア大学 大学正面シャトルバス乗降所",
        "operator": "事業者不明",
        "ref": "",
        "url": "",
        "url2": ""
      }
    },
    {
      "type": "Feature",
      "geometry": {
        "type": "Point",
        "coordinates": [
          140.1498054,
          39.729907
        ]
      },
      "properties": {
        "内容": "バス停: 名称不明バス停",
        "name": "名称不明バス停",
        "operator": "事業者不明",
        "ref": "",
        "url": "",
        "url2": ""
      }
    },
    {
      "type": "Feature",
      "geometry": {
        "type": "Point",
        "coordinates": [
          140.131136,
          39.7167067
        ]
      },
      "properties": {
        "内容": "バス停: 名称不明バス停",
        "name": "名称不明バス停",
        "operator": "事業者不明",
        "ref": "",
        "url": "",
        "url2": ""
      }
    },
    {
      "type": "Feature",
      "geometry": {
        "type": "Point",
        "coordinates": [
          140.1311347,
          39.7167696
        ]
      },
      "properties": {
        "内容": "バス停: 名称不明バス停",
        "name": "名称不明バス停",
        "operator": "事業者不明",
        "ref": "",
        "url": "",
        "url2": ""
      }
    },
    {
      "type": "Feature",
      "geometry": {
        "type": "Point",
        "coordinates": [
          140.131134,
          39.7168619
        ]
      },
      "properties": {
        "内容": "バス停: 名称不明バス停",
        "name": "名称不明バス停",
        "operator": "事業者不明",
        "ref": "",
        "url": "",
        "url2": ""
      }
    },
    {
      "type": "Feature",
      "geometry": {
        "type": "Point",
        "coordinates": [
          140.1312969,
          39.7170693
        ]
      },
      "properties": {
        "内容": "バス停: 名称不明バス停",
        "name": "名称不明バス停",
        "operator": "事業者不明",
        "ref": "",
        "url": "",
        "url2": ""
      }
    },
    {
      "type": "Feature",
      "geometry": {
        "type": "Point",
        "coordinates": [
          140.1314646,
          39.7170734
        ]
      },
      "properties": {
        "内容": "バス停: 名称不明バス停",
        "name": "名称不明バス停",
        "operator": "事業者不明",
        "ref": "",
        "url": "",
        "url2": ""
      }
    },
    {
      "type": "Feature",
      "geometry": {
        "type": "Point",
        "coordinates": [
          140.131663,
          39.7170863
        ]
      },
      "properties": {
        "内容": "バス停: 秋田〜仙台",
        "name": "秋田〜仙台",
        "operator": "事業者不明",
        "ref": "",
        "url": "",
        "url2": ""
      }
    },
    {
      "type": "Feature",
      "geometry": {
        "type": "Point",
        "coordinates": [
          140.0320774,
          40.2063802
        ]
      },
      "properties": {
        "内容": "バス停: 能代駅前",
        "name": "能代駅前",
        "operator": "事業者不明",
        "ref": "",
        "url": "",
        "url2": ""
      }
    },
    {
      "type": "Feature",
      "geometry": {
        "type": "Point",
        "coordinates": [
          140.0731102,
          39.7586697
        ]
      },
      "properties": {
        "内容": "バス停: 名称不明バス停",
        "name": "名称不明バス停",
        "operator": "事業者不明",
        "ref": "",
        "url": "",
        "url2": ""
      }
    },
    {
      "type": "Feature",
      "geometry": {
        "type": "Point",
        "coordinates": [
          140.0942142,
          39.7672742
        ]
      },
      "properties": {
        "内容": "バス停: 名称不明バス停",
        "name": "名称不明バス停",
        "operator": "事業者不明",
        "ref": "",
        "url": "",
        "url2": ""
      }
    },
    {
      "type": "Feature",
      "geometry": {
        "type": "Point",
        "coordinates": [
          140.0942947,
          39.7671701
        ]
      },
      "properties": {
        "内容": "バス停: 名称不明バス停",
        "name": "名称不明バス停",
        "operator": "事業者不明",
        "ref": "",
        "url": "",
        "url2": ""
      }
    },
    {
      "type": "Feature",
      "geometry": {
        "type": "Point",
        "coordinates": [
          140.0944972,
          39.7670082
        ]
      },
      "properties": {
        "内容": "バス停: 名称不明バス停",
        "name": "名称不明バス停",
        "operator": "事業者不明",
        "ref": "",
        "url": "",
        "url2": ""
      }
    },
    {
      "type": "Feature",
      "geometry": {
        "type": "Point",
        "coordinates": [
          140.0946742,
          39.7670907
        ]
      },
      "properties": {
        "内容": "バス停: 名称不明バス停",
        "name": "名称不明バス停",
        "operator": "事業者不明",
        "ref": "",
        "url": "",
        "url2": ""
      }
    },
    {
      "type": "Feature",
      "geometry": {
        "type": "Point",
        "coordinates": [
          139.963623,
          39.2899505
        ]
      },
      "properties": {
        "内容": "バス停: 名称不明バス停",
        "name": "名称不明バス停",
        "operator": "事業者不明",
        "ref": "",
        "url": "",
        "url2": ""
      }
    },
    {
      "type": "Feature",
      "geometry": {
        "type": "Point",
        "coordinates": [
          139.9636847,
          39.2899609
        ]
      },
      "properties": {
        "内容": "バス停: 名称不明バス停",
        "name": "名称不明バス停",
        "operator": "事業者不明",
        "ref": "",
        "url": "",
        "url2": ""
      }
    },
    {
      "type": "Feature",
      "geometry": {
        "type": "Point",
        "coordinates": [
          139.9636365,
          39.2898716
        ]
      },
      "properties": {
        "内容": "バス停: 名称不明バス停",
        "name": "名称不明バス停",
        "operator": "事業者不明",
        "ref": "",
        "url": "",
        "url2": ""
      }
    },
    {
      "type": "Feature",
      "geometry": {
        "type": "Point",
        "coordinates": [
          139.9637223,
          39.2898986
        ]
      },
      "properties": {
        "内容": "バス停: 名称不明バス停",
        "name": "名称不明バス停",
        "operator": "事業者不明",
        "ref": "",
        "url": "",
        "url2": ""
      }
    },
    {
      "type": "Feature",
      "geometry": {
        "type": "Point",
        "coordinates": [
          140.5409839,
          39.4225466
        ]
      },
      "properties": {
        "内容": "バス停: 六郷大町",
        "name": "六郷大町",
        "operator": "事業者不明",
        "ref": "",
        "url": "",
        "url2": ""
      }
    },
    {
      "type": "Feature",
      "geometry": {
        "type": "Point",
        "coordinates": [
          140.5442093,
          39.4218087
        ]
      },
      "properties": {
        "内容": "バス停: 六郷上町",
        "name": "六郷上町",
        "operator": "事業者不明",
        "ref": "",
        "url": "",
        "url2": ""
      }
    },
    {
      "type": "Feature",
      "geometry": {
        "type": "Point",
        "coordinates": [
          140.5482653,
          39.4190429
        ]
      },
      "properties": {
        "内容": "バス停: 六郷新町",
        "name": "六郷新町",
        "operator": "事業者不明",
        "ref": "",
        "url": "",
        "url2": ""
      }
    },
    {
      "type": "Feature",
      "geometry": {
        "type": "Point",
        "coordinates": [
          140.5500881,
          39.4181421
        ]
      },
      "properties": {
        "内容": "バス停: 六郷高校前",
        "name": "六郷高校前",
        "operator": "事業者不明",
        "ref": "",
        "url": "",
        "url2": ""
      }
    },
    {
      "type": "Feature",
      "geometry": {
        "type": "Point",
        "coordinates": [
          140.5470894,
          39.4202246
        ]
      },
      "properties": {
        "内容": "バス停: 六郷米町",
        "name": "六郷米町",
        "operator": "事業者不明",
        "ref": "",
        "url": "",
        "url2": ""
      }
    },
    {
      "type": "Feature",
      "geometry": {
        "type": "Point",
        "coordinates": [
          140.5479866,
          39.422453
        ]
      },
      "properties": {
        "内容": "バス停: 名称不明バス停",
        "name": "名称不明バス停",
        "operator": "事業者不明",
        "ref": "",
        "url": "",
        "url2": ""
      }
    },
    {
      "type": "Feature",
      "geometry": {
        "type": "Point",
        "coordinates": [
          140.5497887,
          39.427076
        ]
      },
      "properties": {
        "内容": "バス停: 名称不明バス停",
        "name": "名称不明バス停",
        "operator": "事業者不明",
        "ref": "",
        "url": "",
        "url2": ""
      }
    },
    {
      "type": "Feature",
      "geometry": {
        "type": "Point",
        "coordinates": [
          140.1424765,
          39.7125855
        ]
      },
      "properties": {
        "内容": "バス停: 名称不明バス停",
        "name": "名称不明バス停",
        "operator": "事業者不明",
        "ref": "",
        "url": "",
        "url2": ""
      }
    },
    {
      "type": "Feature",
      "geometry": {
        "type": "Point",
        "coordinates": [
          140.1404246,
          39.7126
        ]
      },
      "properties": {
        "内容": "バス停: 名称不明バス停",
        "name": "名称不明バス停",
        "operator": "事業者不明",
        "ref": "",
        "url": "",
        "url2": ""
      }
    },
    {
      "type": "Feature",
      "geometry": {
        "type": "Point",
        "coordinates": [
          140.1360982,
          39.7123993
        ]
      },
      "properties": {
        "内容": "バス停: 名称不明バス停",
        "name": "名称不明バス停",
        "operator": "事業者不明",
        "ref": "",
        "url": "",
        "url2": ""
      }
    },
    {
      "type": "Feature",
      "geometry": {
        "type": "Point",
        "coordinates": [
          140.1355966,
          39.7122435
        ]
      },
      "properties": {
        "内容": "バス停: 名称不明バス停",
        "name": "名称不明バス停",
        "operator": "事業者不明",
        "ref": "",
        "url": "",
        "url2": ""
      }
    },
    {
      "type": "Feature",
      "geometry": {
        "type": "Point",
        "coordinates": [
          140.1345613,
          39.7123157
        ]
      },
      "properties": {
        "内容": "バス停: 名称不明バス停",
        "name": "名称不明バス停",
        "operator": "事業者不明",
        "ref": "",
        "url": "",
        "url2": ""
      }
    },
    {
      "type": "Feature",
      "geometry": {
        "type": "Point",
        "coordinates": [
          140.1491682,
          39.6947889
        ]
      },
      "properties": {
        "内容": "バス停: 名称不明バス停",
        "name": "名称不明バス停",
        "operator": "事業者不明",
        "ref": "",
        "url": "",
        "url2": ""
      }
    },
    {
      "type": "Feature",
      "geometry": {
        "type": "Point",
        "coordinates": [
          140.1488597,
          39.6936022
        ]
      },
      "properties": {
        "内容": "バス停: 名称不明バス停",
        "name": "名称不明バス停",
        "operator": "事業者不明",
        "ref": "",
        "url": "",
        "url2": ""
      }
    },
    {
      "type": "Feature",
      "geometry": {
        "type": "Point",
        "coordinates": [
          140.4028646,
          40.002602
        ]
      },
      "properties": {
        "内容": "バス停: 警察署前",
        "name": "警察署前",
        "operator": "事業者不明",
        "ref": "",
        "url": "",
        "url2": ""
      }
    },
    {
      "type": "Feature",
      "geometry": {
        "type": "Point",
        "coordinates": [
          140.4025342,
          39.9989925
        ]
      },
      "properties": {
        "内容": "バス停: 名称不明バス停",
        "name": "名称不明バス停",
        "operator": "事業者不明",
        "ref": "",
        "url": "",
        "url2": ""
      }
    },
    {
      "type": "Feature",
      "geometry": {
        "type": "Point",
        "coordinates": [
          140.1313682,
          39.7182632
        ]
      },
      "properties": {
        "内容": "バス停: 秋田駅東口",
        "name": "秋田駅東口",
        "operator": "事業者不明",
        "ref": "",
        "url": "",
        "url2": ""
      }
    },
    {
      "type": "Feature",
      "geometry": {
        "type": "Point",
        "coordinates": [
          140.1313601,
          39.7182508
        ]
      },
      "properties": {
        "内容": "バス停: 秋田駅東口",
        "name": "秋田駅東口",
        "operator": "事業者不明",
        "ref": "",
        "url": "",
        "url2": ""
      }
    },
    {
      "type": "Feature",
      "geometry": {
        "type": "Point",
        "coordinates": [
          140.1313534,
          39.7182425
        ]
      },
      "properties": {
        "内容": "バス停: 秋田駅東口",
        "name": "秋田駅東口",
        "operator": "事業者不明",
        "ref": "",
        "url": "",
        "url2": ""
      }
    },
    {
      "type": "Feature",
      "geometry": {
        "type": "Point",
        "coordinates": [
          140.1313756,
          39.7182539
        ]
      },
      "properties": {
        "内容": "バス停: 秋田駅東口",
        "name": "秋田駅東口",
        "operator": "事業者不明",
        "ref": "",
        "url": "",
        "url2": ""
      }
    },
    {
      "type": "Feature",
      "geometry": {
        "type": "Point",
        "coordinates": [
          140.1313675,
          39.718243
        ]
      },
      "properties": {
        "内容": "バス停: 秋田駅東口",
        "name": "秋田駅東口",
        "operator": "事業者不明",
        "ref": "",
        "url": "",
        "url2": ""
      }
    },
    {
      "type": "Feature",
      "geometry": {
        "type": "Point",
        "coordinates": [
          140.4173207,
          40.0611979
        ]
      },
      "properties": {
        "内容": "バス停: 名称不明バス停",
        "name": "名称不明バス停",
        "operator": "事業者不明",
        "ref": "",
        "url": "",
        "url2": ""
      }
    },
    {
      "type": "Feature",
      "geometry": {
        "type": "Point",
        "coordinates": [
          140.4139302,
          40.063858
        ]
      },
      "properties": {
        "内容": "バス停: 名称不明バス停",
        "name": "名称不明バス停",
        "operator": "事業者不明",
        "ref": "",
        "url": "",
        "url2": ""
      }
    },
    {
      "type": "Feature",
      "geometry": {
        "type": "Point",
        "coordinates": [
          140.134178,
          39.7098265
        ]
      },
      "properties": {
        "内容": "バス停: 名称不明バス停",
        "name": "名称不明バス停",
        "operator": "事業者不明",
        "ref": "",
        "url": "",
        "url2": ""
      }
    },
    {
      "type": "Feature",
      "geometry": {
        "type": "Point",
        "coordinates": [
          140.134052,
          39.7105508
        ]
      },
      "properties": {
        "内容": "バス停: 名称不明バス停",
        "name": "名称不明バス停",
        "operator": "事業者不明",
        "ref": "",
        "url": "",
        "url2": ""
      }
    },
    {
      "type": "Feature",
      "geometry": {
        "type": "Point",
        "coordinates": [
          139.9444242,
          39.1817981
        ]
      },
      "properties": {
        "内容": "バス停: 名称不明バス停",
        "name": "名称不明バス停",
        "operator": "事業者不明",
        "ref": "",
        "url": "",
        "url2": ""
      }
    },
    {
      "type": "Feature",
      "geometry": {
        "type": "Point",
        "coordinates": [
          139.7673355,
          39.927527
        ]
      },
      "properties": {
        "内容": "バス停: 名称不明バス停",
        "name": "名称不明バス停",
        "operator": "事業者不明",
        "ref": "",
        "url": "",
        "url2": ""
      }
    },
    {
      "type": "Feature",
      "geometry": {
        "type": "Point",
        "coordinates": [
          140.5810278,
          39.3091716
        ]
      },
      "properties": {
        "内容": "バス停: 旭川三丁目",
        "name": "旭川三丁目",
        "operator": "事業者不明",
        "ref": "",
        "url": "",
        "url2": ""
      }
    },
    {
      "type": "Feature",
      "geometry": {
        "type": "Point",
        "coordinates": [
          140.5804583,
          39.3090765
        ]
      },
      "properties": {
        "内容": "バス停: 名称不明バス停",
        "name": "名称不明バス停",
        "operator": "事業者不明",
        "ref": "",
        "url": "",
        "url2": ""
      }
    },
    {
      "type": "Feature",
      "geometry": {
        "type": "Point",
        "coordinates": [
          140.5788731,
          39.3091189
        ]
      },
      "properties": {
        "内容": "バス停: 旭川中央",
        "name": "旭川中央",
        "operator": "事業者不明",
        "ref": "",
        "url": "",
        "url2": ""
      }
    },
    {
      "type": "Feature",
      "geometry": {
        "type": "Point",
        "coordinates": [
          140.5784384,
          39.3090271
        ]
      },
      "properties": {
        "内容": "バス停: 旭川中央",
        "name": "旭川中央",
        "operator": "事業者不明",
        "ref": "",
        "url": "",
        "url2": ""
      }
    },
    {
      "type": "Feature",
      "geometry": {
        "type": "Point",
        "coordinates": [
          140.7207539,
          39.7452765
        ]
      },
      "properties": {
        "内容": "バス停: 下高野 (羽後交通)",
        "name": "下高野",
        "operator": "羽後交通",
        "ref": "",
        "url": "",
        "url2": ""
      }
    },
    {
      "type": "Feature",
      "geometry": {
        "type": "Point",
        "coordinates": [
          140.2361627,
          40.212623
        ]
      },
      "properties": {
        "内容": "バス停: 名称不明バス停",
        "name": "名称不明バス停",
        "operator": "事業者不明",
        "ref": "",
        "url": "",
        "url2": ""
      }
    },
    {
      "type": "Feature",
      "geometry": {
        "type": "Point",
        "coordinates": [
          140.2120434,
          40.2001583
        ]
      },
      "properties": {
        "内容": "バス停: 切石",
        "name": "切石",
        "operator": "事業者不明",
        "ref": "",
        "url": "",
        "url2": ""
      }
    },
    {
      "type": "Feature",
      "geometry": {
        "type": "Point",
        "coordinates": [
          140.8004576,
          40.0724297
        ]
      },
      "properties": {
        "内容": "バス停: 赤平",
        "name": "赤平",
        "operator": "事業者不明",
        "ref": "",
        "url": "",
        "url2": ""
      }
    },
    {
      "type": "Feature",
      "geometry": {
        "type": "Point",
        "coordinates": [
          140.8069714,
          40.0651142
        ]
      },
      "properties": {
        "内容": "バス停: 熊沢",
        "name": "熊沢",
        "operator": "事業者不明",
        "ref": "",
        "url": "",
        "url2": ""
      }
    },
    {
      "type": "Feature",
      "geometry": {
        "type": "Point",
        "coordinates": [
          140.7918848,
          40.0777606
        ]
      },
      "properties": {
        "内容": "バス停: 根瀬",
        "name": "根瀬",
        "operator": "事業者不明",
        "ref": "",
        "url": "",
        "url2": ""
      }
    },
    {
      "type": "Feature",
      "geometry": {
        "type": "Point",
        "coordinates": [
          140.7920417,
          40.0770289
        ]
      },
      "properties": {
        "内容": "バス停: 根瀬",
        "name": "根瀬",
        "operator": "事業者不明",
        "ref": "",
        "url": "",
        "url2": ""
      }
    },
    {
      "type": "Feature",
      "geometry": {
        "type": "Point",
        "coordinates": [
          140.7882073,
          40.1140251
        ]
      },
      "properties": {
        "内容": "バス停: 下谷内",
        "name": "下谷内",
        "operator": "事業者不明",
        "ref": "",
        "url": "",
        "url2": ""
      }
    },
    {
      "type": "Feature",
      "geometry": {
        "type": "Point",
        "coordinates": [
          140.798153,
          40.1362489
        ]
      },
      "properties": {
        "内容": "バス停: 八幡平小学校前",
        "name": "八幡平小学校前",
        "operator": "事業者不明",
        "ref": "",
        "url": "",
        "url2": ""
      }
    },
    {
      "type": "Feature",
      "geometry": {
        "type": "Point",
        "coordinates": [
          140.7956472,
          40.1349634
        ]
      },
      "properties": {
        "内容": "バス停: 長嶺",
        "name": "長嶺",
        "operator": "事業者不明",
        "ref": "",
        "url": "",
        "url2": ""
      }
    },
    {
      "type": "Feature",
      "geometry": {
        "type": "Point",
        "coordinates": [
          140.8064732,
          40.1376219
        ]
      },
      "properties": {
        "内容": "バス停: 碇発電所前",
        "name": "碇発電所前",
        "operator": "事業者不明",
        "ref": "",
        "url": "",
        "url2": ""
      }
    },
    {
      "type": "Feature",
      "geometry": {
        "type": "Point",
        "coordinates": [
          140.8064114,
          40.1411879
        ]
      },
      "properties": {
        "内容": "バス停: 八幡平支所前",
        "name": "八幡平支所前",
        "operator": "事業者不明",
        "ref": "",
        "url": "",
        "url2": ""
      }
    },
    {
      "type": "Feature",
      "geometry": {
        "type": "Point",
        "coordinates": [
          140.8065423,
          40.1411441
        ]
      },
      "properties": {
        "内容": "バス停: 八幡平支所前",
        "name": "八幡平支所前",
        "operator": "事業者不明",
        "ref": "",
        "url": "",
        "url2": ""
      }
    },
    {
      "type": "Feature",
      "geometry": {
        "type": "Point",
        "coordinates": [
          140.7702256,
          40.1837638
        ]
      },
      "properties": {
        "内容": "バス停: 城山 (秋北バス)",
        "name": "城山",
        "operator": "秋北バス",
        "ref": "",
        "url": "",
        "url2": ""
      }
    },
    {
      "type": "Feature",
      "geometry": {
        "type": "Point",
        "coordinates": [
          140.0760465,
          40.1022843
        ]
      },
      "properties": {
        "内容": "バス停: 森岳",
        "name": "森岳",
        "operator": "事業者不明",
        "ref": "",
        "url": "",
        "url2": ""
      }
    },
    {
      "type": "Feature",
      "geometry": {
        "type": "Point",
        "coordinates": [
          140.1067574,
          39.7081792
        ]
      },
      "properties": {
        "内容": "バス停: むつみ町 (羽後交通)",
        "name": "むつみ町",
        "operator": "羽後交通",
        "ref": "",
        "url": "",
        "url2": ""
      }
    },
    {
      "type": "Feature",
      "geometry": {
        "type": "Point",
        "coordinates": [
          140.1067624,
          39.7081938
        ]
      },
      "properties": {
        "内容": "バス停: むつみ町 (秋田中央交通)",
        "name": "むつみ町",
        "operator": "秋田中央交通",
        "ref": "",
        "url": "",
        "url2": ""
      }
    },
    {
      "type": "Feature",
      "geometry": {
        "type": "Point",
        "coordinates": [
          140.1067819,
          39.7088405
        ]
      },
      "properties": {
        "内容": "バス停: むつみ町 (羽後交通)",
        "name": "むつみ町",
        "operator": "羽後交通",
        "ref": "",
        "url": "",
        "url2": ""
      }
    },
    {
      "type": "Feature",
      "geometry": {
        "type": "Point",
        "coordinates": [
          140.106776,
          39.7088207
        ]
      },
      "properties": {
        "内容": "バス停: むつみ町 (秋田中央交通)",
        "name": "むつみ町",
        "operator": "秋田中央交通",
        "ref": "",
        "url": "",
        "url2": ""
      }
    },
    {
      "type": "Feature",
      "geometry": {
        "type": "Point",
        "coordinates": [
          140.1645603,
          39.7272287
        ]
      },
      "properties": {
        "内容": "バス停: 松崎団地 (秋田中央交通)",
        "name": "松崎団地",
        "operator": "秋田中央交通",
        "ref": "",
        "url": "",
        "url2": ""
      }
    },
    {
      "type": "Feature",
      "geometry": {
        "type": "Point",
        "coordinates": [
          140.1654066,
          39.7260756
        ]
      },
      "properties": {
        "内容": "バス停: 松崎団地 (太平自動車学校)",
        "name": "松崎団地",
        "operator": "太平自動車学校",
        "ref": "",
        "url": "",
        "url2": ""
      }
    },
    {
      "type": "Feature",
      "geometry": {
        "type": "Point",
        "coordinates": [
          140.1604834,
          39.7195658
        ]
      },
      "properties": {
        "内容": "バス停: ノースアジア大学前 (秋田モータースクール)",
        "name": "ノースアジア大学前",
        "operator": "秋田モータースクール",
        "ref": "",
        "url": "",
        "url2": ""
      }
    },
    {
      "type": "Feature",
      "geometry": {
        "type": "Point",
        "coordinates": [
          140.1598557,
          39.7156004
        ]
      },
      "properties": {
        "内容": "バス停: ノースアジア大学 (太平自動車学校)",
        "name": "ノースアジア大学",
        "operator": "太平自動車学校",
        "ref": "",
        "url": "",
        "url2": ""
      }
    },
    {
      "type": "Feature",
      "geometry": {
        "type": "Point",
        "coordinates": [
          140.1496846,
          39.7293434
        ]
      },
      "properties": {
        "内容": "バス停: 秋田大学附属病院前 (太平自動車学校)",
        "name": "秋田大学附属病院前",
        "operator": "太平自動車学校",
        "ref": "",
        "url": "",
        "url2": ""
      }
    },
    {
      "type": "Feature",
      "geometry": {
        "type": "Point",
        "coordinates": [
          140.1312726,
          39.7270237
        ]
      },
      "properties": {
        "内容": "バス停: 秋田大学前 (太平自動車学校)",
        "name": "秋田大学前",
        "operator": "太平自動車学校",
        "ref": "",
        "url": "",
        "url2": ""
      }
    },
    {
      "type": "Feature",
      "geometry": {
        "type": "Point",
        "coordinates": [
          140.1312673,
          39.7269432
        ]
      },
      "properties": {
        "内容": "バス停: 秋田大学前 (秋田モータースクール)",
        "name": "秋田大学前",
        "operator": "秋田モータースクール",
        "ref": "",
        "url": "",
        "url2": ""
      }
    },
    {
      "type": "Feature",
      "geometry": {
        "type": "Point",
        "coordinates": [
          140.1312646,
          39.7268607
        ]
      },
      "properties": {
        "内容": "バス停: 秋田大学前 (秋田自動車学校)",
        "name": "秋田大学前",
        "operator": "秋田自動車学校",
        "ref": "",
        "url": "",
        "url2": ""
      }
    },
    {
      "type": "Feature",
      "geometry": {
        "type": "Point",
        "coordinates": [
          140.1033699,
          39.7466643
        ]
      },
      "properties": {
        "内容": "バス停: 八柳二丁目 (秋田中央交通)",
        "name": "八柳二丁目",
        "operator": "秋田中央交通",
        "ref": "",
        "url": "",
        "url2": ""
      }
    },
    {
      "type": "Feature",
      "geometry": {
        "type": "Point",
        "coordinates": [
          140.1030292,
          39.746853
        ]
      },
      "properties": {
        "内容": "バス停: 八柳二丁目 (秋田中央交通)",
        "name": "八柳二丁目",
        "operator": "秋田中央交通",
        "ref": "",
        "url": "",
        "url2": ""
      }
    },
    {
      "type": "Feature",
      "geometry": {
        "type": "Point",
        "coordinates": [
          140.1068279,
          39.7457262
        ]
      },
      "properties": {
        "内容": "バス停: 八幡田二丁目 (秋田中央交通)",
        "name": "八幡田二丁目",
        "operator": "秋田中央交通",
        "ref": "",
        "url": "",
        "url2": ""
      }
    },
    {
      "type": "Feature",
      "geometry": {
        "type": "Point",
        "coordinates": [
          140.1068197,
          39.7456402
        ]
      },
      "properties": {
        "内容": "バス停: 八幡田二丁目 (秋田中央交通)",
        "name": "八幡田二丁目",
        "operator": "秋田中央交通",
        "ref": "",
        "url": "",
        "url2": ""
      }
    },
    {
      "type": "Feature",
      "geometry": {
        "type": "Point",
        "coordinates": [
          140.0818601,
          39.7364901
        ]
      },
      "properties": {
        "内容": "バス停: 名称不明バス停",
        "name": "名称不明バス停",
        "operator": "事業者不明",
        "ref": "",
        "url": "",
        "url2": ""
      }
    },
    {
      "type": "Feature",
      "geometry": {
        "type": "Point",
        "coordinates": [
          140.1343643,
          39.7233714
        ]
      },
      "properties": {
        "内容": "バス停: 手形東町",
        "name": "手形東町",
        "operator": "事業者不明",
        "ref": "",
        "url": "",
        "url2": ""
      }
    },
    {
      "type": "Feature",
      "geometry": {
        "type": "Point",
        "coordinates": [
          140.0787616,
          39.9729615
        ]
      },
      "properties": {
        "内容": "バス停: 真坂三区",
        "name": "真坂三区",
        "operator": "事業者不明",
        "ref": "",
        "url": "",
        "url2": ""
      }
    },
    {
      "type": "Feature",
      "geometry": {
        "type": "Point",
        "coordinates": [
          140.3400768,
          40.0930837
        ]
      },
      "properties": {
        "内容": "バス停: 滝ノ沢",
        "name": "滝ノ沢",
        "operator": "事業者不明",
        "ref": "",
        "url": "",
        "url2": ""
      }
    },
    {
      "type": "Feature",
      "geometry": {
        "type": "Point",
        "coordinates": [
          140.3255039,
          40.0603043
        ]
      },
      "properties": {
        "内容": "バス停: 上仏社 (秋北バス)",
        "name": "上仏社",
        "operator": "秋北バス",
        "ref": "",
        "url": "",
        "url2": ""
      }
    },
    {
      "type": "Feature",
      "geometry": {
        "type": "Point",
        "coordinates": [
          140.1435451,
          39.69163
        ]
      },
      "properties": {
        "内容": "バス停: 荒巻",
        "name": "荒巻",
        "operator": "事業者不明",
        "ref": "",
        "url": "",
        "url2": ""
      }
    },
    {
      "type": "Feature",
      "geometry": {
        "type": "Point",
        "coordinates": [
          140.1091377,
          39.7151596
        ]
      },
      "properties": {
        "内容": "バス停: 長崎屋バスターミナル (秋田中央交通)",
        "name": "長崎屋バスターミナル",
        "operator": "秋田中央交通",
        "ref": "",
        "url": "",
        "url2": ""
      }
    },
    {
      "type": "Feature",
      "geometry": {
        "type": "Point",
        "coordinates": [
          140.1580936,
          39.7278799
        ]
      },
      "properties": {
        "内容": "バス停: 石動神社前",
        "name": "石動神社前",
        "operator": "事業者不明",
        "ref": "",
        "url": "",
        "url2": ""
      }
    },
    {
      "type": "Feature",
      "geometry": {
        "type": "Point",
        "coordinates": [
          140.2336883,
          39.5256514
        ]
      },
      "properties": {
        "内容": "バス停: 大正寺小学校前",
        "name": "大正寺小学校前",
        "operator": "事業者不明",
        "ref": "",
        "url": "",
        "url2": ""
      }
    },
    {
      "type": "Feature",
      "geometry": {
        "type": "Point",
        "coordinates": [
          140.2328193,
          39.5262204
        ]
      },
      "properties": {
        "内容": "バス停: 名称不明バス停",
        "name": "名称不明バス停",
        "operator": "事業者不明",
        "ref": "",
        "url": "",
        "url2": ""
      }
    },
    {
      "type": "Feature",
      "geometry": {
        "type": "Point",
        "coordinates": [
          140.2291339,
          39.5252604
        ]
      },
      "properties": {
        "内容": "バス停: 陣笠",
        "name": "陣笠",
        "operator": "事業者不明",
        "ref": "",
        "url": "",
        "url2": ""
      }
    },
    {
      "type": "Feature",
      "geometry": {
        "type": "Point",
        "coordinates": [
          140.2311,
          39.5287847
        ]
      },
      "properties": {
        "内容": "バス停: 新波中央",
        "name": "新波中央",
        "operator": "事業者不明",
        "ref": "",
        "url": "",
        "url2": ""
      }
    },
    {
      "type": "Feature",
      "geometry": {
        "type": "Point",
        "coordinates": [
          140.2281214,
          39.530222
        ]
      },
      "properties": {
        "内容": "バス停: 雄和診療所前",
        "name": "雄和診療所前",
        "operator": "事業者不明",
        "ref": "",
        "url": "",
        "url2": ""
      }
    },
    {
      "type": "Feature",
      "geometry": {
        "type": "Point",
        "coordinates": [
          140.2324217,
          39.5274625
        ]
      },
      "properties": {
        "内容": "バス停: 新波",
        "name": "新波",
        "operator": "事業者不明",
        "ref": "",
        "url": "",
        "url2": ""
      }
    },
    {
      "type": "Feature",
      "geometry": {
        "type": "Point",
        "coordinates": [
          140.2270232,
          39.5307546
        ]
      },
      "properties": {
        "内容": "バス停: 新波新町",
        "name": "新波新町",
        "operator": "事業者不明",
        "ref": "",
        "url": "",
        "url2": ""
      }
    },
    {
      "type": "Feature",
      "geometry": {
        "type": "Point",
        "coordinates": [
          140.2241615,
          39.5309236
        ]
      },
      "properties": {
        "内容": "バス停: 新波温泉前",
        "name": "新波温泉前",
        "operator": "事業者不明",
        "ref": "",
        "url": "",
        "url2": ""
      }
    },
    {
      "type": "Feature",
      "geometry": {
        "type": "Point",
        "coordinates": [
          140.219929,
          39.5313963
        ]
      },
      "properties": {
        "内容": "バス停: 梵天野",
        "name": "梵天野",
        "operator": "事業者不明",
        "ref": "",
        "url": "",
        "url2": ""
      }
    },
    {
      "type": "Feature",
      "geometry": {
        "type": "Point",
        "coordinates": [
          140.2071994,
          39.543136
        ]
      },
      "properties": {
        "内容": "バス停: 高尾温泉前",
        "name": "高尾温泉前",
        "operator": "事業者不明",
        "ref": "",
        "url": "",
        "url2": ""
      }
    },
    {
      "type": "Feature",
      "geometry": {
        "type": "Point",
        "coordinates": [
          140.2092613,
          39.5472445
        ]
      },
      "properties": {
        "内容": "バス停: 川崎渡船場前",
        "name": "川崎渡船場前",
        "operator": "事業者不明",
        "ref": "",
        "url": "",
        "url2": ""
      }
    },
    {
      "type": "Feature",
      "geometry": {
        "type": "Point",
        "coordinates": [
          140.2059233,
          39.5608066
        ]
      },
      "properties": {
        "内容": "バス停: 石川",
        "name": "石川",
        "operator": "事業者不明",
        "ref": "",
        "url": "",
        "url2": ""
      }
    },
    {
      "type": "Feature",
      "geometry": {
        "type": "Point",
        "coordinates": [
          140.2049021,
          39.5641082
        ]
      },
      "properties": {
        "内容": "バス停: 日蓮寺",
        "name": "日蓮寺",
        "operator": "事業者不明",
        "ref": "",
        "url": "",
        "url2": ""
      }
    },
    {
      "type": "Feature",
      "geometry": {
        "type": "Point",
        "coordinates": [
          140.2118796,
          39.5874501
        ]
      },
      "properties": {
        "内容": "バス停: 中央保育所前",
        "name": "中央保育所前",
        "operator": "事業者不明",
        "ref": "",
        "url": "",
        "url2": ""
      }
    },
    {
      "type": "Feature",
      "geometry": {
        "type": "Point",
        "coordinates": [
          140.2299238,
          39.5998384
        ]
      },
      "properties": {
        "内容": "バス停: 平尾鳥会館前",
        "name": "平尾鳥会館前",
        "operator": "事業者不明",
        "ref": "",
        "url": "",
        "url2": ""
      }
    },
    {
      "type": "Feature",
      "geometry": {
        "type": "Point",
        "coordinates": [
          140.1867211,
          39.5787024
        ]
      },
      "properties": {
        "内容": "バス停: 相川上野",
        "name": "相川上野",
        "operator": "事業者不明",
        "ref": "",
        "url": "",
        "url2": ""
      }
    },
    {
      "type": "Feature",
      "geometry": {
        "type": "Point",
        "coordinates": [
          140.1773392,
          39.5825474
        ]
      },
      "properties": {
        "内容": "バス停: 相川中丁",
        "name": "相川中丁",
        "operator": "事業者不明",
        "ref": "",
        "url": "",
        "url2": ""
      }
    },
    {
      "type": "Feature",
      "geometry": {
        "type": "Point",
        "coordinates": [
          140.1754107,
          39.5833867
        ]
      },
      "properties": {
        "内容": "バス停: 相川下丁",
        "name": "相川下丁",
        "operator": "事業者不明",
        "ref": "",
        "url": "",
        "url2": ""
      }
    },
    {
      "type": "Feature",
      "geometry": {
        "type": "Point",
        "coordinates": [
          140.1683761,
          39.5914253
        ]
      },
      "properties": {
        "内容": "バス停: 名称不明バス停",
        "name": "名称不明バス停",
        "operator": "事業者不明",
        "ref": "",
        "url": "",
        "url2": ""
      }
    },
    {
      "type": "Feature",
      "geometry": {
        "type": "Point",
        "coordinates": [
          140.1680707,
          39.5913483
        ]
      },
      "properties": {
        "内容": "バス停: 名称不明バス停",
        "name": "名称不明バス停",
        "operator": "事業者不明",
        "ref": "",
        "url": "",
        "url2": ""
      }
    },
    {
      "type": "Feature",
      "geometry": {
        "type": "Point",
        "coordinates": [
          140.163112,
          39.6015102
        ]
      },
      "properties": {
        "内容": "バス停: 平沢",
        "name": "平沢",
        "operator": "事業者不明",
        "ref": "",
        "url": "",
        "url2": ""
      }
    },
    {
      "type": "Feature",
      "geometry": {
        "type": "Point",
        "coordinates": [
          140.1585724,
          39.6186642
        ]
      },
      "properties": {
        "内容": "バス停: 変電所前",
        "name": "変電所前",
        "operator": "事業者不明",
        "ref": "",
        "url": "",
        "url2": ""
      }
    },
    {
      "type": "Feature",
      "geometry": {
        "type": "Point",
        "coordinates": [
          140.1590581,
          39.6243902
        ]
      },
      "properties": {
        "内容": "バス停: 診療所前",
        "name": "診療所前",
        "operator": "事業者不明",
        "ref": "",
        "url": "",
        "url2": ""
      }
    },
    {
      "type": "Feature",
      "geometry": {
        "type": "Point",
        "coordinates": [
          139.8849656,
          39.1312916
        ]
      },
      "properties": {
        "内容": "バス停: 名称不明バス停",
        "name": "名称不明バス停",
        "operator": "事業者不明",
        "ref": "",
        "url": "",
        "url2": ""
      }
    },
    {
      "type": "Feature",
      "geometry": {
        "type": "Point",
        "coordinates": [
          140.1725933,
          39.7175844
        ]
      },
      "properties": {
        "内容": "バス停: ワークセンター前 (秋田中央トランスポート)",
        "name": "ワークセンター前",
        "operator": "秋田中央トランスポート",
        "ref": "",
        "url": "",
        "url2": ""
      }
    },
    {
      "type": "Feature",
      "geometry": {
        "type": "Point",
        "coordinates": [
          140.1662387,
          39.7198991
        ]
      },
      "properties": {
        "内容": "バス停: 谷崎",
        "name": "谷崎",
        "operator": "事業者不明",
        "ref": "",
        "url": "",
        "url2": ""
      }
    },
    {
      "type": "Feature",
      "geometry": {
        "type": "Point",
        "coordinates": [
          140.1694635,
          39.7185359
        ]
      },
      "properties": {
        "内容": "バス停: 谷崎中央",
        "name": "谷崎中央",
        "operator": "事業者不明",
        "ref": "",
        "url": "",
        "url2": ""
      }
    },
    {
      "type": "Feature",
      "geometry": {
        "type": "Point",
        "coordinates": [
          140.1759305,
          39.7168005
        ]
      },
      "properties": {
        "内容": "バス停: 塞川入口",
        "name": "塞川入口",
        "operator": "事業者不明",
        "ref": "",
        "url": "",
        "url2": ""
      }
    },
    {
      "type": "Feature",
      "geometry": {
        "type": "Point",
        "coordinates": [
          140.112276,
          39.7387436
        ]
      },
      "properties": {
        "内容": "バス停: 名称不明バス停",
        "name": "名称不明バス停",
        "operator": "事業者不明",
        "ref": "",
        "url": "",
        "url2": ""
      }
    },
    {
      "type": "Feature",
      "geometry": {
        "type": "Point",
        "coordinates": [
          140.1115185,
          39.7375695
        ]
      },
      "properties": {
        "内容": "バス停: 名称不明バス停",
        "name": "名称不明バス停",
        "operator": "事業者不明",
        "ref": "",
        "url": "",
        "url2": ""
      }
    },
    {
      "type": "Feature",
      "geometry": {
        "type": "Point",
        "coordinates": [
          140.307805,
          40.1525591
        ]
      },
      "properties": {
        "内容": "バス停: 季岱",
        "name": "季岱",
        "operator": "事業者不明",
        "ref": "",
        "url": "",
        "url2": ""
      }
    },
    {
      "type": "Feature",
      "geometry": {
        "type": "Point",
        "coordinates": [
          140.3090175,
          40.1496563
        ]
      },
      "properties": {
        "内容": "バス停: 合川小学校前",
        "name": "合川小学校前",
        "operator": "事業者不明",
        "ref": "",
        "url": "",
        "url2": ""
      }
    },
    {
      "type": "Feature",
      "geometry": {
        "type": "Point",
        "coordinates": [
          140.6238332,
          39.6104776
        ]
      },
      "properties": {
        "内容": "バス停: 名称不明バス停",
        "name": "名称不明バス停",
        "operator": "事業者不明",
        "ref": "",
        "url": "",
        "url2": ""
      }
    },
    {
      "type": "Feature",
      "geometry": {
        "type": "Point",
        "coordinates": [
          140.3114235,
          40.1548282
        ]
      },
      "properties": {
        "内容": "バス停: 季岱下",
        "name": "季岱下",
        "operator": "事業者不明",
        "ref": "",
        "url": "",
        "url2": ""
      }
    },
    {
      "type": "Feature",
      "geometry": {
        "type": "Point",
        "coordinates": [
          140.3113658,
          40.1547145
        ]
      },
      "properties": {
        "内容": "バス停: 季岱下",
        "name": "季岱下",
        "operator": "事業者不明",
        "ref": "",
        "url": "",
        "url2": ""
      }
    },
    {
      "type": "Feature",
      "geometry": {
        "type": "Point",
        "coordinates": [
          140.3296448,
          40.1606593
        ]
      },
      "properties": {
        "内容": "バス停: 合川駅前",
        "name": "合川駅前",
        "operator": "事業者不明",
        "ref": "",
        "url": "",
        "url2": ""
      }
    },
    {
      "type": "Feature",
      "geometry": {
        "type": "Point",
        "coordinates": [
          140.3295296,
          40.1606846
        ]
      },
      "properties": {
        "内容": "バス停: 合川駅前",
        "name": "合川駅前",
        "operator": "事業者不明",
        "ref": "",
        "url": "",
        "url2": ""
      }
    },
    {
      "type": "Feature",
      "geometry": {
        "type": "Point",
        "coordinates": [
          140.3284423,
          40.1597271
        ]
      },
      "properties": {
        "内容": "バス停: 合川庁舎前",
        "name": "合川庁舎前",
        "operator": "事業者不明",
        "ref": "",
        "url": "",
        "url2": ""
      }
    },
    {
      "type": "Feature",
      "geometry": {
        "type": "Point",
        "coordinates": [
          140.3282648,
          40.1597493
        ]
      },
      "properties": {
        "内容": "バス停: 合川庁舎前",
        "name": "合川庁舎前",
        "operator": "事業者不明",
        "ref": "",
        "url": "",
        "url2": ""
      }
    },
    {
      "type": "Feature",
      "geometry": {
        "type": "Point",
        "coordinates": [
          140.3163165,
          40.1563533
        ]
      },
      "properties": {
        "内容": "バス停: 合川中学校前",
        "name": "合川中学校前",
        "operator": "事業者不明",
        "ref": "",
        "url": "",
        "url2": ""
      }
    },
    {
      "type": "Feature",
      "geometry": {
        "type": "Point",
        "coordinates": [
          140.3161096,
          40.1561708
        ]
      },
      "properties": {
        "内容": "バス停: 合川中学校前",
        "name": "合川中学校前",
        "operator": "事業者不明",
        "ref": "",
        "url": "",
        "url2": ""
      }
    },
    {
      "type": "Feature",
      "geometry": {
        "type": "Point",
        "coordinates": [
          140.58652,
          39.5280193
        ]
      },
      "properties": {
        "内容": "バス停: 国見公園前",
        "name": "国見公園前",
        "operator": "事業者不明",
        "ref": "",
        "url": "",
        "url2": ""
      }
    },
    {
      "type": "Feature",
      "geometry": {
        "type": "Point",
        "coordinates": [
          140.5579558,
          40.2940123
        ]
      },
      "properties": {
        "内容": "バス停: 板子石",
        "name": "板子石",
        "operator": "事業者不明",
        "ref": "",
        "url": "",
        "url2": ""
      }
    },
    {
      "type": "Feature",
      "geometry": {
        "type": "Point",
        "coordinates": [
          140.1115365,
          39.7376315
        ]
      },
      "properties": {
        "内容": "バス停: 泉外旭川",
        "name": "泉外旭川",
        "operator": "事業者不明",
        "ref": "",
        "url": "",
        "url2": ""
      }
    },
    {
      "type": "Feature",
      "geometry": {
        "type": "Point",
        "coordinates": [
          140.588763,
          39.0780204
        ]
      },
      "properties": {
        "内容": "バス停: 菅生",
        "name": "菅生",
        "operator": "事業者不明",
        "ref": "",
        "url": "",
        "url2": ""
      }
    },
    {
      "type": "Feature",
      "geometry": {
        "type": "Point",
        "coordinates": [
          140.1589102,
          39.6991621
        ]
      },
      "properties": {
        "内容": "バス停: 名称不明バス停",
        "name": "名称不明バス停",
        "operator": "事業者不明",
        "ref": "",
        "url": "",
        "url2": ""
      }
    },
    {
      "type": "Feature",
      "geometry": {
        "type": "Point",
        "coordinates": [
          140.0389282,
          40.2929801
        ]
      },
      "properties": {
        "内容": "バス停: カッチキ台",
        "name": "カッチキ台",
        "operator": "事業者不明",
        "ref": "",
        "url": "",
        "url2": ""
      }
    },
    {
      "type": "Feature",
      "geometry": {
        "type": "Point",
        "coordinates": [
          140.5638235,
          39.2972585
        ]
      },
      "properties": {
        "内容": "バス停: 八王寺 (羽後交通)",
        "name": "八王寺",
        "operator": "羽後交通",
        "ref": "",
        "url": "",
        "url2": ""
      }
    },
    {
      "type": "Feature",
      "geometry": {
        "type": "Point",
        "coordinates": [
          140.5462208,
          39.3051976
        ]
      },
      "properties": {
        "内容": "バス停: 赤坂簡易郵便局前 (羽後交通)",
        "name": "赤坂簡易郵便局前",
        "operator": "羽後交通",
        "ref": "37",
        "url": "",
        "url2": ""
      }
    },
    {
      "type": "Feature",
      "geometry": {
        "type": "Point",
        "coordinates": [
          140.546106,
          39.2937136
        ]
      },
      "properties": {
        "内容": "バス停: 秋田ふるさと村 (羽後交通)",
        "name": "秋田ふるさと村",
        "operator": "羽後交通",
        "ref": "",
        "url": "",
        "url2": ""
      }
    },
    {
      "type": "Feature",
      "geometry": {
        "type": "Point",
        "coordinates": [
          140.5399045,
          39.3017915
        ]
      },
      "properties": {
        "内容": "バス停: 朝日が丘入口",
        "name": "朝日が丘入口",
        "operator": "事業者不明",
        "ref": "",
        "url": "",
        "url2": ""
      }
    },
    {
      "type": "Feature",
      "geometry": {
        "type": "Point",
        "coordinates": [
          140.5401619,
          39.2984536
        ]
      },
      "properties": {
        "内容": "バス停: 荒沼 (羽後交通)",
        "name": "荒沼",
        "operator": "羽後交通",
        "ref": "",
        "url": "",
        "url2": ""
      }
    },
    {
      "type": "Feature",
      "geometry": {
        "type": "Point",
        "coordinates": [
          140.5404341,
          39.3001469
        ]
      },
      "properties": {
        "内容": "バス停: 大沼下 (羽後交通)",
        "name": "大沼下",
        "operator": "羽後交通",
        "ref": "",
        "url": "",
        "url2": ""
      }
    },
    {
      "type": "Feature",
      "geometry": {
        "type": "Point",
        "coordinates": [
          140.5444505,
          39.3032888
        ]
      },
      "properties": {
        "内容": "バス停: 上赤坂 (羽後交通)",
        "name": "上赤坂",
        "operator": "羽後交通",
        "ref": "",
        "url": "",
        "url2": ""
      }
    },
    {
      "type": "Feature",
      "geometry": {
        "type": "Point",
        "coordinates": [
          140.5439073,
          39.3030991
        ]
      },
      "properties": {
        "内容": "バス停: 上赤坂 (羽後交通)",
        "name": "上赤坂",
        "operator": "羽後交通",
        "ref": "",
        "url": "",
        "url2": ""
      }
    },
    {
      "type": "Feature",
      "geometry": {
        "type": "Point",
        "coordinates": [
          140.5385056,
          39.3017529
        ]
      },
      "properties": {
        "内容": "バス停: 中山 (羽後交通)",
        "name": "中山",
        "operator": "羽後交通",
        "ref": "",
        "url": "",
        "url2": ""
      }
    },
    {
      "type": "Feature",
      "geometry": {
        "type": "Point",
        "coordinates": [
          140.5360361,
          39.2995681
        ]
      },
      "properties": {
        "内容": "バス停: 仁坂 (羽後交通)",
        "name": "仁坂",
        "operator": "羽後交通",
        "ref": "",
        "url": "",
        "url2": ""
      }
    },
    {
      "type": "Feature",
      "geometry": {
        "type": "Point",
        "coordinates": [
          140.5361757,
          39.2994786
        ]
      },
      "properties": {
        "内容": "バス停: 仁坂 (羽後交通)",
        "name": "仁坂",
        "operator": "羽後交通",
        "ref": "",
        "url": "",
        "url2": ""
      }
    },
    {
      "type": "Feature",
      "geometry": {
        "type": "Point",
        "coordinates": [
          140.5420609,
          39.3030261
        ]
      },
      "properties": {
        "内容": "バス停: 西赤坂 (羽後交通)",
        "name": "西赤坂",
        "operator": "羽後交通",
        "ref": "",
        "url": "",
        "url2": ""
      }
    },
    {
      "type": "Feature",
      "geometry": {
        "type": "Point",
        "coordinates": [
          140.5420578,
          39.3029028
        ]
      },
      "properties": {
        "内容": "バス停: 西赤坂 (羽後交通)",
        "name": "西赤坂",
        "operator": "羽後交通",
        "ref": "",
        "url": "",
        "url2": ""
      }
    },
    {
      "type": "Feature",
      "geometry": {
        "type": "Point",
        "coordinates": [
          140.5502051,
          39.2985455
        ]
      },
      "properties": {
        "内容": "バス停: ヤマダ電機前 (羽後交通)",
        "name": "ヤマダ電機前",
        "operator": "羽後交通",
        "ref": "",
        "url": "",
        "url2": ""
      }
    },
    {
      "type": "Feature",
      "geometry": {
        "type": "Point",
        "coordinates": [
          140.5331493,
          39.2964862
        ]
      },
      "properties": {
        "内容": "バス停: 横手支援学校前 (羽後交通)",
        "name": "横手支援学校前",
        "operator": "羽後交通",
        "ref": "",
        "url": "",
        "url2": ""
      }
    },
    {
      "type": "Feature",
      "geometry": {
        "type": "Point",
        "coordinates": [
          140.5461572,
          39.3034557
        ]
      },
      "properties": {
        "内容": "バス停: 横手南中学校前 (羽後交通)",
        "name": "横手南中学校前",
        "operator": "羽後交通",
        "ref": "",
        "url": "",
        "url2": ""
      }
    },
    {
      "type": "Feature",
      "geometry": {
        "type": "Point",
        "coordinates": [
          140.5603235,
          39.324232
        ]
      },
      "properties": {
        "内容": "バス停: 朝倉小学校前",
        "name": "朝倉小学校前",
        "operator": "事業者不明",
        "ref": "17",
        "url": "",
        "url2": ""
      }
    },
    {
      "type": "Feature",
      "geometry": {
        "type": "Point",
        "coordinates": [
          140.5601379,
          39.3224255
        ]
      },
      "properties": {
        "内容": "バス停: 関根 (羽後交通)",
        "name": "関根",
        "operator": "羽後交通",
        "ref": "",
        "url": "",
        "url2": ""
      }
    },
    {
      "type": "Feature",
      "geometry": {
        "type": "Point",
        "coordinates": [
          140.5600601,
          39.322656
        ]
      },
      "properties": {
        "内容": "バス停: 関根 (羽後交通)",
        "name": "関根",
        "operator": "羽後交通",
        "ref": "",
        "url": "",
        "url2": ""
      }
    },
    {
      "type": "Feature",
      "geometry": {
        "type": "Point",
        "coordinates": [
          140.5776826,
          39.3081445
        ]
      },
      "properties": {
        "内容": "バス停: 旭川二丁目 (羽後交通)",
        "name": "旭川二丁目",
        "operator": "羽後交通",
        "ref": "",
        "url": "",
        "url2": ""
      }
    },
    {
      "type": "Feature",
      "geometry": {
        "type": "Point",
        "coordinates": [
          140.5763428,
          39.309069
        ]
      },
      "properties": {
        "内容": "バス停: 平鹿振興局前 (羽後交通)",
        "name": "平鹿振興局前",
        "operator": "羽後交通",
        "ref": "",
        "url": "",
        "url2": ""
      }
    },
    {
      "type": "Feature",
      "geometry": {
        "type": "Point",
        "coordinates": [
          140.538549,
          39.2968821
        ]
      },
      "properties": {
        "内容": "バス停: 朝日が丘団地 (羽後交通)",
        "name": "朝日が丘団地",
        "operator": "羽後交通",
        "ref": "",
        "url": "",
        "url2": ""
      }
    },
    {
      "type": "Feature",
      "geometry": {
        "type": "Point",
        "coordinates": [
          140.5386199,
          39.2965118
        ]
      },
      "properties": {
        "内容": "バス停: 朝日が丘二丁目 (羽後交通)",
        "name": "朝日が丘二丁目",
        "operator": "羽後交通",
        "ref": "",
        "url": "",
        "url2": ""
      }
    },
    {
      "type": "Feature",
      "geometry": {
        "type": "Point",
        "coordinates": [
          140.5395242,
          39.2975567
        ]
      },
      "properties": {
        "内容": "バス停: 西山 (羽後交通)",
        "name": "西山",
        "operator": "羽後交通",
        "ref": "",
        "url": "",
        "url2": ""
      }
    },
    {
      "type": "Feature",
      "geometry": {
        "type": "Point",
        "coordinates": [
          140.5390322,
          39.2936549
        ]
      },
      "properties": {
        "内容": "バス停: 朝日が丘四丁目 (羽後交通)",
        "name": "朝日が丘四丁目",
        "operator": "羽後交通",
        "ref": "",
        "url": "",
        "url2": ""
      }
    },
    {
      "type": "Feature",
      "geometry": {
        "type": "Point",
        "coordinates": [
          140.5416031,
          39.2935193
        ]
      },
      "properties": {
        "内容": "バス停: 朝日が丘四丁目南口 (羽後交通)",
        "name": "朝日が丘四丁目南口",
        "operator": "羽後交通",
        "ref": "",
        "url": "",
        "url2": ""
      }
    },
    {
      "type": "Feature",
      "geometry": {
        "type": "Point",
        "coordinates": [
          140.51433,
          39.328808
        ]
      },
      "properties": {
        "内容": "バス停: 水越 (羽後交通)",
        "name": "水越",
        "operator": "羽後交通",
        "ref": "",
        "url": "",
        "url2": ""
      }
    },
    {
      "type": "Feature",
      "geometry": {
        "type": "Point",
        "coordinates": [
          140.515469,
          39.3277275
        ]
      },
      "properties": {
        "内容": "バス停: 横手北インター",
        "name": "横手北インター",
        "operator": "事業者不明",
        "ref": "",
        "url": "",
        "url2": ""
      }
    },
    {
      "type": "Feature",
      "geometry": {
        "type": "Point",
        "coordinates": [
          140.5149092,
          39.3275894
        ]
      },
      "properties": {
        "内容": "バス停: 横手北インター",
        "name": "横手北インター",
        "operator": "事業者不明",
        "ref": "",
        "url": "",
        "url2": ""
      }
    },
    {
      "type": "Feature",
      "geometry": {
        "type": "Point",
        "coordinates": [
          140.56288,
          39.3081061
        ]
      },
      "properties": {
        "内容": "バス停: 羽後交通整備工場前 (羽後交通)",
        "name": "羽後交通整備工場前",
        "operator": "羽後交通",
        "ref": "",
        "url": "",
        "url2": ""
      }
    },
    {
      "type": "Feature",
      "geometry": {
        "type": "Point",
        "coordinates": [
          140.5845997,
          39.3038721
        ]
      },
      "properties": {
        "内容": "バス停: 大沢 (羽後交通大沢)",
        "name": "大沢",
        "operator": "羽後交通大沢",
        "ref": "",
        "url": "",
        "url2": ""
      }
    },
    {
      "type": "Feature",
      "geometry": {
        "type": "Point",
        "coordinates": [
          140.5845397,
          39.303767
        ]
      },
      "properties": {
        "内容": "バス停: 大沢 (羽後交通)",
        "name": "大沢",
        "operator": "羽後交通",
        "ref": "",
        "url": "",
        "url2": ""
      }
    },
    {
      "type": "Feature",
      "geometry": {
        "type": "Point",
        "coordinates": [
          140.5895689,
          39.2980728
        ]
      },
      "properties": {
        "内容": "バス停: 羽根山 (羽後交通)",
        "name": "羽根山",
        "operator": "羽後交通",
        "ref": "",
        "url": "",
        "url2": ""
      }
    },
    {
      "type": "Feature",
      "geometry": {
        "type": "Point",
        "coordinates": [
          140.5820362,
          39.3051941
        ]
      },
      "properties": {
        "内容": "バス停: 横手清陵学院入口 (羽後交通)",
        "name": "横手清陵学院入口",
        "operator": "羽後交通",
        "ref": "",
        "url": "",
        "url2": ""
      }
    },
    {
      "type": "Feature",
      "geometry": {
        "type": "Point",
        "coordinates": [
          140.583595,
          39.3069808
        ]
      },
      "properties": {
        "内容": "バス停: 横手清陵学院前",
        "name": "横手清陵学院前",
        "operator": "事業者不明",
        "ref": "",
        "url": "",
        "url2": ""
      }
    },
    {
      "type": "Feature",
      "geometry": {
        "type": "Point",
        "coordinates": [
          140.56914,
          39.314897
        ]
      },
      "properties": {
        "内容": "バス停: 南小学校入口",
        "name": "南小学校入口",
        "operator": "事業者不明",
        "ref": "",
        "url": "",
        "url2": ""
      }
    },
    {
      "type": "Feature",
      "geometry": {
        "type": "Point",
        "coordinates": [
          140.5675017,
          39.317024
        ]
      },
      "properties": {
        "内容": "バス停: 横手郵便局前 (羽後交通)",
        "name": "横手郵便局前",
        "operator": "羽後交通",
        "ref": "13",
        "url": "",
        "url2": ""
      }
    },
    {
      "type": "Feature",
      "geometry": {
        "type": "Point",
        "coordinates": [
          140.5672878,
          39.3171692
        ]
      },
      "properties": {
        "内容": "バス停: 横手郵便局前 (羽後交通)",
        "name": "横手郵便局前",
        "operator": "羽後交通",
        "ref": "13",
        "url": "",
        "url2": ""
      }
    },
    {
      "type": "Feature",
      "geometry": {
        "type": "Point",
        "coordinates": [
          140.5682535,
          39.3155664
        ]
      },
      "properties": {
        "内容": "バス停: 南小学校入口",
        "name": "南小学校入口",
        "operator": "事業者不明",
        "ref": "",
        "url": "",
        "url2": ""
      }
    },
    {
      "type": "Feature",
      "geometry": {
        "type": "Point",
        "coordinates": [
          140.5681886,
          39.3153481
        ]
      },
      "properties": {
        "内容": "バス停: 南小学校入口",
        "name": "南小学校入口",
        "operator": "事業者不明",
        "ref": "",
        "url": "",
        "url2": ""
      }
    },
    {
      "type": "Feature",
      "geometry": {
        "type": "Point",
        "coordinates": [
          140.5679746,
          39.3168188
        ]
      },
      "properties": {
        "内容": "バス停: 横手郵便局入口 (羽後交通)",
        "name": "横手郵便局入口",
        "operator": "羽後交通",
        "ref": "",
        "url": "",
        "url2": ""
      }
    },
    {
      "type": "Feature",
      "geometry": {
        "type": "Point",
        "coordinates": [
          140.5645104,
          39.3235876
        ]
      },
      "properties": {
        "内容": "バス停: 幸町 (羽後交通)",
        "name": "幸町",
        "operator": "羽後交通",
        "ref": "",
        "url": "",
        "url2": ""
      }
    },
    {
      "type": "Feature",
      "geometry": {
        "type": "Point",
        "coordinates": [
          140.5653953,
          39.3240598
        ]
      },
      "properties": {
        "内容": "バス停: 幸町 (羽後交通)",
        "name": "幸町",
        "operator": "羽後交通",
        "ref": "",
        "url": "",
        "url2": ""
      }
    },
    {
      "type": "Feature",
      "geometry": {
        "type": "Point",
        "coordinates": [
          140.5665835,
          39.3264435
        ]
      },
      "properties": {
        "内容": "バス停: 新坂 (羽後交通)",
        "name": "新坂",
        "operator": "羽後交通",
        "ref": "",
        "url": "",
        "url2": ""
      }
    },
    {
      "type": "Feature",
      "geometry": {
        "type": "Point",
        "coordinates": [
          140.5445724,
          39.3197293
        ]
      },
      "properties": {
        "内容": "バス停: 上三本柳 (羽後交通)",
        "name": "上三本柳",
        "operator": "羽後交通",
        "ref": "",
        "url": "",
        "url2": ""
      }
    },
    {
      "type": "Feature",
      "geometry": {
        "type": "Point",
        "coordinates": [
          140.5406057,
          39.3201113
        ]
      },
      "properties": {
        "内容": "バス停: 三本柳 (羽後交通)",
        "name": "三本柳",
        "operator": "羽後交通",
        "ref": "",
        "url": "",
        "url2": ""
      }
    },
    {
      "type": "Feature",
      "geometry": {
        "type": "Point",
        "coordinates": [
          140.536893,
          39.3202316
        ]
      },
      "properties": {
        "内容": "バス停: 助太郎小屋入口 (羽後交通)",
        "name": "助太郎小屋入口",
        "operator": "羽後交通",
        "ref": "",
        "url": "",
        "url2": ""
      }
    },
    {
      "type": "Feature",
      "geometry": {
        "type": "Point",
        "coordinates": [
          140.5336675,
          39.3212046
        ]
      },
      "properties": {
        "内容": "バス停: 八丁入口 (羽後交通)",
        "name": "八丁入口",
        "operator": "羽後交通",
        "ref": "",
        "url": "",
        "url2": ""
      }
    },
    {
      "type": "Feature",
      "geometry": {
        "type": "Point",
        "coordinates": [
          140.5664615,
          39.3085914
        ]
      },
      "properties": {
        "内容": "バス停: 教育会館前",
        "name": "教育会館前",
        "operator": "事業者不明",
        "ref": "",
        "url": "",
        "url2": ""
      }
    },
    {
      "type": "Feature",
      "geometry": {
        "type": "Point",
        "coordinates": [
          140.5673839,
          39.3073031
        ]
      },
      "properties": {
        "内容": "バス停: 神明町",
        "name": "神明町",
        "operator": "事業者不明",
        "ref": "",
        "url": "",
        "url2": ""
      }
    },
    {
      "type": "Feature",
      "geometry": {
        "type": "Point",
        "coordinates": [
          140.5545361,
          39.3136401
        ]
      },
      "properties": {
        "内容": "バス停: 一の口 (羽後交通)",
        "name": "一の口",
        "operator": "羽後交通",
        "ref": "",
        "url": "",
        "url2": ""
      }
    },
    {
      "type": "Feature",
      "geometry": {
        "type": "Point",
        "coordinates": [
          140.5543202,
          39.3137992
        ]
      },
      "properties": {
        "内容": "バス停: 一の口 (羽後交通)",
        "name": "一の口",
        "operator": "羽後交通",
        "ref": "",
        "url": "",
        "url2": ""
      }
    },
    {
      "type": "Feature",
      "geometry": {
        "type": "Point",
        "coordinates": [
          140.5507729,
          39.3075968
        ]
      },
      "properties": {
        "内容": "バス停: 下三枚橋 (羽後交通)",
        "name": "下三枚橋",
        "operator": "羽後交通",
        "ref": "",
        "url": "",
        "url2": ""
      }
    },
    {
      "type": "Feature",
      "geometry": {
        "type": "Point",
        "coordinates": [
          140.553918,
          39.3179083
        ]
      },
      "properties": {
        "内容": "バス停: 新国道 (羽後交通)",
        "name": "新国道",
        "operator": "羽後交通",
        "ref": "",
        "url": "",
        "url2": ""
      }
    },
    {
      "type": "Feature",
      "geometry": {
        "type": "Point",
        "coordinates": [
          140.5530899,
          39.312472
        ]
      },
      "properties": {
        "内容": "バス停: 体育館前",
        "name": "体育館前",
        "operator": "事業者不明",
        "ref": "",
        "url": "",
        "url2": ""
      }
    },
    {
      "type": "Feature",
      "geometry": {
        "type": "Point",
        "coordinates": [
          140.5527948,
          39.3121942
        ]
      },
      "properties": {
        "内容": "バス停: 体育館前 (羽後交通)",
        "name": "体育館前",
        "operator": "羽後交通",
        "ref": "",
        "url": "",
        "url2": ""
      }
    },
    {
      "type": "Feature",
      "geometry": {
        "type": "Point",
        "coordinates": [
          140.5535811,
          39.3152415
        ]
      },
      "properties": {
        "内容": "バス停: ハッピータウン",
        "name": "ハッピータウン",
        "operator": "事業者不明",
        "ref": "",
        "url": "",
        "url2": ""
      }
    },
    {
      "type": "Feature",
      "geometry": {
        "type": "Point",
        "coordinates": [
          140.551929,
          39.3086081
        ]
      },
      "properties": {
        "内容": "バス停: 北都銀行横手西支店前 (羽後交通)",
        "name": "北都銀行横手西支店前",
        "operator": "羽後交通",
        "ref": "",
        "url": "",
        "url2": ""
      }
    },
    {
      "type": "Feature",
      "geometry": {
        "type": "Point",
        "coordinates": [
          140.5516789,
          39.3084993
        ]
      },
      "properties": {
        "内容": "バス停: 北都銀行横手西支店前 (羽後交通)",
        "name": "北都銀行横手西支店前",
        "operator": "羽後交通",
        "ref": "",
        "url": "",
        "url2": ""
      }
    },
    {
      "type": "Feature",
      "geometry": {
        "type": "Point",
        "coordinates": [
          140.5525556,
          39.3106996
        ]
      },
      "properties": {
        "内容": "バス停: 横手市役所条里南庁舎前 (羽後交通)",
        "name": "横手市役所条里南庁舎前",
        "operator": "羽後交通",
        "ref": "",
        "url": "",
        "url2": ""
      }
    },
    {
      "type": "Feature",
      "geometry": {
        "type": "Point",
        "coordinates": [
          140.5521935,
          39.3102216
        ]
      },
      "properties": {
        "内容": "バス停: 横手市役所条里南庁舎前 (羽後交通)",
        "name": "横手市役所条里南庁舎前",
        "operator": "羽後交通",
        "ref": "",
        "url": "",
        "url2": ""
      }
    },
    {
      "type": "Feature",
      "geometry": {
        "type": "Point",
        "coordinates": [
          140.5781162,
          39.3534255
        ]
      },
      "properties": {
        "内容": "バス停: 上台 (羽後交通)",
        "name": "上台",
        "operator": "羽後交通",
        "ref": "",
        "url": "",
        "url2": ""
      }
    },
    {
      "type": "Feature",
      "geometry": {
        "type": "Point",
        "coordinates": [
          140.5778421,
          39.3503707
        ]
      },
      "properties": {
        "内容": "バス停: 中島会館前 (羽後交通)",
        "name": "中島会館前",
        "operator": "羽後交通",
        "ref": "",
        "url": "",
        "url2": ""
      }
    },
    {
      "type": "Feature",
      "geometry": {
        "type": "Point",
        "coordinates": [
          140.5762603,
          39.3469845
        ]
      },
      "properties": {
        "内容": "バス停: 中島 (羽後交通)",
        "name": "中島",
        "operator": "羽後交通",
        "ref": "",
        "url": "",
        "url2": ""
      }
    },
    {
      "type": "Feature",
      "geometry": {
        "type": "Point",
        "coordinates": [
          140.5762278,
          39.3449302
        ]
      },
      "properties": {
        "内容": "バス停: 見入野 (羽後交通)",
        "name": "見入野",
        "operator": "羽後交通",
        "ref": "",
        "url": "",
        "url2": ""
      }
    },
    {
      "type": "Feature",
      "geometry": {
        "type": "Point",
        "coordinates": [
          140.573063,
          39.3394659
        ]
      },
      "properties": {
        "内容": "バス停: 見入野会館前 (羽後交通)",
        "name": "見入野会館前",
        "operator": "羽後交通",
        "ref": "",
        "url": "",
        "url2": ""
      }
    },
    {
      "type": "Feature",
      "geometry": {
        "type": "Point",
        "coordinates": [
          140.5668699,
          39.3345829
        ]
      },
      "properties": {
        "内容": "バス停: 鶴巻町",
        "name": "鶴巻町",
        "operator": "事業者不明",
        "ref": "",
        "url": "",
        "url2": ""
      }
    },
    {
      "type": "Feature",
      "geometry": {
        "type": "Point",
        "coordinates": [
          140.5670236,
          39.3345144
        ]
      },
      "properties": {
        "内容": "バス停: 鶴巻町",
        "name": "鶴巻町",
        "operator": "事業者不明",
        "ref": "",
        "url": "",
        "url2": ""
      }
    },
    {
      "type": "Feature",
      "geometry": {
        "type": "Point",
        "coordinates": [
          140.5637675,
          39.3533962
        ]
      },
      "properties": {
        "内容": "バス停: 谷地中会館前 (羽後交通)",
        "name": "谷地中会館前",
        "operator": "羽後交通",
        "ref": "",
        "url": "",
        "url2": ""
      }
    },
    {
      "type": "Feature",
      "geometry": {
        "type": "Point",
        "coordinates": [
          140.5621335,
          39.349601
        ]
      },
      "properties": {
        "内容": "バス停: 谷地中 (羽後交通)",
        "name": "谷地中",
        "operator": "羽後交通",
        "ref": "",
        "url": "",
        "url2": ""
      }
    },
    {
      "type": "Feature",
      "geometry": {
        "type": "Point",
        "coordinates": [
          140.5617757,
          39.3487545
        ]
      },
      "properties": {
        "内容": "バス停: 谷地中 (羽後交通)",
        "name": "谷地中",
        "operator": "羽後交通",
        "ref": "",
        "url": "",
        "url2": ""
      }
    },
    {
      "type": "Feature",
      "geometry": {
        "type": "Point",
        "coordinates": [
          140.562571,
          39.3527585
        ]
      },
      "properties": {
        "内容": "バス停: 御所野 (羽後交通)",
        "name": "御所野",
        "operator": "羽後交通",
        "ref": "",
        "url": "",
        "url2": ""
      }
    },
    {
      "type": "Feature",
      "geometry": {
        "type": "Point",
        "coordinates": [
          140.5702898,
          39.3381625
        ]
      },
      "properties": {
        "内容": "バス停: 吉沢 (羽後交通)",
        "name": "吉沢",
        "operator": "羽後交通",
        "ref": "",
        "url": "",
        "url2": ""
      }
    },
    {
      "type": "Feature",
      "geometry": {
        "type": "Point",
        "coordinates": [
          140.5685411,
          39.3378449
        ]
      },
      "properties": {
        "内容": "バス停: 吉沢団地前 (羽後交通)",
        "name": "吉沢団地前",
        "operator": "羽後交通",
        "ref": "",
        "url": "",
        "url2": ""
      }
    },
    {
      "type": "Feature",
      "geometry": {
        "type": "Point",
        "coordinates": [
          140.5657955,
          39.3374445
        ]
      },
      "properties": {
        "内容": "バス停: 横手高校前 (羽後交通)",
        "name": "横手高校前",
        "operator": "羽後交通",
        "ref": "",
        "url": "",
        "url2": ""
      }
    },
    {
      "type": "Feature",
      "geometry": {
        "type": "Point",
        "coordinates": [
          140.5659921,
          39.3372399
        ]
      },
      "properties": {
        "内容": "バス停: 横手高校前 (羽後交通)",
        "name": "横手高校前",
        "operator": "羽後交通",
        "ref": "",
        "url": "",
        "url2": ""
      }
    },
    {
      "type": "Feature",
      "geometry": {
        "type": "Point",
        "coordinates": [
          140.5678046,
          39.3299676
        ]
      },
      "properties": {
        "内容": "バス停: 追廻入口",
        "name": "追廻入口",
        "operator": "事業者不明",
        "ref": "",
        "url": "",
        "url2": ""
      }
    },
    {
      "type": "Feature",
      "geometry": {
        "type": "Point",
        "coordinates": [
          140.5467755,
          39.2640686
        ]
      },
      "properties": {
        "内容": "バス停: 外の目 (羽後交通)",
        "name": "外の目",
        "operator": "羽後交通",
        "ref": "",
        "url": "",
        "url2": ""
      }
    },
    {
      "type": "Feature",
      "geometry": {
        "type": "Point",
        "coordinates": [
          140.5062393,
          39.3323833
        ]
      },
      "properties": {
        "内容": "バス停: 塚掘 (羽後交通)",
        "name": "塚掘",
        "operator": "羽後交通",
        "ref": "",
        "url": "",
        "url2": ""
      }
    },
    {
      "type": "Feature",
      "geometry": {
        "type": "Point",
        "coordinates": [
          140.5690846,
          39.3179311
        ]
      },
      "properties": {
        "内容": "バス停: 横手病院前 (羽後交通)",
        "name": "横手病院前",
        "operator": "羽後交通",
        "ref": "",
        "url": "",
        "url2": ""
      }
    },
    {
      "type": "Feature",
      "geometry": {
        "type": "Point",
        "coordinates": [
          140.5599487,
          39.3157013
        ]
      },
      "properties": {
        "内容": "バス停: 住吉町 (羽後交通)",
        "name": "住吉町",
        "operator": "羽後交通",
        "ref": "",
        "url": "",
        "url2": ""
      }
    },
    {
      "type": "Feature",
      "geometry": {
        "type": "Point",
        "coordinates": [
          140.5599358,
          39.316458
        ]
      },
      "properties": {
        "内容": "バス停: 住吉町 (羽後交通)",
        "name": "住吉町",
        "operator": "羽後交通",
        "ref": "",
        "url": "",
        "url2": ""
      }
    },
    {
      "type": "Feature",
      "geometry": {
        "type": "Point",
        "coordinates": [
          140.5595817,
          39.3190882
        ]
      },
      "properties": {
        "内容": "バス停: 平城町 (羽後交通)",
        "name": "平城町",
        "operator": "羽後交通",
        "ref": "",
        "url": "",
        "url2": ""
      }
    },
    {
      "type": "Feature",
      "geometry": {
        "type": "Point",
        "coordinates": [
          140.5604142,
          39.3158629
        ]
      },
      "properties": {
        "内容": "バス停: 福嶋内科・ 針生皮膚科医院前 (羽後交通)",
        "name": "福嶋内科・ 針生皮膚科医院前",
        "operator": "羽後交通",
        "ref": "",
        "url": "",
        "url2": ""
      }
    },
    {
      "type": "Feature",
      "geometry": {
        "type": "Point",
        "coordinates": [
          140.560335,
          39.3158128
        ]
      },
      "properties": {
        "内容": "バス停: 福嶋内科・ 針生皮膚科医院前",
        "name": "福嶋内科・ 針生皮膚科医院前",
        "operator": "事業者不明",
        "ref": "",
        "url": "",
        "url2": ""
      }
    },
    {
      "type": "Feature",
      "geometry": {
        "type": "Point",
        "coordinates": [
          140.551465,
          39.2948541
        ]
      },
      "properties": {
        "内容": "バス停: イオンスーパーセンター西口",
        "name": "イオンスーパーセンター西口",
        "operator": "事業者不明",
        "ref": "",
        "url": "",
        "url2": ""
      }
    },
    {
      "type": "Feature",
      "geometry": {
        "type": "Point",
        "coordinates": [
          140.5529104,
          39.2984623
        ]
      },
      "properties": {
        "内容": "バス停: テレトラック・ ウインズ横手前 (羽後交通)",
        "name": "テレトラック・ ウインズ横手前",
        "operator": "羽後交通",
        "ref": "",
        "url": "",
        "url2": ""
      }
    },
    {
      "type": "Feature",
      "geometry": {
        "type": "Point",
        "coordinates": [
          140.5500778,
          39.3024488
        ]
      },
      "properties": {
        "内容": "バス停: ケーズデンキ前",
        "name": "ケーズデンキ前",
        "operator": "事業者不明",
        "ref": "39",
        "url": "",
        "url2": ""
      }
    },
    {
      "type": "Feature",
      "geometry": {
        "type": "Point",
        "coordinates": [
          140.5502461,
          39.3025217
        ]
      },
      "properties": {
        "内容": "バス停: ケーズデンキ前",
        "name": "ケーズデンキ前",
        "operator": "事業者不明",
        "ref": "39",
        "url": "",
        "url2": ""
      }
    },
    {
      "type": "Feature",
      "geometry": {
        "type": "Point",
        "coordinates": [
          140.5497553,
          39.3058837
        ]
      },
      "properties": {
        "内容": "バス停: グランマート横手店前",
        "name": "グランマート横手店前",
        "operator": "事業者不明",
        "ref": "",
        "url": "",
        "url2": ""
      }
    },
    {
      "type": "Feature",
      "geometry": {
        "type": "Point",
        "coordinates": [
          140.5506413,
          39.3050169
        ]
      },
      "properties": {
        "内容": "バス停: 下久保 (羽後交通)",
        "name": "下久保",
        "operator": "羽後交通",
        "ref": "",
        "url": "",
        "url2": ""
      }
    },
    {
      "type": "Feature",
      "geometry": {
        "type": "Point",
        "coordinates": [
          140.5508488,
          39.304994
        ]
      },
      "properties": {
        "内容": "バス停: 下久保 (羽後交通)",
        "name": "下久保",
        "operator": "羽後交通",
        "ref": "",
        "url": "",
        "url2": ""
      }
    },
    {
      "type": "Feature",
      "geometry": {
        "type": "Point",
        "coordinates": [
          140.5535973,
          39.3013403
        ]
      },
      "properties": {
        "内容": "バス停: 婦気大堤",
        "name": "婦気大堤",
        "operator": "事業者不明",
        "ref": "",
        "url": "",
        "url2": ""
      }
    },
    {
      "type": "Feature",
      "geometry": {
        "type": "Point",
        "coordinates": [
          140.5485741,
          39.3069023
        ]
      },
      "properties": {
        "内容": "バス停: 南巻",
        "name": "南巻",
        "operator": "事業者不明",
        "ref": "",
        "url": "",
        "url2": ""
      }
    },
    {
      "type": "Feature",
      "geometry": {
        "type": "Point",
        "coordinates": [
          140.5545592,
          39.30292
        ]
      },
      "properties": {
        "内容": "バス停: 横手警察署前 (羽後交通横手警察署前)",
        "name": "横手警察署前",
        "operator": "羽後交通横手警察署前",
        "ref": "",
        "url": "",
        "url2": ""
      }
    },
    {
      "type": "Feature",
      "geometry": {
        "type": "Point",
        "coordinates": [
          140.5545361,
          39.3028132
        ]
      },
      "properties": {
        "内容": "バス停: 横手警察署前",
        "name": "横手警察署前",
        "operator": "事業者不明",
        "ref": "",
        "url": "",
        "url2": ""
      }
    },
    {
      "type": "Feature",
      "geometry": {
        "type": "Point",
        "coordinates": [
          140.5699608,
          39.3084633
        ]
      },
      "properties": {
        "内容": "バス停: よねや南店前 (横手市循環バス)",
        "name": "よねや南店前",
        "operator": "横手市循環バス",
        "ref": "",
        "url": "",
        "url2": ""
      }
    },
    {
      "type": "Feature",
      "geometry": {
        "type": "Point",
        "coordinates": [
          140.5791912,
          39.3065584
        ]
      },
      "properties": {
        "内容": "バス停: 本郷",
        "name": "本郷",
        "operator": "事業者不明",
        "ref": "",
        "url": "",
        "url2": ""
      }
    },
    {
      "type": "Feature",
      "geometry": {
        "type": "Point",
        "coordinates": [
          140.5537904,
          39.3084061
        ]
      },
      "properties": {
        "内容": "バス停: 婦気橋前 (羽後交通)",
        "name": "婦気橋前",
        "operator": "羽後交通",
        "ref": "",
        "url": "",
        "url2": ""
      }
    },
    {
      "type": "Feature",
      "geometry": {
        "type": "Point",
        "coordinates": [
          140.5538276,
          39.3083492
        ]
      },
      "properties": {
        "内容": "バス停: 婦気橋前 (羽後交通)",
        "name": "婦気橋前",
        "operator": "羽後交通",
        "ref": "",
        "url": "",
        "url2": ""
      }
    },
    {
      "type": "Feature",
      "geometry": {
        "type": "Point",
        "coordinates": [
          140.5658879,
          39.3166511
        ]
      },
      "properties": {
        "内容": "バス停: 蛇の崎橋",
        "name": "蛇の崎橋",
        "operator": "事業者不明",
        "ref": "",
        "url": "",
        "url2": ""
      }
    },
    {
      "type": "Feature",
      "geometry": {
        "type": "Point",
        "coordinates": [
          140.5656959,
          39.3166083
        ]
      },
      "properties": {
        "内容": "バス停: 蛇の崎橋",
        "name": "蛇の崎橋",
        "operator": "事業者不明",
        "ref": "",
        "url": "",
        "url2": ""
      }
    },
    {
      "type": "Feature",
      "geometry": {
        "type": "Point",
        "coordinates": [
          140.5649679,
          39.3201316
        ]
      },
      "properties": {
        "内容": "バス停: 本町",
        "name": "本町",
        "operator": "事業者不明",
        "ref": "",
        "url": "",
        "url2": ""
      }
    },
    {
      "type": "Feature",
      "geometry": {
        "type": "Point",
        "coordinates": [
          140.5648117,
          39.3001578
        ]
      },
      "properties": {
        "内容": "バス停: 安田原 (羽後交通)",
        "name": "安田原",
        "operator": "羽後交通",
        "ref": "",
        "url": "",
        "url2": ""
      }
    },
    {
      "type": "Feature",
      "geometry": {
        "type": "Point",
        "coordinates": [
          140.5647799,
          39.3006339
        ]
      },
      "properties": {
        "内容": "バス停: 安田原 (羽後交通)",
        "name": "安田原",
        "operator": "羽後交通",
        "ref": "",
        "url": "",
        "url2": ""
      }
    },
    {
      "type": "Feature",
      "geometry": {
        "type": "Point",
        "coordinates": [
          140.5640915,
          39.3141063
        ]
      },
      "properties": {
        "内容": "バス停: 光明寺街区公園前 (羽後交通)",
        "name": "光明寺街区公園前",
        "operator": "羽後交通",
        "ref": "",
        "url": "",
        "url2": ""
      }
    },
    {
      "type": "Feature",
      "geometry": {
        "type": "Point",
        "coordinates": [
          140.563911,
          39.3142243
        ]
      },
      "properties": {
        "内容": "バス停: 光明寺街区公園前",
        "name": "光明寺街区公園前",
        "operator": "事業者不明",
        "ref": "",
        "url": "",
        "url2": ""
      }
    },
    {
      "type": "Feature",
      "geometry": {
        "type": "Point",
        "coordinates": [
          140.5526895,
          39.3181438
        ]
      },
      "properties": {
        "内容": "バス停: 三ノ口",
        "name": "三ノ口",
        "operator": "事業者不明",
        "ref": "",
        "url": "",
        "url2": ""
      }
    },
    {
      "type": "Feature",
      "geometry": {
        "type": "Point",
        "coordinates": [
          140.5493085,
          39.3188549
        ]
      },
      "properties": {
        "内容": "バス停: 大関越",
        "name": "大関越",
        "operator": "事業者不明",
        "ref": "",
        "url": "",
        "url2": ""
      }
    },
    {
      "type": "Feature",
      "geometry": {
        "type": "Point",
        "coordinates": [
          140.5493442,
          39.3187615
        ]
      },
      "properties": {
        "内容": "バス停: 大関越",
        "name": "大関越",
        "operator": "事業者不明",
        "ref": "",
        "url": "",
        "url2": ""
      }
    },
    {
      "type": "Feature",
      "geometry": {
        "type": "Point",
        "coordinates": [
          140.5471003,
          39.3192417
        ]
      },
      "properties": {
        "内容": "バス停: 伏山",
        "name": "伏山",
        "operator": "事業者不明",
        "ref": "",
        "url": "",
        "url2": ""
      }
    },
    {
      "type": "Feature",
      "geometry": {
        "type": "Point",
        "coordinates": [
          140.5473763,
          39.3191092
        ]
      },
      "properties": {
        "内容": "バス停: 伏山",
        "name": "伏山",
        "operator": "事業者不明",
        "ref": "",
        "url": "",
        "url2": ""
      }
    },
    {
      "type": "Feature",
      "geometry": {
        "type": "Point",
        "coordinates": [
          140.54613,
          39.3176018
        ]
      },
      "properties": {
        "内容": "バス停: 六ノ口",
        "name": "六ノ口",
        "operator": "事業者不明",
        "ref": "",
        "url": "",
        "url2": ""
      }
    },
    {
      "type": "Feature",
      "geometry": {
        "type": "Point",
        "coordinates": [
          140.5458808,
          39.3136832
        ]
      },
      "properties": {
        "内容": "バス停: ハッピーモール",
        "name": "ハッピーモール",
        "operator": "事業者不明",
        "ref": "",
        "url": "",
        "url2": ""
      }
    },
    {
      "type": "Feature",
      "geometry": {
        "type": "Point",
        "coordinates": [
          140.5496368,
          39.3148546
        ]
      },
      "properties": {
        "内容": "バス停: バザール前",
        "name": "バザール前",
        "operator": "事業者不明",
        "ref": "",
        "url": "",
        "url2": ""
      }
    },
    {
      "type": "Feature",
      "geometry": {
        "type": "Point",
        "coordinates": [
          140.5494822,
          39.3128832
        ]
      },
      "properties": {
        "内容": "バス停: 平鹿総合病院前",
        "name": "平鹿総合病院前",
        "operator": "事業者不明",
        "ref": "",
        "url": "",
        "url2": ""
      }
    },
    {
      "type": "Feature",
      "geometry": {
        "type": "Point",
        "coordinates": [
          140.5626537,
          39.2933751
        ]
      },
      "properties": {
        "内容": "バス停: 上八王寺 (羽後交通)",
        "name": "上八王寺",
        "operator": "羽後交通",
        "ref": "",
        "url": "",
        "url2": ""
      }
    },
    {
      "type": "Feature",
      "geometry": {
        "type": "Point",
        "coordinates": [
          140.5553733,
          39.3086995
        ]
      },
      "properties": {
        "内容": "バス停: 三枚橋交差点前",
        "name": "三枚橋交差点前",
        "operator": "事業者不明",
        "ref": "",
        "url": "",
        "url2": ""
      }
    },
    {
      "type": "Feature",
      "geometry": {
        "type": "Point",
        "coordinates": [
          140.5553351,
          39.3088145
        ]
      },
      "properties": {
        "内容": "バス停: 三枚橋交差点前",
        "name": "三枚橋交差点前",
        "operator": "事業者不明",
        "ref": "",
        "url": "",
        "url2": ""
      }
    },
    {
      "type": "Feature",
      "geometry": {
        "type": "Point",
        "coordinates": [
          140.5636284,
          39.2972872
        ]
      },
      "properties": {
        "内容": "バス停: 八王寺 (羽後交通)",
        "name": "八王寺",
        "operator": "羽後交通",
        "ref": "",
        "url": "",
        "url2": ""
      }
    },
    {
      "type": "Feature",
      "geometry": {
        "type": "Point",
        "coordinates": [
          140.5539457,
          39.2734432
        ]
      },
      "properties": {
        "内容": "バス停: 持田 (羽後交通)",
        "name": "持田",
        "operator": "羽後交通",
        "ref": "",
        "url": "",
        "url2": ""
      }
    },
    {
      "type": "Feature",
      "geometry": {
        "type": "Point",
        "coordinates": [
          140.5652657,
          39.3207521
        ]
      },
      "properties": {
        "内容": "バス停: 本町",
        "name": "本町",
        "operator": "事業者不明",
        "ref": "",
        "url": "",
        "url2": ""
      }
    },
    {
      "type": "Feature",
      "geometry": {
        "type": "Point",
        "coordinates": [
          140.5699823,
          39.3157287
        ]
      },
      "properties": {
        "内容": "バス停: 南小学校前",
        "name": "南小学校前",
        "operator": "事業者不明",
        "ref": "",
        "url": "",
        "url2": ""
      }
    },
    {
      "type": "Feature",
      "geometry": {
        "type": "Point",
        "coordinates": [
          140.569907,
          39.3157204
        ]
      },
      "properties": {
        "内容": "バス停: 南小学校前",
        "name": "南小学校前",
        "operator": "事業者不明",
        "ref": "",
        "url": "",
        "url2": ""
      }
    },
    {
      "type": "Feature",
      "geometry": {
        "type": "Point",
        "coordinates": [
          140.5708999,
          39.3139824
        ]
      },
      "properties": {
        "内容": "バス停: 南小学校前",
        "name": "南小学校前",
        "operator": "事業者不明",
        "ref": "",
        "url": "",
        "url2": ""
      }
    },
    {
      "type": "Feature",
      "geometry": {
        "type": "Point",
        "coordinates": [
          140.5644306,
          39.3234823
        ]
      },
      "properties": {
        "内容": "バス停: 幸町 (羽後交通)",
        "name": "幸町",
        "operator": "羽後交通",
        "ref": "",
        "url": "",
        "url2": ""
      }
    },
    {
      "type": "Feature",
      "geometry": {
        "type": "Point",
        "coordinates": [
          140.563109,
          39.3089983
        ]
      },
      "properties": {
        "内容": "バス停: 細谷内科医院前 (横手市循環バス)",
        "name": "細谷内科医院前",
        "operator": "横手市循環バス",
        "ref": "",
        "url": "",
        "url2": ""
      }
    },
    {
      "type": "Feature",
      "geometry": {
        "type": "Point",
        "coordinates": [
          140.5678388,
          39.3083565
        ]
      },
      "properties": {
        "内容": "バス停: 神明町 (横手市循環バス)",
        "name": "神明町",
        "operator": "横手市循環バス",
        "ref": "",
        "url": "",
        "url2": ""
      }
    },
    {
      "type": "Feature",
      "geometry": {
        "type": "Point",
        "coordinates": [
          140.5647938,
          39.3091038
        ]
      },
      "properties": {
        "内容": "バス停: 県立看護学院入口",
        "name": "県立看護学院入口",
        "operator": "事業者不明",
        "ref": "",
        "url": "",
        "url2": ""
      }
    },
    {
      "type": "Feature",
      "geometry": {
        "type": "Point",
        "coordinates": [
          140.0346112,
          40.1989963
        ]
      },
      "properties": {
        "内容": "バス停: JCHO あきたびょういん",
        "name": "JCHO あきたびょういん",
        "operator": "事業者不明",
        "ref": "",
        "url": "",
        "url2": ""
      }
    },
    {
      "type": "Feature",
      "geometry": {
        "type": "Point",
        "coordinates": [
          140.0167156,
          40.2160678
        ]
      },
      "properties": {
        "内容": "バス停: 能代営業所 Noshiro Eigyosho",
        "name": "能代営業所 Noshiro Eigyosho",
        "operator": "事業者不明",
        "ref": "",
        "url": "",
        "url2": ""
      }
    },
    {
      "type": "Feature",
      "geometry": {
        "type": "Point",
        "coordinates": [
          140.0226853,
          40.1994985
        ]
      },
      "properties": {
        "内容": "バス停: 青葉園［能代市］Aobaen [Noshiroshi]",
        "name": "青葉園［能代市］Aobaen [Noshiroshi]",
        "operator": "事業者不明",
        "ref": "",
        "url": "",
        "url2": ""
      }
    },
    {
      "type": "Feature",
      "geometry": {
        "type": "Point",
        "coordinates": [
          140.0237238,
          40.1974973
        ]
      },
      "properties": {
        "内容": "バス停: 花園町 Hanazono-cho",
        "name": "花園町 Hanazono-cho",
        "operator": "事業者不明",
        "ref": "",
        "url": "",
        "url2": ""
      }
    },
    {
      "type": "Feature",
      "geometry": {
        "type": "Point",
        "coordinates": [
          140.0234868,
          40.2070026
        ]
      },
      "properties": {
        "内容": "バス停: 柳町新道 Yanagimachi Shimmichi",
        "name": "柳町新道 Yanagimachi Shimmichi",
        "operator": "事業者不明",
        "ref": "",
        "url": "",
        "url2": ""
      }
    },
    {
      "type": "Feature",
      "geometry": {
        "type": "Point",
        "coordinates": [
          140.0303692,
          40.2134617
        ]
      },
      "properties": {
        "内容": "バス停: 能代バスステーション Noshiro Bus Station",
        "name": "能代バスステーション Noshiro Bus Station",
        "operator": "事業者不明",
        "ref": "",
        "url": "",
        "url2": ""
      }
    },
    {
      "type": "Feature",
      "geometry": {
        "type": "Point",
        "coordinates": [
          140.025272,
          40.2237983
        ]
      },
      "properties": {
        "内容": "バス停: 下前田",
        "name": "下前田",
        "operator": "事業者不明",
        "ref": "",
        "url": "",
        "url2": ""
      }
    },
    {
      "type": "Feature",
      "geometry": {
        "type": "Point",
        "coordinates": [
          140.0308337,
          40.2205902
        ]
      },
      "properties": {
        "内容": "バス停: 向能代 Mukai-Noshiro",
        "name": "向能代 Mukai-Noshiro",
        "operator": "事業者不明",
        "ref": "",
        "url": "",
        "url2": ""
      }
    },
    {
      "type": "Feature",
      "geometry": {
        "type": "Point",
        "coordinates": [
          140.0313295,
          40.2202475
        ]
      },
      "properties": {
        "内容": "バス停: 向能代橋たもと",
        "name": "向能代橋たもと",
        "operator": "事業者不明",
        "ref": "",
        "url": "",
        "url2": ""
      }
    },
    {
      "type": "Feature",
      "geometry": {
        "type": "Point",
        "coordinates": [
          140.0284124,
          40.2150692
        ]
      },
      "properties": {
        "内容": "バス停: 市民プール前",
        "name": "市民プール前",
        "operator": "事業者不明",
        "ref": "",
        "url": "",
        "url2": ""
      }
    },
    {
      "type": "Feature",
      "geometry": {
        "type": "Point",
        "coordinates": [
          140.0258482,
          40.2149446
        ]
      },
      "properties": {
        "内容": "バス停: 総合体育館前",
        "name": "総合体育館前",
        "operator": "事業者不明",
        "ref": "",
        "url": "",
        "url2": ""
      }
    },
    {
      "type": "Feature",
      "geometry": {
        "type": "Point",
        "coordinates": [
          140.025241,
          40.2139748
        ]
      },
      "properties": {
        "内容": "バス停: 大町 Omachi",
        "name": "大町 Omachi",
        "operator": "事業者不明",
        "ref": "",
        "url": "",
        "url2": ""
      }
    },
    {
      "type": "Feature",
      "geometry": {
        "type": "Point",
        "coordinates": [
          140.0277351,
          40.2122523
        ]
      },
      "properties": {
        "内容": "バス停: 市役所前 City Hall",
        "name": "市役所前 City Hall",
        "operator": "事業者不明",
        "ref": "",
        "url": "",
        "url2": ""
      }
    },
    {
      "type": "Feature",
      "geometry": {
        "type": "Point",
        "coordinates": [
          140.0305796,
          40.2078786
        ]
      },
      "properties": {
        "内容": "バス停: 畠町 Hatamachi",
        "name": "畠町 Hatamachi",
        "operator": "事業者不明",
        "ref": "",
        "url": "",
        "url2": ""
      }
    },
    {
      "type": "Feature",
      "geometry": {
        "type": "Point",
        "coordinates": [
          140.0313425,
          40.2050404
        ]
      },
      "properties": {
        "内容": "バス停: 樽子山 Tarukoyama",
        "name": "樽子山 Tarukoyama",
        "operator": "事業者不明",
        "ref": "",
        "url": "",
        "url2": ""
      }
    },
    {
      "type": "Feature",
      "geometry": {
        "type": "Point",
        "coordinates": [
          140.5252989,
          39.220492
        ]
      },
      "properties": {
        "内容": "バス停: 十文字駅前",
        "name": "十文字駅前",
        "operator": "事業者不明",
        "ref": "",
        "url": "",
        "url2": ""
      }
    },
    {
      "type": "Feature",
      "geometry": {
        "type": "Point",
        "coordinates": [
          140.5253445,
          39.220318
        ]
      },
      "properties": {
        "内容": "バス停: 十文字駅前",
        "name": "十文字駅前",
        "operator": "事業者不明",
        "ref": "",
        "url": "",
        "url2": ""
      }
    },
    {
      "type": "Feature",
      "geometry": {
        "type": "Point",
        "coordinates": [
          140.1033479,
          39.7304649
        ]
      },
      "properties": {
        "内容": "バス停: マツダ前 (秋田中央交通)",
        "name": "マツダ前",
        "operator": "秋田中央交通",
        "ref": "",
        "url": "",
        "url2": ""
      }
    },
    {
      "type": "Feature",
      "geometry": {
        "type": "Point",
        "coordinates": [
          140.1074865,
          39.7256234
        ]
      },
      "properties": {
        "内容": "バス停: 高陽幸町交差点前 (秋田中央交通)",
        "name": "高陽幸町交差点前",
        "operator": "秋田中央交通",
        "ref": "",
        "url": "",
        "url2": ""
      }
    },
    {
      "type": "Feature",
      "geometry": {
        "type": "Point",
        "coordinates": [
          140.1074222,
          39.7253913
        ]
      },
      "properties": {
        "内容": "バス停: 高陽幸町交差点前 (秋田中央交通)",
        "name": "高陽幸町交差点前",
        "operator": "秋田中央交通",
        "ref": "",
        "url": "",
        "url2": ""
      }
    },
    {
      "type": "Feature",
      "geometry": {
        "type": "Point",
        "coordinates": [
          140.1086976,
          39.7235584
        ]
      },
      "properties": {
        "内容": "バス停: 秋田中央郵便局前 (秋田中央交通)",
        "name": "秋田中央郵便局前",
        "operator": "秋田中央交通",
        "ref": "",
        "url": "",
        "url2": ""
      }
    },
    {
      "type": "Feature",
      "geometry": {
        "type": "Point",
        "coordinates": [
          140.1089913,
          39.7231623
        ]
      },
      "properties": {
        "内容": "バス停: 秋田中央郵便局前 (秋田中央交通)",
        "name": "秋田中央郵便局前",
        "operator": "秋田中央交通",
        "ref": "",
        "url": "",
        "url2": ""
      }
    },
    {
      "type": "Feature",
      "geometry": {
        "type": "Point",
        "coordinates": [
          140.1086225,
          39.7209672
        ]
      },
      "properties": {
        "内容": "バス停: 山王二丁目 (秋田中央交通)",
        "name": "山王二丁目",
        "operator": "秋田中央交通",
        "ref": "",
        "url": "",
        "url2": ""
      }
    },
    {
      "type": "Feature",
      "geometry": {
        "type": "Point",
        "coordinates": [
          140.1096055,
          39.7192765
        ]
      },
      "properties": {
        "内容": "バス停: 山王十字路 (秋田中央交通)",
        "name": "山王十字路",
        "operator": "秋田中央交通",
        "ref": "",
        "url": "",
        "url2": ""
      }
    },
    {
      "type": "Feature",
      "geometry": {
        "type": "Point",
        "coordinates": [
          140.1108641,
          39.718752
        ]
      },
      "properties": {
        "内容": "バス停: 山王十字路 (秋田中央交通)",
        "name": "山王十字路",
        "operator": "秋田中央交通",
        "ref": "",
        "url": "",
        "url2": ""
      }
    },
    {
      "type": "Feature",
      "geometry": {
        "type": "Point",
        "coordinates": [
          140.1174114,
          39.7177797
        ]
      },
      "properties": {
        "内容": "バス停: 川反入口 (秋田中央交通)",
        "name": "川反入口",
        "operator": "秋田中央交通",
        "ref": "",
        "url": "",
        "url2": ""
      }
    },
    {
      "type": "Feature",
      "geometry": {
        "type": "Point",
        "coordinates": [
          140.0738007,
          39.7486253
        ]
      },
      "properties": {
        "内容": "バス停: 港南二丁目 (秋田中央交通)",
        "name": "港南二丁目",
        "operator": "秋田中央交通",
        "ref": "",
        "url": "",
        "url2": ""
      }
    },
    {
      "type": "Feature",
      "geometry": {
        "type": "Point",
        "coordinates": [
          140.074946,
          39.7485923
        ]
      },
      "properties": {
        "内容": "バス停: 港南二丁目 (秋田中央交通)",
        "name": "港南二丁目",
        "operator": "秋田中央交通",
        "ref": "",
        "url": "",
        "url2": ""
      }
    },
    {
      "type": "Feature",
      "geometry": {
        "type": "Point",
        "coordinates": [
          140.0807717,
          39.7473292
        ]
      },
      "properties": {
        "内容": "バス停: 自衛隊入口 (秋田中央交通)",
        "name": "自衛隊入口",
        "operator": "秋田中央交通",
        "ref": "",
        "url": "",
        "url2": ""
      }
    },
    {
      "type": "Feature",
      "geometry": {
        "type": "Point",
        "coordinates": [
          140.0842801,
          39.7463135
        ]
      },
      "properties": {
        "内容": "バス停: 護国神社裏参道 (秋田中央交通)",
        "name": "護国神社裏参道",
        "operator": "秋田中央交通",
        "ref": "",
        "url": "",
        "url2": ""
      }
    },
    {
      "type": "Feature",
      "geometry": {
        "type": "Point",
        "coordinates": [
          140.084319,
          39.7464785
        ]
      },
      "properties": {
        "内容": "バス停: 護国神社裏参道 (秋田中央交通)",
        "name": "護国神社裏参道",
        "operator": "秋田中央交通",
        "ref": "",
        "url": "",
        "url2": ""
      }
    },
    {
      "type": "Feature",
      "geometry": {
        "type": "Point",
        "coordinates": [
          140.0876288,
          39.7454442
        ]
      },
      "properties": {
        "内容": "バス停: 高野二区 (秋田中央交通)",
        "name": "高野二区",
        "operator": "秋田中央交通",
        "ref": "",
        "url": "",
        "url2": ""
      }
    },
    {
      "type": "Feature",
      "geometry": {
        "type": "Point",
        "coordinates": [
          140.093299,
          39.742065
        ]
      },
      "properties": {
        "内容": "バス停: 高野一区 (秋田中央交通)",
        "name": "高野一区",
        "operator": "秋田中央交通",
        "ref": "",
        "url": "",
        "url2": ""
      }
    },
    {
      "type": "Feature",
      "geometry": {
        "type": "Point",
        "coordinates": [
          140.095776,
          39.7390703
        ]
      },
      "properties": {
        "内容": "バス停: 日産サティオ前 (秋田中央交通)",
        "name": "日産サティオ前",
        "operator": "秋田中央交通",
        "ref": "",
        "url": "",
        "url2": ""
      }
    },
    {
      "type": "Feature",
      "geometry": {
        "type": "Point",
        "coordinates": [
          140.0971346,
          39.7374636
        ]
      },
      "properties": {
        "内容": "バス停: 秋田運輸支局入口 (秋田中央交通)",
        "name": "秋田運輸支局入口",
        "operator": "秋田中央交通",
        "ref": "",
        "url": "",
        "url2": ""
      }
    },
    {
      "type": "Feature",
      "geometry": {
        "type": "Point",
        "coordinates": [
          140.0974189,
          39.7374213
        ]
      },
      "properties": {
        "内容": "バス停: 秋田運輸支局入口 (秋田中央交通)",
        "name": "秋田運輸支局入口",
        "operator": "秋田中央交通",
        "ref": "",
        "url": "",
        "url2": ""
      }
    },
    {
      "type": "Feature",
      "geometry": {
        "type": "Point",
        "coordinates": [
          140.1001641,
          39.7341985
        ]
      },
      "properties": {
        "内容": "バス停: 八橋大畑 (秋田中央交通)",
        "name": "八橋大畑",
        "operator": "秋田中央交通",
        "ref": "",
        "url": "",
        "url2": ""
      }
    },
    {
      "type": "Feature",
      "geometry": {
        "type": "Point",
        "coordinates": [
          140.5700396,
          39.3085052
        ]
      },
      "properties": {
        "内容": "バス停: よねや南店前 (横手市循環バス)",
        "name": "よねや南店前",
        "operator": "横手市循環バス",
        "ref": "",
        "url": "",
        "url2": ""
      }
    },
    {
      "type": "Feature",
      "geometry": {
        "type": "Point",
        "coordinates": [
          140.5266112,
          39.2266005
        ]
      },
      "properties": {
        "内容": "バス停: 羽後交通案内所 (羽後交通)",
        "name": "羽後交通案内所",
        "operator": "羽後交通",
        "ref": "",
        "url": "",
        "url2": ""
      }
    },
    {
      "type": "Feature",
      "geometry": {
        "type": "Point",
        "coordinates": [
          140.0693342,
          39.7629324
        ]
      },
      "properties": {
        "内容": "バス停: 土崎踏切前 (秋田中央交通)",
        "name": "土崎踏切前",
        "operator": "秋田中央交通",
        "ref": "",
        "url": "",
        "url2": ""
      }
    },
    {
      "type": "Feature",
      "geometry": {
        "type": "Point",
        "coordinates": [
          140.0692747,
          39.7608661
        ]
      },
      "properties": {
        "内容": "バス停: 港中央五丁目",
        "name": "港中央五丁目",
        "operator": "事業者不明",
        "ref": "",
        "url": "",
        "url2": ""
      }
    },
    {
      "type": "Feature",
      "geometry": {
        "type": "Point",
        "coordinates": [
          140.0686373,
          39.7604677
        ]
      },
      "properties": {
        "内容": "バス停: 港中央五丁目",
        "name": "港中央五丁目",
        "operator": "事業者不明",
        "ref": "",
        "url": "",
        "url2": ""
      }
    },
    {
      "type": "Feature",
      "geometry": {
        "type": "Point",
        "coordinates": [
          140.2644194,
          40.276987
        ]
      },
      "properties": {
        "内容": "バス停: 愛宕町",
        "name": "愛宕町",
        "operator": "事業者不明",
        "ref": "",
        "url": "",
        "url2": ""
      }
    },
    {
      "type": "Feature",
      "geometry": {
        "type": "Point",
        "coordinates": [
          140.4873221,
          39.1634891
        ]
      },
      "properties": {
        "内容": "バス停: 名称不明バス停",
        "name": "名称不明バス停",
        "operator": "事業者不明",
        "ref": "",
        "url": "",
        "url2": ""
      }
    },
    {
      "type": "Feature",
      "geometry": {
        "type": "Point",
        "coordinates": [
          140.4876439,
          39.1634212
        ]
      },
      "properties": {
        "内容": "バス停: 名称不明バス停",
        "name": "名称不明バス停",
        "operator": "事業者不明",
        "ref": "",
        "url": "",
        "url2": ""
      }
    },
    {
      "type": "Feature",
      "geometry": {
        "type": "Point",
        "coordinates": [
          140.1307796,
          39.7336064
        ]
      },
      "properties": {
        "内容": "バス停: からみでん (秋田中央交通)",
        "name": "からみでん",
        "operator": "秋田中央交通",
        "ref": "",
        "url": "",
        "url2": ""
      }
    },
    {
      "type": "Feature",
      "geometry": {
        "type": "Point",
        "coordinates": [
          140.1325681,
          39.7336741
        ]
      },
      "properties": {
        "内容": "バス停: 秋田高校入口 (秋田中央交通)",
        "name": "秋田高校入口",
        "operator": "秋田中央交通",
        "ref": "",
        "url": "",
        "url2": ""
      }
    },
    {
      "type": "Feature",
      "geometry": {
        "type": "Point",
        "coordinates": [
          140.1331581,
          39.7327313
        ]
      },
      "properties": {
        "内容": "バス停: 大松沢 (秋田中央交通)",
        "name": "大松沢",
        "operator": "秋田中央交通",
        "ref": "",
        "url": "",
        "url2": ""
      }
    },
    {
      "type": "Feature",
      "geometry": {
        "type": "Point",
        "coordinates": [
          140.1324307,
          39.7307371
        ]
      },
      "properties": {
        "内容": "バス停: 鉱業博物館入口 (秋田中央交通)",
        "name": "鉱業博物館入口",
        "operator": "秋田中央交通",
        "ref": "",
        "url": "",
        "url2": ""
      }
    },
    {
      "type": "Feature",
      "geometry": {
        "type": "Point",
        "coordinates": [
          140.1002699,
          39.7138616
        ]
      },
      "properties": {
        "内容": "バス停: 山王六丁目",
        "name": "山王六丁目",
        "operator": "事業者不明",
        "ref": "",
        "url": "",
        "url2": ""
      }
    },
    {
      "type": "Feature",
      "geometry": {
        "type": "Point",
        "coordinates": [
          140.0734659,
          39.697286
        ]
      },
      "properties": {
        "内容": "バス停: 運転免許センター前 (秋田中央交通)",
        "name": "運転免許センター前",
        "operator": "秋田中央交通",
        "ref": "",
        "url": "",
        "url2": ""
      }
    },
    {
      "type": "Feature",
      "geometry": {
        "type": "Point",
        "coordinates": [
          140.0743043,
          39.6970955
        ]
      },
      "properties": {
        "内容": "バス停: 運転免許センター前 (秋田中央交通)",
        "name": "運転免許センター前",
        "operator": "秋田中央交通",
        "ref": "",
        "url": "",
        "url2": ""
      }
    },
    {
      "type": "Feature",
      "geometry": {
        "type": "Point",
        "coordinates": [
          140.0615202,
          39.7524145
        ]
      },
      "properties": {
        "内容": "バス停: 名称不明バス停",
        "name": "名称不明バス停",
        "operator": "事業者不明",
        "ref": "",
        "url": "",
        "url2": ""
      }
    },
    {
      "type": "Feature",
      "geometry": {
        "type": "Point",
        "coordinates": [
          140.5335278,
          39.2964891
        ]
      },
      "properties": {
        "内容": "バス停: 横手支援学校前 (羽後交通)",
        "name": "横手支援学校前",
        "operator": "羽後交通",
        "ref": "",
        "url": "",
        "url2": ""
      }
    },
    {
      "type": "Feature",
      "geometry": {
        "type": "Point",
        "coordinates": [
          140.526673,
          39.2902797
        ]
      },
      "properties": {
        "内容": "バス停: 割山 (羽後交通)",
        "name": "割山",
        "operator": "羽後交通",
        "ref": "",
        "url": "",
        "url2": ""
      }
    },
    {
      "type": "Feature",
      "geometry": {
        "type": "Point",
        "coordinates": [
          140.5265652,
          39.2903495
        ]
      },
      "properties": {
        "内容": "バス停: 割山 (羽後交通)",
        "name": "割山",
        "operator": "羽後交通",
        "ref": "",
        "url": "",
        "url2": ""
      }
    },
    {
      "type": "Feature",
      "geometry": {
        "type": "Point",
        "coordinates": [
          140.5224577,
          39.2880164
        ]
      },
      "properties": {
        "内容": "バス停: 深間内 (羽後交通)",
        "name": "深間内",
        "operator": "羽後交通",
        "ref": "",
        "url": "",
        "url2": ""
      }
    },
    {
      "type": "Feature",
      "geometry": {
        "type": "Point",
        "coordinates": [
          140.5221981,
          39.288017
        ]
      },
      "properties": {
        "内容": "バス停: 深間内 (羽後交通)",
        "name": "深間内",
        "operator": "羽後交通",
        "ref": "",
        "url": "",
        "url2": ""
      }
    },
    {
      "type": "Feature",
      "geometry": {
        "type": "Point",
        "coordinates": [
          140.5157798,
          39.2835259
        ]
      },
      "properties": {
        "内容": "バス停: 平成高校前 (羽後交通)",
        "name": "平成高校前",
        "operator": "羽後交通",
        "ref": "",
        "url": "",
        "url2": ""
      }
    },
    {
      "type": "Feature",
      "geometry": {
        "type": "Point",
        "coordinates": [
          140.5144995,
          39.2829107
        ]
      },
      "properties": {
        "内容": "バス停: 平成高校前 (羽後交通)",
        "name": "平成高校前",
        "operator": "羽後交通",
        "ref": "",
        "url": "",
        "url2": ""
      }
    },
    {
      "type": "Feature",
      "geometry": {
        "type": "Point",
        "coordinates": [
          140.5041809,
          39.2759302
        ]
      },
      "properties": {
        "内容": "バス停: 中清水 (羽後交通)",
        "name": "中清水",
        "operator": "羽後交通",
        "ref": "",
        "url": "",
        "url2": ""
      }
    },
    {
      "type": "Feature",
      "geometry": {
        "type": "Point",
        "coordinates": [
          140.5038739,
          39.275946
        ]
      },
      "properties": {
        "内容": "バス停: 中清水 (羽後交通)",
        "name": "中清水",
        "operator": "羽後交通",
        "ref": "",
        "url": "",
        "url2": ""
      }
    },
    {
      "type": "Feature",
      "geometry": {
        "type": "Point",
        "coordinates": [
          140.5013551,
          39.273585
        ]
      },
      "properties": {
        "内容": "バス停: 藤根 (羽後交通)",
        "name": "藤根",
        "operator": "羽後交通",
        "ref": "",
        "url": "",
        "url2": ""
      }
    },
    {
      "type": "Feature",
      "geometry": {
        "type": "Point",
        "coordinates": [
          140.5113654,
          39.2804944
        ]
      },
      "properties": {
        "内容": "バス停: 川登 (羽後交通)",
        "name": "川登",
        "operator": "羽後交通",
        "ref": "",
        "url": "",
        "url2": ""
      }
    },
    {
      "type": "Feature",
      "geometry": {
        "type": "Point",
        "coordinates": [
          140.510819,
          39.2802851
        ]
      },
      "properties": {
        "内容": "バス停: 川登 (羽後交通)",
        "name": "川登",
        "operator": "羽後交通",
        "ref": "",
        "url": "",
        "url2": ""
      }
    },
    {
      "type": "Feature",
      "geometry": {
        "type": "Point",
        "coordinates": [
          140.4911027,
          39.2665493
        ]
      },
      "properties": {
        "内容": "バス停: 新町 (羽後交通)",
        "name": "新町",
        "operator": "羽後交通",
        "ref": "",
        "url": "",
        "url2": ""
      }
    },
    {
      "type": "Feature",
      "geometry": {
        "type": "Point",
        "coordinates": [
          140.4881927,
          39.2649496
        ]
      },
      "properties": {
        "内容": "バス停: 浅舞覚町 (羽後交通)",
        "name": "浅舞覚町",
        "operator": "羽後交通",
        "ref": "",
        "url": "",
        "url2": ""
      }
    },
    {
      "type": "Feature",
      "geometry": {
        "type": "Point",
        "coordinates": [
          140.4882891,
          39.2632166
        ]
      },
      "properties": {
        "内容": "バス停: 浅舞栄町 (羽後交通)",
        "name": "浅舞栄町",
        "operator": "羽後交通",
        "ref": "",
        "url": "",
        "url2": ""
      }
    },
    {
      "type": "Feature",
      "geometry": {
        "type": "Point",
        "coordinates": [
          140.4884718,
          39.2626737
        ]
      },
      "properties": {
        "内容": "バス停: 浅舞栄町 (羽後交通)",
        "name": "浅舞栄町",
        "operator": "羽後交通",
        "ref": "",
        "url": "",
        "url2": ""
      }
    },
    {
      "type": "Feature",
      "geometry": {
        "type": "Point",
        "coordinates": [
          140.4862418,
          39.2625163
        ]
      },
      "properties": {
        "内容": "バス停: 浅舞本町 (羽後交通)",
        "name": "浅舞本町",
        "operator": "羽後交通",
        "ref": "",
        "url": "",
        "url2": ""
      }
    },
    {
      "type": "Feature",
      "geometry": {
        "type": "Point",
        "coordinates": [
          140.4836382,
          39.2627653
        ]
      },
      "properties": {
        "内容": "バス停: 浅舞新道 (羽後交通)",
        "name": "浅舞新道",
        "operator": "羽後交通",
        "ref": "",
        "url": "",
        "url2": ""
      }
    },
    {
      "type": "Feature",
      "geometry": {
        "type": "Point",
        "coordinates": [
          140.4825863,
          39.2630068
        ]
      },
      "properties": {
        "内容": "バス停: 浅舞新道 (羽後交通)",
        "name": "浅舞新道",
        "operator": "羽後交通",
        "ref": "",
        "url": "",
        "url2": ""
      }
    },
    {
      "type": "Feature",
      "geometry": {
        "type": "Point",
        "coordinates": [
          140.4796282,
          39.2638486
        ]
      },
      "properties": {
        "内容": "バス停: 浅舞小学校前 (羽後交通)",
        "name": "浅舞小学校前",
        "operator": "羽後交通",
        "ref": "",
        "url": "",
        "url2": ""
      }
    },
    {
      "type": "Feature",
      "geometry": {
        "type": "Point",
        "coordinates": [
          140.4791176,
          39.2638462
        ]
      },
      "properties": {
        "内容": "バス停: 浅舞小学校前 (羽後交通)",
        "name": "浅舞小学校前",
        "operator": "羽後交通",
        "ref": "",
        "url": "",
        "url2": ""
      }
    },
    {
      "type": "Feature",
      "geometry": {
        "type": "Point",
        "coordinates": [
          140.4691757,
          39.2674014
        ]
      },
      "properties": {
        "内容": "バス停: 小勝田橋 (羽後交通)",
        "name": "小勝田橋",
        "operator": "羽後交通",
        "ref": "",
        "url": "",
        "url2": ""
      }
    },
    {
      "type": "Feature",
      "geometry": {
        "type": "Point",
        "coordinates": [
          140.4664257,
          39.2681825
        ]
      },
      "properties": {
        "内容": "バス停: 古館 (羽後交通)",
        "name": "古館",
        "operator": "羽後交通",
        "ref": "",
        "url": "",
        "url2": ""
      }
    },
    {
      "type": "Feature",
      "geometry": {
        "type": "Point",
        "coordinates": [
          140.4654628,
          39.26863
        ]
      },
      "properties": {
        "内容": "バス停: 古館 (羽後交通)",
        "name": "古館",
        "operator": "羽後交通",
        "ref": "",
        "url": "",
        "url2": ""
      }
    },
    {
      "type": "Feature",
      "geometry": {
        "type": "Point",
        "coordinates": [
          140.4628813,
          39.2695908
        ]
      },
      "properties": {
        "内容": "バス停: 樽見内 (羽後交通)",
        "name": "樽見内",
        "operator": "羽後交通",
        "ref": "",
        "url": "",
        "url2": ""
      }
    },
    {
      "type": "Feature",
      "geometry": {
        "type": "Point",
        "coordinates": [
          140.4609822,
          39.2703494
        ]
      },
      "properties": {
        "内容": "バス停: 樽見内地蔵尊前 (羽後交通)",
        "name": "樽見内地蔵尊前",
        "operator": "羽後交通",
        "ref": "",
        "url": "",
        "url2": ""
      }
    },
    {
      "type": "Feature",
      "geometry": {
        "type": "Point",
        "coordinates": [
          140.4610961,
          39.2701535
        ]
      },
      "properties": {
        "内容": "バス停: 樽見内地蔵尊前 (羽後交通)",
        "name": "樽見内地蔵尊前",
        "operator": "羽後交通",
        "ref": "",
        "url": "",
        "url2": ""
      }
    },
    {
      "type": "Feature",
      "geometry": {
        "type": "Point",
        "coordinates": [
          140.4543191,
          39.2734972
        ]
      },
      "properties": {
        "内容": "バス停: 相川野 (羽後交通)",
        "name": "相川野",
        "operator": "羽後交通",
        "ref": "",
        "url": "",
        "url2": ""
      }
    },
    {
      "type": "Feature",
      "geometry": {
        "type": "Point",
        "coordinates": [
          140.4490864,
          39.2758819
        ]
      },
      "properties": {
        "内容": "バス停: 東里 (羽後交通)",
        "name": "東里",
        "operator": "羽後交通",
        "ref": "",
        "url": "",
        "url2": ""
      }
    },
    {
      "type": "Feature",
      "geometry": {
        "type": "Point",
        "coordinates": [
          140.4486951,
          39.2758858
        ]
      },
      "properties": {
        "内容": "バス停: 東里 (羽後交通)",
        "name": "東里",
        "operator": "羽後交通",
        "ref": "",
        "url": "",
        "url2": ""
      }
    },
    {
      "type": "Feature",
      "geometry": {
        "type": "Point",
        "coordinates": [
          140.4445871,
          39.2768356
        ]
      },
      "properties": {
        "内容": "バス停: 西東里 (羽後交通)",
        "name": "西東里",
        "operator": "羽後交通",
        "ref": "",
        "url": "",
        "url2": ""
      }
    },
    {
      "type": "Feature",
      "geometry": {
        "type": "Point",
        "coordinates": [
          140.4443407,
          39.2767415
        ]
      },
      "properties": {
        "内容": "バス停: 西東里 (羽後交通)",
        "name": "西東里",
        "operator": "羽後交通",
        "ref": "",
        "url": "",
        "url2": ""
      }
    },
    {
      "type": "Feature",
      "geometry": {
        "type": "Point",
        "coordinates": [
          140.4379207,
          39.2771958
        ]
      },
      "properties": {
        "内容": "バス停: 東槻 (羽後交通)",
        "name": "東槻",
        "operator": "羽後交通",
        "ref": "",
        "url": "",
        "url2": ""
      }
    },
    {
      "type": "Feature",
      "geometry": {
        "type": "Point",
        "coordinates": [
          140.4382219,
          39.2770346
        ]
      },
      "properties": {
        "内容": "バス停: 東槻 (羽後交通)",
        "name": "東槻",
        "operator": "羽後交通",
        "ref": "",
        "url": "",
        "url2": ""
      }
    },
    {
      "type": "Feature",
      "geometry": {
        "type": "Point",
        "coordinates": [
          140.4316788,
          39.2784018
        ]
      },
      "properties": {
        "内容": "バス停: 雄物川高校前 (羽後交通)",
        "name": "雄物川高校前",
        "operator": "羽後交通",
        "ref": "",
        "url": "",
        "url2": ""
      }
    },
    {
      "type": "Feature",
      "geometry": {
        "type": "Point",
        "coordinates": [
          140.4295945,
          39.2783361
        ]
      },
      "properties": {
        "内容": "バス停: 造山 (羽後交通)",
        "name": "造山",
        "operator": "羽後交通",
        "ref": "",
        "url": "",
        "url2": ""
      }
    },
    {
      "type": "Feature",
      "geometry": {
        "type": "Point",
        "coordinates": [
          140.42972,
          39.2784154
        ]
      },
      "properties": {
        "内容": "バス停: 造山 (羽後交通)",
        "name": "造山",
        "operator": "羽後交通",
        "ref": "",
        "url": "",
        "url2": ""
      }
    },
    {
      "type": "Feature",
      "geometry": {
        "type": "Point",
        "coordinates": [
          140.4291075,
          39.2827325
        ]
      },
      "properties": {
        "内容": "バス停: 首塚 (羽後交通)",
        "name": "首塚",
        "operator": "羽後交通",
        "ref": "",
        "url": "",
        "url2": ""
      }
    },
    {
      "type": "Feature",
      "geometry": {
        "type": "Point",
        "coordinates": [
          140.4293372,
          39.2836026
        ]
      },
      "properties": {
        "内容": "バス停: 首塚 (羽後交通)",
        "name": "首塚",
        "operator": "羽後交通",
        "ref": "",
        "url": "",
        "url2": ""
      }
    },
    {
      "type": "Feature",
      "geometry": {
        "type": "Point",
        "coordinates": [
          140.4287803,
          39.2869171
        ]
      },
      "properties": {
        "内容": "バス停: 高花 (羽後交通)",
        "name": "高花",
        "operator": "羽後交通",
        "ref": "",
        "url": "",
        "url2": ""
      }
    },
    {
      "type": "Feature",
      "geometry": {
        "type": "Point",
        "coordinates": [
          140.4285811,
          39.2870752
        ]
      },
      "properties": {
        "内容": "バス停: 高花 (羽後交通)",
        "name": "高花",
        "operator": "羽後交通",
        "ref": "",
        "url": "",
        "url2": ""
      }
    },
    {
      "type": "Feature",
      "geometry": {
        "type": "Point",
        "coordinates": [
          140.4276295,
          39.2890886
        ]
      },
      "properties": {
        "内容": "バス停: 新道角 (羽後交通)",
        "name": "新道角",
        "operator": "羽後交通",
        "ref": "",
        "url": "",
        "url2": ""
      }
    },
    {
      "type": "Feature",
      "geometry": {
        "type": "Point",
        "coordinates": [
          140.4274774,
          39.2897891
        ]
      },
      "properties": {
        "内容": "バス停: 今宿 (羽後交通)",
        "name": "今宿",
        "operator": "羽後交通",
        "ref": "",
        "url": "",
        "url2": ""
      }
    },
    {
      "type": "Feature",
      "geometry": {
        "type": "Point",
        "coordinates": [
          140.42804,
          39.2938117
        ]
      },
      "properties": {
        "内容": "バス停: 横道角 (羽後交通)",
        "name": "横道角",
        "operator": "羽後交通",
        "ref": "",
        "url": "",
        "url2": ""
      }
    },
    {
      "type": "Feature",
      "geometry": {
        "type": "Point",
        "coordinates": [
          140.4310472,
          39.2939664
        ]
      },
      "properties": {
        "内容": "バス停: 沼館 (羽後交通)",
        "name": "沼館",
        "operator": "羽後交通",
        "ref": "",
        "url": "",
        "url2": ""
      }
    },
    {
      "type": "Feature",
      "geometry": {
        "type": "Point",
        "coordinates": [
          140.4242849,
          39.2877888
        ]
      },
      "properties": {
        "内容": "バス停: 沼館新道 (羽後交通)",
        "name": "沼館新道",
        "operator": "羽後交通",
        "ref": "",
        "url": "",
        "url2": ""
      }
    },
    {
      "type": "Feature",
      "geometry": {
        "type": "Point",
        "coordinates": [
          140.4241696,
          39.2875709
        ]
      },
      "properties": {
        "内容": "バス停: 沼館新道 (羽後交通)",
        "name": "沼館新道",
        "operator": "羽後交通",
        "ref": "",
        "url": "",
        "url2": ""
      }
    },
    {
      "type": "Feature",
      "geometry": {
        "type": "Point",
        "coordinates": [
          140.415706,
          39.282376
        ]
      },
      "properties": {
        "内容": "バス停: 大巻 (羽後交通)",
        "name": "大巻",
        "operator": "羽後交通",
        "ref": "",
        "url": "",
        "url2": ""
      }
    },
    {
      "type": "Feature",
      "geometry": {
        "type": "Point",
        "coordinates": [
          140.4117902,
          39.2791777
        ]
      },
      "properties": {
        "内容": "バス停: 南形 (羽後交通)",
        "name": "南形",
        "operator": "羽後交通",
        "ref": "",
        "url": "",
        "url2": ""
      }
    },
    {
      "type": "Feature",
      "geometry": {
        "type": "Point",
        "coordinates": [
          140.4076375,
          39.2789643
        ]
      },
      "properties": {
        "内容": "バス停: 深井 (羽後交通)",
        "name": "深井",
        "operator": "羽後交通",
        "ref": "",
        "url": "",
        "url2": ""
      }
    },
    {
      "type": "Feature",
      "geometry": {
        "type": "Point",
        "coordinates": [
          140.3956599,
          39.2758168
        ]
      },
      "properties": {
        "内容": "バス停: 根羽子沢 (羽後交通)",
        "name": "根羽子沢",
        "operator": "羽後交通",
        "ref": "",
        "url": "",
        "url2": ""
      }
    },
    {
      "type": "Feature",
      "geometry": {
        "type": "Point",
        "coordinates": [
          140.3957331,
          39.2756799
        ]
      },
      "properties": {
        "内容": "バス停: 根羽子沢 (羽後交通)",
        "name": "根羽子沢",
        "operator": "羽後交通",
        "ref": "",
        "url": "",
        "url2": ""
      }
    },
    {
      "type": "Feature",
      "geometry": {
        "type": "Point",
        "coordinates": [
          140.3866163,
          39.2737259
        ]
      },
      "properties": {
        "内容": "バス停: 大沢中丁 (羽後交通)",
        "name": "大沢中丁",
        "operator": "羽後交通",
        "ref": "",
        "url": "",
        "url2": ""
      }
    },
    {
      "type": "Feature",
      "geometry": {
        "type": "Point",
        "coordinates": [
          140.3830032,
          39.2730698
        ]
      },
      "properties": {
        "内容": "バス停: 大沢上丁 (羽後交通)",
        "name": "大沢上丁",
        "operator": "羽後交通",
        "ref": "",
        "url": "",
        "url2": ""
      }
    },
    {
      "type": "Feature",
      "geometry": {
        "type": "Point",
        "coordinates": [
          140.3791314,
          39.2716834
        ]
      },
      "properties": {
        "内容": "バス停: 鳶ヶ沢入口 (羽後交通)",
        "name": "鳶ヶ沢入口",
        "operator": "羽後交通",
        "ref": "",
        "url": "",
        "url2": ""
      }
    },
    {
      "type": "Feature",
      "geometry": {
        "type": "Point",
        "coordinates": [
          140.3791822,
          39.2715677
        ]
      },
      "properties": {
        "内容": "バス停: 鳶ヶ沢入口 (羽後交通)",
        "name": "鳶ヶ沢入口",
        "operator": "羽後交通",
        "ref": "",
        "url": "",
        "url2": ""
      }
    },
    {
      "type": "Feature",
      "geometry": {
        "type": "Point",
        "coordinates": [
          140.3654004,
          39.2723743
        ]
      },
      "properties": {
        "内容": "バス停: 坂の下 (羽後交通)",
        "name": "坂の下",
        "operator": "羽後交通",
        "ref": "",
        "url": "",
        "url2": ""
      }
    },
    {
      "type": "Feature",
      "geometry": {
        "type": "Point",
        "coordinates": [
          140.5268086,
          39.3237706
        ]
      },
      "properties": {
        "内容": "バス停: 上赤川 (羽後交通)",
        "name": "上赤川",
        "operator": "羽後交通",
        "ref": "",
        "url": "",
        "url2": ""
      }
    },
    {
      "type": "Feature",
      "geometry": {
        "type": "Point",
        "coordinates": [
          140.5249945,
          39.3247533
        ]
      },
      "properties": {
        "内容": "バス停: 赤川 (羽後交通)",
        "name": "赤川",
        "operator": "羽後交通",
        "ref": "",
        "url": "",
        "url2": ""
      }
    },
    {
      "type": "Feature",
      "geometry": {
        "type": "Point",
        "coordinates": [
          140.5219624,
          39.3254644
        ]
      },
      "properties": {
        "内容": "バス停: 下赤川 (羽後交通)",
        "name": "下赤川",
        "operator": "羽後交通",
        "ref": "",
        "url": "",
        "url2": ""
      }
    },
    {
      "type": "Feature",
      "geometry": {
        "type": "Point",
        "coordinates": [
          140.5010875,
          39.3330026
        ]
      },
      "properties": {
        "内容": "バス停: 潤井野 (羽後交通)",
        "name": "潤井野",
        "operator": "羽後交通",
        "ref": "",
        "url": "",
        "url2": ""
      }
    },
    {
      "type": "Feature",
      "geometry": {
        "type": "Point",
        "coordinates": [
          140.4937534,
          39.3338097
        ]
      },
      "properties": {
        "内容": "バス停: 根田谷地 (羽後交通)",
        "name": "根田谷地",
        "operator": "羽後交通",
        "ref": "",
        "url": "",
        "url2": ""
      }
    },
    {
      "type": "Feature",
      "geometry": {
        "type": "Point",
        "coordinates": [
          140.4939153,
          39.3339288
        ]
      },
      "properties": {
        "内容": "バス停: 根田谷地 (羽後交通)",
        "name": "根田谷地",
        "operator": "羽後交通",
        "ref": "",
        "url": "",
        "url2": ""
      }
    },
    {
      "type": "Feature",
      "geometry": {
        "type": "Point",
        "coordinates": [
          140.4904648,
          39.3337497
        ]
      },
      "properties": {
        "内容": "バス停: 西根田谷地 (羽後交通)",
        "name": "西根田谷地",
        "operator": "羽後交通",
        "ref": "",
        "url": "",
        "url2": ""
      }
    },
    {
      "type": "Feature",
      "geometry": {
        "type": "Point",
        "coordinates": [
          140.4884745,
          39.3331909
        ]
      },
      "properties": {
        "内容": "バス停: 田根森郵便局前 (羽後交通)",
        "name": "田根森郵便局前",
        "operator": "羽後交通",
        "ref": "",
        "url": "",
        "url2": ""
      }
    },
    {
      "type": "Feature",
      "geometry": {
        "type": "Point",
        "coordinates": [
          140.4869035,
          39.332956
        ]
      },
      "properties": {
        "内容": "バス停: 田根森郵便局前 (羽後交通)",
        "name": "田根森郵便局前",
        "operator": "羽後交通",
        "ref": "",
        "url": "",
        "url2": ""
      }
    },
    {
      "type": "Feature",
      "geometry": {
        "type": "Point",
        "coordinates": [
          140.4849336,
          39.3326722
        ]
      },
      "properties": {
        "内容": "バス停: 田根森 (羽後交通)",
        "name": "田根森",
        "operator": "羽後交通",
        "ref": "",
        "url": "",
        "url2": ""
      }
    },
    {
      "type": "Feature",
      "geometry": {
        "type": "Point",
        "coordinates": [
          140.4793837,
          39.3324883
        ]
      },
      "properties": {
        "内容": "バス停: 東団地前 (羽後交通)",
        "name": "東団地前",
        "operator": "羽後交通",
        "ref": "",
        "url": "",
        "url2": ""
      }
    },
    {
      "type": "Feature",
      "geometry": {
        "type": "Point",
        "coordinates": [
          140.4751138,
          39.3326403
        ]
      },
      "properties": {
        "内容": "バス停: 大雄地域局前 (羽後交通)",
        "name": "大雄地域局前",
        "operator": "羽後交通",
        "ref": "",
        "url": "",
        "url2": ""
      }
    },
    {
      "type": "Feature",
      "geometry": {
        "type": "Point",
        "coordinates": [
          140.472318,
          39.3337655
        ]
      },
      "properties": {
        "内容": "バス停: 三村 (羽後交通)",
        "name": "三村",
        "operator": "羽後交通",
        "ref": "",
        "url": "",
        "url2": ""
      }
    },
    {
      "type": "Feature",
      "geometry": {
        "type": "Point",
        "coordinates": [
          140.4683297,
          39.3344017
        ]
      },
      "properties": {
        "内容": "バス停: 大雄体育館前 (羽後交通)",
        "name": "大雄体育館前",
        "operator": "羽後交通",
        "ref": "",
        "url": "",
        "url2": ""
      }
    },
    {
      "type": "Feature",
      "geometry": {
        "type": "Point",
        "coordinates": [
          140.4644841,
          39.3360648
        ]
      },
      "properties": {
        "内容": "バス停: 桜森 (羽後交通)",
        "name": "桜森",
        "operator": "羽後交通",
        "ref": "",
        "url": "",
        "url2": ""
      }
    },
    {
      "type": "Feature",
      "geometry": {
        "type": "Point",
        "coordinates": [
          140.462109,
          39.3370289
        ]
      },
      "properties": {
        "内容": "バス停: 西桜森 (羽後交通)",
        "name": "西桜森",
        "operator": "羽後交通",
        "ref": "",
        "url": "",
        "url2": ""
      }
    },
    {
      "type": "Feature",
      "geometry": {
        "type": "Point",
        "coordinates": [
          140.455456,
          39.3415467
        ]
      },
      "properties": {
        "内容": "バス停: 阿気郵便局前 (羽後交通)",
        "name": "阿気郵便局前",
        "operator": "羽後交通",
        "ref": "",
        "url": "",
        "url2": ""
      }
    },
    {
      "type": "Feature",
      "geometry": {
        "type": "Point",
        "coordinates": [
          140.4539944,
          39.3432087
        ]
      },
      "properties": {
        "内容": "バス停: 上阿気 (羽後交通)",
        "name": "上阿気",
        "operator": "羽後交通",
        "ref": "",
        "url": "",
        "url2": ""
      }
    },
    {
      "type": "Feature",
      "geometry": {
        "type": "Point",
        "coordinates": [
          140.4537619,
          39.3445021
        ]
      },
      "properties": {
        "内容": "バス停: 阿気西丁 (羽後交通)",
        "name": "阿気西丁",
        "operator": "羽後交通",
        "ref": "",
        "url": "",
        "url2": ""
      }
    },
    {
      "type": "Feature",
      "geometry": {
        "type": "Point",
        "coordinates": [
          140.4436693,
          39.3404233
        ]
      },
      "properties": {
        "内容": "バス停: 大上橋 (羽後交通)",
        "name": "大上橋",
        "operator": "羽後交通",
        "ref": "",
        "url": "",
        "url2": ""
      }
    },
    {
      "type": "Feature",
      "geometry": {
        "type": "Point",
        "coordinates": [
          140.4437206,
          39.3405154
        ]
      },
      "properties": {
        "内容": "バス停: 根田谷地 (羽後交通)",
        "name": "根田谷地",
        "operator": "羽後交通",
        "ref": "",
        "url": "",
        "url2": ""
      }
    },
    {
      "type": "Feature",
      "geometry": {
        "type": "Point",
        "coordinates": [
          140.4346645,
          39.3423862
        ]
      },
      "properties": {
        "内容": "バス停: 大森地域局前 (羽後交通)",
        "name": "大森地域局前",
        "operator": "羽後交通",
        "ref": "",
        "url": "",
        "url2": ""
      }
    },
    {
      "type": "Feature",
      "geometry": {
        "type": "Point",
        "coordinates": [
          140.4351944,
          39.3441221
        ]
      },
      "properties": {
        "内容": "バス停: 大中島住宅前 (羽後交通)",
        "name": "大中島住宅前",
        "operator": "羽後交通",
        "ref": "",
        "url": "",
        "url2": ""
      }
    },
    {
      "type": "Feature",
      "geometry": {
        "type": "Point",
        "coordinates": [
          140.4318788,
          39.3453306
        ]
      },
      "properties": {
        "内容": "バス停: 大森公園前 (羽後交通)",
        "name": "大森公園前",
        "operator": "羽後交通",
        "ref": "",
        "url": "",
        "url2": ""
      }
    },
    {
      "type": "Feature",
      "geometry": {
        "type": "Point",
        "coordinates": [
          140.4296836,
          39.3450201
        ]
      },
      "properties": {
        "内容": "バス停: 大森五日町 (羽後交通)",
        "name": "大森五日町",
        "operator": "羽後交通",
        "ref": "",
        "url": "",
        "url2": ""
      }
    },
    {
      "type": "Feature",
      "geometry": {
        "type": "Point",
        "coordinates": [
          140.4279509,
          39.3449603
        ]
      },
      "properties": {
        "内容": "バス停: 上五日町 (羽後交通)",
        "name": "上五日町",
        "operator": "羽後交通",
        "ref": "",
        "url": "",
        "url2": ""
      }
    },
    {
      "type": "Feature",
      "geometry": {
        "type": "Point",
        "coordinates": [
          140.426466,
          39.3449571
        ]
      },
      "properties": {
        "内容": "バス停: 大森八日町 (羽後交通)",
        "name": "大森八日町",
        "operator": "羽後交通",
        "ref": "",
        "url": "",
        "url2": ""
      }
    },
    {
      "type": "Feature",
      "geometry": {
        "type": "Point",
        "coordinates": [
          140.4262935,
          39.345085
        ]
      },
      "properties": {
        "内容": "バス停: 大森八日町 (羽後交通)",
        "name": "大森八日町",
        "operator": "羽後交通",
        "ref": "",
        "url": "",
        "url2": ""
      }
    },
    {
      "type": "Feature",
      "geometry": {
        "type": "Point",
        "coordinates": [
          140.4235131,
          39.3454381
        ]
      },
      "properties": {
        "内容": "バス停: 上八日町 (羽後交通)",
        "name": "上八日町",
        "operator": "羽後交通",
        "ref": "",
        "url": "",
        "url2": ""
      }
    },
    {
      "type": "Feature",
      "geometry": {
        "type": "Point",
        "coordinates": [
          140.4204071,
          39.3453465
        ]
      },
      "properties": {
        "内容": "バス停: 西野 (羽後交通)",
        "name": "西野",
        "operator": "羽後交通",
        "ref": "",
        "url": "",
        "url2": ""
      }
    },
    {
      "type": "Feature",
      "geometry": {
        "type": "Point",
        "coordinates": [
          140.4156627,
          39.3458989
        ]
      },
      "properties": {
        "内容": "バス停: 菅生田 (羽後交通)",
        "name": "菅生田",
        "operator": "羽後交通",
        "ref": "",
        "url": "",
        "url2": ""
      }
    },
    {
      "type": "Feature",
      "geometry": {
        "type": "Point",
        "coordinates": [
          140.4160973,
          39.3493154
        ]
      },
      "properties": {
        "内容": "バス停: 南部シルバーエリア (羽後交通)",
        "name": "南部シルバーエリア",
        "operator": "羽後交通",
        "ref": "",
        "url": "",
        "url2": ""
      }
    },
    {
      "type": "Feature",
      "geometry": {
        "type": "Point",
        "coordinates": [
          140.4160012,
          39.3493626
        ]
      },
      "properties": {
        "内容": "バス停: 南部シルバーエリア (羽後交通)",
        "name": "南部シルバーエリア",
        "operator": "羽後交通",
        "ref": "",
        "url": "",
        "url2": ""
      }
    },
    {
      "type": "Feature",
      "geometry": {
        "type": "Point",
        "coordinates": [
          140.4178732,
          39.3514169
        ]
      },
      "properties": {
        "内容": "バス停: 老健おおもり入口 (羽後交通)",
        "name": "老健おおもり入口",
        "operator": "羽後交通",
        "ref": "",
        "url": "",
        "url2": ""
      }
    },
    {
      "type": "Feature",
      "geometry": {
        "type": "Point",
        "coordinates": [
          140.4171936,
          39.3512049
        ]
      },
      "properties": {
        "内容": "バス停: 大森病院前 (羽後交通)",
        "name": "大森病院前",
        "operator": "羽後交通",
        "ref": "",
        "url": "",
        "url2": ""
      }
    },
    {
      "type": "Feature",
      "geometry": {
        "type": "Point",
        "coordinates": [
          140.5648022,
          39.3403495
        ]
      },
      "properties": {
        "内容": "バス停: 鶴谷地 (羽後交通)",
        "name": "鶴谷地",
        "operator": "羽後交通",
        "ref": "",
        "url": "",
        "url2": ""
      }
    },
    {
      "type": "Feature",
      "geometry": {
        "type": "Point",
        "coordinates": [
          140.5626733,
          39.34572
        ]
      },
      "properties": {
        "内容": "バス停: 杉沢 (羽後交通)",
        "name": "杉沢",
        "operator": "羽後交通",
        "ref": "",
        "url": "",
        "url2": ""
      }
    },
    {
      "type": "Feature",
      "geometry": {
        "type": "Point",
        "coordinates": [
          140.5628641,
          39.3455167
        ]
      },
      "properties": {
        "内容": "バス停: 杉沢 (羽後交通)",
        "name": "杉沢",
        "operator": "羽後交通",
        "ref": "",
        "url": "",
        "url2": ""
      }
    },
    {
      "type": "Feature",
      "geometry": {
        "type": "Point",
        "coordinates": [
          140.5625724,
          39.35419
        ]
      },
      "properties": {
        "内容": "バス停: 御所野 (羽後交通)",
        "name": "御所野",
        "operator": "羽後交通",
        "ref": "",
        "url": "",
        "url2": ""
      }
    },
    {
      "type": "Feature",
      "geometry": {
        "type": "Point",
        "coordinates": [
          140.564911,
          39.3620152
        ]
      },
      "properties": {
        "内容": "バス停: 三貫堰 (羽後交通)",
        "name": "三貫堰",
        "operator": "羽後交通",
        "ref": "",
        "url": "",
        "url2": ""
      }
    },
    {
      "type": "Feature",
      "geometry": {
        "type": "Point",
        "coordinates": [
          140.5651026,
          39.3618981
        ]
      },
      "properties": {
        "内容": "バス停: 三貫堰 (羽後交通)",
        "name": "三貫堰",
        "operator": "羽後交通",
        "ref": "",
        "url": "",
        "url2": ""
      }
    },
    {
      "type": "Feature",
      "geometry": {
        "type": "Point",
        "coordinates": [
          140.5666996,
          39.3660594
        ]
      },
      "properties": {
        "内容": "バス停: 金沢中野 (羽後交通)",
        "name": "金沢中野",
        "operator": "羽後交通",
        "ref": "",
        "url": "",
        "url2": ""
      }
    },
    {
      "type": "Feature",
      "geometry": {
        "type": "Point",
        "coordinates": [
          140.5670433,
          39.3664963
        ]
      },
      "properties": {
        "内容": "バス停: 金沢中野 (羽後交通)",
        "name": "金沢中野",
        "operator": "羽後交通",
        "ref": "",
        "url": "",
        "url2": ""
      }
    },
    {
      "type": "Feature",
      "geometry": {
        "type": "Point",
        "coordinates": [
          140.5678911,
          39.3685344
        ]
      },
      "properties": {
        "内容": "バス停: 金沢新町 (羽後交通)",
        "name": "金沢新町",
        "operator": "羽後交通",
        "ref": "",
        "url": "",
        "url2": ""
      }
    },
    {
      "type": "Feature",
      "geometry": {
        "type": "Point",
        "coordinates": [
          140.5677805,
          39.3686186
        ]
      },
      "properties": {
        "内容": "バス停: 金沢中野 (羽後交通)",
        "name": "金沢中野",
        "operator": "羽後交通",
        "ref": "",
        "url": "",
        "url2": ""
      }
    },
    {
      "type": "Feature",
      "geometry": {
        "type": "Point",
        "coordinates": [
          140.5705173,
          39.3733254
        ]
      },
      "properties": {
        "内容": "バス停: 金沢公園前 (羽後交通)",
        "name": "金沢公園前",
        "operator": "羽後交通",
        "ref": "",
        "url": "",
        "url2": ""
      }
    },
    {
      "type": "Feature",
      "geometry": {
        "type": "Point",
        "coordinates": [
          140.5737474,
          39.3774725
        ]
      },
      "properties": {
        "内容": "バス停: 金沢本町 (羽後交通)",
        "name": "金沢本町",
        "operator": "羽後交通",
        "ref": "",
        "url": "",
        "url2": ""
      }
    },
    {
      "type": "Feature",
      "geometry": {
        "type": "Point",
        "coordinates": [
          140.573685,
          39.377641
        ]
      },
      "properties": {
        "内容": "バス停: 金沢本町 (羽後交通)",
        "name": "金沢本町",
        "operator": "羽後交通",
        "ref": "",
        "url": "",
        "url2": ""
      }
    },
    {
      "type": "Feature",
      "geometry": {
        "type": "Point",
        "coordinates": [
          140.5740179,
          39.3799066
        ]
      },
      "properties": {
        "内容": "バス停: 荒町 (羽後交通)",
        "name": "荒町",
        "operator": "羽後交通",
        "ref": "",
        "url": "",
        "url2": ""
      }
    },
    {
      "type": "Feature",
      "geometry": {
        "type": "Point",
        "coordinates": [
          140.5739335,
          39.3800363
        ]
      },
      "properties": {
        "内容": "バス停: 荒町 (羽後交通)",
        "name": "荒町",
        "operator": "羽後交通",
        "ref": "",
        "url": "",
        "url2": ""
      }
    },
    {
      "type": "Feature",
      "geometry": {
        "type": "Point",
        "coordinates": [
          140.5740549,
          39.3821507
        ]
      },
      "properties": {
        "内容": "バス停: 長岡森 (羽後交通)",
        "name": "長岡森",
        "operator": "羽後交通",
        "ref": "",
        "url": "",
        "url2": ""
      }
    },
    {
      "type": "Feature",
      "geometry": {
        "type": "Point",
        "coordinates": [
          140.1447114,
          39.7248827
        ]
      },
      "properties": {
        "内容": "バス停: 三吉神社入口 (秋田中央交通)",
        "name": "三吉神社入口",
        "operator": "秋田中央交通",
        "ref": "",
        "url": "",
        "url2": ""
      }
    },
    {
      "type": "Feature",
      "geometry": {
        "type": "Point",
        "coordinates": [
          140.0262106,
          39.2264528
        ]
      },
      "properties": {
        "内容": "バス停: 下坂 (にかほ市コミュニティバス)",
        "name": "下坂",
        "operator": "にかほ市コミュニティバス",
        "ref": "",
        "url": "",
        "url2": ""
      }
    },
    {
      "type": "Feature",
      "geometry": {
        "type": "Point",
        "coordinates": [
          140.5658682,
          39.3033047
        ]
      },
      "properties": {
        "内容": "バス停: 変電所前 (羽後交通)",
        "name": "変電所前",
        "operator": "羽後交通",
        "ref": "",
        "url": "",
        "url2": ""
      }
    },
    {
      "type": "Feature",
      "geometry": {
        "type": "Point",
        "coordinates": [
          140.5658118,
          39.3034561
        ]
      },
      "properties": {
        "内容": "バス停: 変電所前 (羽後交通)",
        "name": "変電所前",
        "operator": "羽後交通",
        "ref": "",
        "url": "",
        "url2": ""
      }
    },
    {
      "type": "Feature",
      "geometry": {
        "type": "Point",
        "coordinates": [
          140.5603345,
          39.2877956
        ]
      },
      "properties": {
        "内容": "バス停: 赤谷地 (羽後交通)",
        "name": "赤谷地",
        "operator": "羽後交通",
        "ref": "",
        "url": "",
        "url2": ""
      }
    },
    {
      "type": "Feature",
      "geometry": {
        "type": "Point",
        "coordinates": [
          140.5603806,
          39.2875584
        ]
      },
      "properties": {
        "内容": "バス停: 赤谷地 (羽後交通)",
        "name": "赤谷地",
        "operator": "羽後交通",
        "ref": "",
        "url": "",
        "url2": ""
      }
    },
    {
      "type": "Feature",
      "geometry": {
        "type": "Point",
        "coordinates": [
          140.5595596,
          39.2851923
        ]
      },
      "properties": {
        "内容": "バス停: 中野団地入口 (羽後交通)",
        "name": "中野団地入口",
        "operator": "羽後交通",
        "ref": "",
        "url": "",
        "url2": ""
      }
    },
    {
      "type": "Feature",
      "geometry": {
        "type": "Point",
        "coordinates": [
          140.5595248,
          39.2844791
        ]
      },
      "properties": {
        "内容": "バス停: 中野団地入口 (羽後交通)",
        "name": "中野団地入口",
        "operator": "羽後交通",
        "ref": "",
        "url": "",
        "url2": ""
      }
    },
    {
      "type": "Feature",
      "geometry": {
        "type": "Point",
        "coordinates": [
          140.5591743,
          39.2836558
        ]
      },
      "properties": {
        "内容": "バス停: 大屋中野 (羽後交通)",
        "name": "大屋中野",
        "operator": "羽後交通",
        "ref": "",
        "url": "",
        "url2": ""
      }
    },
    {
      "type": "Feature",
      "geometry": {
        "type": "Point",
        "coordinates": [
          140.5591558,
          39.282959
        ]
      },
      "properties": {
        "内容": "バス停: 大屋中野 (羽後交通)",
        "name": "大屋中野",
        "operator": "羽後交通",
        "ref": "",
        "url": "",
        "url2": ""
      }
    },
    {
      "type": "Feature",
      "geometry": {
        "type": "Point",
        "coordinates": [
          140.5585408,
          39.2806305
        ]
      },
      "properties": {
        "内容": "バス停: 美砂古 (羽後交通)",
        "name": "美砂古",
        "operator": "羽後交通",
        "ref": "",
        "url": "",
        "url2": ""
      }
    },
    {
      "type": "Feature",
      "geometry": {
        "type": "Point",
        "coordinates": [
          140.5586955,
          39.2807688
        ]
      },
      "properties": {
        "内容": "バス停: 美砂古 (羽後交通)",
        "name": "美砂古",
        "operator": "羽後交通",
        "ref": "",
        "url": "",
        "url2": ""
      }
    },
    {
      "type": "Feature",
      "geometry": {
        "type": "Point",
        "coordinates": [
          140.5569412,
          39.2767928
        ]
      },
      "properties": {
        "内容": "バス停: 柳田 (羽後交通)",
        "name": "柳田",
        "operator": "羽後交通",
        "ref": "",
        "url": "",
        "url2": ""
      }
    },
    {
      "type": "Feature",
      "geometry": {
        "type": "Point",
        "coordinates": [
          140.5545444,
          39.2741813
        ]
      },
      "properties": {
        "内容": "バス停: 持田 (羽後交通)",
        "name": "持田",
        "operator": "羽後交通",
        "ref": "",
        "url": "",
        "url2": ""
      }
    },
    {
      "type": "Feature",
      "geometry": {
        "type": "Point",
        "coordinates": [
          140.5472672,
          39.2645537
        ]
      },
      "properties": {
        "内容": "バス停: 外の目 (羽後交通)",
        "name": "外の目",
        "operator": "羽後交通",
        "ref": "",
        "url": "",
        "url2": ""
      }
    },
    {
      "type": "Feature",
      "geometry": {
        "type": "Point",
        "coordinates": [
          140.538797,
          39.253974
        ]
      },
      "properties": {
        "内容": "バス停: 金屋 (羽後交通)",
        "name": "金屋",
        "operator": "羽後交通",
        "ref": "",
        "url": "",
        "url2": ""
      }
    },
    {
      "type": "Feature",
      "geometry": {
        "type": "Point",
        "coordinates": [
          140.5385507,
          39.2534597
        ]
      },
      "properties": {
        "内容": "バス停: 金屋 (羽後交通)",
        "name": "金屋",
        "operator": "羽後交通",
        "ref": "",
        "url": "",
        "url2": ""
      }
    },
    {
      "type": "Feature",
      "geometry": {
        "type": "Point",
        "coordinates": [
          140.5362178,
          39.2503604
        ]
      },
      "properties": {
        "内容": "バス停: 大橋 (羽後交通)",
        "name": "大橋",
        "operator": "羽後交通",
        "ref": "",
        "url": "",
        "url2": ""
      }
    },
    {
      "type": "Feature",
      "geometry": {
        "type": "Point",
        "coordinates": [
          140.5324682,
          39.2456641
        ]
      },
      "properties": {
        "内容": "バス停: 醍醐 (羽後交通)",
        "name": "醍醐",
        "operator": "羽後交通",
        "ref": "",
        "url": "",
        "url2": ""
      }
    },
    {
      "type": "Feature",
      "geometry": {
        "type": "Point",
        "coordinates": [
          140.5325982,
          39.2453846
        ]
      },
      "properties": {
        "内容": "バス停: 醍醐 (羽後交通)",
        "name": "醍醐",
        "operator": "羽後交通",
        "ref": "",
        "url": "",
        "url2": ""
      }
    },
    {
      "type": "Feature",
      "geometry": {
        "type": "Point",
        "coordinates": [
          140.5318015,
          39.2419899
        ]
      },
      "properties": {
        "内容": "バス停: 県立果樹試験場前 (羽後交通)",
        "name": "県立果樹試験場前",
        "operator": "羽後交通",
        "ref": "",
        "url": "",
        "url2": ""
      }
    },
    {
      "type": "Feature",
      "geometry": {
        "type": "Point",
        "coordinates": [
          140.5319902,
          39.2418371
        ]
      },
      "properties": {
        "内容": "バス停: 県立果樹試験場前 (羽後交通)",
        "name": "県立果樹試験場前",
        "operator": "羽後交通",
        "ref": "",
        "url": "",
        "url2": ""
      }
    },
    {
      "type": "Feature",
      "geometry": {
        "type": "Point",
        "coordinates": [
          140.5316534,
          39.2392752
        ]
      },
      "properties": {
        "内容": "バス停: 醍醐上丁 (羽後交通)",
        "name": "醍醐上丁",
        "operator": "羽後交通",
        "ref": "",
        "url": "",
        "url2": ""
      }
    },
    {
      "type": "Feature",
      "geometry": {
        "type": "Point",
        "coordinates": [
          140.5315537,
          39.2400114
        ]
      },
      "properties": {
        "内容": "バス停: 醍醐上丁 (羽後交通)",
        "name": "醍醐上丁",
        "operator": "羽後交通",
        "ref": "",
        "url": "",
        "url2": ""
      }
    },
    {
      "type": "Feature",
      "geometry": {
        "type": "Point",
        "coordinates": [
          140.5310786,
          39.2362812
        ]
      },
      "properties": {
        "内容": "バス停: 梨木下丁 (羽後交通)",
        "name": "梨木下丁",
        "operator": "羽後交通",
        "ref": "",
        "url": "",
        "url2": ""
      }
    },
    {
      "type": "Feature",
      "geometry": {
        "type": "Point",
        "coordinates": [
          140.5312053,
          39.2363326
        ]
      },
      "properties": {
        "内容": "バス停: 梨木下丁 (羽後交通)",
        "name": "梨木下丁",
        "operator": "羽後交通",
        "ref": "",
        "url": "",
        "url2": ""
      }
    },
    {
      "type": "Feature",
      "geometry": {
        "type": "Point",
        "coordinates": [
          140.5307741,
          39.2341172
        ]
      },
      "properties": {
        "内容": "バス停: 梨木上丁 (羽後交通)",
        "name": "梨木上丁",
        "operator": "羽後交通",
        "ref": "",
        "url": "",
        "url2": ""
      }
    },
    {
      "type": "Feature",
      "geometry": {
        "type": "Point",
        "coordinates": [
          140.5308508,
          39.2338657
        ]
      },
      "properties": {
        "内容": "バス停: 梨木上丁 (羽後交通)",
        "name": "梨木上丁",
        "operator": "羽後交通",
        "ref": "",
        "url": "",
        "url2": ""
      }
    },
    {
      "type": "Feature",
      "geometry": {
        "type": "Point",
        "coordinates": [
          140.5303749,
          39.2317778
        ]
      },
      "properties": {
        "内容": "バス停: 梨木神社前 (羽後交通)",
        "name": "梨木神社前",
        "operator": "羽後交通",
        "ref": "",
        "url": "",
        "url2": ""
      }
    },
    {
      "type": "Feature",
      "geometry": {
        "type": "Point",
        "coordinates": [
          140.5305448,
          39.2319002
        ]
      },
      "properties": {
        "内容": "バス停: 梨木神社前 (羽後交通)",
        "name": "梨木神社前",
        "operator": "羽後交通",
        "ref": "",
        "url": "",
        "url2": ""
      }
    },
    {
      "type": "Feature",
      "geometry": {
        "type": "Point",
        "coordinates": [
          140.5288377,
          39.22949
        ]
      },
      "properties": {
        "内容": "バス停: 梨木公園前 (羽後交通)",
        "name": "梨木公園前",
        "operator": "羽後交通",
        "ref": "",
        "url": "",
        "url2": ""
      }
    },
    {
      "type": "Feature",
      "geometry": {
        "type": "Point",
        "coordinates": [
          140.5287238,
          39.2291766
        ]
      },
      "properties": {
        "内容": "バス停: 梨木公園前 (羽後交通)",
        "name": "梨木公園前",
        "operator": "羽後交通",
        "ref": "",
        "url": "",
        "url2": ""
      }
    },
    {
      "type": "Feature",
      "geometry": {
        "type": "Point",
        "coordinates": [
          140.5265763,
          39.2267522
        ]
      },
      "properties": {
        "内容": "バス停: 羽後交通案内所 (羽後交通)",
        "name": "羽後交通案内所",
        "operator": "羽後交通",
        "ref": "",
        "url": "",
        "url2": ""
      }
    },
    {
      "type": "Feature",
      "geometry": {
        "type": "Point",
        "coordinates": [
          140.5253716,
          39.2253168
        ]
      },
      "properties": {
        "内容": "バス停: 十文字本町 (羽後交通)",
        "name": "十文字本町",
        "operator": "羽後交通",
        "ref": "",
        "url": "",
        "url2": ""
      }
    },
    {
      "type": "Feature",
      "geometry": {
        "type": "Point",
        "coordinates": [
          140.5247818,
          39.2244295
        ]
      },
      "properties": {
        "内容": "バス停: 十文字本町 (羽後交通)",
        "name": "十文字本町",
        "operator": "羽後交通",
        "ref": "",
        "url": "",
        "url2": ""
      }
    },
    {
      "type": "Feature",
      "geometry": {
        "type": "Point",
        "coordinates": [
          140.5233961,
          39.2229451
        ]
      },
      "properties": {
        "内容": "バス停: 十文字四ツ角 (羽後交通)",
        "name": "十文字四ツ角",
        "operator": "羽後交通",
        "ref": "",
        "url": "",
        "url2": ""
      }
    },
    {
      "type": "Feature",
      "geometry": {
        "type": "Point",
        "coordinates": [
          140.5231914,
          39.2224999
        ]
      },
      "properties": {
        "内容": "バス停: 十文字四ツ角 (羽後交通)",
        "name": "十文字四ツ角",
        "operator": "羽後交通",
        "ref": "",
        "url": "",
        "url2": ""
      }
    },
    {
      "type": "Feature",
      "geometry": {
        "type": "Point",
        "coordinates": [
          140.5203516,
          39.2194362
        ]
      },
      "properties": {
        "内容": "バス停: 坂の下 (羽後交通)",
        "name": "坂の下",
        "operator": "羽後交通",
        "ref": "",
        "url": "",
        "url2": ""
      }
    },
    {
      "type": "Feature",
      "geometry": {
        "type": "Point",
        "coordinates": [
          140.5205552,
          39.2198104
        ]
      },
      "properties": {
        "内容": "バス停: 坂の下 (羽後交通)",
        "name": "坂の下",
        "operator": "羽後交通",
        "ref": "",
        "url": "",
        "url2": ""
      }
    },
    {
      "type": "Feature",
      "geometry": {
        "type": "Point",
        "coordinates": [
          140.519603,
          39.2186708
        ]
      },
      "properties": {
        "内容": "バス停: 宝竜町 (羽後交通)",
        "name": "宝竜町",
        "operator": "羽後交通",
        "ref": "",
        "url": "",
        "url2": ""
      }
    },
    {
      "type": "Feature",
      "geometry": {
        "type": "Point",
        "coordinates": [
          140.5121655,
          39.2115928
        ]
      },
      "properties": {
        "内容": "バス停: 古内 (羽後交通)",
        "name": "古内",
        "operator": "羽後交通",
        "ref": "",
        "url": "",
        "url2": ""
      }
    },
    {
      "type": "Feature",
      "geometry": {
        "type": "Point",
        "coordinates": [
          140.5139313,
          39.2139907
        ]
      },
      "properties": {
        "内容": "バス停: 古内 (羽後交通)",
        "name": "古内",
        "operator": "羽後交通",
        "ref": "",
        "url": "",
        "url2": ""
      }
    },
    {
      "type": "Feature",
      "geometry": {
        "type": "Point",
        "coordinates": [
          140.0438813,
          39.3888339
        ]
      },
      "properties": {
        "内容": "バス停: 栄町一丁目",
        "name": "栄町一丁目",
        "operator": "事業者不明",
        "ref": "",
        "url": "",
        "url2": ""
      }
    },
    {
      "type": "Feature",
      "geometry": {
        "type": "Point",
        "coordinates": [
          140.0478149,
          39.3881339
        ]
      },
      "properties": {
        "内容": "バス停: 北都銀行前",
        "name": "北都銀行前",
        "operator": "事業者不明",
        "ref": "",
        "url": "",
        "url2": ""
      }
    },
    {
      "type": "Feature",
      "geometry": {
        "type": "Point",
        "coordinates": [
          140.0447669,
          39.3887105
        ]
      },
      "properties": {
        "内容": "バス停: 大門街",
        "name": "大門街",
        "operator": "事業者不明",
        "ref": "",
        "url": "",
        "url2": ""
      }
    },
    {
      "type": "Feature",
      "geometry": {
        "type": "Point",
        "coordinates": [
          140.0465037,
          39.3899763
        ]
      },
      "properties": {
        "内容": "バス停: 上横町",
        "name": "上横町",
        "operator": "事業者不明",
        "ref": "",
        "url": "",
        "url2": ""
      }
    },
    {
      "type": "Feature",
      "geometry": {
        "type": "Point",
        "coordinates": [
          140.0477988,
          39.3881371
        ]
      },
      "properties": {
        "内容": "バス停: 裏尾崎町",
        "name": "裏尾崎町",
        "operator": "事業者不明",
        "ref": "",
        "url": "",
        "url2": ""
      }
    },
    {
      "type": "Feature",
      "geometry": {
        "type": "Point",
        "coordinates": [
          140.0519769,
          39.3911056
        ]
      },
      "properties": {
        "内容": "バス停: 岩渕下",
        "name": "岩渕下",
        "operator": "事業者不明",
        "ref": "",
        "url": "",
        "url2": ""
      }
    },
    {
      "type": "Feature",
      "geometry": {
        "type": "Point",
        "coordinates": [
          140.160863,
          39.662689
        ]
      },
      "properties": {
        "内容": "バス停: イオンモール秋田 (秋田中央交通)",
        "name": "イオンモール秋田",
        "operator": "秋田中央交通",
        "ref": "",
        "url": "",
        "url2": ""
      }
    },
    {
      "type": "Feature",
      "geometry": {
        "type": "Point",
        "coordinates": [
          140.1607823,
          39.6628904
        ]
      },
      "properties": {
        "内容": "バス停: 無料シャトルバス乗り場",
        "name": "無料シャトルバス乗り場",
        "operator": "事業者不明",
        "ref": "",
        "url": "",
        "url2": ""
      }
    },
    {
      "type": "Feature",
      "geometry": {
        "type": "Point",
        "coordinates": [
          139.8609097,
          39.8975523
        ]
      },
      "properties": {
        "内容": "バス停: 上金川 (男鹿市)",
        "name": "上金川",
        "operator": "男鹿市",
        "ref": "",
        "url": "",
        "url2": ""
      }
    },
    {
      "type": "Feature",
      "geometry": {
        "type": "Point",
        "coordinates": [
          140.1107696,
          39.7030477
        ]
      },
      "properties": {
        "内容": "バス停: イオン秋田中央店前",
        "name": "イオン秋田中央店前",
        "operator": "事業者不明",
        "ref": "",
        "url": "",
        "url2": ""
      }
    },
    {
      "type": "Feature",
      "geometry": {
        "type": "Point",
        "coordinates": [
          140.1107976,
          39.703581
        ]
      },
      "properties": {
        "内容": "バス停: イオン秋田中央店前",
        "name": "イオン秋田中央店前",
        "operator": "事業者不明",
        "ref": "",
        "url": "",
        "url2": ""
      }
    },
    {
      "type": "Feature",
      "geometry": {
        "type": "Point",
        "coordinates": [
          140.5457638,
          39.2041878
        ]
      },
      "properties": {
        "内容": "バス停: 増田蔵の駅",
        "name": "増田蔵の駅",
        "operator": "事業者不明",
        "ref": "",
        "url": "",
        "url2": ""
      }
    },
    {
      "type": "Feature",
      "geometry": {
        "type": "Point",
        "coordinates": [
          140.5458694,
          39.2041519
        ]
      },
      "properties": {
        "内容": "バス停: 増田蔵の駅",
        "name": "増田蔵の駅",
        "operator": "事業者不明",
        "ref": "",
        "url": "",
        "url2": ""
      }
    },
    {
      "type": "Feature",
      "geometry": {
        "type": "Point",
        "coordinates": [
          140.5649141,
          39.303619
        ]
      },
      "properties": {
        "内容": "バス停: 横山 (羽後交通)",
        "name": "横山",
        "operator": "羽後交通",
        "ref": "",
        "url": "",
        "url2": ""
      }
    },
    {
      "type": "Feature",
      "geometry": {
        "type": "Point",
        "coordinates": [
          140.5649857,
          39.3036313
        ]
      },
      "properties": {
        "内容": "バス停: 横山 (羽後交通)",
        "name": "横山",
        "operator": "羽後交通",
        "ref": "",
        "url": "",
        "url2": ""
      }
    },
    {
      "type": "Feature",
      "geometry": {
        "type": "Point",
        "coordinates": [
          140.5675241,
          39.3795098
        ]
      },
      "properties": {
        "内容": "バス停: 雁の里せんなん前",
        "name": "雁の里せんなん前",
        "operator": "事業者不明",
        "ref": "",
        "url": "",
        "url2": ""
      }
    },
    {
      "type": "Feature",
      "geometry": {
        "type": "Point",
        "coordinates": [
          140.1608677,
          39.6625957
        ]
      },
      "properties": {
        "内容": "バス停: イオンモール秋田 (秋田中央交通)",
        "name": "イオンモール秋田",
        "operator": "秋田中央交通",
        "ref": "",
        "url": "",
        "url2": ""
      }
    },
    {
      "type": "Feature",
      "geometry": {
        "type": "Point",
        "coordinates": [
          140.219971,
          39.6116255
        ]
      },
      "properties": {
        "内容": "バス停: 名称不明バス停 (秋田空港)",
        "name": "名称不明バス停",
        "operator": "秋田空港",
        "ref": "",
        "url": "",
        "url2": ""
      }
    },
    {
      "type": "Feature",
      "geometry": {
        "type": "Point",
        "coordinates": [
          140.0662926,
          40.1912811
        ]
      },
      "properties": {
        "内容": "バス停: 東能代駅前 (秋北バス)",
        "name": "東能代駅前",
        "operator": "秋北バス",
        "ref": "",
        "url": "",
        "url2": ""
      }
    },
    {
      "type": "Feature",
      "geometry": {
        "type": "Point",
        "coordinates": [
          139.9415436,
          39.2824562
        ]
      },
      "properties": {
        "内容": "バス停: 名称不明バス停",
        "name": "名称不明バス停",
        "operator": "事業者不明",
        "ref": "",
        "url": "",
        "url2": ""
      }
    },
    {
      "type": "Feature",
      "geometry": {
        "type": "Point",
        "coordinates": [
          139.9334863,
          39.2797312
        ]
      },
      "properties": {
        "内容": "バス停: 名称不明バス停",
        "name": "名称不明バス停",
        "operator": "事業者不明",
        "ref": "",
        "url": "",
        "url2": ""
      }
    },
    {
      "type": "Feature",
      "geometry": {
        "type": "Point",
        "coordinates": [
          139.9544518,
          39.2909288
        ]
      },
      "properties": {
        "内容": "バス停: 名称不明バス停",
        "name": "名称不明バス停",
        "operator": "事業者不明",
        "ref": "",
        "url": "",
        "url2": ""
      }
    },
    {
      "type": "Feature",
      "geometry": {
        "type": "Point",
        "coordinates": [
          139.9494159,
          39.2855132
        ]
      },
      "properties": {
        "内容": "バス停: 名称不明バス停",
        "name": "名称不明バス停",
        "operator": "事業者不明",
        "ref": "",
        "url": "",
        "url2": ""
      }
    },
    {
      "type": "Feature",
      "geometry": {
        "type": "Point",
        "coordinates": [
          139.9619807,
          39.2910643
        ]
      },
      "properties": {
        "内容": "バス停: 仁賀保公園前",
        "name": "仁賀保公園前",
        "operator": "事業者不明",
        "ref": "",
        "url": "",
        "url2": ""
      }
    },
    {
      "type": "Feature",
      "geometry": {
        "type": "Point",
        "coordinates": [
          139.9617943,
          39.2909065
        ]
      },
      "properties": {
        "内容": "バス停: 名称不明バス停",
        "name": "名称不明バス停",
        "operator": "事業者不明",
        "ref": "",
        "url": "",
        "url2": ""
      }
    },
    {
      "type": "Feature",
      "geometry": {
        "type": "Point",
        "coordinates": [
          139.9574143,
          39.2910944
        ]
      },
      "properties": {
        "内容": "バス停: TDK 歴史みらい館前",
        "name": "TDK 歴史みらい館前",
        "operator": "事業者不明",
        "ref": "",
        "url": "",
        "url2": ""
      }
    },
    {
      "type": "Feature",
      "geometry": {
        "type": "Point",
        "coordinates": [
          140.1166844,
          39.718495
        ]
      },
      "properties": {
        "内容": "バス停: Omachi Dori",
        "name": "Omachi Dori",
        "operator": "事業者不明",
        "ref": "",
        "url": "",
        "url2": ""
      }
    },
    {
      "type": "Feature",
      "geometry": {
        "type": "Point",
        "coordinates": [
          140.4769098,
          39.4644992
        ]
      },
      "properties": {
        "内容": "バス停: 名称不明バス停",
        "name": "名称不明バス停",
        "operator": "事業者不明",
        "ref": "",
        "url": "",
        "url2": ""
      }
    },
    {
      "type": "Feature",
      "geometry": {
        "type": "Point",
        "coordinates": [
          140.4772451,
          39.4645275
        ]
      },
      "properties": {
        "内容": "バス停: 名称不明バス停",
        "name": "名称不明バス停",
        "operator": "事業者不明",
        "ref": "",
        "url": "",
        "url2": ""
      }
    },
    {
      "type": "Feature",
      "geometry": {
        "type": "Point",
        "coordinates": [
          140.4770826,
          39.4645109
        ]
      },
      "properties": {
        "内容": "バス停: 名称不明バス停",
        "name": "名称不明バス停",
        "operator": "事業者不明",
        "ref": "",
        "url": "",
        "url2": ""
      }
    },
    {
      "type": "Feature",
      "geometry": {
        "type": "Point",
        "coordinates": [
          140.7966487,
          39.8048443
        ]
      },
      "properties": {
        "内容": "バス停: 乳頭温泉郷 大釜温泉",
        "name": "乳頭温泉郷 大釜温泉",
        "operator": "事業者不明",
        "ref": "",
        "url": "",
        "url2": ""
      }
    },
    {
      "type": "Feature",
      "geometry": {
        "type": "Point",
        "coordinates": [
          140.797334,
          39.8034092
        ]
      },
      "properties": {
        "内容": "バス停: 名称不明バス停",
        "name": "名称不明バス停",
        "operator": "事業者不明",
        "ref": "",
        "url": "",
        "url2": ""
      }
    },
    {
      "type": "Feature",
      "geometry": {
        "type": "Point",
        "coordinates": [
          140.7983987,
          39.8058217
        ]
      },
      "properties": {
        "内容": "バス停: 名称不明バス停",
        "name": "名称不明バス停",
        "operator": "事業者不明",
        "ref": "",
        "url": "",
        "url2": ""
      }
    },
    {
      "type": "Feature",
      "geometry": {
        "type": "Point",
        "coordinates": [
          140.7944724,
          39.8010627
        ]
      },
      "properties": {
        "内容": "バス停: 名称不明バス停",
        "name": "名称不明バス停",
        "operator": "事業者不明",
        "ref": "",
        "url": "",
        "url2": ""
      }
    },
    {
      "type": "Feature",
      "geometry": {
        "type": "Point",
        "coordinates": [
          140.807353,
          39.7681223
        ]
      },
      "properties": {
        "内容": "バス停: 名称不明バス停",
        "name": "名称不明バス停",
        "operator": "事業者不明",
        "ref": "",
        "url": "",
        "url2": ""
      }
    },
    {
      "type": "Feature",
      "geometry": {
        "type": "Point",
        "coordinates": [
          140.7196724,
          39.7425507
        ]
      },
      "properties": {
        "内容": "バス停: 名称不明バス停",
        "name": "名称不明バス停",
        "operator": "事業者不明",
        "ref": "",
        "url": "",
        "url2": ""
      }
    },
    {
      "type": "Feature",
      "geometry": {
        "type": "Point",
        "coordinates": [
          140.7266171,
          39.7526973
        ]
      },
      "properties": {
        "内容": "バス停: 名称不明バス停",
        "name": "名称不明バス停",
        "operator": "事業者不明",
        "ref": "",
        "url": "",
        "url2": ""
      }
    },
    {
      "type": "Feature",
      "geometry": {
        "type": "Point",
        "coordinates": [
          140.7238504,
          39.7496788
        ]
      },
      "properties": {
        "内容": "バス停: 名称不明バス停",
        "name": "名称不明バス停",
        "operator": "事業者不明",
        "ref": "",
        "url": "",
        "url2": ""
      }
    },
    {
      "type": "Feature",
      "geometry": {
        "type": "Point",
        "coordinates": [
          140.7150983,
          39.7397462
        ]
      },
      "properties": {
        "内容": "バス停: 田沢湖橋",
        "name": "田沢湖橋",
        "operator": "事業者不明",
        "ref": "",
        "url": "",
        "url2": ""
      }
    }
  ]
}