{
"type": "FeatureCollection",
"name": "geo_05_居宅介護支援",
"crs": { "type": "name", "properties": { "name": "urn:ogc:def:crs:OGC:1.3:CRS84" } },
"features": [
{ "type": "Feature", "properties": { "内容": "ケアプランリンクス【居宅介護支援】秋田県秋田市牛島東５丁目1-13", "url": "https://www.kaigokensaku.mhlw.go.jp/05/index.php?action_kouhyou_detail_004_kani=true&JigyosyoCd=0570126383-00&ServiceCd=430&Type=search", "url2": null }, "geometry": { "type": "Point", "coordinates": [ 140.119756, 39.6964233 ] } },
{ "type": "Feature", "properties": { "内容": "ケアプランニング　ふたば【居宅介護支援】秋田県秋田市将軍野東２丁目17-4ニューハウス斉藤D棟201号", "url": "https://www.kaigokensaku.mhlw.go.jp/05/index.php?action_kouhyou_detail_004_kani=true&JigyosyoCd=0570127076-00&ServiceCd=430&Type=search", "url2": null }, "geometry": { "type": "Point", "coordinates": [ 140.087862449073782, 39.753701724167485 ] } },
{ "type": "Feature", "properties": { "内容": "ケアマネジャーのまちけあ【居宅介護支援】秋田県秋田市山王三丁目１番１号県庁第二庁舎３階　創業支援室Ａ－８", "url": "https://www.kaigokensaku.mhlw.go.jp/05/index.php?action_kouhyou_detail_004_kani=true&JigyosyoCd=0570126987-00&ServiceCd=430&Type=search", "url2": null }, "geometry": { "type": "Point", "coordinates": [ 140.104701, 39.718826 ] } },
{ "type": "Feature", "properties": { "内容": "介護相談室だんだん【居宅介護支援】秋田県秋田市土崎港西5丁目12-17", "url": "https://www.kaigokensaku.mhlw.go.jp/05/index.php?action_kouhyou_detail_004_kani=true&JigyosyoCd=0570126185-00&ServiceCd=430&Type=search", "url2": "https://st-dandan.com/" }, "geometry": { "type": "Point", "coordinates": [ 140.066831699999966, 39.765334900000013 ] } },
{ "type": "Feature", "properties": { "内容": "サポートセンターおぐら【居宅介護支援】秋田県秋田市河辺和田字坂本北470－1", "url": "https://www.kaigokensaku.mhlw.go.jp/05/index.php?action_kouhyou_detail_004_kani=true&JigyosyoCd=0570118521-00&ServiceCd=430&Type=search", "url2": "http://www.ogura2011.jp" }, "geometry": { "type": "Point", "coordinates": [ 140.2401102, 39.6568087 ] } },
{ "type": "Feature", "properties": { "内容": "SOMPOケア秋田仁井田居宅介護支援事業所【居宅介護支援】秋田県秋田市仁井田新田1丁目５－１４", "url": "https://www.kaigokensaku.mhlw.go.jp/05/index.php?action_kouhyou_detail_004_kani=true&JigyosyoCd=0570125948-00&ServiceCd=430&Type=search", "url2": "https://www.sompocare.com" }, "geometry": { "type": "Point", "coordinates": [ 140.125574899999947, 39.6821161 ] } },
{ "type": "Feature", "properties": { "内容": "ケアプランセンターひばり【居宅介護支援】秋田県秋田市卸町五丁目１４－１０", "url": "https://www.kaigokensaku.mhlw.go.jp/05/index.php?action_kouhyou_detail_004_kani=true&JigyosyoCd=0570120659-00&ServiceCd=430&Type=search", "url2": null }, "geometry": { "type": "Point", "coordinates": [ 140.108377060532234, 39.694462111853525 ] } },
{ "type": "Feature", "properties": { "内容": "ケアプランよこもり【居宅介護支援】秋田県秋田市横森一丁目２０－３０", "url": "https://www.kaigokensaku.mhlw.go.jp/05/index.php?action_kouhyou_detail_004_kani=true&JigyosyoCd=0570126995-00&ServiceCd=430&Type=search", "url2": "https://akitazaitaku.com/" }, "geometry": { "type": "Point", "coordinates": [ 140.1418935, 39.7071235 ] } },
{ "type": "Feature", "properties": { "内容": "みるくてぃーケアプランセンター【居宅介護支援】秋田県秋田市大住南２丁目8-19", "url": "https://www.kaigokensaku.mhlw.go.jp/05/index.php?action_kouhyou_detail_004_kani=true&JigyosyoCd=0570126862-00&ServiceCd=430&Type=search", "url2": null }, "geometry": { "type": "Point", "coordinates": [ 140.1090491, 39.6862637 ] } },
{ "type": "Feature", "properties": { "内容": "ケアプランセンターらいらっく【居宅介護支援】秋田市飯島松根西町７番２８号", "url": "https://www.kaigokensaku.mhlw.go.jp/05/index.php?action_kouhyou_detail_004_kani=true&JigyosyoCd=0570126854-00&ServiceCd=430&Type=search", "url2": "https://lilac-welfare.co.jp/" }, "geometry": { "type": "Point", "coordinates": [ 140.070656546627021, 39.773426583896921 ] } },
{ "type": "Feature", "properties": { "内容": "医療法人杏仁会ひかり居宅介護支援センター【居宅介護支援】秋田市桜二丁目１７－３０", "url": "https://www.kaigokensaku.mhlw.go.jp/05/index.php?action_kouhyou_detail_004_kani=true&JigyosyoCd=0570121053-00&ServiceCd=430&Type=search", "url2": "http://kyojinkai.com/" }, "geometry": { "type": "Point", "coordinates": [ 140.149445199999974, 39.7094031 ] } },
{ "type": "Feature", "properties": { "内容": "SOMPOケア　秋田旭川　居宅介護支援【居宅介護支援】秋田県秋田市旭川清澄町16番17号", "url": "https://www.kaigokensaku.mhlw.go.jp/05/index.php?action_kouhyou_detail_004_kani=true&JigyosyoCd=0570125955-00&ServiceCd=430&Type=search", "url2": "https://www.sompocare.com" }, "geometry": { "type": "Point", "coordinates": [ 140.125616400000013, 39.741834 ] } },
{ "type": "Feature", "properties": { "内容": "らいくケアプランセンター【居宅介護支援】秋田県秋田市新屋扇町12番49号", "url": "https://www.kaigokensaku.mhlw.go.jp/05/index.php?action_kouhyou_detail_004_kani=true&JigyosyoCd=0570126938-00&ServiceCd=430&Type=search", "url2": null }, "geometry": { "type": "Point", "coordinates": [ 140.084087399999987, 39.6778565 ] } },
{ "type": "Feature", "properties": { "内容": "赤とんぼ居宅介護支援事業所【居宅介護支援】秋田県秋田市仁井田本町6丁目２－８レジデンス関B棟102号室", "url": "https://www.kaigokensaku.mhlw.go.jp/05/index.php?action_kouhyou_detail_004_kani=true&JigyosyoCd=0570126839-00&ServiceCd=430&Type=search", "url2": null }, "geometry": { "type": "Point", "coordinates": [ 140.130206264418064, 39.675340344279341 ] } },
{ "type": "Feature", "properties": { "内容": "在宅介護サービスステーションたんぽぽ飯島居宅介護支援【居宅介護支援】秋田県秋田市飯島緑丘町１８番１９号", "url": "https://www.kaigokensaku.mhlw.go.jp/05/index.php?action_kouhyou_detail_004_kani=true&JigyosyoCd=0570118232-00&ServiceCd=430&Type=search", "url2": null }, "geometry": { "type": "Point", "coordinates": [ 140.0737057, 39.7761952 ] } },
{ "type": "Feature", "properties": { "内容": "ひろおもて居宅介護支援センター【居宅介護支援】秋田県秋田市広面字家ノ下7番地1", "url": "https://www.kaigokensaku.mhlw.go.jp/05/index.php?action_kouhyou_detail_004_kani=true&JigyosyoCd=0570124677-00&ServiceCd=430&Type=search", "url2": null }, "geometry": { "type": "Point", "coordinates": [ 140.144538, 39.7226563 ] } },
{ "type": "Feature", "properties": { "内容": "ラベンダーケアプラン【居宅介護支援】秋田県秋田市寺内蛭根2-9-10", "url": "https://www.kaigokensaku.mhlw.go.jp/05/index.php?action_kouhyou_detail_004_kani=true&JigyosyoCd=0570126417-00&ServiceCd=430&Type=search", "url2": null }, "geometry": { "type": "Point", "coordinates": [ 140.086516699999947, 39.7280851 ] } },
{ "type": "Feature", "properties": { "内容": "稲庭クリニック介護支援センター【居宅介護支援】秋田県秋田市南通亀の町2-21", "url": "https://www.kaigokensaku.mhlw.go.jp/05/index.php?action_kouhyou_detail_004_kani=true&JigyosyoCd=0570106922-00&ServiceCd=430&Type=search", "url2": "https://www.kyukokai.com/warabekai/higashi-inaniwa-clinic/" }, "geometry": { "type": "Point", "coordinates": [ 140.116887926760455, 39.709815138107501 ] } },
{ "type": "Feature", "properties": { "内容": "はあと介護支援センター【居宅介護支援】秋田県秋田市添川字地ノ内143-5", "url": "https://www.kaigokensaku.mhlw.go.jp/05/index.php?action_kouhyou_detail_004_kani=true&JigyosyoCd=0570106005-00&ServiceCd=430&Type=search", "url2": "http://caremaneakita.ec-net.jp/hart.htm" }, "geometry": { "type": "Point", "coordinates": [ 140.134379, 39.7504249 ] } },
{ "type": "Feature", "properties": { "内容": "ケアセンターみさご【居宅介護支援】秋田県秋田市飯島美砂町5番71号", "url": "https://www.kaigokensaku.mhlw.go.jp/05/index.php?action_kouhyou_detail_004_kani=true&JigyosyoCd=0570124578-00&ServiceCd=430&Type=search", "url2": "http://yokuyuukai-misago.com/" }, "geometry": { "type": "Point", "coordinates": [ 140.074410852177152, 39.774994954239446 ] } },
{ "type": "Feature", "properties": { "内容": "けあまね処グッと楽【居宅介護支援】秋田県秋田市土崎港東四丁目2-43", "url": "https://www.kaigokensaku.mhlw.go.jp/05/index.php?action_kouhyou_detail_004_kani=true&JigyosyoCd=0570123570-00&ServiceCd=430&Type=search", "url2": "https://www.goodluckproduce.com/" }, "geometry": { "type": "Point", "coordinates": [ 140.082272800000027, 39.7532757 ] } },
{ "type": "Feature", "properties": { "内容": "ケアポート秋田居宅介護支援事業所【居宅介護支援】秋田県秋田市山王沼田町2-41", "url": "https://www.kaigokensaku.mhlw.go.jp/05/index.php?action_kouhyou_detail_004_kani=true&JigyosyoCd=0570126532-00&ServiceCd=430&Type=search", "url2": "https://careport-akita.jp" }, "geometry": { "type": "Point", "coordinates": [ 140.0929413, 39.7138669 ] } },
{ "type": "Feature", "properties": { "内容": "花の家居宅介護支援事業所【居宅介護支援】秋田県秋田市雄和石田字苗代沢１８", "url": "https://www.kaigokensaku.mhlw.go.jp/05/index.php?action_kouhyou_detail_004_kani=true&JigyosyoCd=0572409647-00&ServiceCd=430&Type=search", "url2": "http://www.yuuwafukushikai.or.jp/" }, "geometry": { "type": "Point", "coordinates": [ 140.172919699999966, 39.5944448 ] } },
{ "type": "Feature", "properties": { "内容": "ゆきわり草ケアプランセンター【居宅介護支援】秋田県秋田市川元むつみ町３－３２サービス付き高齢者向け住宅ゆきわり草", "url": "https://www.kaigokensaku.mhlw.go.jp/05/index.php?action_kouhyou_detail_004_kani=true&JigyosyoCd=0570125021-00&ServiceCd=430&Type=search", "url2": "http://yukiwarisou.co.jp" }, "geometry": { "type": "Point", "coordinates": [ 140.104274720901486, 39.708193610969353 ] } },
{ "type": "Feature", "properties": { "内容": "三楽園居宅介護支援事業所【居宅介護支援】秋田県秋田市飯島字堀川84-20", "url": "https://www.kaigokensaku.mhlw.go.jp/05/index.php?action_kouhyou_detail_004_kani=true&JigyosyoCd=0570101790-00&ServiceCd=430&Type=search", "url2": "http://www.kyusei.or.jp" }, "geometry": { "type": "Point", "coordinates": [ 140.061563799999931, 39.7911351 ] } },
{ "type": "Feature", "properties": { "内容": "ＮＰＯきらら居宅介護支援事業所【居宅介護支援】秋田県秋田市大町１丁目5-9アペックスシティ朝日プラザ秋田中央101号", "url": "https://www.kaigokensaku.mhlw.go.jp/05/index.php?action_kouhyou_detail_004_kani=true&JigyosyoCd=0570126078-00&ServiceCd=430&Type=search", "url2": "https://www.kiraragroup.co.jp/" }, "geometry": { "type": "Point", "coordinates": [ 140.114304438335864, 39.720501919462883 ] } },
{ "type": "Feature", "properties": { "内容": "ケアプランセンターひなた【居宅介護支援】秋田市土崎港中央三丁目4番39号", "url": "https://www.kaigokensaku.mhlw.go.jp/05/index.php?action_kouhyou_detail_004_kani=true&JigyosyoCd=0570109314-00&ServiceCd=430&Type=search", "url2": "https://reiwafukushikai.com" }, "geometry": { "type": "Point", "coordinates": [ 140.068249993036261, 39.754573632787135 ] } },
{ "type": "Feature", "properties": { "内容": "秋田市社協居宅介護支援河辺事業所【居宅介護支援】秋田県秋田市河辺北野田高屋字上前田表６６－１", "url": "https://www.kaigokensaku.mhlw.go.jp/05/index.php?action_kouhyou_detail_004_kani=true&JigyosyoCd=0570110858-00&ServiceCd=430&Type=search", "url2": "http://www.akita-city-shakyo.jp/" }, "geometry": { "type": "Point", "coordinates": [ 140.2124073, 39.6530167 ] } },
{ "type": "Feature", "properties": { "内容": "介護支援センター遊心苑【居宅介護支援】秋田県秋田市添川字境内川原196-1", "url": "https://www.kaigokensaku.mhlw.go.jp/05/index.php?action_kouhyou_detail_004_kani=true&JigyosyoCd=0570100479-00&ServiceCd=430&Type=search", "url2": "http://www.yushinen.or.jp/" }, "geometry": { "type": "Point", "coordinates": [ 140.133142799999973, 39.7526579 ] } },
{ "type": "Feature", "properties": { "内容": "ファミリー園居宅介護支援事業所【居宅介護支援】秋田市桜１丁目４番２１号", "url": "https://www.kaigokensaku.mhlw.go.jp/05/index.php?action_kouhyou_detail_004_kani=true&JigyosyoCd=0570107862-00&ServiceCd=430&Type=search", "url2": "https://familyen.sakura.ne.jp" }, "geometry": { "type": "Point", "coordinates": [ 140.1447832, 39.7105855 ] } },
{ "type": "Feature", "properties": { "内容": "牛島居宅介護支援事業所【居宅介護支援】秋田県秋田市牛島東6丁目5-17", "url": "https://www.kaigokensaku.mhlw.go.jp/05/index.php?action_kouhyou_detail_004_kani=true&JigyosyoCd=0570123372-00&ServiceCd=430&Type=search", "url2": null }, "geometry": { "type": "Point", "coordinates": [ 140.125996699999973, 39.6954479 ] } },
{ "type": "Feature", "properties": { "内容": "御野場病院ケアプランセンター【居宅介護支援】秋田県秋田市仁井田新田三丁目１４番１７号", "url": "https://www.kaigokensaku.mhlw.go.jp/05/index.php?action_kouhyou_detail_004_kani=true&JigyosyoCd=0570126615-00&ServiceCd=430&Type=search", "url2": "https://www.seikankai.or.jp/care/" }, "geometry": { "type": "Point", "coordinates": [ 140.11942190000002, 39.6791039 ] } },
{ "type": "Feature", "properties": { "内容": "幸楽園居宅介護支援事業所【居宅介護支援】秋田県秋田市上新城中字片野４番", "url": "https://www.kaigokensaku.mhlw.go.jp/05/index.php?action_kouhyou_detail_004_kani=true&JigyosyoCd=0570101972-00&ServiceCd=430&Type=search", "url2": "http://www.kourakukai.or.jp/itaku" }, "geometry": { "type": "Point", "coordinates": [ 140.107093899999967, 39.785017600000025 ] } },
{ "type": "Feature", "properties": { "内容": "ケアプランセンター虹の街【居宅介護支援】秋田県秋田市泉中央４丁目２番８号Ｔ・Ｋビル　１階", "url": "https://www.kaigokensaku.mhlw.go.jp/05/index.php?action_kouhyou_detail_004_kani=true&JigyosyoCd=0570114926-00&ServiceCd=430&Type=search", "url2": "http://www.saint-care.com/niji/" }, "geometry": { "type": "Point", "coordinates": [ 140.111305170057932, 39.734459723276856 ] } },
{ "type": "Feature", "properties": { "内容": "御野場病院介護支援センター【居宅介護支援】秋田県秋田市御野場四丁目3番4号御野場病院在宅ケアセンター", "url": "https://www.kaigokensaku.mhlw.go.jp/05/index.php?action_kouhyou_detail_004_kani=true&JigyosyoCd=0570101519-00&ServiceCd=430&Type=search", "url2": "http://www.seikankai.or.jp" }, "geometry": { "type": "Point", "coordinates": [ 140.133038400000032, 39.672464700000042 ] } },
{ "type": "Feature", "properties": { "内容": "スマート・ケアプランセンター【居宅介護支援】秋田市手形新栄町４番１号", "url": "https://www.kaigokensaku.mhlw.go.jp/05/index.php?action_kouhyou_detail_004_kani=true&JigyosyoCd=0570120063-00&ServiceCd=430&Type=search", "url2": "http://www.smarthome-akita.com" }, "geometry": { "type": "Point", "coordinates": [ 140.13025367709335, 39.721394589591597 ] } },
{ "type": "Feature", "properties": { "内容": "羽州人ヒーリングカンパニー【居宅介護支援】秋田県秋田市山王三丁目1-1秋田県庁第二庁舎３階創業支援室A-9", "url": "https://www.kaigokensaku.mhlw.go.jp/05/index.php?action_kouhyou_detail_004_kani=true&JigyosyoCd=0570126698-00&ServiceCd=430&Type=search", "url2": "https://x.gd/3dt4p" }, "geometry": { "type": "Point", "coordinates": [ 140.104720392048591, 39.718881271247959 ] } },
{ "type": "Feature", "properties": { "内容": "中通ケアプランセンター【居宅介護支援】秋田県秋田市中通五丁目９番２２号", "url": "https://www.kaigokensaku.mhlw.go.jp/05/index.php?action_kouhyou_detail_004_kani=true&JigyosyoCd=0570100362-00&ServiceCd=430&Type=search", "url2": "https://www.meiwakai.or.jp/station" }, "geometry": { "type": "Point", "coordinates": [ 140.1214963, 39.7124402 ] } },
{ "type": "Feature", "properties": { "内容": "ケアプラン工房【居宅介護支援】秋田県秋田市仁井田新田一丁目１１番６３号", "url": "https://www.kaigokensaku.mhlw.go.jp/05/index.php?action_kouhyou_detail_004_kani=true&JigyosyoCd=0570121699-00&ServiceCd=430&Type=search", "url2": "https://r.goope.jp/seikatukobo/" }, "geometry": { "type": "Point", "coordinates": [ 140.121800300000018, 39.681946600000025 ] } },
{ "type": "Feature", "properties": { "内容": "黒子ケアラボ【居宅介護支援】秋田県秋田市御野場3丁目1-10", "url": "https://www.kaigokensaku.mhlw.go.jp/05/index.php?action_kouhyou_detail_004_kani=true&JigyosyoCd=0570126599-00&ServiceCd=430&Type=search", "url2": "https://www.ldl965.net/" }, "geometry": { "type": "Point", "coordinates": [ 140.133563400000014, 39.6712952 ] } },
{ "type": "Feature", "properties": { "内容": "ケアプランセンター　花はな【居宅介護支援】秋田県秋田市添川字添川170-7", "url": "https://www.kaigokensaku.mhlw.go.jp/05/index.php?action_kouhyou_detail_004_kani=true&JigyosyoCd=0570121467-00&ServiceCd=430&Type=search", "url2": "https://www.umenokimizuki.com" }, "geometry": { "type": "Point", "coordinates": [ 140.1438389, 39.7551357 ] } },
{ "type": "Feature", "properties": { "内容": "居宅介護支援事業所心音【居宅介護支援】秋田県秋田市広面樋ノ沖35-2", "url": "https://www.kaigokensaku.mhlw.go.jp/05/index.php?action_kouhyou_detail_004_kani=true&JigyosyoCd=0570126219-00&ServiceCd=430&Type=search", "url2": null }, "geometry": { "type": "Point", "coordinates": [ 140.149884400000019, 39.7151947 ] } },
{ "type": "Feature", "properties": { "内容": "土崎居宅介護支援事業所【居宅介護支援】秋田県秋田市土崎港中央４丁目４番２６号", "url": "https://www.kaigokensaku.mhlw.go.jp/05/index.php?action_kouhyou_detail_004_kani=true&JigyosyoCd=0570101253-00&ServiceCd=430&Type=search", "url2": "http://www.tsuchizakihp.or.jp" }, "geometry": { "type": "Point", "coordinates": [ 140.0720235, 39.7535921 ] } },
{ "type": "Feature", "properties": { "内容": "スマイル居宅介護支援事業所【居宅介護支援】秋田県秋田市将軍野東一丁目４番３８号", "url": "https://www.kaigokensaku.mhlw.go.jp/05/index.php?action_kouhyou_detail_004_kani=true&JigyosyoCd=0540142403-00&ServiceCd=430&Type=search", "url2": null }, "geometry": { "type": "Point", "coordinates": [ 140.0836227, 39.7545034 ] } },
{ "type": "Feature", "properties": { "内容": "アースサポート秋田【居宅介護支援】秋田県秋田市桜一丁目13番7号", "url": "https://www.kaigokensaku.mhlw.go.jp/05/index.php?action_kouhyou_detail_004_kani=true&JigyosyoCd=0570109058-00&ServiceCd=430&Type=search", "url2": "http://www.earthsupport.co.jp" }, "geometry": { "type": "Point", "coordinates": [ 140.149622962904346, 39.711638043240512 ] } },
{ "type": "Feature", "properties": { "内容": "南寿園居宅介護支援事業所【居宅介護支援】秋田県秋田市上北手猿田字後谷地108-3", "url": "https://www.kaigokensaku.mhlw.go.jp/05/index.php?action_kouhyou_detail_004_kani=true&JigyosyoCd=0570100909-00&ServiceCd=430&Type=search", "url2": "http://www.akitaken-kouseikyoukai.jp/" }, "geometry": { "type": "Point", "coordinates": [ 140.169932, 39.681467599999984 ] } },
{ "type": "Feature", "properties": { "内容": "介護支援センター　ほくと【居宅介護支援】秋田県秋田市中通４丁目３－２３", "url": "https://www.kaigokensaku.mhlw.go.jp/05/index.php?action_kouhyou_detail_004_kani=true&JigyosyoCd=0570109470-00&ServiceCd=430&Type=search", "url2": "http://www.syahuku-hokuto.org/tokuyo-nakadori.html" }, "geometry": { "type": "Point", "coordinates": [ 140.12353172883607, 39.714625543428269 ] } },
{ "type": "Feature", "properties": { "内容": "秋田介護の窓口【居宅介護支援】秋田県秋田市泉中央二丁目9番16号佐藤事務所3号室", "url": "https://www.kaigokensaku.mhlw.go.jp/05/index.php?action_kouhyou_detail_004_kani=true&JigyosyoCd=0570126623-00&ServiceCd=430&Type=search", "url2": "http://akita-kaigonomadoguti.com" }, "geometry": { "type": "Point", "coordinates": [ 140.10475550000001, 39.7332475 ] } },
{ "type": "Feature", "properties": { "内容": "本道の街居宅介護支援事業所【居宅介護支援】秋田県秋田市柳田字川崎138", "url": "https://www.kaigokensaku.mhlw.go.jp/05/index.php?action_kouhyou_detail_004_kani=true&JigyosyoCd=0570100321-00&ServiceCd=430&Type=search", "url2": "http://www.kouwakai-akita.org/" }, "geometry": { "type": "Point", "coordinates": [ 140.158049428040727, 39.73181714546125 ] } },
{ "type": "Feature", "properties": { "内容": "秋田市社協居宅介護支援秋田事業所【居宅介護支援】秋田県秋田市八橋南一丁目８－２", "url": "https://www.kaigokensaku.mhlw.go.jp/05/index.php?action_kouhyou_detail_004_kani=true&JigyosyoCd=0570100107-00&ServiceCd=430&Type=search", "url2": "http://www.akita-city-shakyo.jp/" }, "geometry": { "type": "Point", "coordinates": [ 140.092079, 39.7203629 ] } },
{ "type": "Feature", "properties": { "内容": "バイタルケア秋田南介護サービス【居宅介護支援】秋田県秋田市新屋松美ガ丘東町7-46", "url": "https://www.kaigokensaku.mhlw.go.jp/05/index.php?action_kouhyou_detail_004_kani=true&JigyosyoCd=0570125906-00&ServiceCd=430&Type=search", "url2": "http://www.vitalcare.co.jp" }, "geometry": { "type": "Point", "coordinates": [ 140.084925, 39.7057612 ] } },
{ "type": "Feature", "properties": { "内容": "ひだまり居宅介護支援事業所【居宅介護支援】秋田県秋田市東通仲町4番1号秋田拠点センターアルヴェ5階", "url": "https://www.kaigokensaku.mhlw.go.jp/05/index.php?action_kouhyou_detail_004_kani=true&JigyosyoCd=0570109983-00&ServiceCd=430&Type=search", "url2": "http://www.kouwakai-akita.org/" }, "geometry": { "type": "Point", "coordinates": [ 140.13146740000002, 39.7158178 ] } },
{ "type": "Feature", "properties": { "内容": "福寿居宅介護支援事業所【居宅介護支援】秋田県秋田市飯島飯田２丁目9番28号", "url": "https://www.kaigokensaku.mhlw.go.jp/05/index.php?action_kouhyou_detail_004_kani=true&JigyosyoCd=0570115584-00&ServiceCd=430&Type=search", "url2": null }, "geometry": { "type": "Point", "coordinates": [ 140.090793599999955, 39.7733543 ] } },
{ "type": "Feature", "properties": { "内容": "川口居宅介護支援事業所【居宅介護支援】秋田県秋田市楢山登町10-64", "url": "https://www.kaigokensaku.mhlw.go.jp/05/index.php?action_kouhyou_detail_004_kani=true&JigyosyoCd=0570100339-00&ServiceCd=430&Type=search", "url2": "http://www.kouwakai-akita.org/" }, "geometry": { "type": "Point", "coordinates": [ 140.1121809, 39.705587700000017 ] } },
{ "type": "Feature", "properties": { "内容": "寿光園居宅介護支援事業所【居宅介護支援】秋田県秋田市寺内後城6-41", "url": "https://www.kaigokensaku.mhlw.go.jp/05/index.php?action_kouhyou_detail_004_kani=true&JigyosyoCd=0570100917-00&ServiceCd=430&Type=search", "url2": null }, "geometry": { "type": "Point", "coordinates": [ 140.0739906, 39.7401493 ] } },
{ "type": "Feature", "properties": { "内容": "ハレルヤ介護プラン【居宅介護支援】秋田県秋田市外旭川字山崎380－２", "url": "https://www.kaigokensaku.mhlw.go.jp/05/index.php?action_kouhyou_detail_004_kani=true&JigyosyoCd=0570115840-00&ServiceCd=430&Type=search", "url2": null }, "geometry": { "type": "Point", "coordinates": [ 140.11439017301629, 39.740375276114591 ] } },
{ "type": "Feature", "properties": { "内容": "仁井田福祉センター居宅介護支援事業所【居宅介護支援】秋田市仁井田字切上240番地1", "url": "https://www.kaigokensaku.mhlw.go.jp/05/index.php?action_kouhyou_detail_004_kani=true&JigyosyoCd=0570115873-00&ServiceCd=430&Type=search", "url2": "http://www.apwell.co.jp/" }, "geometry": { "type": "Point", "coordinates": [ 140.12881619999996, 39.6834689 ] } },
{ "type": "Feature", "properties": { "内容": "ケアプランセンター　ワンズライフ【居宅介護支援】秋田県秋田市新屋大川町19-85", "url": "https://www.kaigokensaku.mhlw.go.jp/05/index.php?action_kouhyou_detail_004_kani=true&JigyosyoCd=0570125179-00&ServiceCd=430&Type=search", "url2": "http://oneslife-akita.jp/" }, "geometry": { "type": "Point", "coordinates": [ 140.088667817500493, 39.685979489804794 ] } },
{ "type": "Feature", "properties": { "内容": "秋田市医師会居宅介護支援事業所【居宅介護支援】秋田県秋田市八橋南１－８－５秋田市医師会会館　１階", "url": "https://www.kaigokensaku.mhlw.go.jp/05/index.php?action_kouhyou_detail_004_kani=true&JigyosyoCd=0570101782-00&ServiceCd=430&Type=search", "url2": "http://www.acma.or.jp" }, "geometry": { "type": "Point", "coordinates": [ 140.0922151, 39.720965600000014 ] } },
{ "type": "Feature", "properties": { "内容": "光峰苑居宅介護支援センター【居宅介護支援】秋田県秋田市添川字矢坂１６番地１", "url": "https://www.kaigokensaku.mhlw.go.jp/05/index.php?action_kouhyou_detail_004_kani=true&JigyosyoCd=0570100768-00&ServiceCd=430&Type=search", "url2": "http://www.kohoen.or.jp" }, "geometry": { "type": "Point", "coordinates": [ 140.150894134132727, 39.754928311170445 ] } },
{ "type": "Feature", "properties": { "内容": "プラン　ケアこまち【居宅介護支援】秋田県秋田市将軍野南五丁目10番30号伊藤アパート202号室", "url": "https://www.kaigokensaku.mhlw.go.jp/05/index.php?action_kouhyou_detail_004_kani=true&JigyosyoCd=0570126094-00&ServiceCd=430&Type=search", "url2": null }, "geometry": { "type": "Point", "coordinates": [ 140.085842100000036, 39.7499429 ] } },
{ "type": "Feature", "properties": { "内容": "秋田けやき会居宅介護支援事業所【居宅介護支援】秋田県秋田市御所野下堤五丁目１番５号", "url": "https://www.kaigokensaku.mhlw.go.jp/05/index.php?action_kouhyou_detail_004_kani=true&JigyosyoCd=0570101717-00&ServiceCd=430&Type=search", "url2": "http://akita-keyaki.or.jp/" }, "geometry": { "type": "Point", "coordinates": [ 140.154933900000088, 39.6668883 ] } },
{ "type": "Feature", "properties": { "内容": "松寿会指定居宅介護支援事業所【居宅介護支援】秋田県秋田市浜田字陳ヶ原35-31", "url": "https://www.kaigokensaku.mhlw.go.jp/05/index.php?action_kouhyou_detail_004_kani=true&JigyosyoCd=0570101139-00&ServiceCd=430&Type=search", "url2": null }, "geometry": { "type": "Point", "coordinates": [ 140.068043100000068, 39.650435200000011 ] } },
{ "type": "Feature", "properties": { "内容": "有限会社　ポプラ・ケアサービス【居宅介護支援】秋田県秋田市保戸野桜町15-10", "url": "https://www.kaigokensaku.mhlw.go.jp/05/index.php?action_kouhyou_detail_004_kani=true&JigyosyoCd=0570107615-00&ServiceCd=430&Type=search", "url2": null }, "geometry": { "type": "Point", "coordinates": [ 140.11880640000004, 39.7330959 ] } },
{ "type": "Feature", "properties": { "内容": "桜の園居宅介護支援事業所【居宅介護支援】秋田県秋田市下北手梨平字登館41-3", "url": "https://www.kaigokensaku.mhlw.go.jp/05/index.php?action_kouhyou_detail_004_kani=true&JigyosyoCd=0570102053-00&ServiceCd=430&Type=search", "url2": "http://www.oukyukai.net/" }, "geometry": { "type": "Point", "coordinates": [ 140.157914864256952, 39.702604517640481 ] } },
{ "type": "Feature", "properties": { "内容": "外旭川介護支援センター【居宅介護支援】秋田市外旭川字中谷地４６外旭川サテライトクリニック　２階", "url": "https://www.kaigokensaku.mhlw.go.jp/05/index.php?action_kouhyou_detail_004_kani=true&JigyosyoCd=0570109876-00&ServiceCd=430&Type=search", "url2": "http://www.jkk-sotohp.or.jp" }, "geometry": { "type": "Point", "coordinates": [ 140.099290500000052, 39.7555204 ] } },
{ "type": "Feature", "properties": { "内容": "フォーエバーケアプランセンター【居宅介護支援】秋田県秋田市新屋大川町１８番７号", "url": "https://www.kaigokensaku.mhlw.go.jp/05/index.php?action_kouhyou_detail_004_kani=true&JigyosyoCd=0570100925-00&ServiceCd=430&Type=search", "url2": "http://www.jkk-sotohp.or.jp" }, "geometry": { "type": "Point", "coordinates": [ 140.087970300000052, 39.686189 ] } },
{ "type": "Feature", "properties": { "内容": "うぐいす城東在宅サポートセンター居宅介護支援事業所【居宅介護支援】秋田県秋田市広面字宮田32番地1", "url": "https://www.kaigokensaku.mhlw.go.jp/05/index.php?action_kouhyou_detail_004_kani=true&JigyosyoCd=0570125898-00&ServiceCd=430&Type=search", "url2": "http://www.sanfuku.or.jp/" }, "geometry": { "type": "Point", "coordinates": [ 140.147805100000028, 39.7138297 ] } },
{ "type": "Feature", "properties": { "内容": "魁聖園居宅介護支援事業所【居宅介護支援】秋田県秋田市新藤田字治郎沢52-6", "url": "https://www.kaigokensaku.mhlw.go.jp/05/index.php?action_kouhyou_detail_004_kani=true&JigyosyoCd=0570104703-00&ServiceCd=430&Type=search", "url2": "http://www.kaiseien.jp/" }, "geometry": { "type": "Point", "coordinates": [ 140.13805960000002, 39.7432258 ] } },
{ "type": "Feature", "properties": { "内容": "千秋苑指定居宅介護支援事業所【居宅介護支援】秋田県秋田市外旭川字神田592番地", "url": "https://www.kaigokensaku.mhlw.go.jp/05/index.php?action_kouhyou_detail_004_kani=true&JigyosyoCd=0570100859-00&ServiceCd=430&Type=search", "url2": "http://www.kenjukai-senshuen.jp" }, "geometry": { "type": "Point", "coordinates": [ 140.118630400000029, 39.7512493 ] } },
{ "type": "Feature", "properties": { "内容": "桜の香りケアプラン【居宅介護支援】秋田県秋田市牛島西３丁目４番１６号", "url": "https://www.kaigokensaku.mhlw.go.jp/05/index.php?action_kouhyou_detail_004_kani=true&JigyosyoCd=0570118653-00&ServiceCd=430&Type=search", "url2": null }, "geometry": { "type": "Point", "coordinates": [ 140.110768900000011, 39.6914034 ] } },
{ "type": "Feature", "properties": { "内容": "たんぽぽケアプランセンター【居宅介護支援】秋田県秋田市寺内字イサノ101番地アルファコート1F", "url": "https://www.kaigokensaku.mhlw.go.jp/05/index.php?action_kouhyou_detail_004_kani=true&JigyosyoCd=0570126979-00&ServiceCd=430&Type=search", "url2": null }, "geometry": { "type": "Point", "coordinates": [ 140.097449399999988, 39.737896 ] } },
{ "type": "Feature", "properties": { "内容": "秋田ひまわりの家居宅介護支援事業所【居宅介護支援】秋田県秋田市下北手桜字新桜谷地85番地", "url": "https://www.kaigokensaku.mhlw.go.jp/05/index.php?action_kouhyou_detail_004_kani=true&JigyosyoCd=0570110940-00&ServiceCd=430&Type=search", "url2": "http://www.himawarinoie.co.jp/" }, "geometry": { "type": "Point", "coordinates": [ 140.163636699999984, 39.7165076 ] } },
{ "type": "Feature", "properties": { "内容": "指定居宅介護支援さくら家【居宅介護支援】秋田県秋田市楢山金照町1-32-2", "url": "https://www.kaigokensaku.mhlw.go.jp/05/index.php?action_kouhyou_detail_004_kani=true&JigyosyoCd=0570119263-00&ServiceCd=430&Type=search", "url2": null }, "geometry": { "type": "Point", "coordinates": [ 140.124704799999989, 39.701578 ] } },
{ "type": "Feature", "properties": { "内容": "社会医療法人　正和会　五十嵐記念病院【居宅介護支援】秋田県秋田市土崎港中央1丁目17番23号", "url": "https://www.kaigokensaku.mhlw.go.jp/05/index.php?action_kouhyou_detail_004_kani=true&JigyosyoCd=0570118059-00&ServiceCd=430&Type=search", "url2": "https://wel.akita-seiwakai.jp/igarashi-hc/" }, "geometry": { "type": "Point", "coordinates": [ 140.068504399999938, 39.753539200000041 ] } },
{ "type": "Feature", "properties": { "内容": "やさしい手秋田居宅介護支援事業所【居宅介護支援】秋田県秋田市川尻総社町7-1", "url": "https://www.kaigokensaku.mhlw.go.jp/05/index.php?action_kouhyou_detail_004_kani=true&JigyosyoCd=0570100024-00&ServiceCd=430&Type=search", "url2": "http://www.8341te.com" }, "geometry": { "type": "Point", "coordinates": [ 140.102130825131212, 39.712129106544687 ] } },
{ "type": "Feature", "properties": { "内容": "ケアプラン支援センターふきのとう【居宅介護支援】秋田市広面字二階堤20-1", "url": "https://www.kaigokensaku.mhlw.go.jp/05/index.php?action_kouhyou_detail_004_kani=true&JigyosyoCd=0570114470-00&ServiceCd=430&Type=search", "url2": "http://www.fukinotou-akita.jp" }, "geometry": { "type": "Point", "coordinates": [ 140.146519778417996, 39.732108280145482 ] } },
{ "type": "Feature", "properties": { "内容": "ア・ラ・ヤでデイ【居宅介護支援】秋田県秋田市新屋比内町13番1号", "url": "https://www.kaigokensaku.mhlw.go.jp/05/index.php?action_kouhyou_detail_004_kani=true&JigyosyoCd=0570110163-00&ServiceCd=430&Type=search", "url2": "http://arayadeday.exblog.jp/" }, "geometry": { "type": "Point", "coordinates": [ 140.084087188885519, 39.674411708404499 ] } },
{ "type": "Feature", "properties": { "内容": "河辺荘居宅介護支援事業所【居宅介護支援】秋田県秋田市河辺大張野字水口沢２１６", "url": "https://www.kaigokensaku.mhlw.go.jp/05/index.php?action_kouhyou_detail_004_kani=true&JigyosyoCd=0572400679-00&ServiceCd=430&Type=search", "url2": "http://www.kawabe-fukushikai.jp" }, "geometry": { "type": "Point", "coordinates": [ 140.260294400000021, 39.6593589 ] } },
{ "type": "Feature", "properties": { "内容": "かみの里居宅介護支援センター【居宅介護支援】秋田県秋田市上北手百崎字二タ子沢１－６", "url": "https://www.kaigokensaku.mhlw.go.jp/05/index.php?action_kouhyou_detail_004_kani=true&JigyosyoCd=0570102889-00&ServiceCd=430&Type=search", "url2": "http://www.kaminosato.or.jp/" }, "geometry": { "type": "Point", "coordinates": [ 140.154372100000046, 39.6895439 ] } },
{ "type": "Feature", "properties": { "内容": "ゆりかご指定居宅介護支援事業所【居宅介護支援】秋田県秋田市飯島字寄進田94-1", "url": "https://www.kaigokensaku.mhlw.go.jp/05/index.php?action_kouhyou_detail_004_kani=true&JigyosyoCd=0570121681-00&ServiceCd=430&Type=search", "url2": null }, "geometry": { "type": "Point", "coordinates": [ 140.063566400000013, 39.7927045 ] } },
{ "type": "Feature", "properties": { "内容": "ニチイケアセンターこうや【居宅介護支援】秋田県秋田市寺内字三千刈70-1", "url": "https://www.kaigokensaku.mhlw.go.jp/05/index.php?action_kouhyou_detail_004_kani=true&JigyosyoCd=0570110247-00&ServiceCd=430&Type=search", "url2": "http://www.nichiigakkan.co.jp" }, "geometry": { "type": "Point", "coordinates": [ 140.09335, 39.7422135 ] } },
{ "type": "Feature", "properties": { "内容": "介護支援いずみ【居宅介護支援】秋田県秋田市外旭川字三千刈114番地1", "url": "https://www.kaigokensaku.mhlw.go.jp/05/index.php?action_kouhyou_detail_004_kani=true&JigyosyoCd=0570100495-00&ServiceCd=430&Type=search", "url2": "http://www.kinjuen.net" }, "geometry": { "type": "Point", "coordinates": [ 140.100848187172005, 39.739258673985681 ] } },
{ "type": "Feature", "properties": { "内容": "秋田県看護協会立居宅介護支援事業所【居宅介護支援】秋田県秋田市保戸野千代田町16-16", "url": "https://www.kaigokensaku.mhlw.go.jp/05/index.php?action_kouhyou_detail_004_kani=true&JigyosyoCd=0570101568-00&ServiceCd=430&Type=search", "url2": "http://www.akita-kango.or.jp/" }, "geometry": { "type": "Point", "coordinates": [ 140.107585500000027, 39.7277989 ] } },
{ "type": "Feature", "properties": { "内容": "介護支援センターあるく【居宅介護支援】秋田県秋田市八橋イサノ1丁目13-17ショートステイとまと2階", "url": "https://www.kaigokensaku.mhlw.go.jp/05/index.php?action_kouhyou_detail_004_kani=true&JigyosyoCd=0570127019-00&ServiceCd=430&Type=search", "url2": null }, "geometry": { "type": "Point", "coordinates": [ 140.092660391018967, 39.731835687226905 ] } },
{ "type": "Feature", "properties": { "内容": "リンデンバウムいずみ　ケアプランセンター【居宅介護支援】秋田県秋田市泉菅野二丁目１７番１１号", "url": "https://www.kaigokensaku.mhlw.go.jp/05/index.php?action_kouhyou_detail_004_kani=true&JigyosyoCd=0570106286-00&ServiceCd=430&Type=search", "url2": "http://www.izumi.akita.jp/" }, "geometry": { "type": "Point", "coordinates": [ 140.115308386792123, 39.73604034776649 ] } },
{ "type": "Feature", "properties": { "内容": "ふれ愛の里居宅介護支援センター【居宅介護支援】秋田県秋田市豊岩小山字中山２１６番地２７", "url": "https://www.kaigokensaku.mhlw.go.jp/05/index.php?action_kouhyou_detail_004_kani=true&JigyosyoCd=0570101949-00&ServiceCd=430&Type=search", "url2": "http://fureainosato.or.jp/" }, "geometry": { "type": "Point", "coordinates": [ 140.123758100000032, 39.634846799999984 ] } },
{ "type": "Feature", "properties": { "内容": "ツクイ秋田茨島【居宅介護支援】秋田県秋田市茨島２丁目１１番６５号", "url": "https://www.kaigokensaku.mhlw.go.jp/05/index.php?action_kouhyou_detail_004_kani=true&JigyosyoCd=0570126664-00&ServiceCd=430&Type=search", "url2": "https://www.tsukui.net/home-care/2268/" }, "geometry": { "type": "Point", "coordinates": [ 140.1042899, 39.7001805 ] } },
{ "type": "Feature", "properties": { "内容": "きらら居宅介護支援事業所【居宅介護支援】秋田県秋田市川元開和町1-35東和ビル1階", "url": "https://www.kaigokensaku.mhlw.go.jp/05/index.php?action_kouhyou_detail_004_kani=true&JigyosyoCd=0570116020-00&ServiceCd=430&Type=search", "url2": "http://kirara-tp.co.jp" }, "geometry": { "type": "Point", "coordinates": [ 140.103994882534039, 39.712088265693829 ] } },
{ "type": "Feature", "properties": { "内容": "ケアプランセンターふく灯り【居宅介護支援】秋田県秋田市東通館ノ越13番36号", "url": "https://www.kaigokensaku.mhlw.go.jp/05/index.php?action_kouhyou_detail_004_kani=true&JigyosyoCd=0570127134-00&ServiceCd=430&Type=search", "url2": "http://fukuakari2026.jp" }, "geometry": { "type": "Point", "coordinates": [ 140.1312790183853, 39.707672892342096 ] } },
{ "type": "Feature", "properties": { "内容": "悠悠ケアプランサービス【居宅介護支援】秋田県秋田市寺内油田３丁目１２－６", "url": "https://www.kaigokensaku.mhlw.go.jp/05/index.php?action_kouhyou_detail_004_kani=true&JigyosyoCd=0570115261-00&ServiceCd=430&Type=search", "url2": null }, "geometry": { "type": "Point", "coordinates": [ 140.08743979999997, 39.7320728 ] } },
{ "type": "Feature", "properties": { "内容": "アースワン居宅介護支援事業所【居宅介護支援】秋田県秋田市御所野堤台２丁目２－１９", "url": "https://www.kaigokensaku.mhlw.go.jp/05/index.php?action_kouhyou_detail_004_kani=true&JigyosyoCd=0570126557-00&ServiceCd=430&Type=search", "url2": null }, "geometry": { "type": "Point", "coordinates": [ 140.17167, 39.669663 ] } },
{ "type": "Feature", "properties": { "内容": "新成園指定居宅介護支援事業所【居宅介護支援】秋田県秋田市浜田字元中村280－9", "url": "https://www.kaigokensaku.mhlw.go.jp/05/index.php?action_kouhyou_detail_004_kani=true&JigyosyoCd=0570102285-00&ServiceCd=430&Type=search", "url2": "http://shinseikai-akita.com" }, "geometry": { "type": "Point", "coordinates": [ 140.069483499999933, 39.6800283 ] } },
{ "type": "Feature", "properties": { "内容": "秋田在宅ケアセンター【居宅介護支援】秋田市下北手松崎字前谷地142番地1", "url": "https://www.kaigokensaku.mhlw.go.jp/05/index.php?action_kouhyou_detail_004_kani=true&JigyosyoCd=0570107961-00&ServiceCd=430&Type=search", "url2": "https://akita-zaitaku.co.jp/" }, "geometry": { "type": "Point", "coordinates": [ 140.16081429999997, 39.7238511 ] } },
{ "type": "Feature", "properties": { "内容": "コリウス居宅介護支援事業所【居宅介護支援】秋田市四ツ小屋字城下当場253-4ショートステイ千乃恵事務所内", "url": "https://www.kaigokensaku.mhlw.go.jp/05/index.php?action_kouhyou_detail_004_kani=true&JigyosyoCd=0570112698-00&ServiceCd=430&Type=search", "url2": "https://27ows.hp.peraichi.com" }, "geometry": { "type": "Point", "coordinates": [ 140.1378928, 39.65873 ] } },
{ "type": "Feature", "properties": { "内容": "たんぽぽケアマネセンター【居宅介護支援】能代市落合字下釜谷地１４８番地２", "url": "https://www.kaigokensaku.mhlw.go.jp/05/index.php?action_kouhyou_detail_004_kani=true&JigyosyoCd=0570220616-00&ServiceCd=430&Type=search", "url2": "http://www1.user.kcv-net.ne.jp/tanpopo" }, "geometry": { "type": "Point", "coordinates": [ 140.02429, 40.227505 ] } },
{ "type": "Feature", "properties": { "内容": "スマイルケアセンター【居宅介護支援】秋田県能代市落合字下谷地165番地", "url": "https://www.kaigokensaku.mhlw.go.jp/05/index.php?action_kouhyou_detail_004_kani=true&JigyosyoCd=0570217877-00&ServiceCd=430&Type=search", "url2": null }, "geometry": { "type": "Point", "coordinates": [ 140.030409100000043, 40.2290294 ] } },
{ "type": "Feature", "properties": { "内容": "株式会社　虹の街　能代営業所【居宅介護支援】秋田県能代市河戸川字下大須賀40番", "url": "https://www.kaigokensaku.mhlw.go.jp/05/index.php?action_kouhyou_detail_004_kani=true&JigyosyoCd=0570206094-00&ServiceCd=430&Type=search", "url2": "http://www.saint-care.com/niji/" }, "geometry": { "type": "Point", "coordinates": [ 140.022388299999989, 40.2051626 ] } },
{ "type": "Feature", "properties": { "内容": "ケアプランセンターみんなの家【居宅介護支援】秋田県能代市字藤山112番１", "url": "https://www.kaigokensaku.mhlw.go.jp/05/index.php?action_kouhyou_detail_004_kani=true&JigyosyoCd=0570219931-00&ServiceCd=430&Type=search", "url2": null }, "geometry": { "type": "Point", "coordinates": [ 140.029934079671619, 40.186577220095877 ] } },
{ "type": "Feature", "properties": { "内容": "ケアプラザかんきょう能代店【居宅介護支援】秋田県能代市河戸川字大須賀1番地2", "url": "https://www.kaigokensaku.mhlw.go.jp/05/index.php?action_kouhyou_detail_004_kani=true&JigyosyoCd=0570215376-00&ServiceCd=430&Type=search", "url2": "https://www.kankyonet.co.jp/" }, "geometry": { "type": "Point", "coordinates": [ 140.020512316151098, 40.178575998232851 ] } },
{ "type": "Feature", "properties": { "内容": "ドリームホープなかよしケアプランセンター【居宅介護支援】秋田県能代市浅内字横道５番地１", "url": "https://www.kaigokensaku.mhlw.go.jp/05/index.php?action_kouhyou_detail_004_kani=true&JigyosyoCd=0570215731-00&ServiceCd=430&Type=search", "url2": null }, "geometry": { "type": "Point", "coordinates": [ 140.020060017079885, 40.163683556190826 ] } },
{ "type": "Feature", "properties": { "内容": "ゆかりの森居宅介護支援センター【居宅介護支援】秋田県能代市能代町字中川原25-8", "url": "https://www.kaigokensaku.mhlw.go.jp/05/index.php?action_kouhyou_detail_004_kani=true&JigyosyoCd=0570216507-00&ServiceCd=430&Type=search", "url2": "http://www.yukarino-mori.jp" }, "geometry": { "type": "Point", "coordinates": [ 140.040089299999977, 40.2093487 ] } },
{ "type": "Feature", "properties": { "内容": "ケアプランセンターつむぎ【居宅介護支援】秋田県能代市字町後31番地1", "url": "https://www.kaigokensaku.mhlw.go.jp/05/index.php?action_kouhyou_detail_004_kani=true&JigyosyoCd=0570226456-00&ServiceCd=430&Type=search", "url2": "https://www.kearabooooo.com" }, "geometry": { "type": "Point", "coordinates": [ 140.1205048, 40.2039643 ] } },
{ "type": "Feature", "properties": { "内容": "ケアプランしらかみ【居宅介護支援】秋田県能代市落合字古悪土1-217", "url": "https://www.kaigokensaku.mhlw.go.jp/05/index.php?action_kouhyou_detail_004_kani=true&JigyosyoCd=0570212373-00&ServiceCd=430&Type=search", "url2": "http://www.shirakami.or.jp/~s-soyokaze/index.html" }, "geometry": { "type": "Point", "coordinates": [ 140.009959, 40.2264403 ] } },
{ "type": "Feature", "properties": { "内容": "ケアサポートオフィスやどり木【居宅介護支援】秋田県能代市向能代字上野215-2", "url": "https://www.kaigokensaku.mhlw.go.jp/05/index.php?action_kouhyou_detail_004_kani=true&JigyosyoCd=0570224873-00&ServiceCd=430&Type=search", "url2": "https://llc-yadorigi.wixsite.com/my-site" }, "geometry": { "type": "Point", "coordinates": [ 140.0288928, 40.2212275 ] } },
{ "type": "Feature", "properties": { "内容": "親孝の里居宅介護支援事業所【居宅介護支援】秋田県能代市南元町4番69号", "url": "https://www.kaigokensaku.mhlw.go.jp/05/index.php?action_kouhyou_detail_004_kani=true&JigyosyoCd=0570525295-00&ServiceCd=430&Type=search", "url2": null }, "geometry": { "type": "Point", "coordinates": [ 140.032090299999936, 40.202316 ] } },
{ "type": "Feature", "properties": { "内容": "能代市社会福祉協議会　居宅介護支援事業所【居宅介護支援】秋田県能代市上町１２番３２号", "url": "https://www.kaigokensaku.mhlw.go.jp/05/index.php?action_kouhyou_detail_004_kani=true&JigyosyoCd=0570214080-00&ServiceCd=430&Type=search", "url2": "http://www.noshiroshakyo.jp/" }, "geometry": { "type": "Point", "coordinates": [ 140.0308317, 40.212691100000015 ] } },
{ "type": "Feature", "properties": { "内容": "JAあきた白神居宅介護支援事業所【居宅介護支援】秋田県能代市鰄渕字古屋布４３番地１", "url": "https://www.kaigokensaku.mhlw.go.jp/05/index.php?action_kouhyou_detail_004_kani=true&JigyosyoCd=0570208454-00&ServiceCd=430&Type=search", "url2": "http://akita-shirakami.jp/" }, "geometry": { "type": "Point", "coordinates": [ 140.079725400000029, 40.1886321 ] } },
{ "type": "Feature", "properties": { "内容": "きずなケアマネセンター【居宅介護支援】秋田県能代市南元町３番１０号", "url": "https://www.kaigokensaku.mhlw.go.jp/05/index.php?action_kouhyou_detail_004_kani=true&JigyosyoCd=0570218131-00&ServiceCd=430&Type=search", "url2": "https://www.bunzou.net/" }, "geometry": { "type": "Point", "coordinates": [ 140.032547095089171, 40.203880930211085 ] } },
{ "type": "Feature", "properties": { "内容": "独立行政法人地域医療機能推進機構秋田病院附属居宅介護支援センター【居宅介護支援】秋田県能代市緑町5-47", "url": "https://www.kaigokensaku.mhlw.go.jp/05/index.php?action_kouhyou_detail_004_kani=true&JigyosyoCd=0570200840-00&ServiceCd=430&Type=search", "url2": null }, "geometry": { "type": "Point", "coordinates": [ 140.0358569, 40.198027700000011 ] } },
{ "type": "Feature", "properties": { "内容": "よねしろ指定居宅介護支援事業所【居宅介護支援】秋田県能代市二ツ井町字下野家後145番地特養よねしろ", "url": "https://www.kaigokensaku.mhlw.go.jp/05/index.php?action_kouhyou_detail_004_kani=true&JigyosyoCd=0572201242-00&ServiceCd=430&Type=search", "url2": null }, "geometry": { "type": "Point", "coordinates": [ 140.242172699999969, 40.2095759 ] } },
{ "type": "Feature", "properties": { "内容": "あかしあケアプランセンター【居宅介護支援】能代市花園町２３－５", "url": "https://www.kaigokensaku.mhlw.go.jp/05/index.php?action_kouhyou_detail_004_kani=true&JigyosyoCd=0570221093-00&ServiceCd=430&Type=search", "url2": null }, "geometry": { "type": "Point", "coordinates": [ 140.023991099999989, 40.2003466 ] } },
{ "type": "Feature", "properties": { "内容": "居宅介護支援事業所　よりそい【居宅介護支援】秋田県能代市落合字下谷地２７１番地", "url": "https://www.kaigokensaku.mhlw.go.jp/05/index.php?action_kouhyou_detail_004_kani=true&JigyosyoCd=0570225649-00&ServiceCd=430&Type=search", "url2": "-" }, "geometry": { "type": "Point", "coordinates": [ 140.029678600000011, 40.2268047 ] } },
{ "type": "Feature", "properties": { "内容": "ケアビレッジ燦々介護支援センター【居宅介護支援】秋田県能代市落合字上前田149-1サンビレッジ清風のしろ内", "url": "https://www.kaigokensaku.mhlw.go.jp/05/index.php?action_kouhyou_detail_004_kani=true&JigyosyoCd=0570211003-00&ServiceCd=430&Type=search", "url2": "https://www.shouhouen.co.jp/about/" }, "geometry": { "type": "Point", "coordinates": [ 140.025581800000026, 40.2273239 ] } },
{ "type": "Feature", "properties": { "内容": "能代山本訪問看護ステーションケアマネジメントセンター【居宅介護支援】秋田県能代市檜山字新田沢105", "url": "https://www.kaigokensaku.mhlw.go.jp/05/index.php?action_kouhyou_detail_004_kani=true&JigyosyoCd=0570201772-00&ServiceCd=430&Type=search", "url2": null }, "geometry": { "type": "Point", "coordinates": [ 140.07170450000001, 40.1781304 ] } },
{ "type": "Feature", "properties": { "内容": "ケアサポート　ルミノーソ十文字【居宅介護支援】秋田県横手市十文字町字大道東20番地6", "url": "https://www.kaigokensaku.mhlw.go.jp/05/index.php?action_kouhyou_detail_004_kani=true&JigyosyoCd=0570326603-00&ServiceCd=430&Type=search", "url2": null }, "geometry": { "type": "Point", "coordinates": [ 140.52537670000001, 39.2202461 ] } },
{ "type": "Feature", "properties": { "内容": "ＪＡふるさとケアプランセンター【居宅介護支援】秋田県横手市平鹿町醍醐字道中後28番地1", "url": "https://www.kaigokensaku.mhlw.go.jp/05/index.php?action_kouhyou_detail_004_kani=true&JigyosyoCd=0570326546-00&ServiceCd=430&Type=search", "url2": "https://furusato-fukusi.jp/" }, "geometry": { "type": "Point", "coordinates": [ 140.5390212, 39.2508373 ] } },
{ "type": "Feature", "properties": { "内容": "あいあいケアプランセンター【居宅介護支援】秋田県横手市横山町２-９", "url": "https://www.kaigokensaku.mhlw.go.jp/05/index.php?action_kouhyou_detail_004_kani=true&JigyosyoCd=0570326165-00&ServiceCd=430&Type=search", "url2": "https://www.yotsuba.care" }, "geometry": { "type": "Point", "coordinates": [ 140.56575355977867, 39.303853438533274 ] } },
{ "type": "Feature", "properties": { "内容": "居宅介護支援事業所あおぞら【居宅介護支援】秋田県横手市平鹿町中吉田字清水ノ上56", "url": "https://www.kaigokensaku.mhlw.go.jp/05/index.php?action_kouhyou_detail_004_kani=true&JigyosyoCd=0570326512-00&ServiceCd=430&Type=search", "url2": null }, "geometry": { "type": "Point", "coordinates": [ 140.50195471840172, 39.273931916180885 ] } },
{ "type": "Feature", "properties": { "内容": "ケアプランここ　居宅介護支援事業所【居宅介護支援】秋田県横手市平鹿町下鍋倉字下掵119番地12", "url": "https://www.kaigokensaku.mhlw.go.jp/05/index.php?action_kouhyou_detail_004_kani=true&JigyosyoCd=0570326405-00&ServiceCd=430&Type=search", "url2": null }, "geometry": { "type": "Point", "coordinates": [ 140.493614450029355, 39.256808766217858 ] } },
{ "type": "Feature", "properties": { "内容": "悠西苑居宅介護支援事業所【居宅介護支援】秋田県横手市平鹿町浅舞字新堀146番地", "url": "https://www.kaigokensaku.mhlw.go.jp/05/index.php?action_kouhyou_detail_004_kani=true&JigyosyoCd=0570323733-00&ServiceCd=430&Type=search", "url2": "http://hiraka-yushinkai.jp/" }, "geometry": { "type": "Point", "coordinates": [ 140.483583058724093, 39.269280761000765 ] } },
{ "type": "Feature", "properties": { "内容": "いこいの里介護相談センター・増田【居宅介護支援】秋田県横手市増田町増田字上町155-7", "url": "https://www.kaigokensaku.mhlw.go.jp/05/index.php?action_kouhyou_detail_004_kani=true&JigyosyoCd=0570323667-00&ServiceCd=430&Type=search", "url2": "http://yumedical.jp" }, "geometry": { "type": "Point", "coordinates": [ 140.547693400000071, 39.1998384 ] } },
{ "type": "Feature", "properties": { "内容": "つむぎ指定居宅介護支援事業所【居宅介護支援】秋田県横手市平鹿町浅舞字覚町後224番地", "url": "https://www.kaigokensaku.mhlw.go.jp/05/index.php?action_kouhyou_detail_004_kani=true&JigyosyoCd=0570326447-00&ServiceCd=430&Type=search", "url2": null }, "geometry": { "type": "Point", "coordinates": [ 140.489945699999964, 39.2646023 ] } },
{ "type": "Feature", "properties": { "内容": "ケアプランセンターふきのとう【居宅介護支援】秋田県横手市山内土渕字中島８６番地１", "url": "https://www.kaigokensaku.mhlw.go.jp/05/index.php?action_kouhyou_detail_004_kani=true&JigyosyoCd=0572707263-00&ServiceCd=430&Type=search", "url2": null }, "geometry": { "type": "Point", "coordinates": [ 140.619786930688491, 39.278156612512326 ] } },
{ "type": "Feature", "properties": { "内容": "居宅介護支援事業所えがお【居宅介護支援】秋田県横手市横手町字四ノ口51番地", "url": "https://www.kaigokensaku.mhlw.go.jp/05/index.php?action_kouhyou_detail_004_kani=true&JigyosyoCd=0570321950-00&ServiceCd=430&Type=search", "url2": "http://www.fukuwarai8.jp/" }, "geometry": { "type": "Point", "coordinates": [ 140.550383249025373, 39.313788635910726 ] } },
{ "type": "Feature", "properties": { "内容": "菜康苑居宅介護支援事業所【居宅介護支援】秋田県横手市平鹿町醍醐字道中５７番地３", "url": "https://www.kaigokensaku.mhlw.go.jp/05/index.php?action_kouhyou_detail_004_kani=true&JigyosyoCd=0570317743-00&ServiceCd=430&Type=search", "url2": "http://gl-saikouen.jp" }, "geometry": { "type": "Point", "coordinates": [ 140.5424246, 39.24910220000001 ] } },
{ "type": "Feature", "properties": { "内容": "相和会　かいご相談センター【居宅介護支援】秋田県横手市赤坂字仁坂１０５番地２", "url": "https://www.kaigokensaku.mhlw.go.jp/05/index.php?action_kouhyou_detail_004_kani=true&JigyosyoCd=0570322735-00&ServiceCd=430&Type=search", "url2": "http://sowakai.jp/" }, "geometry": { "type": "Point", "coordinates": [ 140.5332118, 39.299355312954688 ] } },
{ "type": "Feature", "properties": { "内容": "たんぽぽ居宅介護支援事業所【居宅介護支援】秋田県横手市安田字八王寺106番地2", "url": "https://www.kaigokensaku.mhlw.go.jp/05/index.php?action_kouhyou_detail_004_kani=true&JigyosyoCd=0570326462-00&ServiceCd=430&Type=search", "url2": null }, "geometry": { "type": "Point", "coordinates": [ 140.5620405, 39.2936395 ] } },
{ "type": "Feature", "properties": { "内容": "ケアサポートたんせ【居宅介護支援】秋田県横手市杉沢字鶴谷地106番地２", "url": "https://www.kaigokensaku.mhlw.go.jp/05/index.php?action_kouhyou_detail_004_kani=true&JigyosyoCd=0570326496-00&ServiceCd=430&Type=search", "url2": null }, "geometry": { "type": "Point", "coordinates": [ 140.5649053, 39.3413337 ] } },
{ "type": "Feature", "properties": { "内容": "ケアサポートひかり【居宅介護支援】秋田県横手市安田字馬場２２７番地ヒカリエ横手", "url": "https://www.kaigokensaku.mhlw.go.jp/05/index.php?action_kouhyou_detail_004_kani=true&JigyosyoCd=0570321232-00&ServiceCd=430&Type=search", "url2": null }, "geometry": { "type": "Point", "coordinates": [ 140.561638788360568, 39.298869507620914 ] } },
{ "type": "Feature", "properties": { "内容": "ケアプランセンター清川の里【居宅介護支援】秋田県横手市清川町13番16号", "url": "https://www.kaigokensaku.mhlw.go.jp/05/index.php?action_kouhyou_detail_004_kani=true&JigyosyoCd=0570322701-00&ServiceCd=430&Type=search", "url2": "http://kiyokawanosato.com" }, "geometry": { "type": "Point", "coordinates": [ 140.574458899999968, 39.3095325 ] } },
{ "type": "Feature", "properties": { "内容": "ケアプランゆきんこ指定居宅介護支援事業所【居宅介護支援】秋田県横手市雄物川町今宿字今宿４８番地３", "url": "https://www.kaigokensaku.mhlw.go.jp/05/index.php?action_kouhyou_detail_004_kani=true&JigyosyoCd=0570319285-00&ServiceCd=430&Type=search", "url2": null }, "geometry": { "type": "Point", "coordinates": [ 140.427293100000043, 39.291611 ] } },
{ "type": "Feature", "properties": { "内容": "横手市増田町居宅介護支援事業所【居宅介護支援】秋田県横手市増田町増田字七日町１７７番地", "url": "https://www.kaigokensaku.mhlw.go.jp/05/index.php?action_kouhyou_detail_004_kani=true&JigyosyoCd=0570317123-00&ServiceCd=430&Type=search", "url2": "http://family-care-service.com/" }, "geometry": { "type": "Point", "coordinates": [ 140.549226500000032, 39.2033187 ] } },
{ "type": "Feature", "properties": { "内容": "ケアステーションこころ【居宅介護支援】秋田県横手市鍛冶町３－３１", "url": "https://www.kaigokensaku.mhlw.go.jp/05/index.php?action_kouhyou_detail_004_kani=true&JigyosyoCd=0570308593-00&ServiceCd=430&Type=search", "url2": null }, "geometry": { "type": "Point", "coordinates": [ 140.568977500000017, 39.312232200000018 ] } },
{ "type": "Feature", "properties": { "内容": "介護の相談所　花むつみ【居宅介護支援】秋田県横手市十文字町睦合字川井川47番地", "url": "https://www.kaigokensaku.mhlw.go.jp/05/index.php?action_kouhyou_detail_004_kani=true&JigyosyoCd=0570321265-00&ServiceCd=430&Type=search", "url2": "http://isshin-group.net/" }, "geometry": { "type": "Point", "coordinates": [ 140.448910373722839, 39.23161692142817 ] } },
{ "type": "Feature", "properties": { "内容": "居宅介護支援事業所なでしこ【居宅介護支援】秋田県横手市大森町字大森47番地", "url": "https://www.kaigokensaku.mhlw.go.jp/05/index.php?action_kouhyou_detail_004_kani=true&JigyosyoCd=0570325936-00&ServiceCd=430&Type=search", "url2": null }, "geometry": { "type": "Point", "coordinates": [ 140.429175445368941, 39.345362891043209 ] } },
{ "type": "Feature", "properties": { "内容": "オレンジ指定居宅介護支援事業所【居宅介護支援】秋田県横手市十文字町字海道下５６番地２", "url": "https://www.kaigokensaku.mhlw.go.jp/05/index.php?action_kouhyou_detail_004_kani=true&JigyosyoCd=0570323964-00&ServiceCd=430&Type=search", "url2": "http://avec-toi-jumonji.net" }, "geometry": { "type": "Point", "coordinates": [ 140.522137462810065, 39.228631030004493 ] } },
{ "type": "Feature", "properties": { "内容": "横手市社会福祉協議会平寿苑指定居宅介護支援事業所【居宅介護支援】秋田県横手市平鹿町浅舞字館廻353番地", "url": "https://www.kaigokensaku.mhlw.go.jp/05/index.php?action_kouhyou_detail_004_kani=true&JigyosyoCd=0570313213-00&ServiceCd=430&Type=search", "url2": null }, "geometry": { "type": "Point", "coordinates": [ 140.483555992590396, 39.267904452346031 ] } },
{ "type": "Feature", "properties": { "内容": "有限会社ケアプランナー横手【居宅介護支援】秋田県横手市寿町６番３号", "url": "https://www.kaigokensaku.mhlw.go.jp/05/index.php?action_kouhyou_detail_004_kani=true&JigyosyoCd=0570312546-00&ServiceCd=430&Type=search", "url2": "https://cp-yokote.jp" }, "geometry": { "type": "Point", "coordinates": [ 140.563288300000067, 39.3119929 ] } },
{ "type": "Feature", "properties": { "内容": "秋田県厚生連平鹿指定居宅介護支援事業所【居宅介護支援】秋田県横手市前郷字八ツ口3番1", "url": "https://www.kaigokensaku.mhlw.go.jp/05/index.php?action_kouhyou_detail_004_kani=true&JigyosyoCd=0570304493-00&ServiceCd=430&Type=search", "url2": "http://www.hiraka-hp.yokote.akita.jp/" }, "geometry": { "type": "Point", "coordinates": [ 140.548814734038046, 39.312743310442762 ] } },
{ "type": "Feature", "properties": { "内容": "横手市社会福祉協議会西部指定居宅介護支援事業所【居宅介護支援】秋田県横手市大雄字大関310", "url": "https://www.kaigokensaku.mhlw.go.jp/05/index.php?action_kouhyou_detail_004_kani=true&JigyosyoCd=0570313288-00&ServiceCd=430&Type=search", "url2": null }, "geometry": { "type": "Point", "coordinates": [ 140.474776653881577, 39.336339827388478 ] } },
{ "type": "Feature", "properties": { "内容": "すこやか横手居宅介護支援センター【居宅介護支援】秋田県横手市横山町1-1", "url": "https://www.kaigokensaku.mhlw.go.jp/05/index.php?action_kouhyou_detail_004_kani=true&JigyosyoCd=0570300186-00&ServiceCd=430&Type=search", "url2": "http://www.family-care-service.com/yokote" }, "geometry": { "type": "Point", "coordinates": [ 140.563658299999986, 39.3045134 ] } },
{ "type": "Feature", "properties": { "内容": "居宅介護支援事業所すこやか大雄【居宅介護支援】秋田県横手市大雄字八柏谷地103-1", "url": "https://www.kaigokensaku.mhlw.go.jp/05/index.php?action_kouhyou_detail_004_kani=true&JigyosyoCd=0570319913-00&ServiceCd=430&Type=search", "url2": "http://family-care-service.com/" }, "geometry": { "type": "Point", "coordinates": [ 140.494714130474762, 39.323795177106945 ] } },
{ "type": "Feature", "properties": { "内容": "虹の街ケアプランセンター横手【居宅介護支援】秋田県横手市三本柳字寺田135番3号", "url": "https://www.kaigokensaku.mhlw.go.jp/05/index.php?action_kouhyou_detail_004_kani=true&JigyosyoCd=0570324210-00&ServiceCd=430&Type=search", "url2": "https://www.saint-care.com/niji/" }, "geometry": { "type": "Point", "coordinates": [ 140.5461732, 39.3190581 ] } },
{ "type": "Feature", "properties": { "内容": "西風苑居宅介護支援事業所【居宅介護支援】秋田県横手市平鹿町浅舞字新堀９１", "url": "https://www.kaigokensaku.mhlw.go.jp/05/index.php?action_kouhyou_detail_004_kani=true&JigyosyoCd=0570318808-00&ServiceCd=430&Type=search", "url2": "https://roukenseifuen.wixsite.com/seifuen" }, "geometry": { "type": "Point", "coordinates": [ 140.483731400000011, 39.2697486 ] } },
{ "type": "Feature", "properties": { "内容": "ケアプランセンター　悟空【居宅介護支援】秋田県横手市赤坂字後野55番地", "url": "https://www.kaigokensaku.mhlw.go.jp/05/index.php?action_kouhyou_detail_004_kani=true&JigyosyoCd=0570316083-00&ServiceCd=430&Type=search", "url2": null }, "geometry": { "type": "Point", "coordinates": [ 140.546782399999984, 39.3065571 ] } },
{ "type": "Feature", "properties": { "内容": "横手市社会福祉協議会十文字福祉センター指定居宅介護支援事業所【居宅介護支援】秋田県横手市十文字町梨木字御休ノ上２９番地", "url": "https://www.kaigokensaku.mhlw.go.jp/05/index.php?action_kouhyou_detail_004_kani=true&JigyosyoCd=0570313387-00&ServiceCd=430&Type=search", "url2": null }, "geometry": { "type": "Point", "coordinates": [ 140.524372200000016, 39.237548 ] } },
{ "type": "Feature", "properties": { "内容": "横手市社会福祉協議会東部指定居宅介護支援事業所【居宅介護支援】秋田県横手市山内土渕字鶴ケ池31番地３", "url": "https://www.kaigokensaku.mhlw.go.jp/05/index.php?action_kouhyou_detail_004_kani=true&JigyosyoCd=0570313346-00&ServiceCd=430&Type=search", "url2": null }, "geometry": { "type": "Point", "coordinates": [ 140.621503, 39.2822401 ] } },
{ "type": "Feature", "properties": { "内容": "りんごの里福寿園居宅介護支援センター【居宅介護支援】秋田県横手市増田町吉野字梨木塚101-1", "url": "https://www.kaigokensaku.mhlw.go.jp/05/index.php?action_kouhyou_detail_004_kani=true&JigyosyoCd=0572701696-00&ServiceCd=430&Type=search", "url2": "http://yokote-fukuzyukai.jp" }, "geometry": { "type": "Point", "coordinates": [ 140.581404854145319, 39.201937285307565 ] } },
{ "type": "Feature", "properties": { "内容": "やすらぎケアサービス【居宅介護支援】秋田県横手市杉沢字中杉沢400番地", "url": "https://www.kaigokensaku.mhlw.go.jp/05/index.php?action_kouhyou_detail_004_kani=true&JigyosyoCd=0570300608-00&ServiceCd=430&Type=search", "url2": "http://www.kohseikai.com/" }, "geometry": { "type": "Point", "coordinates": [ 140.565496899999971, 39.3506931 ] } },
{ "type": "Feature", "properties": { "内容": "居宅介護支援事業所さくら【居宅介護支援】秋田県横手市駅前町13番22号", "url": "https://www.kaigokensaku.mhlw.go.jp/05/index.php?action_kouhyou_detail_004_kani=true&JigyosyoCd=0570321760-00&ServiceCd=430&Type=search", "url2": "http://www.yokotefukushikai.or.jp" }, "geometry": { "type": "Point", "coordinates": [ 140.562780495631387, 39.305763327566794 ] } },
{ "type": "Feature", "properties": { "内容": "扇田介護支援事業所【居宅介護支援】秋田県大館市比内町扇田字扇田423", "url": "https://www.kaigokensaku.mhlw.go.jp/05/index.php?action_kouhyou_detail_004_kani=true&JigyosyoCd=0570425207-00&ServiceCd=430&Type=search", "url2": null }, "geometry": { "type": "Point", "coordinates": [ 140.576185900000041, 40.2293354 ] } },
{ "type": "Feature", "properties": { "内容": "介護サポートステーションみらい【居宅介護支援】秋田県大館市観音堂539-1", "url": "https://www.kaigokensaku.mhlw.go.jp/05/index.php?action_kouhyou_detail_004_kani=true&JigyosyoCd=0570427096-00&ServiceCd=430&Type=search", "url2": "https://mirai-frt.jp/" }, "geometry": { "type": "Point", "coordinates": [ 140.5774099, 40.2798628 ] } },
{ "type": "Feature", "properties": { "内容": "ケアセンターこころ【居宅介護支援】秋田県大館市幸町14-15", "url": "https://www.kaigokensaku.mhlw.go.jp/05/index.php?action_kouhyou_detail_004_kani=true&JigyosyoCd=0570426478-00&ServiceCd=430&Type=search", "url2": "http://see-smile.com" }, "geometry": { "type": "Point", "coordinates": [ 140.5551898, 40.2699637 ] } },
{ "type": "Feature", "properties": { "内容": "指定居宅介護支援事業所ひない【居宅介護支援】秋田県大館市比内町新館字真館21番地2", "url": "https://www.kaigokensaku.mhlw.go.jp/05/index.php?action_kouhyou_detail_004_kani=true&JigyosyoCd=0572101939-00&ServiceCd=430&Type=search", "url2": "http://www.hinai-fukushikai.jp" }, "geometry": { "type": "Point", "coordinates": [ 140.582674900000029, 40.2176815 ] } },
{ "type": "Feature", "properties": { "内容": "居宅介護支援事業所いずみ【居宅介護支援】秋田県大館市泉町９番地１９号泉町地域ふくしセンター", "url": "https://www.kaigokensaku.mhlw.go.jp/05/index.php?action_kouhyou_detail_004_kani=true&JigyosyoCd=0570422238-00&ServiceCd=430&Type=search", "url2": "http://www.fukuokf.jp/" }, "geometry": { "type": "Point", "coordinates": [ 140.556572499999987, 40.2641446 ] } },
{ "type": "Feature", "properties": { "内容": "ケアプラザかんきょう大館店【居宅介護支援】秋田県大館市住吉町1番20号", "url": "https://www.kaigokensaku.mhlw.go.jp/05/index.php?action_kouhyou_detail_004_kani=true&JigyosyoCd=0570415364-00&ServiceCd=430&Type=search", "url2": "https://www.kankyonet.co.jp/" }, "geometry": { "type": "Point", "coordinates": [ 140.543253899999968, 40.2728626 ] } },
{ "type": "Feature", "properties": { "内容": "すずらん居宅支援事業所【居宅介護支援】秋田県大館市南神明町15-14", "url": "https://www.kaigokensaku.mhlw.go.jp/05/index.php?action_kouhyou_detail_004_kani=true&JigyosyoCd=0570404327-00&ServiceCd=430&Type=search", "url2": "https://www.mari-etp.com" }, "geometry": { "type": "Point", "coordinates": [ 140.55173289759972, 40.264397333116257 ] } },
{ "type": "Feature", "properties": { "内容": "株式会社　虹の街　大館営業所【居宅介護支援】秋田県大館市清水三丁目1-2", "url": "https://www.kaigokensaku.mhlw.go.jp/05/index.php?action_kouhyou_detail_004_kani=true&JigyosyoCd=0570407346-00&ServiceCd=430&Type=search", "url2": "https://www.saint-care.com/niji" }, "geometry": { "type": "Point", "coordinates": [ 140.554224699999963, 40.2796621 ] } },
{ "type": "Feature", "properties": { "内容": "ふれあいセンター【居宅介護支援】秋田県大館市御成町2丁目17番10号", "url": "https://www.kaigokensaku.mhlw.go.jp/05/index.php?action_kouhyou_detail_004_kani=true&JigyosyoCd=0570400978-00&ServiceCd=430&Type=search", "url2": "http://kk-tact.com/" }, "geometry": { "type": "Point", "coordinates": [ 140.561296099999936, 40.28437 ] } },
{ "type": "Feature", "properties": { "内容": "ニチイケアセンター大館【居宅介護支援】秋田県大館市釈迦内字中台25-9", "url": "https://www.kaigokensaku.mhlw.go.jp/05/index.php?action_kouhyou_detail_004_kani=true&JigyosyoCd=0570401554-00&ServiceCd=430&Type=search", "url2": "http://www.nichiigakkan.co.jp" }, "geometry": { "type": "Point", "coordinates": [ 140.569905100000028, 40.3076536 ] } },
{ "type": "Feature", "properties": { "内容": "成寿苑指定居宅介護支援事業所【居宅介護支援】秋田県大館市釈迦内字狼穴７９番地", "url": "https://www.kaigokensaku.mhlw.go.jp/05/index.php?action_kouhyou_detail_004_kani=true&JigyosyoCd=0570412171-00&ServiceCd=430&Type=search", "url2": "http://seijuen.or.jp/" }, "geometry": { "type": "Point", "coordinates": [ 140.572793499999989, 40.3119643 ] } },
{ "type": "Feature", "properties": { "内容": "ケアプランセンターまごころ【居宅介護支援】秋田県大館市東台七丁目4番10号", "url": "https://www.kaigokensaku.mhlw.go.jp/05/index.php?action_kouhyou_detail_004_kani=true&JigyosyoCd=0570421891-00&ServiceCd=430&Type=search", "url2": null }, "geometry": { "type": "Point", "coordinates": [ 140.580263537786891, 40.269192498810384 ] } },
{ "type": "Feature", "properties": { "内容": "秋田県大館市社会福祉協議会　指定居宅介護支援事業所【居宅介護支援】大館市字三ノ丸１０３番地４総合福祉センター", "url": "https://www.kaigokensaku.mhlw.go.jp/05/index.php?action_kouhyou_detail_004_kani=true&JigyosyoCd=0570401836-00&ServiceCd=430&Type=search", "url2": "http://www.oodate-shakyo.or.jp" }, "geometry": { "type": "Point", "coordinates": [ 140.563435499999969, 40.2722355 ] } },
{ "type": "Feature", "properties": { "内容": "山館苑指定居宅介護支援事業所【居宅介護支援】秋田県大館市山館字館ノ下12番地1", "url": "https://www.kaigokensaku.mhlw.go.jp/05/index.php?action_kouhyou_detail_004_kani=true&JigyosyoCd=0570426460-00&ServiceCd=430&Type=search", "url2": "https://suikohen.jp/" }, "geometry": { "type": "Point", "coordinates": [ 140.5836021, 40.2371668 ] } },
{ "type": "Feature", "properties": { "内容": "ケアプランセンターおおたき【居宅介護支援】秋田県大館市十二所字大水口4番地5", "url": "https://www.kaigokensaku.mhlw.go.jp/05/index.php?action_kouhyou_detail_004_kani=true&JigyosyoCd=0570401828-00&ServiceCd=430&Type=search", "url2": "http://www.odate-sfj.jp/" }, "geometry": { "type": "Point", "coordinates": [ 140.6582148, 40.2158174 ] } },
{ "type": "Feature", "properties": { "内容": "介護サービスセンター山王台（居宅介護支援事業所）【居宅介護支援】秋田県大館市池内字上野234番地1", "url": "https://www.kaigokensaku.mhlw.go.jp/05/index.php?action_kouhyou_detail_004_kani=true&JigyosyoCd=0570416339-00&ServiceCd=430&Type=search", "url2": "http://www.hinai-fukushikai.jp/sannodai/02kyotakukaigo/" }, "geometry": { "type": "Point", "coordinates": [ 140.578640671163953, 40.255924800552179 ] } },
{ "type": "Feature", "properties": { "内容": "長慶荘居宅介護支援事業所【居宅介護支援】秋田県大館市岩瀬字上岩瀬塚の岱１６番地", "url": "https://www.kaigokensaku.mhlw.go.jp/05/index.php?action_kouhyou_detail_004_kani=true&JigyosyoCd=0572101236-00&ServiceCd=430&Type=search", "url2": "http://www.fukuokf.jp/" }, "geometry": { "type": "Point", "coordinates": [ 140.451645900000017, 40.293678900000032 ] } },
{ "type": "Feature", "properties": { "内容": "介護支援事業所じょい【居宅介護支援】秋田県大館市餅田1丁目5番21号", "url": "https://www.kaigokensaku.mhlw.go.jp/05/index.php?action_kouhyou_detail_004_kani=true&JigyosyoCd=0570421255-00&ServiceCd=430&Type=search", "url2": null }, "geometry": { "type": "Point", "coordinates": [ 140.522927699999968, 40.2768004 ] } },
{ "type": "Feature", "properties": { "内容": "神山荘居宅介護支援事業所【居宅介護支援】秋田県大館市花岡町字神山６番地２", "url": "https://www.kaigokensaku.mhlw.go.jp/05/index.php?action_kouhyou_detail_004_kani=true&JigyosyoCd=0570401224-00&ServiceCd=430&Type=search", "url2": "http://www.fukuokf.jp/" }, "geometry": { "type": "Point", "coordinates": [ 140.555556, 40.3230236 ] } },
{ "type": "Feature", "properties": { "内容": "ケアセンター一心堂【居宅介護支援】秋田県大館市東台2丁目１－７５－２", "url": "https://www.kaigokensaku.mhlw.go.jp/05/index.php?action_kouhyou_detail_004_kani=true&JigyosyoCd=0570401117-00&ServiceCd=430&Type=search", "url2": "http://www.isshin-do.com" }, "geometry": { "type": "Point", "coordinates": [ 140.574306799999931, 40.2704915 ] } },
{ "type": "Feature", "properties": { "内容": "水交苑指定居宅介護支援事業所【居宅介護支援】秋田県大館市字下綱123番地", "url": "https://www.kaigokensaku.mhlw.go.jp/05/index.php?action_kouhyou_detail_004_kani=true&JigyosyoCd=0570402222-00&ServiceCd=430&Type=search", "url2": "https://suikohen.jp/" }, "geometry": { "type": "Point", "coordinates": [ 140.587235, 40.290406200000042 ] } },
{ "type": "Feature", "properties": { "内容": "介護相談室くらす【居宅介護支援】秋田県大館市十二所字町頭49番地千歳ホテル", "url": "https://www.kaigokensaku.mhlw.go.jp/05/index.php?action_kouhyou_detail_004_kani=true&JigyosyoCd=0570425132-00&ServiceCd=430&Type=search", "url2": "http://npo-kurasu.com" }, "geometry": { "type": "Point", "coordinates": [ 140.642899899999946, 40.2135421 ] } },
{ "type": "Feature", "properties": { "内容": "ほがらかケアプランセンター【居宅介護支援】秋田県男鹿市払戸字横長根82番地17", "url": "https://www.kaigokensaku.mhlw.go.jp/05/index.php?action_kouhyou_detail_004_kani=true&JigyosyoCd=0570623553-00&ServiceCd=430&Type=search", "url2": null }, "geometry": { "type": "Point", "coordinates": [ 139.931861600000047, 39.9170478 ] } },
{ "type": "Feature", "properties": { "内容": "居宅介護支援センター　たらちね【居宅介護支援】秋田県男鹿市船越字一向67番地1", "url": "https://www.kaigokensaku.mhlw.go.jp/05/index.php?action_kouhyou_detail_004_kani=true&JigyosyoCd=0570612119-00&ServiceCd=430&Type=search", "url2": "http://www.jusinkai.or.jp" }, "geometry": { "type": "Point", "coordinates": [ 139.948187700000062, 39.8981726 ] } },
{ "type": "Feature", "properties": { "内容": "ケアプランセンター蒼きもり【居宅介護支援】秋田県男鹿市船越字狐森147番地2", "url": "https://www.kaigokensaku.mhlw.go.jp/05/index.php?action_kouhyou_detail_004_kani=true&JigyosyoCd=0570620112-00&ServiceCd=430&Type=search", "url2": null }, "geometry": { "type": "Point", "coordinates": [ 139.9484903, 39.9038416 ] } },
{ "type": "Feature", "properties": { "内容": "和幸苑指定居宅介護支援事業所【居宅介護支援】秋田県男鹿市角間崎字岡見沢86番地12", "url": "https://www.kaigokensaku.mhlw.go.jp/05/index.php?action_kouhyou_detail_004_kani=true&JigyosyoCd=0572300945-00&ServiceCd=430&Type=search", "url2": "http://wakami-sakurakai.jp/nursinghome-wakoen.html" }, "geometry": { "type": "Point", "coordinates": [ 139.904919899999982, 39.9602281 ] } },
{ "type": "Feature", "properties": { "内容": "男鹿老健居宅介護支援事業所【居宅介護支援】秋田県男鹿市脇本富永字南前田７２", "url": "https://www.kaigokensaku.mhlw.go.jp/05/index.php?action_kouhyou_detail_004_kani=true&JigyosyoCd=0570626465-00&ServiceCd=430&Type=search", "url2": "https://wel.akita-seiwakai.jp/oga-hc/" }, "geometry": { "type": "Point", "coordinates": [ 139.902242, 39.915834500000045 ] } },
{ "type": "Feature", "properties": { "内容": "男鹿市中央居宅介護支援事業所【居宅介護支援】男鹿市船川港船川字片田７４", "url": "https://www.kaigokensaku.mhlw.go.jp/05/index.php?action_kouhyou_detail_004_kani=true&JigyosyoCd=0570611913-00&ServiceCd=430&Type=search", "url2": "http://www.ogashakyo.com/" }, "geometry": { "type": "Point", "coordinates": [ 139.843625, 39.8890924 ] } },
{ "type": "Feature", "properties": { "内容": "長谷川医院居宅介護支援センター【居宅介護支援】秋田県男鹿市船川港船川字新浜町26－2", "url": "https://www.kaigokensaku.mhlw.go.jp/05/index.php?action_kouhyou_detail_004_kani=true&JigyosyoCd=0570610998-00&ServiceCd=430&Type=search", "url2": "http://www.kouyukai-h.com/kyotaku/index.html" }, "geometry": { "type": "Point", "coordinates": [ 139.847583200000031, 39.8842152 ] } },
{ "type": "Feature", "properties": { "内容": "マネジメントオフィスあい【居宅介護支援】秋田県男鹿市船川港船川字外ケ沢116番地2", "url": "https://www.kaigokensaku.mhlw.go.jp/05/index.php?action_kouhyou_detail_004_kani=true&JigyosyoCd=0570626457-00&ServiceCd=430&Type=search", "url2": null }, "geometry": { "type": "Point", "coordinates": [ 139.8444244, 39.880495 ] } },
{ "type": "Feature", "properties": { "内容": "ケアプランあかる居宅介護支援事業所【居宅介護支援】秋田県男鹿市脇本脇本字脇本72番地", "url": "https://www.kaigokensaku.mhlw.go.jp/05/index.php?action_kouhyou_detail_004_kani=true&JigyosyoCd=0570620468-00&ServiceCd=430&Type=search", "url2": null }, "geometry": { "type": "Point", "coordinates": [ 139.902990640475423, 39.904436363581873 ] } },
{ "type": "Feature", "properties": { "内容": "居宅介護支援センター南海【居宅介護支援】秋田県男鹿市船川港女川字鵜ノ崎130番地1", "url": "https://www.kaigokensaku.mhlw.go.jp/05/index.php?action_kouhyou_detail_004_kani=true&JigyosyoCd=0570605253-00&ServiceCd=430&Type=search", "url2": "http://www.juen.or.jp" }, "geometry": { "type": "Point", "coordinates": [ 139.819072900000037, 39.8616672 ] } },
{ "type": "Feature", "properties": { "内容": "男鹿市北部居宅介護支援事業所【居宅介護支援】秋田県男鹿市北浦北浦字平岱山2番地24", "url": "https://www.kaigokensaku.mhlw.go.jp/05/index.php?action_kouhyou_detail_004_kani=true&JigyosyoCd=0570611905-00&ServiceCd=430&Type=search", "url2": null }, "geometry": { "type": "Point", "coordinates": [ 139.75253440000003, 39.9517862 ] } },
{ "type": "Feature", "properties": { "内容": "居宅介護支援事業所　ゆりの希【居宅介護支援】秋田県男鹿市船越字内子294番地３", "url": "https://www.kaigokensaku.mhlw.go.jp/05/index.php?action_kouhyou_detail_004_kani=true&JigyosyoCd=0570620682-00&ServiceCd=430&Type=search", "url2": "http://www.akita-kousenkai.org/" }, "geometry": { "type": "Point", "coordinates": [ 139.922603699999968, 39.9069371 ] } },
{ "type": "Feature", "properties": { "内容": "なないろ居宅介護支援センター【居宅介護支援】男鹿市船川港船川字海岸通り二号2-7", "url": "https://www.kaigokensaku.mhlw.go.jp/05/index.php?action_kouhyou_detail_004_kani=true&JigyosyoCd=0570619650-00&ServiceCd=430&Type=search", "url2": null }, "geometry": { "type": "Point", "coordinates": [ 139.851155925435165, 39.888490191459233 ] } },
{ "type": "Feature", "properties": { "内容": "ＪＡこまち指定居宅介護支援事業所【居宅介護支援】秋田県湯沢市倉内字三ツ屋６番１", "url": "https://www.kaigokensaku.mhlw.go.jp/05/index.php?action_kouhyou_detail_004_kani=true&JigyosyoCd=0570710020-00&ServiceCd=430&Type=search", "url2": "http://ja-komachi.jp/" }, "geometry": { "type": "Point", "coordinates": [ 140.464036557041936, 39.185156295093378 ] } },
{ "type": "Feature", "properties": { "内容": "介護プラザすずらん居宅介護支援センター【居宅介護支援】秋田県湯沢市愛宕町二丁目６番２２号", "url": "https://www.kaigokensaku.mhlw.go.jp/05/index.php?action_kouhyou_detail_004_kani=true&JigyosyoCd=0570709766-00&ServiceCd=430&Type=search", "url2": null }, "geometry": { "type": "Point", "coordinates": [ 140.4899471, 39.1534969 ] } },
{ "type": "Feature", "properties": { "内容": "みなせ居宅介護支援事業所【居宅介護支援】秋田県湯沢市皆瀬字小野１８８－１", "url": "https://www.kaigokensaku.mhlw.go.jp/05/index.php?action_kouhyou_detail_004_kani=true&JigyosyoCd=0572810562-00&ServiceCd=430&Type=search", "url2": "http://www.shinetopia.com" }, "geometry": { "type": "Point", "coordinates": [ 140.5895706, 39.074401 ] } },
{ "type": "Feature", "properties": { "内容": "湯沢そうあい居宅介護支援事業所【居宅介護支援】秋田県湯沢市相川字碇108番地", "url": "https://www.kaigokensaku.mhlw.go.jp/05/index.php?action_kouhyou_detail_004_kani=true&JigyosyoCd=0570715946-00&ServiceCd=430&Type=search", "url2": "http://www.yushakyo.or.jp" }, "geometry": { "type": "Point", "coordinates": [ 140.491990100000066, 39.0771384 ] } },
{ "type": "Feature", "properties": { "内容": "医療法人せいとく会菅医院居宅介護支援事業所【居宅介護支援】秋田県湯沢市小野字東堺77番地1", "url": "https://www.kaigokensaku.mhlw.go.jp/05/index.php?action_kouhyou_detail_004_kani=true&JigyosyoCd=0570726455-00&ServiceCd=430&Type=search", "url2": "http://sugahsp.cloudfree.jp/" }, "geometry": { "type": "Point", "coordinates": [ 140.4553071, 39.06451 ] } },
{ "type": "Feature", "properties": { "内容": "平成園指定居宅介護支援事業所【居宅介護支援】秋田県湯沢市小野字大沢田221番地", "url": "https://www.kaigokensaku.mhlw.go.jp/05/index.php?action_kouhyou_detail_004_kani=true&JigyosyoCd=0572800274-00&ServiceCd=430&Type=search", "url2": "http://ogachi-nagomi.net/" }, "geometry": { "type": "Point", "coordinates": [ 140.459251399999971, 39.0576759 ] } },
{ "type": "Feature", "properties": { "内容": "桜おかだ居宅介護支援事業所【居宅介護支援】秋田県湯沢市岡田町１４番２８号", "url": "https://www.kaigokensaku.mhlw.go.jp/05/index.php?action_kouhyou_detail_004_kani=true&JigyosyoCd=0570718312-00&ServiceCd=430&Type=search", "url2": "http://ogachi-nagomi.net" }, "geometry": { "type": "Point", "coordinates": [ 140.480743942596973, 39.159903709550477 ] } },
{ "type": "Feature", "properties": { "内容": "湯沢ゆうあい介護支援センター【居宅介護支援】秋田県湯沢市古館町4番5号湯沢市福祉センター", "url": "https://www.kaigokensaku.mhlw.go.jp/05/index.php?action_kouhyou_detail_004_kani=true&JigyosyoCd=0570711408-00&ServiceCd=430&Type=search", "url2": "http://www.yushakyo.or.jp" }, "geometry": { "type": "Point", "coordinates": [ 140.489299399999936, 39.1711837 ] } },
{ "type": "Feature", "properties": { "内容": "くるみケアプランセンター【居宅介護支援】秋田県湯沢市川連町字平城下14番地3ケアプラザいなかわ", "url": "https://www.kaigokensaku.mhlw.go.jp/05/index.php?action_kouhyou_detail_004_kani=true&JigyosyoCd=0572810331-00&ServiceCd=430&Type=search", "url2": "http://www.inakawa-fukushi.or.jp/" }, "geometry": { "type": "Point", "coordinates": [ 140.566085226254216, 39.152074293274794 ] } },
{ "type": "Feature", "properties": { "内容": "紫雲閣居宅介護支援センター【居宅介護支援】秋田県湯沢市横堀字小正寺16番地1", "url": "https://www.kaigokensaku.mhlw.go.jp/05/index.php?action_kouhyou_detail_004_kani=true&JigyosyoCd=0570719880-00&ServiceCd=430&Type=search", "url2": "https://www.shiunkaku-komachi.com/" }, "geometry": { "type": "Point", "coordinates": [ 140.45408074285271, 39.061600255170163 ] } },
{ "type": "Feature", "properties": { "内容": "居宅介護支援事業所花みずき【居宅介護支援】秋田県湯沢市両神59-７", "url": "https://www.kaigokensaku.mhlw.go.jp/05/index.php?action_kouhyou_detail_004_kani=true&JigyosyoCd=0570726463-00&ServiceCd=430&Type=search", "url2": "https://www.fukuwarai8.jp/" }, "geometry": { "type": "Point", "coordinates": [ 140.4798868, 39.1724814 ] } },
{ "type": "Feature", "properties": { "内容": "株式会社タクト介護センター鹿角事業所【居宅介護支援】鹿角市花輪字志和野36-1", "url": "https://www.kaigokensaku.mhlw.go.jp/05/index.php?action_kouhyou_detail_004_kani=true&JigyosyoCd=0570901751-00&ServiceCd=430&Type=search", "url2": "https://kk-tact.com/" }, "geometry": { "type": "Point", "coordinates": [ 140.778024499999987, 40.2407549 ] } },
{ "type": "Feature", "properties": { "内容": "いこいの里居宅介護支援センター【居宅介護支援】秋田県鹿角市八幡平字小山50番地", "url": "https://www.kaigokensaku.mhlw.go.jp/05/index.php?action_kouhyou_detail_004_kani=true&JigyosyoCd=0570900530-00&ServiceCd=430&Type=search", "url2": "https://suihoukai-ikoinosato.com/" }, "geometry": { "type": "Point", "coordinates": [ 140.802041199999962, 40.1400952 ] } },
{ "type": "Feature", "properties": { "内容": "鹿角市社会福祉協議会指定居宅介護支援事業所【居宅介護支援】秋田県鹿角市花輪字下花輪86-2", "url": "https://www.kaigokensaku.mhlw.go.jp/05/index.php?action_kouhyou_detail_004_kani=true&JigyosyoCd=0570900639-00&ServiceCd=430&Type=search", "url2": "http://kazunoshishakyo.or.jp/" }, "geometry": { "type": "Point", "coordinates": [ 140.792463556483398, 40.192949771515984 ] } },
{ "type": "Feature", "properties": { "内容": "指定居宅介護支援事業所みしょうえん【居宅介護支援】秋田県鹿角市十和田大湯字屋布ノ下タ２０番地", "url": "https://www.kaigokensaku.mhlw.go.jp/05/index.php?action_kouhyou_detail_004_kani=true&JigyosyoCd=0570925776-00&ServiceCd=430&Type=search", "url2": "https://jyukoukai.jp" }, "geometry": { "type": "Point", "coordinates": [ 140.79117789999998, 40.2731784 ] } },
{ "type": "Feature", "properties": { "内容": "東恵園指定居宅介護支援事業所【居宅介護支援】秋田県鹿角市花輪字古館5番地1", "url": "https://www.kaigokensaku.mhlw.go.jp/05/index.php?action_kouhyou_detail_004_kani=true&JigyosyoCd=0570901124-00&ServiceCd=430&Type=search", "url2": "http://a-hanawafukushikai.jp/" }, "geometry": { "type": "Point", "coordinates": [ 140.803382624255676, 40.194259213816338 ] } },
{ "type": "Feature", "properties": { "内容": "ケアホームおおゆ居宅介護支援事業所【居宅介護支援】秋田県鹿角市十和田大湯字桂ノ沢1番地3", "url": "https://www.kaigokensaku.mhlw.go.jp/05/index.php?action_kouhyou_detail_004_kani=true&JigyosyoCd=0570901926-00&ServiceCd=430&Type=search", "url2": "http://aiseikai.or.jp" }, "geometry": { "type": "Point", "coordinates": [ 140.823327407633201, 40.296555877074475 ] } },
{ "type": "Feature", "properties": { "内容": "大湯リハビリ温泉病院指定居宅介護支援事業所【居宅介護支援】秋田県鹿角市十和田大湯字湯ノ岱16番地2", "url": "https://www.kaigokensaku.mhlw.go.jp/05/index.php?action_kouhyou_detail_004_kani=true&JigyosyoCd=0570902239-00&ServiceCd=430&Type=search", "url2": "http://oyu-reha.com/" }, "geometry": { "type": "Point", "coordinates": [ 140.840473704629517, 40.298816185406977 ] } },
{ "type": "Feature", "properties": { "内容": "鹿角中央病院居宅介護支援センター【居宅介護支援】秋田県鹿角市花輪字扇ノ間７番地１", "url": "https://www.kaigokensaku.mhlw.go.jp/05/index.php?action_kouhyou_detail_004_kani=true&JigyosyoCd=0570904615-00&ServiceCd=430&Type=search", "url2": "https://keiai4131.cloudfree.jp" }, "geometry": { "type": "Point", "coordinates": [ 140.790508899999963, 40.2006741 ] } },
{ "type": "Feature", "properties": { "内容": "物語相談センター【居宅介護支援】秋田県由利本荘市岩谷町字西野209", "url": "https://www.kaigokensaku.mhlw.go.jp/05/index.php?action_kouhyou_detail_004_kani=true&JigyosyoCd=0570524710-00&ServiceCd=430&Type=search", "url2": null }, "geometry": { "type": "Point", "coordinates": [ 140.089544899999964, 39.4410506 ] } },
{ "type": "Feature", "properties": { "内容": "SOMPOケア由利本荘　居宅介護支援【居宅介護支援】秋田県由利本荘市瓦谷地28-1鶴沼ビル1F", "url": "https://www.kaigokensaku.mhlw.go.jp/05/index.php?action_kouhyou_detail_004_kani=true&JigyosyoCd=0570525915-00&ServiceCd=430&Type=search", "url2": null }, "geometry": { "type": "Point", "coordinates": [ 140.044249400000012, 39.3852904 ] } },
{ "type": "Feature", "properties": { "内容": "『ごてんまり』本荘ケアステーション【居宅介護支援】秋田県由利本荘市岩城内道川築防潟５５番地６号", "url": "https://www.kaigokensaku.mhlw.go.jp/05/index.php?action_kouhyou_detail_004_kani=true&JigyosyoCd=0570527044-00&ServiceCd=430&Type=search", "url2": "https://www.addcare-ns.com/" }, "geometry": { "type": "Point", "coordinates": [ 140.057346599999988, 39.5455102 ] } },
{ "type": "Feature", "properties": { "内容": "尾崎居宅介護支援事業所【居宅介護支援】秋田県由利本荘市裏尾崎町6番地5", "url": "https://www.kaigokensaku.mhlw.go.jp/05/index.php?action_kouhyou_detail_004_kani=true&JigyosyoCd=0570525626-00&ServiceCd=430&Type=search", "url2": "http://akita-yuai.com" }, "geometry": { "type": "Point", "coordinates": [ 140.049535, 39.3875071 ] } },
{ "type": "Feature", "properties": { "内容": "千寿苑居宅介護支援事業所【居宅介護支援】秋田県由利本荘市川口字八幡前226番地1", "url": "https://www.kaigokensaku.mhlw.go.jp/05/index.php?action_kouhyou_detail_004_kani=true&JigyosyoCd=0570522334-00&ServiceCd=430&Type=search", "url2": "http://akita-mw-inc.jp" }, "geometry": { "type": "Point", "coordinates": [ 140.061386800000037, 39.3988982 ] } },
{ "type": "Feature", "properties": { "内容": "ニチイケアセンター本荘【居宅介護支援】秋田県由利本荘市川口字新田90", "url": "https://www.kaigokensaku.mhlw.go.jp/05/index.php?action_kouhyou_detail_004_kani=true&JigyosyoCd=0570500058-00&ServiceCd=430&Type=search", "url2": null }, "geometry": { "type": "Point", "coordinates": [ 140.061836699999958, 39.4009092 ] } },
{ "type": "Feature", "properties": { "内容": "鳥寿苑居宅介護支援事業所【居宅介護支援】秋田県由利本荘市鳥海町伏見字久保77番地", "url": "https://www.kaigokensaku.mhlw.go.jp/05/index.php?action_kouhyou_detail_004_kani=true&JigyosyoCd=0570524512-00&ServiceCd=430&Type=search", "url2": "http://www.akita-yuai.com/" }, "geometry": { "type": "Point", "coordinates": [ 140.18904950000001, 39.18968970000001 ] } },
{ "type": "Feature", "properties": { "内容": "ふるさと矢島指定居宅介護支援事業所【居宅介護支援】秋田県由利本荘市矢島町城内字八森下481番地1", "url": "https://www.kaigokensaku.mhlw.go.jp/05/index.php?action_kouhyou_detail_004_kani=true&JigyosyoCd=0572505683-00&ServiceCd=430&Type=search", "url2": "http://www.chuoukai.com" }, "geometry": { "type": "Point", "coordinates": [ 140.136414400000035, 39.2344906 ] } },
{ "type": "Feature", "properties": { "内容": "萬生苑指定居宅介護支援事業所【居宅介護支援】秋田県由利本荘市薬師堂字一番堰３８番地1", "url": "https://www.kaigokensaku.mhlw.go.jp/05/index.php?action_kouhyou_detail_004_kani=true&JigyosyoCd=0570502757-00&ServiceCd=430&Type=search", "url2": "http://chuoukai.com/" }, "geometry": { "type": "Point", "coordinates": [ 140.058299310050387, 39.372389958703096 ] } },
{ "type": "Feature", "properties": { "内容": "医師会居宅介護支援センター【居宅介護支援】秋田県由利本荘市水林456番地4由利本荘医師会病院", "url": "https://www.kaigokensaku.mhlw.go.jp/05/index.php?action_kouhyou_detail_004_kani=true&JigyosyoCd=0570517599-00&ServiceCd=430&Type=search", "url2": "http://honyui.jp/" }, "geometry": { "type": "Point", "coordinates": [ 140.025592252764881, 39.37784664155096 ] } },
{ "type": "Feature", "properties": { "内容": "由利本荘市社会福祉協議会　大内居宅介護支援事業所【居宅介護支援】秋田県由利本荘市岩谷町日渡１００番地", "url": "https://www.kaigokensaku.mhlw.go.jp/05/index.php?action_kouhyou_detail_004_kani=true&JigyosyoCd=0570511550-00&ServiceCd=430&Type=search", "url2": "http://www.yurihonjo-shakyo.jp/" }, "geometry": { "type": "Point", "coordinates": [ 140.095670011114521, 39.443812898712473 ] } },
{ "type": "Feature", "properties": { "内容": "由利本荘市社会福祉協議会南部居宅介護支援事業所【居宅介護支援】秋田県由利本荘市矢島町城内字八森下486-1", "url": "https://www.kaigokensaku.mhlw.go.jp/05/index.php?action_kouhyou_detail_004_kani=true&JigyosyoCd=0570511642-00&ServiceCd=430&Type=search", "url2": "http://www.yurihonjo-shakyo.jp/" }, "geometry": { "type": "Point", "coordinates": [ 140.1371838, 39.2338434 ] } },
{ "type": "Feature", "properties": { "内容": "由利本荘市社会福祉協議会　岩城居宅介護支援事業所【居宅介護支援】秋田県由利本荘市岩城内道川字馬道43番地1", "url": "https://www.kaigokensaku.mhlw.go.jp/05/index.php?action_kouhyou_detail_004_kani=true&JigyosyoCd=0570511683-00&ServiceCd=430&Type=search", "url2": "http://www.yurihonjo-shakyo.jp/iwaki" }, "geometry": { "type": "Point", "coordinates": [ 140.0592322, 39.5513748 ] } },
{ "type": "Feature", "properties": { "内容": "由利本荘市社会福祉協議会　西目居宅介護支援事業所【居宅介護支援】秋田県由利本荘市西目町沼田字新道下２番地５４８", "url": "https://www.kaigokensaku.mhlw.go.jp/05/index.php?action_kouhyou_detail_004_kani=true&JigyosyoCd=0570511717-00&ServiceCd=430&Type=search", "url2": "http://www.yurihonjo-shakyo.jp" }, "geometry": { "type": "Point", "coordinates": [ 140.017006499999979, 39.348678 ] } },
{ "type": "Feature", "properties": { "内容": "居宅介護支援　ゆうゆう【居宅介護支援】秋田県由利本荘市一番堰145-5", "url": "https://www.kaigokensaku.mhlw.go.jp/05/index.php?action_kouhyou_detail_004_kani=true&JigyosyoCd=0570502518-00&ServiceCd=430&Type=search", "url2": "http://honjo-kyujyukai.net/" }, "geometry": { "type": "Point", "coordinates": [ 140.0564108, 39.3792029 ] } },
{ "type": "Feature", "properties": { "内容": "渡邊医院介護保険センター【居宅介護支援】秋田県由利本荘市前郷字家岸７９番地２０号", "url": "https://www.kaigokensaku.mhlw.go.jp/05/index.php?action_kouhyou_detail_004_kani=true&JigyosyoCd=0572502524-00&ServiceCd=430&Type=search", "url2": null }, "geometry": { "type": "Point", "coordinates": [ 140.112065499999972, 39.3138848 ] } },
{ "type": "Feature", "properties": { "内容": "由利本荘市社会福祉協議会　本荘居宅介護支援事業所【居宅介護支援】秋田県由利本荘市堤脇４０－１", "url": "https://www.kaigokensaku.mhlw.go.jp/05/index.php?action_kouhyou_detail_004_kani=true&JigyosyoCd=0570511519-00&ServiceCd=430&Type=search", "url2": "http://www.yurihonjo-shakyo.jp/" }, "geometry": { "type": "Point", "coordinates": [ 140.045885399999946, 39.385921 ] } },
{ "type": "Feature", "properties": { "内容": "東光苑居宅介護支援事業所【居宅介護支援】秋田県由利本荘市東由利蔵字蔵83番地", "url": "https://www.kaigokensaku.mhlw.go.jp/05/index.php?action_kouhyou_detail_004_kani=true&JigyosyoCd=0570525089-00&ServiceCd=430&Type=search", "url2": "http://www.akita-yuai.com/" }, "geometry": { "type": "Point", "coordinates": [ 140.2641324, 39.3155748 ] } },
{ "type": "Feature", "properties": { "内容": "第一病院居宅介護支援事業所【居宅介護支援】秋田県由利本荘市岩渕下110番地", "url": "https://www.kaigokensaku.mhlw.go.jp/05/index.php?action_kouhyou_detail_004_kani=true&JigyosyoCd=0570500728-00&ServiceCd=430&Type=search", "url2": "https://honjodaiichihp.com" }, "geometry": { "type": "Point", "coordinates": [ 140.051452099999977, 39.3926944 ] } },
{ "type": "Feature", "properties": { "内容": "由利本荘市居宅介護支援センター「さくら」【居宅介護支援】秋田県由利本荘市石脇字田尻33番地", "url": "https://www.kaigokensaku.mhlw.go.jp/05/index.php?action_kouhyou_detail_004_kani=true&JigyosyoCd=0570500744-00&ServiceCd=430&Type=search", "url2": "http://www.showa-kai.or.jp" }, "geometry": { "type": "Point", "coordinates": [ 140.022879471163947, 39.389679184042969 ] } },
{ "type": "Feature", "properties": { "内容": "介護相談たんぽぽプラザ【居宅介護支援】秋田県由利本荘市岩城赤平字長ヶ沢17番地4", "url": "https://www.kaigokensaku.mhlw.go.jp/05/index.php?action_kouhyou_detail_004_kani=true&JigyosyoCd=0572509883-00&ServiceCd=430&Type=search", "url2": "http://tanpopoplaza.co.jp" }, "geometry": { "type": "Point", "coordinates": [ 140.119422500000042, 39.5228466 ] } },
{ "type": "Feature", "properties": { "内容": "JA秋田しんせい指定居宅介護支援事業所【居宅介護支援】秋田県由利本荘市三条字前田75番地", "url": "https://www.kaigokensaku.mhlw.go.jp/05/index.php?action_kouhyou_detail_004_kani=true&JigyosyoCd=0570508796-00&ServiceCd=430&Type=search", "url2": "http://www.akita-shinsei.or.jp/" }, "geometry": { "type": "Point", "coordinates": [ 140.076106399999958, 39.3593906 ] } },
{ "type": "Feature", "properties": { "内容": "介護支援センター「おげんきさん」【居宅介護支援】秋田県由利本荘市東梵天95-2おてんとさんホーム　3号室", "url": "https://www.kaigokensaku.mhlw.go.jp/05/index.php?action_kouhyou_detail_004_kani=true&JigyosyoCd=0570508101-00&ServiceCd=430&Type=search", "url2": "http://www.yoro-duya.com/10ogenkisan/" }, "geometry": { "type": "Point", "coordinates": [ 140.062120136909442, 39.38301357454575 ] } },
{ "type": "Feature", "properties": { "内容": "居宅介護支援「わかば」川口【居宅介護支援】秋田県由利本荘市川口字八幡前262-1", "url": "https://www.kaigokensaku.mhlw.go.jp/05/index.php?action_kouhyou_detail_004_kani=true&JigyosyoCd=0570527051-00&ServiceCd=430&Type=search", "url2": "http://www.ikeda-wakaba.jp" }, "geometry": { "type": "Point", "coordinates": [ 140.060576899999973, 39.4002305 ] } },
{ "type": "Feature", "properties": { "内容": "なかみち介護支援センター【居宅介護支援】秋田県由利本荘市薬師堂字中道272番地", "url": "https://www.kaigokensaku.mhlw.go.jp/05/index.php?action_kouhyou_detail_004_kani=true&JigyosyoCd=0570516302-00&ServiceCd=430&Type=search", "url2": "http://www.caresupply.info/" }, "geometry": { "type": "Point", "coordinates": [ 140.051901500000014, 39.3698027 ] } },
{ "type": "Feature", "properties": { "内容": "居宅介護支援「わかば」本荘【居宅介護支援】秋田県由利本荘市東町15", "url": "https://www.kaigokensaku.mhlw.go.jp/05/index.php?action_kouhyou_detail_004_kani=true&JigyosyoCd=0570512525-00&ServiceCd=430&Type=search", "url2": "http://www.ikeda-wakaba.jp" }, "geometry": { "type": "Point", "coordinates": [ 140.053071501122361, 39.386762616050497 ] } },
{ "type": "Feature", "properties": { "内容": "居宅介護支援事業所ほっと【居宅介護支援】秋田県由利本荘市桜小路27番地1-2階", "url": "https://www.kaigokensaku.mhlw.go.jp/05/index.php?action_kouhyou_detail_004_kani=true&JigyosyoCd=0570526491-00&ServiceCd=430&Type=search", "url2": "https://www.hot-akita.com/" }, "geometry": { "type": "Point", "coordinates": [ 140.05236062795322, 39.385801839531126 ] } },
{ "type": "Feature", "properties": { "内容": "あまさぎ園居宅介護支援事業所【居宅介護支援】秋田県由利本荘市岩城冨田字根本９－３", "url": "https://www.kaigokensaku.mhlw.go.jp/05/index.php?action_kouhyou_detail_004_kani=true&JigyosyoCd=0572501351-00&ServiceCd=430&Type=search", "url2": "http://amasagi.or.jp" }, "geometry": { "type": "Point", "coordinates": [ 140.086965400000054, 39.5053038 ] } },
{ "type": "Feature", "properties": { "内容": "居宅介護支援センターすてっぷ【居宅介護支援】秋田県潟上市天王字追分西50-4", "url": "https://www.kaigokensaku.mhlw.go.jp/05/index.php?action_kouhyou_detail_004_kani=true&JigyosyoCd=0571026467-00&ServiceCd=430&Type=search", "url2": "http://apollocuresurvice.web.fc2.com/guide.html" }, "geometry": { "type": "Point", "coordinates": [ 140.037362, 39.821851 ] } },
{ "type": "Feature", "properties": { "内容": "潟上居宅介護支援事業所【居宅介護支援】潟上市天王字棒沼台247番地4", "url": "https://www.kaigokensaku.mhlw.go.jp/05/index.php?action_kouhyou_detail_004_kani=true&JigyosyoCd=0571021104-00&ServiceCd=430&Type=search", "url2": "https://www.akita-seiwakai.jp/" }, "geometry": { "type": "Point", "coordinates": [ 140.011684599999967, 39.8585374 ] } },
{ "type": "Feature", "properties": { "内容": "ＳＯＭＰＯケア　秋田かたがみ　居宅介護支援【居宅介護支援】秋田県潟上市天王字持谷地117-5", "url": "https://www.kaigokensaku.mhlw.go.jp/05/index.php?action_kouhyou_detail_004_kani=true&JigyosyoCd=0571026459-00&ServiceCd=430&Type=search", "url2": null }, "geometry": { "type": "Point", "coordinates": [ 139.998995599999944, 39.8706323 ] } },
{ "type": "Feature", "properties": { "内容": "こもれび介護支援センター【居宅介護支援】秋田県潟上市天王字上江川４７番地１３０", "url": "https://www.kaigokensaku.mhlw.go.jp/05/index.php?action_kouhyou_detail_004_kani=true&JigyosyoCd=0571016013-00&ServiceCd=430&Type=search", "url2": "http://www.komorebi-kaigo.com/" }, "geometry": { "type": "Point", "coordinates": [ 139.992592, 39.8757182 ] } },
{ "type": "Feature", "properties": { "内容": "居宅介護支援センターゆかりの森・追分【居宅介護支援】秋田県潟上市天王字上北野4-25", "url": "https://www.kaigokensaku.mhlw.go.jp/05/index.php?action_kouhyou_detail_004_kani=true&JigyosyoCd=0571023035-00&ServiceCd=430&Type=search", "url2": "http://www.yukarino－mori.jp" }, "geometry": { "type": "Point", "coordinates": [ 140.045454085295063, 39.82065042827216 ] } },
{ "type": "Feature", "properties": { "内容": "社会医療法人　正和会　南秋田在宅総合ケアセンター　居宅介護支援事業所【居宅介護支援】秋田県潟上市昭和大久保字街道下92-1", "url": "https://www.kaigokensaku.mhlw.go.jp/05/index.php?action_kouhyou_detail_004_kani=true&JigyosyoCd=0572300937-00&ServiceCd=430&Type=search", "url2": "https://www.akita-seiwakai.jp/" }, "geometry": { "type": "Point", "coordinates": [ 140.0608796, 39.8710814 ] } },
{ "type": "Feature", "properties": { "内容": "指定居宅介護支援事業所　おいわけ【居宅介護支援】秋田県潟上市天王字追分西2-35", "url": "https://www.kaigokensaku.mhlw.go.jp/05/index.php?action_kouhyou_detail_004_kani=true&JigyosyoCd=0571022417-00&ServiceCd=430&Type=search", "url2": null }, "geometry": { "type": "Point", "coordinates": [ 140.0459995, 39.8134157 ] } },
{ "type": "Feature", "properties": { "内容": "潟上市社会福祉協議会ケアプランセンター【居宅介護支援】秋田県潟上市飯田川下虻川字八ツ口70", "url": "https://www.kaigokensaku.mhlw.go.jp/05/index.php?action_kouhyou_detail_004_kani=true&JigyosyoCd=0571011303-00&ServiceCd=430&Type=search", "url2": "http://www.katagami-shakyo.or.jp/" }, "geometry": { "type": "Point", "coordinates": [ 140.070629092976304, 39.883241988052333 ] } },
{ "type": "Feature", "properties": { "内容": "飯田川居宅介護支援センターわかば園【居宅介護支援】秋田県潟上市飯田川下虻川字上谷地168番地1", "url": "https://www.kaigokensaku.mhlw.go.jp/05/index.php?action_kouhyou_detail_004_kani=true&JigyosyoCd=0572302016-00&ServiceCd=430&Type=search", "url2": "http://www.wakabaen.or.jp/" }, "geometry": { "type": "Point", "coordinates": [ 140.0706276, 39.8693605 ] } },
{ "type": "Feature", "properties": { "内容": "ケアプランセンターてんのう【居宅介護支援】秋田県潟上市天王字鶴沼台４３－２３１", "url": "https://www.kaigokensaku.mhlw.go.jp/05/index.php?action_kouhyou_detail_004_kani=true&JigyosyoCd=0572300663-00&ServiceCd=430&Type=search", "url2": "https://keijinkai.akita.jp" }, "geometry": { "type": "Point", "coordinates": [ 140.016917299999932, 39.8613208 ] } },
{ "type": "Feature", "properties": { "内容": "まごころプランステーション【居宅介護支援】秋田県潟上市天王字北野３０７－５５", "url": "https://www.kaigokensaku.mhlw.go.jp/05/index.php?action_kouhyou_detail_004_kani=true&JigyosyoCd=0572301141-00&ServiceCd=430&Type=search", "url2": null }, "geometry": { "type": "Point", "coordinates": [ 140.025934900000038, 39.8438172 ] } },
{ "type": "Feature", "properties": { "内容": "あゆみ居宅介護支援事業所【居宅介護支援】秋田県潟上市天王字細谷長根34-1", "url": "https://www.kaigokensaku.mhlw.go.jp/05/index.php?action_kouhyou_detail_004_kani=true&JigyosyoCd=0571015759-00&ServiceCd=430&Type=search", "url2": null }, "geometry": { "type": "Point", "coordinates": [ 140.025675800000016, 39.8522775 ] } },
{ "type": "Feature", "properties": { "内容": "支援センターしょうわ【居宅介護支援】秋田県潟上市昭和大久保字町後244", "url": "https://www.kaigokensaku.mhlw.go.jp/05/index.php?action_kouhyou_detail_004_kani=true&JigyosyoCd=0571026475-00&ServiceCd=430&Type=search", "url2": "http://reiwafukushikai.com/" }, "geometry": { "type": "Point", "coordinates": [ 140.0579788, 39.8694084 ] } },
{ "type": "Feature", "properties": { "内容": "ケアプランセンターおうようかん【居宅介護支援】秋田県大仙市佐野町３番４１号", "url": "https://www.kaigokensaku.mhlw.go.jp/05/index.php?action_kouhyou_detail_004_kani=true&JigyosyoCd=0570826776-00&ServiceCd=430&Type=search", "url2": "https://ohyokan.jp/" }, "geometry": { "type": "Point", "coordinates": [ 140.4741046209015, 39.470487404943846 ] } },
{ "type": "Feature", "properties": { "内容": "なごみ居宅介護支援センター【居宅介護支援】秋田県大仙市大曲船場町1丁目1番4号", "url": "https://www.kaigokensaku.mhlw.go.jp/05/index.php?action_kouhyou_detail_004_kani=true&JigyosyoCd=0570821132-00&ServiceCd=430&Type=search", "url2": "http://www.akebonokai.nagomi-a.jp/" }, "geometry": { "type": "Point", "coordinates": [ 140.480358698347459, 39.455406901557247 ] } },
{ "type": "Feature", "properties": { "内容": "よつば介護相談センター【居宅介護支援】秋田県大仙市大曲田町20番28号", "url": "https://www.kaigokensaku.mhlw.go.jp/05/index.php?action_kouhyou_detail_004_kani=true&JigyosyoCd=0570820878-00&ServiceCd=430&Type=search", "url2": "https://www.yotsuba.care" }, "geometry": { "type": "Point", "coordinates": [ 140.483679236662311, 39.450191249610043 ] } },
{ "type": "Feature", "properties": { "内容": "ケアプランセンター西仙【居宅介護支援】大仙市刈和野字愛宕下５４－１", "url": "https://www.kaigokensaku.mhlw.go.jp/05/index.php?action_kouhyou_detail_004_kani=true&JigyosyoCd=0570820498-00&ServiceCd=430&Type=search", "url2": null }, "geometry": { "type": "Point", "coordinates": [ 140.375411347915616, 39.54479537287137 ] } },
{ "type": "Feature", "properties": { "内容": "介護プラザすずらん大仙居宅介護支援センター【居宅介護支援】秋田県大仙市大曲須和町一丁目1番24号", "url": "https://www.kaigokensaku.mhlw.go.jp/05/index.php?action_kouhyou_detail_004_kani=true&JigyosyoCd=0570817437-00&ServiceCd=430&Type=search", "url2": null }, "geometry": { "type": "Point", "coordinates": [ 140.480772561068761, 39.455738477341669 ] } },
{ "type": "Feature", "properties": { "内容": "介護支援センターきたうら【居宅介護支援】秋田県大仙市太田町斉内字中田201番地2", "url": "https://www.kaigokensaku.mhlw.go.jp/05/index.php?action_kouhyou_detail_004_kani=true&JigyosyoCd=0572607745-00&ServiceCd=430&Type=search", "url2": "https://kaigosien-kitaura.jimdo.com/" }, "geometry": { "type": "Point", "coordinates": [ 140.608414049113804, 39.533323714026302 ] } },
{ "type": "Feature", "properties": { "内容": "ケアプランセンター　あんり【居宅介護支援】秋田県大仙市大曲福住町1-10", "url": "https://www.kaigokensaku.mhlw.go.jp/05/index.php?action_kouhyou_detail_004_kani=true&JigyosyoCd=0570821900-00&ServiceCd=430&Type=search", "url2": "https://anri-g.net" }, "geometry": { "type": "Point", "coordinates": [ 140.476601516163669, 39.464291651794291 ] } },
{ "type": "Feature", "properties": { "内容": "ケアステーション　花ごよみ【居宅介護支援】秋田県大仙市戸地谷字川前３０４－６", "url": "https://www.kaigokensaku.mhlw.go.jp/05/index.php?action_kouhyou_detail_004_kani=true&JigyosyoCd=0570821439-00&ServiceCd=430&Type=search", "url2": null }, "geometry": { "type": "Point", "coordinates": [ 140.492037399999958, 39.4664594 ] } },
{ "type": "Feature", "properties": { "内容": "ありすの街ケアプランセンター【居宅介護支援】大仙市強首字上野台23番地18特別養護老人ホームありすの街", "url": "https://www.kaigokensaku.mhlw.go.jp/05/index.php?action_kouhyou_detail_004_kani=true&JigyosyoCd=0570812800-00&ServiceCd=430&Type=search", "url2": "http://hakuzinkai.jp" }, "geometry": { "type": "Point", "coordinates": [ 140.317216794458147, 39.534403071814978 ] } },
{ "type": "Feature", "properties": { "内容": "ニチイケアセンター大曲【居宅介護支援】秋田県大仙市四ッ屋字下古道５５－１", "url": "https://www.kaigokensaku.mhlw.go.jp/05/index.php?action_kouhyou_detail_004_kani=true&JigyosyoCd=0570800433-00&ServiceCd=430&Type=search", "url2": null }, "geometry": { "type": "Point", "coordinates": [ 140.497721400000046, 39.4917476 ] } },
{ "type": "Feature", "properties": { "内容": "大仙美郷介護福祉組合　かいご相談センター【居宅介護支援】秋田県大仙市板見内字一ツ森410番地", "url": "https://www.kaigokensaku.mhlw.go.jp/05/index.php?action_kouhyou_detail_004_kani=true&JigyosyoCd=0570811844-00&ServiceCd=430&Type=search", "url2": "http://www.daisenmisato.net" }, "geometry": { "type": "Point", "coordinates": [ 140.53452037763725, 39.473660580800242 ] } },
{ "type": "Feature", "properties": { "内容": "虹の街おおまがりケアプランセンター【居宅介護支援】秋田県大仙市大曲花園町3-7", "url": "https://www.kaigokensaku.mhlw.go.jp/05/index.php?action_kouhyou_detail_004_kani=true&JigyosyoCd=0570810010-00&ServiceCd=430&Type=search", "url2": "http://www.saint-care.com/niji/" }, "geometry": { "type": "Point", "coordinates": [ 140.473330545194244, 39.454165202453616 ] } },
{ "type": "Feature", "properties": { "内容": "大仙市社会福祉協議会西部介護ステーション【居宅介護支援】大仙市刈和野字本町5番地大仙市役所　西仙北支所内", "url": "https://www.kaigokensaku.mhlw.go.jp/05/index.php?action_kouhyou_detail_004_kani=true&JigyosyoCd=0570811877-00&ServiceCd=430&Type=search", "url2": "http://www.daisen-syakyo.net/" }, "geometry": { "type": "Point", "coordinates": [ 140.369669347360286, 39.546150663013272 ] } },
{ "type": "Feature", "properties": { "内容": "大仙市社会福祉協議会中央介護ステーション【居宅介護支援】秋田県大仙市大曲通町1番14号大仙市健康福祉会館３階", "url": "https://www.kaigokensaku.mhlw.go.jp/05/index.php?action_kouhyou_detail_004_kani=true&JigyosyoCd=0570812149-00&ServiceCd=430&Type=search", "url2": "http://www.daisen-syakyo.net/" }, "geometry": { "type": "Point", "coordinates": [ 140.477666203152779, 39.464181494408095 ] } },
{ "type": "Feature", "properties": { "内容": "大仙市社会福祉協議会東部介護ステーション【居宅介護支援】大仙市北長野字茶畑１４１番地", "url": "https://www.kaigokensaku.mhlw.go.jp/05/index.php?action_kouhyou_detail_004_kani=true&JigyosyoCd=0570811885-00&ServiceCd=430&Type=search", "url2": "http://daisen-syakyo.net/" }, "geometry": { "type": "Point", "coordinates": [ 140.543829532154859, 39.544514058144152 ] } },
{ "type": "Feature", "properties": { "内容": "居宅支援事業所　だいせん【居宅介護支援】大仙市花館字間倉250-8", "url": "https://www.kaigokensaku.mhlw.go.jp/05/index.php?action_kouhyou_detail_004_kani=true&JigyosyoCd=0570809343-00&ServiceCd=430&Type=search", "url2": null }, "geometry": { "type": "Point", "coordinates": [ 140.4498744, 39.4880893 ] } },
{ "type": "Feature", "properties": { "内容": "こもれび支援センター【居宅介護支援】秋田県大仙市飯田字堰東182番地2", "url": "https://www.kaigokensaku.mhlw.go.jp/05/index.php?action_kouhyou_detail_004_kani=true&JigyosyoCd=0570815688-00&ServiceCd=430&Type=search", "url2": "https://www.kennanfukusi.jp/komorebinomori/" }, "geometry": { "type": "Point", "coordinates": [ 140.482583699999964, 39.4429059 ] } },
{ "type": "Feature", "properties": { "内容": "ケアプランナー咲いた【居宅介護支援】秋田県大仙市佐野町17-15アバニティ佐野11号室", "url": "https://www.kaigokensaku.mhlw.go.jp/05/index.php?action_kouhyou_detail_004_kani=true&JigyosyoCd=0570825711-00&ServiceCd=430&Type=search", "url2": null }, "geometry": { "type": "Point", "coordinates": [ 140.4719258, 39.4696391 ] } },
{ "type": "Feature", "properties": { "内容": "ＪＡ秋田おばこケアプランセンター【居宅介護支援】秋田県大仙市大曲通町8-68", "url": "https://www.kaigokensaku.mhlw.go.jp/05/index.php?action_kouhyou_detail_004_kani=true&JigyosyoCd=0570818609-00&ServiceCd=430&Type=search", "url2": "http://ja-obako.or.jp" }, "geometry": { "type": "Point", "coordinates": [ 140.477119301635753, 39.465048853916976 ] } },
{ "type": "Feature", "properties": { "内容": "森こしの丘居宅介護支援センター【居宅介護支援】秋田県大仙市協和船岡字森越１１番地１４", "url": "https://www.kaigokensaku.mhlw.go.jp/05/index.php?action_kouhyou_detail_004_kani=true&JigyosyoCd=0570816967-00&ServiceCd=430&Type=search", "url2": "https://morikoshi-no-oka.com/" }, "geometry": { "type": "Point", "coordinates": [ 140.320149099999981, 39.6285888 ] } },
{ "type": "Feature", "properties": { "内容": "ケアプラン大曲【居宅介護支援】秋田県大仙市佐野町９番２７号", "url": "https://www.kaigokensaku.mhlw.go.jp/05/index.php?action_kouhyou_detail_004_kani=true&JigyosyoCd=0570817734-00&ServiceCd=430&Type=search", "url2": "http://www.kennan-cs.co.jp" }, "geometry": { "type": "Point", "coordinates": [ 140.468919556483456, 39.470279336818365 ] } },
{ "type": "Feature", "properties": { "内容": "居宅介護支援事業所　一番星きらら【居宅介護支援】秋田県北秋田市脇神字高村岱131番地", "url": "https://www.kaigokensaku.mhlw.go.jp/05/index.php?action_kouhyou_detail_004_kani=true&JigyosyoCd=0571118900-00&ServiceCd=430&Type=search", "url2": null }, "geometry": { "type": "Point", "coordinates": [ 140.382869300000038, 40.2116505 ] } },
{ "type": "Feature", "properties": { "内容": "永楽苑指定居宅介護支援事業所【居宅介護支援】秋田県北秋田市上杉字金沢162-1", "url": "https://www.kaigokensaku.mhlw.go.jp/05/index.php?action_kouhyou_detail_004_kani=true&JigyosyoCd=0572100899-00&ServiceCd=430&Type=search", "url2": "http://aki-minsei.jp/" }, "geometry": { "type": "Point", "coordinates": [ 140.322923800000012, 40.162008100000016 ] } },
{ "type": "Feature", "properties": { "内容": "あに社協居宅介護支援事業所【居宅介護支援】秋田県北秋田市阿仁銀山字下新町41番地１", "url": "https://www.kaigokensaku.mhlw.go.jp/05/index.php?action_kouhyou_detail_004_kani=true&JigyosyoCd=0571112531-00&ServiceCd=430&Type=search", "url2": null }, "geometry": { "type": "Point", "coordinates": [ 140.402133542327874, 39.999592854360685 ] } },
{ "type": "Feature", "properties": { "内容": "居宅介護支援事業所　はぁと【居宅介護支援】秋田県北秋田市大町８番２３号", "url": "https://www.kaigokensaku.mhlw.go.jp/05/index.php?action_kouhyou_detail_004_kani=true&JigyosyoCd=0571114578-00&ServiceCd=430&Type=search", "url2": "http://www.takanosu-fukushi.com" }, "geometry": { "type": "Point", "coordinates": [ 140.366395, 40.2240265 ] } },
{ "type": "Feature", "properties": { "内容": "ケアプランセンターひだまり【居宅介護支援】秋田県北秋田市栄字中綱３１番地１", "url": "https://www.kaigokensaku.mhlw.go.jp/05/index.php?action_kouhyou_detail_004_kani=true&JigyosyoCd=0571111137-00&ServiceCd=430&Type=search", "url2": "https://kitaakita-shakyo.jp/" }, "geometry": { "type": "Point", "coordinates": [ 140.38491441777424, 40.229742030534922 ] } },
{ "type": "Feature", "properties": { "内容": "株式会社　虹の街　　鷹巣営業所【居宅介護支援】秋田県北秋田市脇神字藤株囲の内14番地", "url": "https://www.kaigokensaku.mhlw.go.jp/05/index.php?action_kouhyou_detail_004_kani=true&JigyosyoCd=0572101046-00&ServiceCd=430&Type=search", "url2": "http://www.saint-care.com/niji/" }, "geometry": { "type": "Point", "coordinates": [ 140.39263, 40.2025239 ] } },
{ "type": "Feature", "properties": { "内容": "ケアタウンたかのす居宅介護支援事業所【居宅介護支援】秋田県北秋田市脇神字南陣場岱１０番地", "url": "https://www.kaigokensaku.mhlw.go.jp/05/index.php?action_kouhyou_detail_004_kani=true&JigyosyoCd=0571116714-00&ServiceCd=430&Type=search", "url2": "http://www.kitaakita-shakyo.or.jp" }, "geometry": { "type": "Point", "coordinates": [ 140.391515799336275, 40.21241960065003 ] } },
{ "type": "Feature", "properties": { "内容": "栗山荘居宅介護支援センター【居宅介護支援】秋田県にかほ市象潟町小滝字麻針堰18", "url": "https://www.kaigokensaku.mhlw.go.jp/05/index.php?action_kouhyou_detail_004_kani=true&JigyosyoCd=0572502342-00&ServiceCd=430&Type=search", "url2": "http://www.kisakata-kunpukai.or.jp/" }, "geometry": { "type": "Point", "coordinates": [ 139.947035199999959, 39.1687605 ] } },
{ "type": "Feature", "properties": { "内容": "居宅介護支援センター蕉風苑【居宅介護支援】秋田県にかほ市象潟町字荒屋妻35-1", "url": "https://www.kaigokensaku.mhlw.go.jp/05/index.php?action_kouhyou_detail_004_kani=true&JigyosyoCd=0572501344-00&ServiceCd=430&Type=search", "url2": "http://kisakata-kenseikai.or.jp" }, "geometry": { "type": "Point", "coordinates": [ 139.904625446513961, 39.203753449132634 ] } },
{ "type": "Feature", "properties": { "内容": "楽しいわが家指定居宅介護支援事業所【居宅介護支援】秋田県にかほ市平沢字宝田32", "url": "https://www.kaigokensaku.mhlw.go.jp/05/index.php?action_kouhyou_detail_004_kani=true&JigyosyoCd=0572504645-00&ServiceCd=430&Type=search", "url2": null }, "geometry": { "type": "Point", "coordinates": [ 139.9622018, 39.2832571 ] } },
{ "type": "Feature", "properties": { "内容": "ケアセンター　こすもす【居宅介護支援】にかほ市田抓字明後田46-2", "url": "https://www.kaigokensaku.mhlw.go.jp/05/index.php?action_kouhyou_detail_004_kani=true&JigyosyoCd=0571313576-00&ServiceCd=430&Type=search", "url2": "http://nikaho-attaccante.jp/" }, "geometry": { "type": "Point", "coordinates": [ 139.95471755877017, 39.265990006906812 ] } },
{ "type": "Feature", "properties": { "内容": "象潟居宅介護支援事業所【居宅介護支援】秋田県にかほ市象潟町字後田95", "url": "https://www.kaigokensaku.mhlw.go.jp/05/index.php?action_kouhyou_detail_004_kani=true&JigyosyoCd=0571313063-00&ServiceCd=430&Type=search", "url2": "http://nikaho-shakyo.jp" }, "geometry": { "type": "Point", "coordinates": [ 139.903180802238438, 39.203169715770557 ] } },
{ "type": "Feature", "properties": { "内容": "にかほ居宅介護支援事業所【居宅介護支援】秋田県にかほ市平沢字鳥ノ子渕４７番地１", "url": "https://www.kaigokensaku.mhlw.go.jp/05/index.php?action_kouhyou_detail_004_kani=true&JigyosyoCd=0571313055-00&ServiceCd=430&Type=search", "url2": null }, "geometry": { "type": "Point", "coordinates": [ 139.961102465467746, 39.286400516136034 ] } },
{ "type": "Feature", "properties": { "内容": "浩寿苑指定居宅介護支援事業所【居宅介護支援】秋田県にかほ市前川字中ノ森24番地5", "url": "https://www.kaigokensaku.mhlw.go.jp/05/index.php?action_kouhyou_detail_004_kani=true&JigyosyoCd=0572500569-00&ServiceCd=430&Type=search", "url2": null }, "geometry": { "type": "Point", "coordinates": [ 139.914638599999989, 39.2370357 ] } },
{ "type": "Feature", "properties": { "内容": "金浦居宅介護支援事業所【居宅介護支援】秋田県にかほ市金浦字金浦321番地1", "url": "https://www.kaigokensaku.mhlw.go.jp/05/index.php?action_kouhyou_detail_004_kani=true&JigyosyoCd=0571313048-00&ServiceCd=430&Type=search", "url2": "http://www.nikaho-shakyo.jp/" }, "geometry": { "type": "Point", "coordinates": [ 139.916709500000024, 39.2573749 ] } },
{ "type": "Feature", "properties": { "内容": "しあわせ居宅介護支援事業所【居宅介護支援】秋田県にかほ市象潟町字4丁目塩越201番地", "url": "https://www.kaigokensaku.mhlw.go.jp/05/index.php?action_kouhyou_detail_004_kani=true&JigyosyoCd=0571326628-00&ServiceCd=430&Type=search", "url2": "https://siawase-home.com/" }, "geometry": { "type": "Point", "coordinates": [ 139.898986767347651, 39.206934130821352 ] } },
{ "type": "Feature", "properties": { "内容": "居宅介護支援事業所ハルモニア・にかほ【居宅介護支援】秋田県にかほ市院内字嶋田42-1", "url": "https://www.kaigokensaku.mhlw.go.jp/05/index.php?action_kouhyou_detail_004_kani=true&JigyosyoCd=0571322395-00&ServiceCd=430&Type=search", "url2": "https://harmonia-nikaho.com" }, "geometry": { "type": "Point", "coordinates": [ 139.96375682198186, 39.282206351125289 ] } },
{ "type": "Feature", "properties": { "内容": "居宅介護支援事業所ふきのとう【居宅介護支援】秋田県にかほ市畑字畑野1番地227", "url": "https://www.kaigokensaku.mhlw.go.jp/05/index.php?action_kouhyou_detail_004_kani=true&JigyosyoCd=0571322890-00&ServiceCd=430&Type=search", "url2": null }, "geometry": { "type": "Point", "coordinates": [ 139.971373, 39.217384 ] } },
{ "type": "Feature", "properties": { "内容": "清流苑居宅介護支援センター【居宅介護支援】秋田県仙北市西木町桧木内字松葉２３２番地", "url": "https://www.kaigokensaku.mhlw.go.jp/05/index.php?action_kouhyou_detail_004_kani=true&JigyosyoCd=0572604676-00&ServiceCd=430&Type=search", "url2": "https://www.kennanfukusi.jp/seiryuen/#sisetu1" }, "geometry": { "type": "Point", "coordinates": [ 140.591088200000058, 39.743207 ] } },
{ "type": "Feature", "properties": { "内容": "ケアプランもとまち【居宅介護支援】秋田県仙北市角館町小勝田石渕22-4永山工務店　２階", "url": "https://www.kaigokensaku.mhlw.go.jp/05/index.php?action_kouhyou_detail_004_kani=true&JigyosyoCd=0571219393-00&ServiceCd=430&Type=search", "url2": null }, "geometry": { "type": "Point", "coordinates": [ 140.553325480007913, 39.59489751844395 ] } },
{ "type": "Feature", "properties": { "内容": "ケアマネステーションささえ愛【居宅介護支援】秋田県仙北市田沢湖卒田字北竹原３９－３", "url": "https://www.kaigokensaku.mhlw.go.jp/05/index.php?action_kouhyou_detail_004_kani=true&JigyosyoCd=0571223544-00&ServiceCd=430&Type=search", "url2": "http://www.t-sasaeai.com" }, "geometry": { "type": "Point", "coordinates": [ 140.617495400000053, 39.6203169 ] } },
{ "type": "Feature", "properties": { "内容": "仙北市社会福祉協議会角館ケアマネステーション【居宅介護支援】秋田県仙北市角館町小勝田間野54番地５", "url": "https://www.kaigokensaku.mhlw.go.jp/05/index.php?action_kouhyou_detail_004_kani=true&JigyosyoCd=0571212919-00&ServiceCd=430&Type=search", "url2": "http://senboku-syakyo.jp/" }, "geometry": { "type": "Point", "coordinates": [ 140.555150886646942, 39.601620955432949 ] } },
{ "type": "Feature", "properties": { "内容": "居宅介護支援事業所県南【居宅介護支援】秋田県仙北市角館町上菅沢２－18", "url": "https://www.kaigokensaku.mhlw.go.jp/05/index.php?action_kouhyou_detail_004_kani=true&JigyosyoCd=0571214014-00&ServiceCd=430&Type=search", "url2": "http://www.kennan-cs.co.jp" }, "geometry": { "type": "Point", "coordinates": [ 140.5772925, 39.5924138 ] } },
{ "type": "Feature", "properties": { "内容": "介護相談室笑みゅ【居宅介護支援】秋田県仙北市角館町上野175番地２", "url": "https://www.kaigokensaku.mhlw.go.jp/05/index.php?action_kouhyou_detail_004_kani=true&JigyosyoCd=0571225002-00&ServiceCd=430&Type=search", "url2": null }, "geometry": { "type": "Point", "coordinates": [ 140.566477, 39.5850895 ] } },
{ "type": "Feature", "properties": { "内容": "かくのだて介護相談室【居宅介護支援】秋田県仙北市角館町上菅沢251番地22", "url": "https://www.kaigokensaku.mhlw.go.jp/05/index.php?action_kouhyou_detail_004_kani=true&JigyosyoCd=0571222462-00&ServiceCd=430&Type=search", "url2": null }, "geometry": { "type": "Point", "coordinates": [ 140.573945466270516, 39.594657682948089 ] } },
{ "type": "Feature", "properties": { "内容": "小坂町居宅介護支援事業所【居宅介護支援】秋田県鹿角郡小坂町小坂字上谷地４１番地１小坂町役場", "url": "https://www.kaigokensaku.mhlw.go.jp/05/index.php?action_kouhyou_detail_004_kani=true&JigyosyoCd=0572001303-00&ServiceCd=430&Type=search", "url2": null }, "geometry": { "type": "Point", "coordinates": [ 140.73616143303525, 40.333028721874321 ] } },
{ "type": "Feature", "properties": { "内容": "小坂町社会福祉協議会指定居宅介護支援事業所【居宅介護支援】秋田県鹿角郡小坂町小坂字上前田７－１", "url": "https://www.kaigokensaku.mhlw.go.jp/05/index.php?action_kouhyou_detail_004_kani=true&JigyosyoCd=0572003168-00&ServiceCd=430&Type=search", "url2": "http://kosaka-syakyo.net/" }, "geometry": { "type": "Point", "coordinates": [ 140.740613899999971, 40.3278147 ] } },
{ "type": "Feature", "properties": { "内容": "小坂ふくし会居宅支援センター【居宅介護支援】秋田県鹿角郡小坂町小坂鉱山字栗平25番地2", "url": "https://www.kaigokensaku.mhlw.go.jp/05/index.php?action_kouhyou_detail_004_kani=true&JigyosyoCd=0572008126-00&ServiceCd=430&Type=search", "url2": "http://www.kosaka-weｌ.or.jp" }, "geometry": { "type": "Point", "coordinates": [ 140.7398498, 40.3319058 ] } },
{ "type": "Feature", "properties": { "内容": "上小阿仁村社会福祉協議会指定居宅介護支援事業所【居宅介護支援】秋田県北秋田郡上小阿仁村小沢田字向川原８０", "url": "https://www.kaigokensaku.mhlw.go.jp/05/index.php?action_kouhyou_detail_004_kani=true&JigyosyoCd=0572103174-00&ServiceCd=430&Type=search", "url2": "https://www.kamikoani-shakyo.com" }, "geometry": { "type": "Point", "coordinates": [ 140.296624699999938, 40.0647495 ] } },
{ "type": "Feature", "properties": { "内容": "特別養護老人ホーム「藤里」指定居宅介護支援事業所【居宅介護支援】秋田県山本郡藤里町矢坂字上野蟹子沢92番地", "url": "https://www.kaigokensaku.mhlw.go.jp/05/index.php?action_kouhyou_detail_004_kani=true&JigyosyoCd=0572206639-00&ServiceCd=430&Type=search", "url2": "http://www.shirakami.or.jp/~toku-fuji/" }, "geometry": { "type": "Point", "coordinates": [ 140.248219899999981, 40.255212 ] } },
{ "type": "Feature", "properties": { "内容": "藤里町社会福祉協議会指定居宅介護支援事業所【居宅介護支援】秋田県山本郡藤里町藤琴字三ツ谷脇40番地", "url": "https://www.kaigokensaku.mhlw.go.jp/05/index.php?action_kouhyou_detail_004_kani=true&JigyosyoCd=0572200657-00&ServiceCd=430&Type=search", "url2": "https://fujisato-shakyo.jp/" }, "geometry": { "type": "Point", "coordinates": [ 140.261564799999974, 40.2819705 ] } },
{ "type": "Feature", "properties": { "内容": "居宅介護支援事業所やかた【居宅介護支援】秋田県山本郡三種町鹿渡字猿田牛渕25番地61介護老人保健施設やかた", "url": "https://www.kaigokensaku.mhlw.go.jp/05/index.php?action_kouhyou_detail_004_kani=true&JigyosyoCd=0572216885-00&ServiceCd=430&Type=search", "url2": "http://www.yakata.org/" }, "geometry": { "type": "Point", "coordinates": [ 140.0945613, 40.0409255 ] } },
{ "type": "Feature", "properties": { "内容": "ドラゴン介護支援センター【居宅介護支援】秋田県山本郡三種町浜田字上浜田1番地1", "url": "https://www.kaigokensaku.mhlw.go.jp/05/index.php?action_kouhyou_detail_004_kani=true&JigyosyoCd=0572225654-00&ServiceCd=430&Type=search", "url2": "https://dragon.tokushukai.or.jp/" }, "geometry": { "type": "Point", "coordinates": [ 139.998306599999978, 40.1031176 ] } },
{ "type": "Feature", "properties": { "内容": "ケアセンターほほえみ居宅介護支援事業所【居宅介護支援】秋田県山本郡三種町森岳字木戸沢115-16", "url": "https://www.kaigokensaku.mhlw.go.jp/05/index.php?action_kouhyou_detail_004_kani=true&JigyosyoCd=0572210375-00&ServiceCd=430&Type=search", "url2": "http://www.cc-hohoemi.co.jp" }, "geometry": { "type": "Point", "coordinates": [ 140.0931789, 40.0880833 ] } },
{ "type": "Feature", "properties": { "内容": "美幸苑指定居宅介護支援事業所【居宅介護支援】秋田県山本郡三種町鵜川字西本田82番地1", "url": "https://www.kaigokensaku.mhlw.go.jp/05/index.php?action_kouhyou_detail_004_kani=true&JigyosyoCd=0572200640-00&ServiceCd=430&Type=search", "url2": "http://bikoen.net/" }, "geometry": { "type": "Point", "coordinates": [ 140.006633800000031, 40.1005709 ] } },
{ "type": "Feature", "properties": { "内容": "希望苑介護相談センター【居宅介護支援】山本郡三種町鹿渡字町後250-2", "url": "https://www.kaigokensaku.mhlw.go.jp/05/index.php?action_kouhyou_detail_004_kani=true&JigyosyoCd=0572212389-00&ServiceCd=430&Type=search", "url2": "http://kibo-en.or.jp/" }, "geometry": { "type": "Point", "coordinates": [ 140.076838700000053, 40.0403278 ] } },
{ "type": "Feature", "properties": { "内容": "居宅介護支援センターもりたけ【居宅介護支援】秋田県山本郡三種町森岳字木戸沢１００－４７", "url": "https://www.kaigokensaku.mhlw.go.jp/05/index.php?action_kouhyou_detail_004_kani=true&JigyosyoCd=0572217784-00&ServiceCd=430&Type=search", "url2": "http://www.moritake-onsen.com/" }, "geometry": { "type": "Point", "coordinates": [ 140.088824, 40.0837976 ] } },
{ "type": "Feature", "properties": { "内容": "三種町社会福祉協議会相談支援センター【居宅介護支援】秋田県山本郡三種町森岳字上台９３－５", "url": "https://www.kaigokensaku.mhlw.go.jp/05/index.php?action_kouhyou_detail_004_kani=true&JigyosyoCd=0572214179-00&ServiceCd=430&Type=search", "url2": "https://mitane-shakyo.jp" }, "geometry": { "type": "Point", "coordinates": [ 140.092034900000044, 40.0797843 ] } },
{ "type": "Feature", "properties": { "内容": "八峰町社会福祉協議会居宅介護支援事業所【居宅介護支援】秋田県山本郡八峰町八森字椿台112番地", "url": "https://www.kaigokensaku.mhlw.go.jp/05/index.php?action_kouhyou_detail_004_kani=true&JigyosyoCd=0572214252-00&ServiceCd=430&Type=search", "url2": "http://happou-shakyo.jp" }, "geometry": { "type": "Point", "coordinates": [ 140.026769741572593, 40.358549180657491 ] } },
{ "type": "Feature", "properties": { "内容": "松波苑居宅介護支援事業所【居宅介護支援】秋田県山本郡八峰町峰浜水沢字下カッチキ台４１番地１４", "url": "https://www.kaigokensaku.mhlw.go.jp/05/index.php?action_kouhyou_detail_004_kani=true&JigyosyoCd=0572200996-00&ServiceCd=430&Type=search", "url2": null }, "geometry": { "type": "Point", "coordinates": [ 140.029192100000046, 40.296651 ] } },
{ "type": "Feature", "properties": { "内容": "水沢居宅介護支援事業所【居宅介護支援】秋田県山本郡八峰町峰浜水沢字水沢155-3", "url": "https://www.kaigokensaku.mhlw.go.jp/05/index.php?action_kouhyou_detail_004_kani=true&JigyosyoCd=0573426459-00&ServiceCd=430&Type=search", "url2": null }, "geometry": { "type": "Point", "coordinates": [ 140.0399165, 40.3005355 ] } },
{ "type": "Feature", "properties": { "内容": "福寿荘ケアプランセンター【居宅介護支援】秋田県南秋田郡五城目町字鵜ノ木90-1", "url": "https://www.kaigokensaku.mhlw.go.jp/05/index.php?action_kouhyou_detail_004_kani=true&JigyosyoCd=0572315976-00&ServiceCd=430&Type=search", "url2": "https://g-fukujusou.jp" }, "geometry": { "type": "Point", "coordinates": [ 140.116399900000033, 39.9438754 ] } },
{ "type": "Feature", "properties": { "内容": "五城目居宅介護支援事業所【居宅介護支援】秋田県南秋田郡五城目町西磯ノ目一丁目６－１０", "url": "https://www.kaigokensaku.mhlw.go.jp/05/index.php?action_kouhyou_detail_004_kani=true&JigyosyoCd=0572312239-00&ServiceCd=430&Type=search", "url2": "https://fu-gojome-sha.jp/" }, "geometry": { "type": "Point", "coordinates": [ 140.109581299999945, 39.9436891 ] } },
{ "type": "Feature", "properties": { "内容": "ＪＡあきた湖東居宅介護支援事業所【居宅介護支援】秋田県南秋田郡五城目町字七倉１２３番地２号介護福祉センター", "url": "https://www.kaigokensaku.mhlw.go.jp/05/index.php?action_kouhyou_detail_004_kani=true&JigyosyoCd=0572315307-00&ServiceCd=430&Type=search", "url2": "http://www.ja-akita-kotoh.or.jp" }, "geometry": { "type": "Point", "coordinates": [ 140.1164053, 39.9458168 ] } },
{ "type": "Feature", "properties": { "内容": "有限会社こまちケアセンター【居宅介護支援】秋田県南秋田郡五城目町舘越字舘回２０４番地", "url": "https://www.kaigokensaku.mhlw.go.jp/05/index.php?action_kouhyou_detail_004_kani=true&JigyosyoCd=0572307239-00&ServiceCd=430&Type=search", "url2": null }, "geometry": { "type": "Point", "coordinates": [ 140.1336238, 39.9318574 ] } },
{ "type": "Feature", "properties": { "内容": "社会福祉法人五城目やまゆり会　広青苑居宅介護支援事業所【居宅介護支援】秋田県南秋田郡五城目町上樋口字樽沢１３７番地", "url": "https://www.kaigokensaku.mhlw.go.jp/05/index.php?action_kouhyou_detail_004_kani=true&JigyosyoCd=0572302321-00&ServiceCd=430&Type=search", "url2": "https://yamayurikai-akita.jp/" }, "geometry": { "type": "Point", "coordinates": [ 140.117156, 39.9316711 ] } },
{ "type": "Feature", "properties": { "内容": "春風ケアプランセンター【居宅介護支援】秋田県南秋田郡五城目町大川下樋口字屋敷下７２－１", "url": "https://www.kaigokensaku.mhlw.go.jp/05/index.php?action_kouhyou_detail_004_kani=true&JigyosyoCd=0572315422-00&ServiceCd=430&Type=search", "url2": null }, "geometry": { "type": "Point", "coordinates": [ 140.0834542, 39.9356199 ] } },
{ "type": "Feature", "properties": { "内容": "湖東居宅サービス事業所【居宅介護支援】秋田県南秋田郡五城目町大川西野字堤ノ内1-1", "url": "https://www.kaigokensaku.mhlw.go.jp/05/index.php?action_kouhyou_detail_004_kani=true&JigyosyoCd=0572310175-00&ServiceCd=430&Type=search", "url2": "https://wel.akita-seiwakai.jp/koto-hc/" }, "geometry": { "type": "Point", "coordinates": [ 140.10655690825206, 39.934677348345289 ] } },
{ "type": "Feature", "properties": { "内容": "うたせ苑居宅介護支援事業所【居宅介護支援】秋田県南秋田郡八郎潟町真坂字沢田122", "url": "https://www.kaigokensaku.mhlw.go.jp/05/index.php?action_kouhyou_detail_004_kani=true&JigyosyoCd=0572300879-00&ServiceCd=430&Type=search", "url2": "https://r.goope.jp/eijyuen/" }, "geometry": { "type": "Point", "coordinates": [ 140.082705300000043, 39.9673586 ] } },
{ "type": "Feature", "properties": { "内容": "社会福祉法人八郎潟町社会福祉協議会　居宅介護支援事業所【居宅介護支援】秋田県南秋田郡八郎潟町字家ノ後23番地の3", "url": "https://www.kaigokensaku.mhlw.go.jp/05/index.php?action_kouhyou_detail_004_kani=true&JigyosyoCd=0572301992-00&ServiceCd=430&Type=search", "url2": "https://www.hachi-shakyo.jp" }, "geometry": { "type": "Point", "coordinates": [ 140.079545899999971, 39.9426081 ] } },
{ "type": "Feature", "properties": { "内容": "ケアプランセンター　杉山【居宅介護支援】秋田県南秋田郡井川町小竹花字道端１４－１", "url": "https://www.kaigokensaku.mhlw.go.jp/05/index.php?action_kouhyou_detail_004_kani=true&JigyosyoCd=0572300127-00&ServiceCd=430&Type=search", "url2": "https://smc-jinseikai.com/jinseikai/124/" }, "geometry": { "type": "Point", "coordinates": [ 140.084404800000016, 39.9099694 ] } },
{ "type": "Feature", "properties": { "内容": "さくら苑居宅介護支援事業所【居宅介護支援】秋田県南秋田郡井川町寺沢字綱木沢145-5", "url": "https://www.kaigokensaku.mhlw.go.jp/05/index.php?action_kouhyou_detail_004_kani=true&JigyosyoCd=0572305001-00&ServiceCd=430&Type=search", "url2": "http://www.sakuraen-akita-ikawa.org" }, "geometry": { "type": "Point", "coordinates": [ 140.120475052114898, 39.893923202991587 ] } },
{ "type": "Feature", "properties": { "内容": "大潟村居宅介護支援センター【居宅介護支援】秋田県南秋田郡大潟村西三丁目３番地", "url": "https://www.kaigokensaku.mhlw.go.jp/05/index.php?action_kouhyou_detail_004_kani=true&JigyosyoCd=0572324549-00&ServiceCd=430&Type=search", "url2": "http://www.seiwakai-net.com" }, "geometry": { "type": "Point", "coordinates": [ 139.955833, 40.0252685 ] } },
{ "type": "Feature", "properties": { "内容": "ここきら居宅介護支援事業所【居宅介護支援】秋田県仙北郡美郷町六郷字安楽寺298番地1AX1階", "url": "https://www.kaigokensaku.mhlw.go.jp/05/index.php?action_kouhyou_detail_004_kani=true&JigyosyoCd=0573900016-00&ServiceCd=430&Type=search", "url2": null }, "geometry": { "type": "Point", "coordinates": [ 140.553039798872362, 39.421470755607714 ] } },
{ "type": "Feature", "properties": { "内容": "いこいの里介護相談センター【居宅介護支援】秋田県仙北郡美郷町六郷字遠槻154-1", "url": "https://www.kaigokensaku.mhlw.go.jp/05/index.php?action_kouhyou_detail_004_kani=true&JigyosyoCd=0572607372-00&ServiceCd=430&Type=search", "url2": "http://yumedical.jp" }, "geometry": { "type": "Point", "coordinates": [ 140.515049399999953, 39.4354435 ] } },
{ "type": "Feature", "properties": { "内容": "美郷町介護事業所【居宅介護支援】秋田県仙北郡美郷町土崎字上野乙6番地1みさと福祉センター", "url": "https://www.kaigokensaku.mhlw.go.jp/05/index.php?action_kouhyou_detail_004_kani=true&JigyosyoCd=0572610434-00&ServiceCd=430&Type=search", "url2": "http://www.misatocho-shakyo.or.jp/" }, "geometry": { "type": "Point", "coordinates": [ 140.58341530000007, 39.4663242 ] } },
{ "type": "Feature", "properties": { "内容": "医療法人社団杏真会ケアサポートセンター【居宅介護支援】秋田県仙北郡美郷町六郷字馬町64番地", "url": "https://www.kaigokensaku.mhlw.go.jp/05/index.php?action_kouhyou_detail_004_kani=true&JigyosyoCd=0572609634-00&ServiceCd=430&Type=search", "url2": "https://kyoushinkai.wixsite.com/makkoisha" }, "geometry": { "type": "Point", "coordinates": [ 140.544630099999949, 39.4193011 ] } },
{ "type": "Feature", "properties": { "内容": "ロートピア仙南居宅介護支援事業所【居宅介護支援】秋田県仙北郡美郷町金沢西根字上糠渕3-2", "url": "https://www.kaigokensaku.mhlw.go.jp/05/index.php?action_kouhyou_detail_004_kani=true&JigyosyoCd=0572600591-00&ServiceCd=430&Type=search", "url2": "http://www.rotopia.or.jp" }, "geometry": { "type": "Point", "coordinates": [ 140.528402300000039, 39.3865933 ] } },
{ "type": "Feature", "properties": { "内容": "ロートピア緑泉居宅介護支援事業所【居宅介護支援】秋田県仙北郡美郷町六郷字作山187", "url": "https://www.kaigokensaku.mhlw.go.jp/05/index.php?action_kouhyou_detail_004_kani=true&JigyosyoCd=0572600575-00&ServiceCd=430&Type=search", "url2": "http://www.rotopia.or.jp" }, "geometry": { "type": "Point", "coordinates": [ 140.556223499999987, 39.4154156 ] } },
{ "type": "Feature", "properties": { "内容": "居宅介護支援事業所ひまわり苑【居宅介護支援】秋田県雄勝郡羽後町西馬音内字中野３２番地３", "url": "https://www.kaigokensaku.mhlw.go.jp/05/index.php?action_kouhyou_detail_004_kani=true&JigyosyoCd=0572820918-00&ServiceCd=430&Type=search", "url2": "https://www.himawarienugo.com/" }, "geometry": { "type": "Point", "coordinates": [ 140.411337003179966, 39.197812936677934 ] } },
{ "type": "Feature", "properties": { "内容": "ケアプランセンター　かがり火【居宅介護支援】秋田県雄勝郡羽後町字南西馬音内190番地", "url": "https://www.kaigokensaku.mhlw.go.jp/05/index.php?action_kouhyou_detail_004_kani=true&JigyosyoCd=0572821841-00&ServiceCd=430&Type=search", "url2": "http://www.flh1.net" }, "geometry": { "type": "Point", "coordinates": [ 140.409848399999987, 39.1947179 ] } },
{ "type": "Feature", "properties": { "内容": "社会福祉法人　羽後町社会福祉協議会　指定居宅介護支援事業所【居宅介護支援】秋田県雄勝郡羽後町林崎字五林坂２１番地１", "url": "https://www.kaigokensaku.mhlw.go.jp/05/index.php?action_kouhyou_detail_004_kani=true&JigyosyoCd=0572800613-00&ServiceCd=430&Type=search", "url2": "http://ugomachishakyo.or.jp/" }, "geometry": { "type": "Point", "coordinates": [ 140.395016700000042, 39.2161153 ] } },
{ "type": "Feature", "properties": { "内容": "社会福祉法人東成瀬村社会福祉協議会指定居宅介護支援事業所【居宅介護支援】秋田県雄勝郡東成瀬村田子内字仙人下11番地3", "url": "https://www.kaigokensaku.mhlw.go.jp/05/index.php?action_kouhyou_detail_004_kani=true&JigyosyoCd=0572825057-00&ServiceCd=430&Type=search", "url2": null }, "geometry": { "type": "Point", "coordinates": [ 140.647870499999954, 39.1790717 ] } }
]
}
